Book,Chapter,Verse,Text
,1,1,Hituwey nitudok hi aammod Jesu Kristo an holag David an holag bon Abraham.
,1,2,Nahlag hi Abraham ot wadah Isaac. Nahlag hi Isaac ot wadah Jacob. Nahlag hi Jacob ot wadah Judah ya nadan udum an tutulang na.
,1,3,Nahlag hi Judah ot wada da Peres ke Serah an hi Tamar di inada. Nahlag hi Peres ot wadah Hesron. Nahlag hi Hesron ot wadah Ram.
,1,4,Nahlag hi Ram ot wadah Amminadab. Nahlag hi Amminadab ot wadah Nashon. Nahlag hi Nashon ot wadah Salmon.
,1,5,Nahlag hi Salmon an inayanah Rahab ot wadah Boaz. Nahlag hi Boaz an inayanah Ruth ot wadah Obed. Nahlag hi Obed ot wadah Jesse.
,1,6,Nahlag hi Jesse ot wadah David an patul.Nahlag hi David an inayanah Bathsheba an inayan ni-an Uriah ot wadah Solomon.
,1,7,Nahlag hi Solomon ot wadah Rehoboam. Nahlag hi Rehoboam ot wadah Abijah. Nahlag hi Abijah ot wadah Asa.
,1,8,Nahlag hi Asa ot wadah Jehoshaphat. Nahlag hi Jehoshaphat ot wadah Jehoram. Nahlag hi Jehoram ot wadah Ussia.
,1,9,Nahlag hi Ussia ot wadah Jotham. Nahlag hi Jotham ot wadah Ahas. Nahlag hi Ahas ot wadah Hesekiah.
,1,10,Nahlag hi Hesekiah ot wadah Manasseh. Nahlag hi Manasseh ot wadah Amon an aman Josiah.
,1,11,Nahlag hi Josiah ot wadah Jeconiah ya nadan udum an tutulang na. Kediyen katagun Jeconiah di nangapputan nadan iBabilon hanadah iIsrael ot ieda didad Babilon.
,1,12,Ta hidid Babilon ya nahlag hi Jeconiah ot wadah Sealtiel. Nahlag hi Sealtiel ot wadah Serubbabel.
,1,13,Nahlag hi Serubbabel ot wadah Abiud an aman Eliakim. Nahlag hi Eliakim ot wadah Asor.
,1,14,Nahlag hi Asor ot wadah Sadok. Nahlag hi Sadok ot wadah Akim. Nahlag hi Akim ot wadah Eliud.
,1,15,Nahlag hi Eliud ot wadah Eleasar. Nahlag hi Eleasar ot wadah Mathan an aman Jacob.
,1,16,Nahlag hi Jacob ot wadah Joseph an inayan Maria an inan Jesus an hi Kristo.
,1,17,Mipalpun Abraham ta ingganan David ya himpulut opat di nahlagan da. Ya mipalpun David ta inggana handih nangiayan dan didad Babilon ya himpulut opat damdama. Ya mipalpu handih kawada dad Babilon ta inggana handi nitungawan Kristo ya himpulu bot opat.
,1,18,"Athituy nitungawan Jesu Kristo. Hi Maria ya nitbin Joseph, mu uggeda ni-an nun-ine yaden nawadaan hi Maria gapuh ongal an kabaelan di Espiritun Apu Dios."
,1,19,Hi Joseph ya pangalina on inlaglag-an Maria nan wadah putuna. Hiya ya paka-un-unudonay Tugun dan Judyu kinali ninomnom nan adina ituluy an iine. Mu gapu te hiya ya maphod di pangi-ena ya ninomnom nan adina ipainilay adida puntuluyan ta adi mibabain hi Maria.
,1,20,"Handih nomnomnomon Joseph hituwe ya numpatibon hiya an anghel hi in-inop nan kananan hiyay ""Joseph an holag David, adika umagol an mangiinen Maria te nawadaan gapuh kabaelan di Espiritun Apu Dios."
,1,21,"Lalakih diyen itungona ya ahiyu ngadanan hi Jesus te hiyay mangihwang hi taguh liwat da."""
,1,22,"Hituwey immannungan nan kalin Apu Dios an kinalin din profetas an kananay 23""Ahi maimbabaleyan nan babain maid di inayana ta mun-imbabaleh lalaki ya ahida ngadanan hi Emmanuel an hay kibalinana ya wadah Apu Dios ke ditaku."""
,1,24,Inun-unud Joseph hidiyen kinalin nan anghel Apu Dios ot iine nah Maria.
,1,25,Mu uggeda nunhuyop inggana nuntungoh Maria. Intungo na nan lalaki ot ngadanan Joseph hi Jesus.
,2,1,Hay nitungawan Jesus ya ad Betlehem an bobled Judea ya hay patul kediye ya hi Herod. Indani ya wadaday immalid Jerusalem hi tatagun nalpuh nangappit hi timilan di algo. Dida ya impakainnila day mipanggep hi bittuwon.
,2,2,"Kanan da nadah tataguy ""Daan nan nitungon golang an ahi pumpatul di Judyu? Tinibo mi nan bittuwon nah appit di timilan di algo an hidiyey nangimatunan mih nitungowana ta hidiyey gapunan immali kamin mundayaw ke hiya."""
,2,3,Dingngol Herod ya nadan tatagud Jerusalem hidiyen kinali da ya mabulubulun da.
,2,4,"Inamung Herod nadan aap-apun di padi ya nadan muntuttuduh Tugun Moses ot kananan diday ""Daanay kitungowan nan Kristo an pinilin Apu Dios an ahi pun-ap-apun di Judyu?"""
,2,5,"Kanan day ""Ad Betlehem an bobled Judea, te hidiyey kanan nan intudok di profetas Apu Dios an kananay 6'Nan boblen Betlehem ya maid di bilang na nadah bobled Judea, mu importanteh diyen boble te hidiy kalpuwan di ap-apun mangipaptok hi tataguk an holag Israel.'"""
,2,7,Impaayag Herod nadan tatagun nalpuh nangappit hi timilan di algo ot handih ab-abbu da ya hinanhananan dida hin kakon-anay numpatib-an nan bittuwon.
,2,8,"Ot tugunona didan kananay ""Ume kayud Betlehem ta eyu hamakon nan golang ta deket hinamak yu ya ipainila yun ha-on ta ek damdama dayawon."""
,2,9,Hituwey kinalin Herod ke dida ot ahida umed Betlehem. Wadadah dalan ya inang-ang da bo nan bittuwon an hidiye din tinibo dah nangappit hi timilan di algo. Impangulun nan bittuwon dida inggana nah pottok di kawad-an nan golang ot muntikod hidi
,2,10,ya imma-amlong da.
,2,11,"Hinumgop da ya tinibo da nan golang ya hi inanan hi Maria ot mundukkun dan mundayaw ke hiya ot ukaton da nan idat dan hiyan balituk, insenso ya mira."
,2,12,"Impainilan Apu Dios ke dida hi in-inop dan adida mo mibangngad hi kad-an Herod, mu idalan dah hinnatkon an dalan hi kibangngadan dah bobleda."
,2,13,"Handih imme dadiyen tatagu ya numpatibo bo on anghel Apu Dios hi in-inop Joseph an kananay ""Bumangun ka ot ta awitom nan golang ya hi inana ta bumtik kayud Egypt tedeyan pihamak Herod tun golang te pinhod nan pipate. Miha-ad kayuh di ingganay kalyok di tayanan yuh diyen boble."""
,2,14,Bimmangun hi Joseph ot awitona nan hin-ina ot bumtik da kediyen hilong ad Egypt
,2,15,"ot miha-ad dah di ingganay nateh Herod. Hituwey immannungan nan impitudok Apu Dios hanah profetas nan kananay ""Ipaayag ku nan Imbabalek ta tayananad Egypt."""
,2,16,"Handih ininnilan Herod an hinamak dadiyen tatagu nan golang, mu uggeda impainilan hiya ya bimmobboh-ol. Ot ioldenan am-in di goggolang an linalakin muntoon hi duwa weno makudang hi duwa ya patayon da. Aton dah tuwed Betlehem ya nadah nunlinikkod an bobleh di. Man-uket in-oldenah tuwe ya hidiyey kinonoknong nah toon nan golang te inilanay kakon-anay nanib-an dadiyen tatagu nah bittuwon."
,2,17,"Hituwey immannungan nan kinalin din profetas an hi Jeremiah an kananay 18""Waday ahi madngol an kumogakoga ad Ramah. Hi Rachel ya namahig di koga na ya adi maal-aluk te nate dan am-in di imbabalena."""
,2,19,"Handih nate moh Herod ya numpatibo bo nan anghel Apu Dios ke Joseph hidid Egypt hi in-inop nan kananay 20""Bumangun kat awitom nan golang ya hi inana ta mibangngad kayud Israel ot deyan nate mo nan mamate tuh golang."""
,2,21,"Bimmangun hi Joseph ot awitona nadan hin-ina ot mibangngad dad Israel. 22,23,Mu tumakut hi Joseph an miha-ad hidid Judea te dingngol nan hi Arkelaus di nihannot ke amanan hi Herod an mumpatul hidi. Ot ituddun Apu Dios ke hiya nah in-inop nay atona ot umed Nasaret nah probinsiad Galilee ot hidiy kiha-adan da. Hidiyey immannungan nan kinalin handidan profetas Apu Dios an kanan day ""Hiya ya iNasaret."""
,3,1,Kediyen tiempo ya wadah Juan an mumbonyag an muntuttudu nah adi maboblayan ad Judea.
,3,2,"Hay intuttuduna ya kananay ""Muntutuyu kayuh liwat yu te immali mo nan intud-ak Apu Dios an mun-ap-apu."""
,3,3,"Hi Juan di kanan din profetas an hi Isaiah handih kananay""Waday ahi madngol nah adi maboblayan an kananay 'Idadaan yu ya iphod yuy dalanon nan Ap-apu taku.'"""
,3,4,Hay bulwatin Juan ya naabol an dutdut di kamel ya hay balikis na ya lalat. Hay kanona ya dudun ya danum di iyyukan.
,3,5,Immali day katagutagun nalpud Jerusalem ya nadah udum an bobled Judea ya nadah boblen nunlinikkod nah Wangwang an Jordan an mundongol hi ituttuduna.
,3,6,Ot kalyon day liwat da ot bonyagan Juan dida nah Wangwang an Jordan.
,3,7,"Immali da damdamay dakol an Pharisee ya Saducee an mumpabonyag ke hiya, mu kanan Juan ke diday ""Gaga-iho kayun tatagu. Kon pangali yu on deket mabonyagan kayu ya adi dakayu kastiguwon ke Apu Dios?"
,3,8,Mahapul an itikod yun mangat hi gaga-ihot hay maphod di aton yu ta kitib-anan makulug an nuntutuyu kayuh liwat yu.
,3,9,"Adi kayu mundinol an adi dakayu kastiguwon ke Apu Dios gapu te holag dakayun Abraham. Kalyok ke dakayu, hi Apu Dios ya damanan pumbalinona hantudan batu hi holag Abraham."
,3,10,"Hiya ya nundadaan an mangastiguh gaga-ihon tatagu. Dida nadan tatagun umat nah kaiw an adi maphod di bunganan malngo ta maapuyan."""
,3,11,"Kanan bon Juan di ""Ha-oy ya bonyagan dakayuh danum ya hituwen pamonyagak ke dakayu ya pangimatunan hi nuntutuyuwan yuh liwat yu. Mu nan ahi umali ya natagtag-e mu ha-on ta takon di mangaan hi apatut na ya nakababbaak an mangat kediye. Ya hiya ke ya bonyagan dakayuh Espiritun Apu Dios ya hay apuy."
,3,12,"Hantuh aliyana ya appilonay tatagu, umat nah tagun muntaop an taopanay bogat ikulbung na, mu nan dugi ya gobhona nah apuy an adi mad-op."""
,3,13,Indani ya immalih Jesus an nalpud Galilee ot umeh kad-an Juan nah Wangwang an Jordan ot e mumpabonyag.
,3,14,"Adi ot pinhod Juan an hiyay mamonyag ke Jesus ot kananay ""Lebbeng na ot an ha-oy di bonyagam ta bokon ha-oy di mamonyag ke he-a."""
,3,15,"Mu kanan Jesus di ""Man-ut athina, mu ad uwani ya maphod an un-unudon tan am-in di pinhod Apu Dios."" Ot abuluton Juan."
,3,16,Nagibbun nabonyagan hi Jesus ot dumakal ya nabukatan di kabunyan ya tinibonan mangali nan Espiritun Apu Dios an kay palomay ang-ang na ot umpan hiya.
,3,17,"Ya waday kimmalih langit an kananay ""Hituwey Imbabalek an impakappinhod ku ya mangipaamlong ke ha-on."""
,4,1,Indani ot ipangulun nan Espiritun Apu Dios hi Jesus nah adi maboblayan. Ot handih wadah di ya pinatnaan Satanas an haulon ta munliwat.
,4,2,Ug-ugge nangan hi Jesus hi nap-at di algo ya hilong ot makaaggangan.
,4,3,"Ya immalih Satanas ot kananan hiyay ""Deket Imbabale dakan Apu Dios ya pumbalinom tudan batu hi makan."""
,4,4,"Hinumang Jesus an kananay ""Mu hay nitudok hi kalin Apu Dios ya kananay 'Bokon hay makan ya abuy kitaguwan taku, te mahapul damdaman mundinol takuh kalin Apu Dios.'"""
,4,5,Ot ien Satanas hi Jesus ad Jerusalem nah katagtag-ayan an bubung nan Templo
,4,6,"ot kananan hiyay ""Deket Imbabale dakan Apu Dios ya dumop-a ka ot deyan kanan Apu Dios nah impitudok nay'Baalona nadan anghel ta ipaptok dakat takon di mag-a ka ya tippaon daka ta adika maliputan.'"""
,4,7,"Hinumang Jesus an kananay ""Mu wada boy nitudok nah kalin Apu Dios an kananay 'Adiyu patnaan hi Apu Dios.'"""
,4,8,"Indani ya in-en bon Satanas hi Jesus nah natag-en bilid ot ipatibonan am-in ke hiya nadan pun-ap-apuwan tuh luta, hay kaphod da ya kinadayaw da."
,4,9,"Ot kananan hiyay ""Idat kun am-in ke he-a datuwen pun-ap-apuwan hin ha-oy di dayawom."""
,4,10,"Mu kanan Jesus ke hiyay ""Mange-ele ka, Satanas! Hay nitudok an kalin Apu Dios ya kananay 'Hi Apu Dios ya abuy dayawon yu ya un-unudon yu.'"""
,4,11,"Ot taynan Satanas ya immali day anghel ot ipaptok dah Jesus. 12,13,Handih dingngol Jesus an nikalabut hi Juan ya tinayananah diyen boble ot mibangngad hi boble dad Nasaret ad Galilee. Mu ugge niha-ad hidi te immed Kapernaum an boblen nah pingngit nan baybay an Galilee nah numboblayan di holag Sebulon ya Naptali."
,4,14,"Hituwey immannungan di kinalin din profetas an hi Isaiah an kananay 15""Hanadan tatagud Sebulon ya ad Naptali an nih-up nah baybay ya nadan tatagu nah hinag-on di Wangwang an Jordan ya nadah boblen di bokon Judyu ad Galilee"
,4,16,"ya ahida mo mapat-alan. Takon di nahalman di ligat dan paddungnay wada dah tapol ya pumhod boy nitaguwan dat paddungnay wada dah mapat-al."""
,4,17,"Handih nangilappuwan Jesus an muntuttudu ya kanana nadah tataguy ""Muntutuyu kayuh liwat yu te immali mo nan intud-ak Apu Dios an mun-ap-apu."""
,4,18,Ohan algon mundaldallanan hi Jesus nah pingngit di Baybay an Galilee ya tinibo na da Simon an kanan dan hi Pedro ya hi tulang nan hi Andres an muntabukul da te hidiyey ngunuda.
,4,19,"Inayagan Jesus dida ot kananan diday ""Mikuyug kayun ha-on ta mipalpud uwani ya adi kayu e muntabukul hi dolog, mu ekayu mangawis hi tatagu ta ha-oy di un-unudon da."""
,4,20,Pinghanadi ya tinaynan day tabukul da ot miunud dan hiya.
,4,21,Mangmangnge da Jesus ya tinibo na bo nadan hintulang an da James ke Juan an imbabalen Sebedi. Wada dan am-in an hin-am-a nah bangka an pun-idadaan day tabukul da ot ayagana nadan hintulang.
,4,22,Pinghanadi ya tinaynan dah amada ya nan bangka da ot miunud da damdaman hiya.
,4,23,Immeh Jesus hi kabobbobled Galilee an e nuntuttudu nadah simbaan di Judyuh mipanggep hi pun-ap-apuwan Apu Dios ya kinaanan am-in di nunhihinnatkon an dogon di tatagu.
,4,24,Nundingngol hi kabobbobled Syria datuwen inat na ot pun-iali day tatagun nunhihinnatkon di dogoda. Ot paphodona dida takon nadan mungkolda ya naparalyze ya nadan nihkopan hi dimonyo.
,4,25,"Kinali dakol day tatagun miunuunud ke hiya an iGalilee, iDecapolis, iJerusalem ya nadan nalpuh boblen nah binnah-el nan Wangwang an Jordan."
,5,1,"Handih tinibon Jesus nadan dakol an tatagun naamung ya immen nah bilid ot e umbun ya inunud nadan disipulos na ot malikkub dah kad-ana. 2-3,Ot tuttuduwana didan kananay""Hanadan tatagun abuluton dan adida kabaelan an aton di maphod hin maid di baddang Apu Dios ya umamlong da te diday migappat nah pun-ap-apuwana."
,5,4,Hanadan tatagun u-umyung gapuh nanginilaan dan gaga-ihoy inainat da ya umamlong da te alubyagon Apu Dios dida.
,5,5,Hanadan tatagun ipakumbaba day adol da ya umamlong da te diday manawat nah kinalin Apu Dios an ahina idat.
,5,6,Hanadan tatagun pinhod dan abun mangat hi pinhod Apu Dios umat nah naagangan an pinhod nan abun mangan ya nan nauwo an pinhod nan abun uminum ya umamlong da te baddangana dida.
,5,7,Hanadan tatagun homkon day ibbada ya umamlong da te homkon damdaman Apu Dios dida.
,5,8,Hanadan tatagun mangiohhah nomnom da hi pinhod Apu Dios ya umamlong da te diday manibon hiya.
,5,9,Hanadan tatagun mangipaptok hi punlinggopan di ibba dan tagu ya umamlong da te ibilang Apu Dios an imbabalena dida.
,5,10,Hanadan tatagun munholholtap gapuh pangun-unudan dah pinhod Apu Dios ya umamlong da te mipaptok dah pun-ap-apuwana.
,5,11,"Dakayun tatagun mapihupihul, mipaholholtap ya mapabahubahul te gapuh pangun-unudan yun ha-oy"
,5,12,ya umamlong kayu te ongal di gun-udon yun kiphodan hi langit. Ya nomnomon yun hay ma-ma-at ke dakayu ya athidi damdamay na-na-at handidah profetas.
,5,13,Dakayun mangulug ke ha-on ya mialig kayu nah ahin an mangipaphod hi tamtam di kanon te dakayuy mangipaphod hi pangi-en di tagu. Mu nan ahin ya deket nakaan di kinaahina ya maid moy hilbina ya adinadaman pabangngadon di kinaahina. Ta hidiye nan iwele mot punhinggagattinan di tatagu.
,5,14,Ya mialig kayuh dilag an pat-alanay tapol te dakayuy pangitib-an di tatagu hi maphod an pangi-e. Hay maphod an pangi-e ya umat nah namuttag an boble nah tap-on di bilid an makattibo.
,5,15,"Kon tolgan di taguy dilag ta ena italu? Adi, te ipattuk nat madilagan am-in nan wadah bohongna."
,5,16,Athidi bon dakayu an mahapul an ipatibo yuy maphod an pangi-e hi ibbayun tagu ta dayawon dah Ama takun hi Apu Dios hi langit.
,5,17,"Adiyu pangaliy immaliyak ta ma-idok di Tugun Moses ya hay intugun handidan profetas, te immaliyak ta ituttuduk di kibalinan dadiye."
,5,18,Kalyok ke dakayun takon di mama-id tun luta ya hay kabunyan ya maid di makaan nah Tugun te takon di ohan kali ya umannung.
,5,19,Ta hidiye nan hay tagun adina un-unudon takon nan kaittayan kediyen Tugun ya tuttuduwanay udum ta adida un-unudon damdamah diyen Tugun ya adi mibilang hi langit. Mu hay tagun un-unudonah diyen Tugun ya tuttuduwanay udum ta un-unudon dah diyen Tugun ya hiyay mibilang an natag-eh langit.
,5,20,"Kalyok ke dakayu, mahapul an nahamad di pangun-unud yu kediyen Tugun mu hay pangun-unud nadan muntuttudu kediyen Tugun ya nadan Pharisee, ta ahi nadaman migappat kayuh pun-ap-apuwan Apu Dios."
,5,21,Inila yuy nitugun hanadah tatagu handi an kananay 'Adika pumate. Hay pumate ya mahapul an makastigu.'
,5,22,"Mu kalyok ke dakayud uwanin bokon ya abu hay pumatey makastigu te takon nadan ibobboh-ol day ibbadan tagu ya makastigu da. Hay tagun pihulonay ibbanan tagu ya mieh hinangngab nadan konsehal ta makastigu, ya hay tagun kananah ibbanay 'Maid di nitagtagguwam' ya kastiguwon Apu Dios nah apuy."
,5,23,Ya deket wada kayuh simbaan ta eyu ot idat nan iappit yun Apu Dios ya nipaddin ninomnom yun waday numbahulan yuh ibbayu
,5,24,ya mahapul an mibangngad kayu ni-an nah numbahulan yu ta pakawanan dakayu ta ahiyu nuppe idat nan eyu ot idat ke Apu Dios.
,5,25,Deket waday nangidiklamun dakayu ya makihummangan kayun hiya te deket adiyu iathidi ya ie dakayu nah huwes ta nan huwes di mangipakalabut ke dakayu.
,5,26,"Kalyok ke dakayun makulug an deket nikalabut kayu ya mahapul an pakabboklaon yuy molta yu, takon di ohan hepeng, ta ahi kayu mipae."
,5,27,Dingngol yu bo nan tugun an kananay 'Adiyu ihuyop di bokon yu inayan.'
,5,28,"Mu kalyok ke dakayun takon di tibon ya abun di lalakiy babai, mu wadah nomnom nan pinhod nan ihuyop hidiyen babai ya kay na damdama inhuyop."
,5,29,Deket nan wawwan an matayuy humlun hi punliwatan yu ya kudukdulnay duk-iton yu ta iwele yu. Kudukdul nay maid di ohan matayu mu nan e kayu ume nah apuy hi impierno.
,5,30,Deket hay wawwan an takleyuy humlun hi punliwatan yu ya kudukdulnay putulon yu. Kudukdulnay maid di ohan takle yu mu nan e kayu ume nah apuy hi impierno.
,5,31,Wada bo nan tugun an kananay 'Deket ibolhen di lalakiy inayana ya mahapul an waday makapyah papel hi pangibolhayana ya pelmaanat idat na nah inayana.'
,5,32,Mu kalyok ke dakayun hay lalakin mangibolheh inayana yaden ugge inhuyop diyen inayanay udum an lalaki ya mumbahul hiya hin bintanon da nan inayana. Ya mumbahul damdama nan mamintan nah babai te hay panibon Apu Dios nah babai ya nan naunnan inayana ya nanongnan himbale da.
,5,33,"Dingngol yu damdama nan nitugun handidah aammod taku an kananay 'Aton yu nan insapata yun Apu Dios, adiyu ibahho.'"
,5,34,Mu ad uwani ya kalyok ke dakayun adiyu isapatan Apu Dios hin waday hammadon yun kalyon. Adiyu isapatah langit te hidiy pun-ap-apuwana.
,5,35,Adiyu isapatah luta te hidiy pangiuyyadana. Ya adiyu damdama isapatad Jerusalem te hidiyey boblen nan nakattag-en Patul.
,5,36,Deket waday hammadon yun kalyon ya adiyu kanan di 'Takon di mateyak' te takon di ohan mangitit an buuk ya adiyu kabaelan an pumbalinon hi mabayak.
,5,37,"Deket waday kalyon yu ya adi kah-in di isapata yu. Deket makulug ya na-ala ya kanan di 'Om,' mu deket adi makulug, na-ala ya kanan di 'Adi.' Adiyu e udman hi nalgom an kali te hi Satanas di kalpuwana."
,5,38,Dingngol yu ya inila yu nan tugun an kananay 'Deket kinulap di ohan taguy ohan matan di ibbana ya mahapul an kulapon damdamay ohan matan nan numbahul. Deke bot pinlag di ohan taguy ohan bab-an di ibbana ya mahapul an polagon damdamay ohan bab-an nan numbahul.'
,5,39,Mu kalyok ke dakayun ad uwani ya bokon athidi te gaga-ihoy munhimbabbalo. Deket ampingon day tamel yu ya adiyu ibalo.
,5,40,Deket waday mangidiklamun dakayu ta alan day bulwatiyu ya pakidat yu nan udum an bulwatiyu.
,5,41,"Deket waday mangipapilit ke dakayun pah-onon yuy karganah duwan kilometro, takomboy pah-onon yu inggana opat an kilometro."
,5,42,Hin waday mumbagan dakayuh baddang ya idat yuy ibagana ya pabanhan yu nadan bumanon dakayu.
,5,43,Dingngol yu handi nan tugun an kananay 'Pohdon yuy ibbayu ya hingitan yuy buhul yu.'
,5,44,Mu ad uwani ya kalyok ke dakayun pohdon yuy buhul yu ya idasalan yu nadan mumpaholholtap ke dakayu
,5,45,"ta kitib-anan imbabale dakayun Apu Dios an hi Ama takuh langit. Te hi Apu Dios ya lintu nay algo ta pun-algowan am-in di tagu, maphod ya gaga-iho. Ya lintu nay udan an pundanum am-in di tagu, maandong di pangi-eda weno adi."
,5,46,"Deket abuna nadan tatagun naminhod ke dakayuy pohdon yu, ya kon matbal kayu? Adi te takon di nadan mapihul an tatagun mun-amung hi buwis ya athidiy aton da."
,5,47,Deket nadan gayyum yu ya abuy pakihumhummangan yu ya umat kayu damdama nadah adi mangulug ke Apu Dios te athidiy aton da.
,5,48,Mahapul an dakayu ke ya makaphod di pangi-eyu umat hi kakinaphod di pangi-en Ama takun hi Apu Dios hi langit.
,6,1,Halipat-an yu ta bokon hay pambalan di tatagun dakayuy gamgaman yu hi pangatan yuh maphod. Te deket hituwey gagamgaman yu ya maid di gun-udon yun idat Apu Dios an deh langit.
,6,2,"Ta hidiye nan deket waday ihmok yu nadah nawotwot ya adiyu e ipatpatiboh tatagu ta ekayu pitpitbal an umat hi atoaton nadan pitpitbal an tataguh sisimbaan ya hi kakalata. Dadiye ken tatagun kay hanan makaiddat ya aton dah di te gagamgaman da ya abuy katbalan da. Nomnomon yuh tuwe, makulug an maid di idat Apu Dios nadah tatagun pitpitbal te ammunay pambalan di tatagu ke diday gamgaman da, ta hidiye ya abuy gun-udon da."
,6,3,Kinali deket waday idat yu nadah nawotwot ya adiyu ipainilah ibbayu
,6,4,"te hi Ama takun hi Apu Dios an nanginilan am-in, takon nadan ugge nipainila ya idat nay gun-udon yu."
,6,5,"Deket mundasal kayun Apu Dios ya adiyu iun-unud hi aton nadan tatagun kahinkulkuluggon da te deket mundasal da ya pinhod dan tumaddog hi hinangngab di tataguh simbaan ya hi kalata ta matibo da. Nomnomon yuh tuwe, makulug an maid di idat Apu Dios hi gun-udon da te ammunay kidayawan dah tataguy gagamgaman da ya hidiye ya abuy gun-udon da."
,6,6,Mu dakayu ke ya deket mundasal kayu ya adiyu ipainila. Humgop kayuh kuwartu yu ya indakig yu ta ahi kayu mundasal ke Ama takun hi Apu Dios an adi matibo. Hi Ama takun hi Apu Dios an nanginilan am-in takon nadan ugge nipainila ya idat nay gun-udon yu.
,6,7,Deket mundasal kayu ya bokon nan maid di hilbinay ipanidwa yun kalyon umat hi pundasal nadan tatagun adi mangulug an kanan da nin on madngol di dasal da te andukke.
,6,8,Adiyu iun-unud ke dida te inilan Apu Dios tuwaliy mahapul yu ot ahiyu ibagan hiya.
,6,9,"Mu athituy pundasal yu.'Ama min wadah langit, hana ot ta he-ay midayaw"
,6,10,"ya he-ay mun-ap-apu. Hana ot ta hay pinhod muy maat tuh luta, umat hi langit."
,6,11,Hana ot ta idatan dakamih itanud mih kaalgoalgo.
,6,12,Ya kal-iwam di liwat mi tedeyan kal-iwan mi damdamay numbahulan di ibba min dakami.
,6,13,"Ya baddangan dakami ta adi kami maliwat. Ya hana ot ta baddangan dakamit adi dakami haulon ke Satanas.'"""
,6,14,"Kanan bon Jesus di ""Deket kal-iwan yuy bahul di tagun numbahul ke dakayu ya kal-iwan damdaman Apu Dios hi langit di liwat yu."
,6,15,Mu deket adiyu kal-iwan nadan numbahulan di ibba yun dakayu ya adi damdama kal-iwan Apu Dios di liwat yu.
,6,16,"Deket muntopol kayun adi kayu mangan nah pundasalan yun Apu Dios ya adiyu ipatiboh anga yu. Adiyu iummat nadah pitpitbal an tatagun deket uggeda nangan ya ipatibo dah anga da. Mu nomnomon yuh tuwe, makulug an maid di idat Apu Dios hi gun-udon da te ammunay kidayawan dah tataguy gagamgaman da ya hidiye ya abuy gun-udon da."
,6,17,Dakayu ket muntopol kayun adi kayu mangan ya mun-ihu kayu ya hugudon yuy buuk yu
,6,18,ta adi mainilan muntoptoppol kayu ot hi Ama takun hi Apu Dios an nanginilan am-in takon nadan ugge nipainila ya idat nay gun-udon yu.
,6,19,Bokon hay kinadangyan tuh lutay gagamgaman yu te dadagon di lukluk ya lati ya akawon di mangako.
,6,20,Hay gamgaman yu ya hay pangatan yuh maphod an hidiyey kay yu ikadangyan hi langit an adi mauma ya adi matalak.
,6,21,Hanan kawad-an di kinadangyan yu ya hidiyey nonomnomon yu.
,6,22,"Hay mialig an dilag di adol ya hay mata te hidiyey panibo, ta deket maphod di mata ya maphod boy panibo. Athidih nomnom te hidiyey panginilaan di taguh maphod ya gaga-iho. Deket maphod di nomnom ya maphod boy pangi-e."
,6,23,Mu deket gaga-ihoy nomnom ya gaga-iho boy pangi-e. Kinali deket gaga-ihoy nomnom ya himpappange mo anhan.
,6,24,Adinadaman hay tagu ya un-unudonay duwan ap-apu te hingitanay oha ya pohdonay oha; un-unudonay oha ya pihulonay oha. Niingngon tuwey kinadangyan ya hi Apu Dios. Adinadaman eyu paka-un-unudon hi Apu Dios hin hay kinadangyan di gagamgaman yu.
,6,25,"Ta hidiye nan kalyok ke dakayun adi kayu madanagan mipanggep hi makan ya bulwati. Mahapul an nomnomon di tagu hin nganney gapunan waday biyag na, bokon hay makan ya hay bulwati ya abuy nonomnomona."
,6,26,"Nomnomon yu nadan hamutin adida muntanom ya adida mun-ani. Maid di alang da, mu mangan da te hi Apu Dios di nangamung hi kanon da. Ot namam-an dakayun tatagun ongal di pangibilang nan dakayu mu hay hamuti."
,6,27,Oha bo ya maid ke dakayuy madukdukey biyag na hin madanadanagan.
,6,28,"Kinali tipet ekayu madanagan mipanggep hi bulwati? Nomnomon yu nadan plawer, kon mungngunu da ya mun-abol dah ibulwati da? Adi da!"
,6,29,"Mu kalyok ke dakayu, mapmaphod di ang-ang da mu nan nakangnginan bulwatin din hi Solomon an kadangyan an patul."
,6,30,"Kinali hin athidiy pamaptok Apu Dios ke dadiyen palawer ad uwani, mu hi bigat ya maghob, ya namammam-ay pamaptok nan dakayu. Yaden tipet adi kayu madinol ke Apu Dios?"
,6,31,"Adi kayu madanagan ya adiyu kalyon di 'Daanay ahi taku pangal-an hi kanon, hay inumon ya hay ibulwati?'"
,6,32,"Hay munnomnom ya mundanag ke datuwe ya nadan adi mangulug ke Apu Dios, mu dakayu ke ya wadah Ama yun hi Apu Dios hi langit an nanginilan datuwen mahapul yu."
,6,33,"Hay umanhan an nomnomon yu ya hay kigappatan yuh pun-ap-apuwan Apu Dios ya hay pangatan yu nah pinhod na, ot idat nan am-in di mahapul yu."
,6,34,Ta hidiye nan adi kayu madanagan hi punligatan yuh udum hi algo te maid damdamay maat yu ya mungkid-um ot ya abuh ligat yud uwani.
,7,1,Adiyu pihulon di ibbayun tagu ta adi dakayu damdama pihulon.
,7,2,"Te deket nahalman di pamihul yuh ibbayun tagu ya nahalman damdamay kapihulan yu. Hay pangibilang yuh ibbayun tagu ya umat hidiy pangibilang Apu Dios ke dakayu."" 3-5,In-alig Jesus an kananay ""Hay nabutan tagu ya adinadaman pakatibot kaanonay butan di ibbana. Ongal an langkak hin takon di waday ongal an butah matam ya kanam di kaanom di ittay an butah matan di ibbam. Kaanom ni-an di butah matam ta ahim kaanon di butah matan di ibbam."
,7,6,Adiyu ituttuduy kalin Apu Dios nadah makangohhen tatagun kay da ahu weno babuy te maid di hilbina. Adida damdama un-unudon te adinadaman mahannotan hi maphod di pangi-eda. Abunay pihulon dakayu ya katataw-an dakayu ot ya abu.
,7,7,"Ibaga yun Apu Dios di mahapul yu ot idat na, eyu hamakon nan mahapul yu ot wada, mungkugkug kayu ot mibughulan kayu."
,7,8,"Te hanan mumbaga ya midatan, nan e manamak ya hamakona nan ena hamakon ya nan mungkugkug ya mibughulan."
,7,9,"Dakayun waday imbabalena, kon mumbaga key imbabale yuh tinapay ya hay batuy idat yu?"
,7,10,Ya kon mumbaga keh dolog ya hay ulog di idat yu?
,7,11,"Tibon yu, dakayu ya gaga-iho kayu, mu inila yun umidat hi maphod nadah imbabale yu. Ot namam-an Ama takuh langit an idat na nan maphod an ibaga yun hiya."
,7,12,"Hay pinhod yun aton di ibba yun dakayu ya hidiye damdamay aton yuh ibbayu. Hituwey kibalinan nan Tugun Moses ya nan intuttudun handidan profetas. 13,14,Hay maphod an pangi-ey un-unudon yu ta waday biyag yun munnananong. Hituwen pangun-unudan hi maphod ya naligat an aton, kinali o-oha day mangun-unud kediye. Hay adi maphod an pangi-e ya nalakan un-unudon, kinali dakol day mangun-unud kediye, mu nan tagun mangun-unud kediye ya makastigu."
,7,15,"Halipat-an yu nadan tatagun kanan day profetas Apu Dios dida yaden bokon da kaya. Man-u te maphod di ipatibo dan umat da nah kalneron maka-ayup, mu hay pangi-eda ya gaga-ihon umat da nah mabungot an ahu te pinhod dan dadagon nan maphod an nituttudun dakayu."
,7,16,Hay panginilaan yun dida ya nah gaga-ihon aton da. Inila yun hay pagit ya hay gulun ya adida bumungah makan.
,7,17,Athidi boh kaiw an deket maphod ya maphod boy bungana ya hay ad-adin kaiw ya ad-adi boy bungana.
,7,18,Adinadaman hay maphod an kaiw ya bumungah ad-adi ya hay ad-adin kaiw ya bumungah maphod.
,7,19,Hanan kaiw an ad-adiy bungana ya malngo ta maapuyan.
,7,20,"Athituy kialigan nadan tatagun kanan day profetas da, mu bokon da kaya, ya hay ahiyu pangimatunan ya nah pangi-e da."
,7,21,"Wadada nadan tatagun kanan day ha-oy di Apu da, mu adida migappat hi pun-ap-apuwan Apu Dios te hanada ya abun mangat hi pinhod Apu Dios an hi Ama an wadah langit di migappat hi pun-ap-apuwana."
,7,22,"Hantuh algon punhumalyaan Apu Dios hi tagu ya dakol day ahi mangalin kanan day 'Apu, inun-unud daka te he-ay nalpuwan di kabaelan min muntuttudu ya mangaan hi nihkop ya mangat nadah udum an milagro.'"
,7,23,"Hidiyey ahida kanan ke ha-on, mu ahik kanan ke diday 'Ugge dakayu inilan ha-on. Mange-ele kayun gaga-ihoy inainat na.'"
,7,24,Hanan tagun mangngol hi kalik ya un-unudona ya miingngo nah nanomnoman an tagun nangapyah balenan impakaihammad nay tukud na.
,7,25,"Immaliy puwok ya nal-ot an udan ot lumakbiy dinluh wangwang ot datngana nan bale, mu ugge natu-i."
,7,26,"Mu hana ken tagun donglona ya abuy kalik, mu adina un-unudon ya miingngo nah tagun makudang di nomnom nan impulpule nay tukud di balena."
,7,27,"Immaliy puwok ya nal-ot an udan ot lumakbiy dinlu ot datngana nan bale ya natu-i ot makappa-i."""
,7,28,Ginibbun Jesus an kinali datuwe ya namodwong nadan naamung gapun diyen tuttuduna
,7,29,te matibon ongal di kalebbengana mu nadan muntuttuduh Tugun Moses.
,8,1,Nundayyuh Jesus an nalpu nah bilid ya inunud di dakol an tatagu.
,8,2,"Indani ya immali on tagun mungkangpuy adol na ot mundukkun hi hinangngab na ot kananay ""Apu, kaanom ahan tun dogok te inilak an damanan atom, mu nangamung ka."""
,8,3,"Kanan Jesus di ""Damana. Nakaan mo kayah naen dogom"" yaden indapanay taklena nah mundogo. Pinghanadi ya nakaan di dogon nan tagu."
,8,4,"Ot kanan Jesus ke hiyay ""Adim ot kalkalyon hituwen inat ku, mu ipayum an umeh kad-an nan padi ta em ipatibon hiyan nakaan di dogom, ya iappitam hi Apu Dios an miunnud nah kanan di Tugun Moses ta panginilaan di tatagun nakaan di dogom."""
,8,5,Imme da Jesus ad Kapernaum ya wada nan bokon Judyu an ap-apun di hinggatut an tindalu. Immalih kad-ana ya pihpihmok an
,8,6,"kananay ""Apu, wada nan muttatyuk an naparalyze ya namahig di punholholtapana."""
,8,7,"Kanan Jesus ke hiyay ""Maki-aliyak ta paphodok."""
,8,8,"Mu kanan nan ap-apuy ""Apu, bumainak hi aliyam hi bale. Takon di ammunay kalyom ot makaan di dogon nan muttatyuk."
,8,9,"Inilak an waday kabaelan di kalin di ap-apu te ha-oy ya un-unudok di kalyon di ap-apuk. Ya un-unudon damdaman di tindaluk di kalyok. Deket kanak nah tindaluk di 'Eka', on imme. Deket kanak di 'Maka', on immali. Deket kanak nah muttatyuk di 'Atom hituwe', on inat na. Ot namam-ay kalim an kabaelanan kaanon di dogon nan muttatyuk."""
,8,10,"Handih dingngol Jesus hituwe ya namodwong hi pangulug nan ap-apu ot kanana nadah naamung an niunud ke hiyay ""Kalyok ke dakayun maid di ohan Judyu hi ek tinibon athidiy pangulug na."
,8,11,"Nomnomon yuh tuwen kalyok. Dakol day bokon Judyun malpuh kabobboble tuh luta an migappat hi pun-ap-apuwan Apu Dios hi langit an ahi makikan ke da Abraham, hi Isaac ya hi Jacob an ammod takun Judyu."
,8,12,"Mu dakol nadah Judyun migappat ot hi pun-ap-apuwan Apu Dios di miwele nah tapol ta ahida kumogakoga ya ahida kotokotomon di bab-a da."""
,8,13,"Ot kanan Jesus nah ap-apun di tindaluy ""Takomboy umanamut ka. Nakaan di dogon nan muttatyum gapuh pangulug mu."" Ya hiya peman an nakaan di dogon nan muttatyu kediyen oras."
,8,14,Hinumgop hi Jesus hi balen da Pedro ya tinibona an nan inan nan inayan Pedro ya mundogon mahmahhuyop te nahalman di atung na.
,8,15,Dinapan Jesus di taklena ya nakaan di dogona ot ena idadaan di kanon da Jesus.
,8,16,Indanit mungkahilong ya nun-iali dah kad-an Jesus di dakol an tatagun nahikpan hi dimonyo ya nadan mundogo. Ammunay kalin Jesus on nakaan nadan nihkop ya impaphod na damdama nadan mumpundogo.
,8,17,"Hituwey immannungan di kinalin din hi Isaiah an profetas an kananay ""Hiyay nangaan hi dogo takun am-in."""
,8,18,"Ohan algo ya tinibon Jesus an dakkodakkol day naamung hi kad-ana ot kanana nadah disipulos nay ""Umagwat takuh bah-el tun baybay."""
,8,19,"Indani ya immalih kad-an Jesus on muntuttuduh Tugun Moses ot kananan hiyay ""Apu, maki-eyak ke he-a takon di daanay pangayam."""
,8,20,"Mu kanan Jesus ke hiyay ""O, mu naligat di miunud ke ha-on te maid di anamutak. Kudukdul di amunin ya hamuti te waday kiha-adan da, mu ha-oy an Panguluwan di tagu ya maid ni-mo takon di hay pangiipingak hi uluk."""
,8,21,"Ya wada bo nan ohan tagun miunuunud ke Jesus an kananay ""Takon di ha-on, Apu, mu umeyak ni-an ta ek ilubuk hi ama."""
,8,22,"Mu kanan bon Jesus ke hiyay ""Miunud kan ha-on. Hinae ke ya nangamung nadan adi mangulug an mangilubuk hi ibbadan nate."""
,8,23,Numbangka da Jesus ya nadan disipulos na
,8,24,ot handih mange da ya kal-inadi ya waday nakal-ot an puwok. Ya namahig di dalluyun ot loktat ya mungkapnu nan bangkah danum. Hi ke Jesus ya nakahhuyop.
,8,25,"Hanadan disipulos na ya eda binangun an kanan day ""Apu, bumaddang ka tedeyan malting taku!"""
,8,26,"Mu kanan Jesus ke diday ""Tipe ahan ta nahalman di takut yu? Kon maid di dinol yun ha-on?"" Timmaddog ot kalyana nan puwok ya dalluyun ya pinghanadi ya natikod da ot makaddin-ong mo."
,8,27,"Hanadan disipulos na ya namodwong dan kanan day ""Nganne nin di katatagun tuwe, tipet takon di puwok ya dalluyun ya un-unudon day kalina?"""
,8,28,"Indani ya dimmatong da Jesus nah bah-el nan baybay nah boblen Gadarene ya dinamun di duwan lalakin nalpu nadah lubukan. Nahikpan dah dimonyo ya namahig an katatakut da, kinali tumakut day tatagun mangidalan hidi."
,8,29,"Handih tinibo dah Jesus ya inlot day kalidan kanan day ""He-an Imbabalen Apu Dios, nganney atom ke dakami? Adi dakami ni-an kastiguwon inggana madatngan di algon kahumalyaan mi."""
,8,30,Kediye ya nipapaddin wadaday dakol an babuy an munhubang nah e-elena.
,8,31,"Numpahpahmok nadan dimonyo ke hiyan kanan day ""Deket kaanon dakami ya it-an dakami handidah babuy ta diday emi kihkopan."""
,8,32,"Kanan Jesus ke diday ""Om, ekayu."" Ot ume da ot eda mihkop nadah babuy. Kal-inadi ya kahibubutik nadan babuy nah dopla ot iyapa da nah baybay ot malting da."
,8,33,Hanadan mumpaptok hi babuy ya bintik dan imme nah boble ot kalkalyon day mipanggep hi naat nadah nahikpan hi dimonyo ya nadah babuy.
,8,34,Ot ume nadan bimmoblen e manamun Jesus. Ot handih dinamu da ya numpahpahmok dan hiyat taynanah diyen bobleda.
,9,1,Numbangka bo da Jesus ot umanamut dah boble da.
,9,2,"Indani ya wadaday tatagun nangialih naparalyze an in-ayod da. Inilanan ongal di pangulug dan hiya ot kanana nah mundogoy ""Tulang ku, adika madanagan te nakaan di liwat mu."""
,9,3,"Hanadan muntuttuduh Tugun Moses an wadah di ya kanan dah nomnom day ""Taltalanggaan tuwen taguh Apu Dios te iingngo na udot di adol nan hiya."""
,9,4,"Mu hi Jesus ya inila nay nomnomnomon da ot kananay ""Tipet athinay nomnom yun gaga-iho?"
,9,5,Nganney nalaklaka? Hay kalyon di 'Nakaan di liwat mu' weno 'Tumaddog kat umanamut ka'?
,9,6,"Agat ipatibok ke dakayun ha-on an Panguluwan di tagu ya kabaelak an mangaan hi liwat di tagu."" Ot kanana nah naparalyze di ""Tumaddog ka, ya alam nan ayod mut umanamut ka."""
,9,7,Ya timmaddog nan tagu ot ume.
,9,8,Namodwong nadan tatagun nanibon diye ot dayawon dah Apu Dios te indat nah tuwen kabaelan hi tagu.
,9,9,"Tinaynan Jesus nadan tatagu ot mangmangnge ya tinibona nan mun-amung hi buwis an hay ngadana ya hi Mateo an um-umbun nah upisinana ot kanan Jesus ke hiyay ""Maka, miunud kan ha-on."" Ot miunud ke hiya."
,9,10,Waday ohan algon nangan da Jesus ya nadan disipulos nah balen da Mateo ya immali day dakol an mun-amung hi buwis ya nadan naliwat ot makikan dan dida.
,9,11,"Tinibon nadan Pharisee ya kanan da nadah disipulos nay ""Tipet makikan nan Apu yu ke dadiyen tatagu?"" 12,13,Dingngol Jesus hidiyen kinali da ot kananay ""Hay agahan di doktor ya hay mundogo, bokon hay maid di dogona. Paddungnan ha-oy an immaliyak ta paphodok nadan naliwat, bokon nadan kanan day maid di liwat da. Dakayu ya mahapul an nomnomon yu nan impitudok Apu Dios an kananay 'Kudukdul di homkon yuy ibbayu mu nan eyak iappitan.'"""
,9,14,"Immali da nan disipulos Juan an mumbonyag hi kad-an Jesus ot kanan day ""Tipet dakami ke ya nadan udum an Pharisee ya muntopol kamin adi kami mangan ya nada ken disipulos mu ya adida?"""
,9,15,"Ya hinumang Jesus an kananay ""An hay kanan yu ya adi mangan nadan gagayyum nan mungkasal? Mangan da te nan mungkasal an nikuyugan da ya ipaptok na dida. Athidi damdama nadah disipulos ku an mangan da te wadaak. Mu indanit maidak mo ya adida mangan gapuh punnomnom dan ha-on."
,9,16,"Kon ilkob di taguy balun luput nah daan an bulwati? Adi, te umittay nan balun luput an nilkob ya madoldol di bik-in nan daan an bulwati."
,9,17,"Athidi bon adi ihuduy ka-apyan mainum nah daan an kimmulhin lalat an punhuduwan, te deket aton hidi ya umina nan baya ya mabughi nan lalat. Ne ayyo mo nan mainum ya nan lalat an punhuduwan. Mahapul an hay punhuduwan hi ka-apyan mainum ya hay ka-apyan lalat ta adi mabughi nan lalat ya adi kumawa nan mainum."""
,9,18,"Kalkalyon Jesus hituwe ya immali on ohan ap-apun di Judyu ot mundukkun hi hinangngab nan kananay ""Mungkatkate nan imbabalek. Umali ka anhan ta em dapaon ta pumhod."""
,9,19,"Timbal Jesus ot maki-en ibbana nadan disipulos na. 20,21,Wadah di on babain nundogoh himpulut duway toon an hay dogona ya adi matikod di malpuh adol na. Immeh indoggan Jesus ya kananah nomnom nay ""Dapaok ke ot ahan di bulwatina ya makaan di dogok."" Ot dapaonay udun di bulwatin Jesus."
,9,22,"Nunligguh Jesus ya tinibona nan babai ot kananay ""Tulang ku, adika madanagan, nakaan moh naen dogom te hay pangulug mun ha-on"" ya pinghanadi ya pinumhod."
,9,23,Handih dimmatong da Jesus hi balen da Jairo ya tinibo da nadan mun-ingngiing hin waday nate ya nadan mun-iyo.
,9,24,"Kanan Jesus ke diday ""Lumah-un kayun am-in. Ugge nate nan unga te nahuyop ya abu."" Mu nadan tatagu ya taltalanggaan dah Jesus."
,9,25,Limmah-un da ot humgop hi Jesus nah kuwartun kawad-an nan unga ot odnanay taklena ya timmaddog.
,9,26,Hidiyen inat Jesus ya nundingngol hi kabobboble.
,9,27,"Tinaynan da Jesus hidiyen boble ot handih mange da ya wadaday duwan nakulap an miun-uunud ke hiya. Inlot day kalidan kanan day ""Apu an holag David, homkon dakami anhan."""
,9,28,"Inunud dah Jesus nah balen hinumgopana ot kananan diday ""Kon kulugon yun waday kabaelak an mangaan hi kulap yu?"" Ya kanan day ""Om. Kulugon mi."""
,9,29,"Dinapanay matada ot kananay ""Naat nan pinhod yu te hay pangulug yu."""
,9,30,"Pinghanadi ya pakatibo da mo. Tinugun Jesus didan kananay ""Adiyu e kanalkalyon hi udum an tataguh tuwen inat kun dakayu."""
,9,31,Mu imme da ot ya abu ot eda kalkalyon hi kabobbobleh diyen inat Jesus.
,9,32,Handih e ume da Jesus ya in-ali day ohan nanganga an nahikpan hi dimonyo.
,9,33,"Kinaan Jesus nan nihkop ya pakakali mo nan tagu ot mamodwong nadan tatagun kanan day ""Maid di athitun etaku tinibon holag Israel."""
,9,34,"Mu kanan nadan Phariseey ""Hi Satanas an ap-apun di dimonyoy nangidat hi kabaelan Jesus an mangaan hi nihkop."""
,9,35,Imme da Jesus hi kabobboblen e nuntuttudu nadah simbaan di Judyu mipanggep hi pun-ap-apuwan Apu Dios ya kinaanan am-in di nunhihinnatkon an dogon di tatagu.
,9,36,Himmok na nadan tatagun maamuamung te umat da nadah kalneron maid di mangipaptok ke dida.
,9,37,"Ot kanana nadah disipulos nay ""Dakol day tatagun ugge nanginilan ha-on, mu makudang di e muntuttudun dida. Paddungnay dakol di maani, mu makudang di mun-ani."
,9,38,"Kinali mundasal kayun Apu Dios an mialig an kon payo ta wadaday e muntuttuduh mipanggep ke ha-on."""
,10,1,"Ohan algo ya inayagan Jesus nadan himpulut duwan disipulos na ot idat nay kabaelan dan mangaan hi nihkop ya hay nunhihinnatkon an dogo. 2-4,Hanadan himpulut duwan disipulos nan apostoles na ya hi Simon an kanan dan hi Pedro, hi tulang nan hi Andres, nadan anak Sebedi an da James ke Juan, hi Felipe, hi Bartolome, hi Tomas, hi Mateo an mun-amung hi buwis, hi James an nak Alfeo, hi Tadeo, hi Simon an Zealot ya hi Judas Iskariote an nangihdul ke Jesus."
,10,5,"Tinugun Jesus datuwen disipulos na ot ahina itud-ak didan kananay ""Adi kayu umeh boblen nadan bokon Judyu ya nah kabobbobled Samaria."
,10,6,Mu ume kayuh boblen nadan iibba takun Judyu an holag Israel te dida nan kay natalak an kalnero.
,10,7,Ituttudu yun didan immali mo nan mun-ap-apun intud-ak Apu Dios.
,10,8,"Kaanon yuy dogo, mahuwan yuy nate, paphodon yu nadan mungkangpuy adol na ya kaanon yuy dimonyon nihkop hi tatagu. Adiyu ipabayad te ugge impabayad Apu Dios hituwen kabaelan an indat nan dakayu."
,10,9,"Adi kayu umitabin hi pihhu,"
,10,10,"hakbat, bulwatin punhannotan yu, apatut ya patanong. Nangamung nadan tatagun baddangan yun hummok ke dakayu. Hidiyey kay tangdan yu te hay mungngunu ya mahapul an matangdanan."
,10,11,Deket dimmatong kayuh ohan boble ya hamakon yu nan maapngan umayag ke dakayu. Hidiy kiha-adan yu ingganay taynan yuh diyen boble.
,10,12,Deket dinatngan yu on bale ya kanan yu nah kon baley 'Hana ot ta malinggop kayu tuh nunhituwan yu.'
,10,13,"Deket umayag nan kon bale ya umannung nan kinali yun dida. Mu deket adida ya adi umannung, mu dakayuy umannungan diye."
,10,14,Deket ume kayuh ohan boble ya adi dakayu ayagan ya adi dakayu donglon ya pukpukon yuy hupuk hi hukiyu hin taynan yuh diyen boble ta kitib-anan naliwat da gapu kediyen inat da.
,10,15,Kalyok ke dakayu an hantuh punhumalyaan Apu Dios ya nahalhalman di kastigun dadiyen tatagu mu handidan tatagud Sodom ya ad Gomorrah.
,10,16,"Donglonak ke dakayu te mialig kayu nah kalneron itud-ak kun e muntuttudu nadah kad-an nadan kay wolf an katatakut. Ta hidiye nan mahapul an umat kayu nah ulog an pakahallipat-ana ta adida patayon, mu mahapul damdaman maule kayun umat nah paloma."
,10,17,Halipat-an yu bo te wadaday mangipadpap ke dakayu ta ie dakayuh punhumalyaan di Judyu ya edakayu punhoplat hi sisimbaan da.
,10,18,Mu adi abunah diyen aton dan dakayu te ie dakayuh hinangngab di gobernador ya nadan udum an ap-apu gapuh pangulug yun ha-on. Kediyey ahiyu pangipainilaan ke dida ya nadah bokon Judyu hi mipanggep ke ha-on.
,10,19,Deket madpap kayu ta edakayu humalyaon ya adi kayu madanagan hi ihumang yu te hi Apu Dios di nangamung hi ihumang yu
,10,20,te hay kakulugana ya hay Espiritunay ahi mangipakalin dakayu.
,10,21,"Kediye bon tiempo ya hay tulangna ya hiyay mangipipateh tulangna, hay ammod ya hiyay mangipipateh iimbabalena ya athidi boy imbabale an hiyay mangipipateh ammod na."
,10,22,Ahi dakayu hihingngitan am-in hi tatagu gapuh pangulug yun ha-on. Mu hanan mangippol hi punholholtapana ya adina iwalong di pangulug nan ha-on inggana magibbun am-in datuwe ya ahi mihwang.
,10,23,"Deket punholholtapon dakayu nah ohan boble ya bumtik kayuh udum an boble. Kalyok ke dakayu, adiyu gibbuwon di ngunu yun am-in hi boblen di ibba takun Judyu yaden umaliyak an Panguluwan di tagu."
,10,24,Waday nun-ingngohan di mun-ad-adal ya nan mittuluna te hay maat nah mittulu ya athidi boy maat nah ituttuduwana. Athidi bo nah apu ya nah muttatyuna.
,10,25,"Athidiy nitaguwan, kinali abuluton yun waday nun-ingngohan taku te pihulonak an Apu yun ingadananak hi Satanas an ap-apun di gaga-iho. Athidin dakayun pihulon dakayu damdama."
,10,26,Mu adi kayu tumakut ke dida. Maid di mitaluh nganneh diye te takon nan adi mainilad uwani ya ahi mainilah udum hi algo.
,10,27,"Hanadan kalyok ya dakayu ya abuy manginila, mu ahiyu ituttudut inilaon di katagutagu."
,10,28,Adiyu takutan nadan mamaten dakayu te takon di patayon dakayu ya maid di maat dah linnawayu. Mu hay takutan yu ya hi Apu Dios te damanan patayon dakayu ya damana bon ipae nay linnawayuh impierno.
,10,29,"Hituwey nomnomon yu, nadan buding ya maid di balol da te hay bayad di duwa ya ohan hepeng, mu dida ya adinadaman e waday mate hin adi iabulut Apu Dios."
,10,30,Ot immam-anan dakayu te inila nay bilang di buuk yu. Hinaey kitib-anan pakaippaptok dakayun Apu Dios.
,10,31,Kinali adi kayu tumakut te dakayu ya nakaballol kayun Apu Dios mu nadan buding.
,10,32,Hay tagun mangipainilah pangulug nan ha-oy ya ahik ibilang an taguk hi hinangngab Amah langit.
,10,33,Mu hay tagun mangalin uggeyak inila ya adik ibilang an taguk hi hinangngab Amah langit.
,10,34,"Kon pangali yu on immaliyak an mangipalinggop am-in hi tagu tuh luta? Adi, te gapun ha-on ya dakol day mun-aawwit."
,10,35,"Takon di hin-am-a, hin-in-a ya nan inapu ya nan nangapu ya mun-aawwit da"
,10,36,ya hay pakibuhul di ohan tagu ya hay pamilyana.
,10,37,Hay tagun ong-ongal di naminhod nah ammod na weno imbabalena mu hay impaminhod nan ha-on ya adi mibilang an mangun-unud ke ha-on.
,10,38,Hay tagun adina ippol di punholholtapanah pangun-unudanan ha-on ya adi mibilang an mangun-unud ke ha-on.
,10,39,"Hay tagun hay nitaguwana tuh luta ya abuy nonomnomona ya adi midatan hi biyag an maid di poppog na. Mu hay tagun paka-un-unudonak takon di humlun hi katayana ya hiyay midatan hi biyag an maid di poppog na."""
,10,40,"Kanan bon Jesus di ""Hay tagun mangabulut ke dakayu ya abulutonak damdama. Ya hay tagun mangabulut ke ha-on ya abulutona damdamah Apu Dios an nangitud-ak ke ha-on."
,10,41,Hanan tagun mangabulut hi profetas gapu te tagun Apu Dios ya midatan damdamah umat hi midat nah profetas. Hanan tagun mangabulut hi maphod an tagu ya idatan Apu Dios hi umat hi midat nadah maphod an tatagu.
,10,42,"Hanan tagun umidat hi danum an inumon nan tagun mangun-unud ke ha-on ya makulug an midatan hi kiphodana."""
,11,1,Ginibbun Jesus an intuttuduh tuwe nadah disipulos na ot ume nadah udum an bobleh did Galilee an e muntuttudu.
,11,2,"Kediye ya wadah Juan an mumbonyag hi kalabut, mu dingngol nay atoaton Jesu Kristo ot itud-ak na nadan disipulos nah kad-ana."
,11,3,"Ot kanan dan hiyay ""Kon he-a nan intud-ak Apu Dios weno waday udum hi had-on mi?"""
,11,4,"Kanan Jesus ke diday ""Mibangngad kayuh kad-an Juan ta eyu kalyon ke hiyan am-in di dingngol yu ya tinibo yu."
,11,5,"Deyan pakatibo day nakulap, pakadallan day napilay, pinumhod nadan mungkangpuy adol da, pakadngol day nalulok, namahuwan di nate ya nipainila nadah nawotwot di mipanggep hi ongal an impaminhod Apu Dios ke dida."""
,11,6,"Kanan bon Jesus di ""Hanan tagun adi munhalinduwa mipanggep ke ha-on ya hiyay ongal di amlong na."""
,11,7,"Handih nibangngad da nan intud-ak Juan ya kanan Jesus nadah naamung di ""Nganney ninomnom yun e tibon handih imme kayuh kad-an Juan nah adi maboblayan? Kon hanan tagun humalihalinduwa an umat nah bilaun ib-ibbuyong di dibdib"
,11,8,"weno nan tagun numbulwatih makakkaphod? Bokon, te hay kakulugana ya nada ken tatagun numbulwatih makakkaphod ya mihaad dah makakkaphod an bale an bokon nah adi maboblayan."
,11,9,"Dahdi mo? Hay profetas? Om, hituwey kalyok ke dakayu, hidiyen eyu tinibo ya makulug an profetas ya hiya ya waday niong-ongana"
,11,10,"te athituy nitudok mipanggep ke hiya: 'Kanan Apu Dios di: Pamanguluwok tun mangituttuduh tataguh mipanggep ke he-a ta ahika dumatong.'"""
,11,11,"Kanan bon Jesus di ""Hi Juan an mumbonyag di katagtag-ayan am-in hi tatagu, mu nan nakababban tagun nigappat hi pun-ap-apuwan Apu Dios ya natagtag-e mu hiya."
,11,12,Ya nipalpu handih nuntuttuduwana ingganad uwani ya ihik di tatagun migappat hi pun-ap-apuwan Apu Dios.
,11,13,Hidiyen pun-ap-apuwana ya intuttudun am-in handidan profetas ya nan Tugun Moses inggana handih kawadan Juan.
,11,14,Kinali da bon ahi mumbangngad hi Elijah ya deket kulugon yu ya hi Juan di nipaannungana.
,11,15,Pakannomnomon yuh naen kinalik.
,11,16,"Dakayun tatagud uwani ya umat kayu nadah u-ungan maamuamung an umanay-ayyam nah malkadu. Kanan di udum hanadah ibbaday 17'Nuntobtobbab kami ya nungganggangha kami ta kanan mi ot on manayo kayu, mu ugge kayu. Ya impatna mi bon mun-iyo, mu ugge kayu kinumga.' Umat kayu ke datuwen u-unga te ugge inilay pinhod yu."
,11,18,Ya immalih Juan an mumbonyag ya hinnatkon di kanona ya adi manginum ya kanan yuy nahikpan.
,11,19,"Yaden ha-oy ken Panguluwan di tagu ya gapu te manganak ya uminumak ya kanan yu boy 'Ag-agam! Nakahhalman di pangana ya panginum na ya makihayhayyup nadah mapihul an tatagun mun-amung hi buwis ya nadan naliwat.' Mu hituwey nomnomon yu, hay kaphod ya kinalaing Apu Dios ya mipatibo nadah tatagun mangabulut hi pangi-e min duwa ke Juan."""
,11,20,"Wadaday boblen nangipatib-an Jesus hi dakol an milagro, mu ugge nuntutuyu nadan tataguh liwat da ot bumoh-ol an"
,11,21,"kananay ""Mahmok kayun iKorasin ya iBetsaida te tinibotibo yuy milagro, mu ugge kayu nuntutuyuh liwat yu. Gulat nat nadan gaga-ihon tatagud Tyre ya ad Sidon di nanibon dadiyen milagro ya wadan numbulwati dah nabikbik-i ya dinap-ulan day adol dat pangipatibo dah nuntutuyuwan dah liwat da."
,11,22,Nahalman di kastigu yu hantuh punhumalyaan Apu Dios mu nadan tatagud Tyre ya ad Sidon.
,11,23,"Dakayun iKapernaum, pangali yu on dakayuy katagtag-ayan hi saad an datngan yuy kabunyan, mu adi te mipada-ul kayu ingganay datngan yud dalom. Gulat nat nadan tatagud Sodom di nipatib-an nadan milagro an tinibotibo yu ya makulug an nuntutuyu dah liwat dat ugge pina-in Apu Dios di bobleda ta wada ot ad uwani."
,11,24,"Kalyok ke dakayun hantuh punhumalyaan Apu Dios ya nahalhalman di kastigu yu mu handidan tatagud Sodom."""
,11,25,"Nagibbuh diyen kinalin Jesus ot mundasal an kananay ""Ama, an Ap-apuh langit ya luta, mumpasalamatak ke he-a te uggem impainilay mipanggep hi pun-ap-apuwam hanadah nungkanomnoman ya numpun-adal, mu impainilam hanadah ugge nanomnoman ya ugge nun-adal"
,11,26,"te hidiyey pinhod mu, Ama."""
,11,27,"Kanan bon Jesus di ""Hi Aman hi Apu Dios ya indinol nan am-in ke ha-on. Hiya ya abuy nanginilan ha-oy ya maid di udum hi nanginilan hiya hin bokon ha-oy ya abu ya nadan pinhod kun pangipainilaan hi mipanggep ke hiya."
,11,28,"Dakayun maligligatan, mundinol kayun ha-on ta baddangan dakayu."
,11,29,Mangulug kayun ha-on ya un-unudonak ta inilaon yuy pangi-ek ot palinggopok di nomnom yu te ha-oy ya mauleyak ya homkok di tatagu.
,11,30,"Ya adi kayu makaliggatan an mangun-unud ke ha-on."""
,12,1,Ohan Sabadu ya indalan da Jesus hi payo. Hanadan disipulos na ya naagangan da ot pumutting dah page ot kutkuttimon da.
,12,2,"Tinibon nadan Phariseeh diye ot kanan dan Jesus di ""Tibom ke nadan disipulos mu, tipet pimmutting dah page yaden Sabadun Tungo?"""
,12,3,"Kanan Jesus di ""Kon uggeyu binidbid di inat da David handih naagangan da?"
,12,4,Hinumgop nah balen Apu Dios ot kuman nah tinapay an niappit ke Apu Dios ot idatana nadan ibbana yaden panioy panganan da te ammunay padin mangan kediye.
,12,5,Kon uggeyu binidbid nah Tugun Moses an nadan padi ya mungngunu da nah Templo takon di Sabadun Tungo? Mu ugge imbilang Apu Dios an liwat hidiye.
,12,6,Ya hay ngunuk ya importante mu nan ngunu nah Templo.
,12,7,Oha bo ya impitudok Apu Dios an kananay 'Kudukdul di homkon yuy ibbayu mu nan eyak iappitan.' Gulat nat maawatan yuh tuwen kinalin Apu Dios ya adiyu ot kanan di naliwat hantudan disipulos ku gapu te pimmutting dah page hi Sabadun Tungo.
,12,8,"Ha-oy an Panguluwan di taguy mangali hin nganney panio weno adi nah Sabadun Tungo."""
,12,9,Timmayan da Jesus ot ume dah simbaan di Judyu ya
,12,10,"wada on tagun napikluy di ohan taklena. Hanadan tatagu ya pinhod dan waday ipabahul dan Jesus ot kanan dan hiyay ""Kon panioy pangaanan hi dogo nah Sabadun Tungo?"""
,12,11,"Kananan diday ""An deket waday kalnero yun nag-ah bitu nah Sabadun Tungo ya kon adiyu e alan gapu te panio?"
,12,12,"Ot immam-anah tagu, kon adi taku aton di kiphodana gapu te Sabadu?"""
,12,13,"Ot kanana nah napikluy di taklenay ""Ukyadom nan taklem."" Inukyad na ya maphod mon umat nah ohan taklena."
,12,14,Hanada ken Pharisee ya limmah-un da ot punhuhummanganan day aton dan mamaten Jesus.
,12,15,Inilan Jesus hidiyen nomnomnomon da ot taynanah diyen boble ya dakol day tatagun niunud ke hiya ot paphodona nadan waday dogona.
,12,16,Ot tugunona dida ta adida ipainilay mipanggep ke hiya.
,12,17,"Hituwen inat nay immannungan nan kalin Apu Dios nah profetas an hi Isaiah an kananay 18""Hituwey pinilik an muttatyuk an impakappinhod ku ya mangipaamlong ke ha-on. Ipaek di Espirituk ke hiya ta hiyay mangipainilah punhumalyak am-in hi tagu."
,12,19,Hiya ya adi makihannu ya adina oltoolton di kalinat e pidpidngol.
,12,20,"Adina iwalong, mu baddangana nadan mahmok takon nadan ugge nihamad di pangulug da inggana pangapputonay maphod."
,12,21,"Hiyay pangidinolan am-in di tagun mangipaptok ke dida."""
,12,22,Indani ya in-ali dah kad-an Jesus on tagun nakulap ya nanganga te nahikpan hi dimonyo. Kinaan Jesus di kulap na ya ngangana ot pakatibo ya pakakali mo.
,12,23,"Namodwong am-in nadan tatagu ot kanan day ""Kon hiya nin nan holag David an pinilin Apu Dios an ahi mun-ap-apu?"""
,12,24,"Dingngol nadan Phariseeh diyen kinalin nadan tatagu ya kanan day ""Bokon, man hay nalpuwan di kabaelanan mangaan hi nihkop ya hi Satanas an ap-apun di dimonyo."" 25,26,Inilan Jesus hidiyen nomnomnomon da ot kananan diday ""Kon kaanon ken Satanas nadan ibbana ya kon adida maganodwa ta matikod moy pun-ap-apuwana? Umat hanah boble an deket dida pe nan bimmoble on numbubuhhulan da ya madadag da. Umat bo nah hin-am-an deket umanaawwit da ya loktat ta munhihi-an da."
,12,27,"Kanan yuy hi Satanas di kalpuwan di kabaelak an mangaan hi nihkop. Mu deket makulug hidiyen kanan yu, dahdi moy kanan yuh kalpuwan di kabaelan nadan ibbayun mangaan hi nihkop? Kon hi Satanas? Hituwey kitib-anan nakaihhalla kayu."
,12,28,"Ha-oy ke ya hay kabaelak an mangaan hi nihkop ya nalpuh Espiritun Apu Dios, hituwey kitib-anan dehtuh kad-an yu nan intud-ak Apu Dios an mun-ap-apu."""
,12,29,"Kanana boy ""An damanan hogpon di taguy balen di ohan mahinadol an tagu ta ena akawon di pinhod na? Kah-in di baludona ni-an nan mahinadol an tagut ahina akawon di nganneh diyen wada nah bale."""
,12,30,"Kanan bon Jesus di ""Hay tagun adi mangun-unud ke ha-on ya makibuhul ke ha-on, ya nan tagun adi mangawis hi tatagun mangun-unud ke ha-on ya hiya ot ya abuy umabul nadah e mangun-unud ot ke ha-on."
,12,31,"Ya kalyok ke dakayu an am-in di liwat, takon di hay pamihulan hi ibbah tagu ya damanan mapakawanan. Mu hay tagun pihulonay Espiritun Apu Dios ya adi mapakawanan."
,12,32,"Kinali hay tagun taltalanggaanay Panguluwan di tagu ya damanan pakawanan Apu Dios, mu hay tagun taltalanggaanay Espiritun Apu Dios an kananay hi Satanas di nangat hi inat nan Espiritun Apu Dios ya adinadaman mapakawanan ta inggana."
,12,33,"Hay maphod an kaiw ya maphod damdamay bungana. Deket ad-adi nan kaiw ya ad-adi damdamay bungana. Hay bunganay panginilaan hin maphod nan kaiw weno adi."""
,12,34,"Kanan bon Jesus ke diday ""Gaga-iho kayun tatagu! Maid di maphod hi kalyon yu te abunay gaga-ihon wadah nomnom yu. Hay tagun gaga-ihoy nomnom na ya gaga-iho damdamay atona. Mainila hin maphod weno gaga-ihoy wadah nomnom di tagu te hidiyey atona ya kalyona."
,12,35,Deket maphod di nomnom nan tagu ya maphod damdamay kalkalyona. Deket gaga-ihoy nomnom na ya gaga-iho damdamay kalkalyona.
,12,36,Kalyok ke dakayun hantuh algon punhumalyaan Apu Dios hi tagu ya ahi mamahmahan di nalgom an kinalikalin di tatagu
,12,37,"te hay kakastiguwan di tagu ya mipuun hi kinalikali na."""
,12,38,"Kanan nadan udum an Pharisee ya nadan muntuttuduh Tugun Moses ke hiyay ""Apu, pinhod min tibon di pangimatunan hi kakuluganan indat Apu Dios di kabaelam."""
,12,39,"Mu kanan Jesus ke diday ""Gaga-iho kayun tatagud uwani te kudangon yuy tinibotibo yun inainat kun mangipainilan intud-akak ke Apu Dios ta deyan mumbaga kayu boh milagro. Mu maid di ipatibok hi pangimatunan yu, abuna nan umat nah naat ke Jonah an profetas."
,12,40,Hiya ya inukmun di ongal an dolog ot mihaad hi putunah tulun algo ot ahina ipabuddu. Athidiy ahi maat ke ha-on an Panguluwan di tagun mihaadak hi lubuk hi tuluy algo.
,12,41,"Hay kitib-anan gaga-iho kayu ya handidan tatagud Nineveh an nuntutuyu dah liwat da te inidngol dah tugun Apu Dios an intuttudun din hi Jonah, mu dakayu ya adi kayu muntutuyu yaden dehtuwak an natagtag-e mu hi Jonah, ta hidiye nan hantuh kahumalyaan di tagu ya makastigu kayu."
,12,42,"Hay oha boh kitib-anan gaga-iho kayu ya din babain ap-apud Seba ad Arabia an nakaiddawwin boble. Hiya ya inhanakul na ot umalin mundongol ke Solomon hi ituttudunan malpun Apu Dios. Mu ad uwani ya dehtuwak an natagtag-e mu hi Solomon yaden adiyak kulugon ke dakayu, ta hinae mo nan ahi kayu makastigu hantuh kahumalyaan di tagu."""
,12,43,"Waday inab-abig Jesus an kananay ""Wada on dimonyo an nakaan nah tagun nihkopana ot e dumanallanan nah adi maboblayan an e manibotiboh kihkopana, mu maid di hinamak na."
,12,44,Ot kananay 'Mibangngadak ot kattog nah tagun nihkopak ni-an.' Nibangngad ot tibona ya maid di nihkop ta daydayuna bon kihkopan.
,12,45,"Ot e umawit hidiyen dimonyoh pitun ibbanan dimonyon nahalman di kinagaga-iho da mu hiya ot eda mihkop kediyen tagu ta nakammam-a mo mu handi. Athidi damdama nadah gaga-ihon tatagud uwanin ahi nahalman di kinagaga-iho da."""
,12,46,Handih mungkalkallih Jesus ya dimmatong da inana ya nadan tutulang na. Timmaddog da nah dola ya pun-ibaga dah Jesus te pinhod dan makihummangan ke hiya.
,12,47,"Indani ya kimmali nan ohan tagun kananan Jesus di ""Wada da inam ya nadan tutulang muh dolan pinhod dan makihummangan ke he-a."" 48-50,Ya himmumang hi Jesus ot kananay ""Kon waday napilih inak ya tutulang ku? Hay inak ya tutulang ku ya nadan tatagun mangun-unud hi pinhod Aman hi Apu Dios hi langit."" Inildong na nadah disipulos na ot kananay ""Datuwey inak ya tutulang ku."""
,13,1,Limmah-un da Jesus kediyen algo ot ume da nah pingngit di baybay ot eda um-umbun hidi ya
,13,2,dakkodakkol day tatagun naamung hi kad-ana ot ume nah bangka ot hidiy ubunana. Hanada ken tatagu ya wadada nah pingngit di baybay an mundongdongngol dah ituttuduna.
,13,3,"Dakol di inab-abig nah nanuttudu nan dida. Kananay ""Wada nan tagun nuntanom hi buwa an impahinnabuwag na."
,13,4,"Handih nangihabuwaganah buwa ya wadaday nag-ah dalan ot umali day hamuti ot kanon da. 5,6,Hay udum ya nag-a dah mabatu an ittay di lutah di. Man-ut gagala ya tinummol da, mu ugge immed dalom di lamut da. Kinali handih pinumtang ya nakleng da te namag-anan nan ittay an lutan tinummolan da."
,13,7,Hay udum ya nag-a dah magulun ot mailung da.
,13,8,"Mu nadan buwa an nag-ah maphod an luta ya tinuttummolan da ot bumunga da. Wadaday o-ohay bungana, wadaday mabungbunga ya wadaday makabbunga."
,13,9,"Kinali pakannomnomon yuh tuwen kinalik."""
,13,10,"Indani ya immali nadan disipulos Jesus ot kanan dan hiyay ""Antipet hay ab-abig di panuttudum ke dida?"""
,13,11,"Kananan diday ""Dakayu ke ya inna-ud kun intuttuduy ine-en di pun-ap-apuwan Apu Dios an ugge nipainila ingganad uwani, mu dida ke ya adi."
,13,12,Hay tagun un-unudonay mituttudun hiya ya maudman di inilanat dumakol. Mu hay tagun adina un-unudon di mituttudun hiya ya takon nan ittay an inilana ya mama-id.
,13,13,Hay gapunan painnab-abig kun dida ya takon di tibotibon day atoatok ya donglodonglon day ituttuduk ya adida maawatan.
,13,14,"Hidiyey immannungan di impitudok Apu Dios ke Isaiah an profetas an kananay'Ahiyu donglodonglon ya ahiyu tibotibon, mu adiyu maawatan"
,13,15,"te kahing kayu, ta hidiye nan adiyu pinhod an maawatan di tibon yu ya donglon yu. Gulat nat adi kayu athidi ya maawatan yuy mituttudun dakayu ta muntutuyu kayuh liwat yu ta paphodon dakayu.' Hinaey kanan Isaiah."
,13,16,Mu dakayu ke ya nagahat kayu te tibotibon yuy atoatok ya dongodongolon yuy ituttuduk.
,13,17,"Kalyok ke dakayu an handidan dakol an profetas Apu Dios ya handidan maphod an tatagu ya pinhod dan abun tibon hantudan tinibo yu ya pinhod dan abun donglon nadan dingngol yu, mu uggeda."""
,13,18,"Kanan bon Jesus di ""Donglon yuy kibalinan nan ab-abig an mipanggep nah tagun e nunhabuwag hi buwa."
,13,19,"Hanadan buwan nag-a nah dalan ya mialig nadah tatagun donglodonglon day mipanggep hi pun-ap-apuwan Apu Dios, mu adida maawatan te hinaul Satanas dida."
,13,20,"Hanadan buwan nag-a nah mabatu ya mialig nadah tatagun nangngol hi kalin Apu Dios ot mun-am-amlong dan mangulug,"
,13,21,mu ugge nihamad di pangulug da ta deket waday ittay an ligat da gapuh pangulug da ya pinghanadi on inwalong day pangulug da.
,13,22,"Hanadan buwan nag-a nah magulun ya mialig nadah tatagun nangngol hi kalin Apu Dios, mu adida hangudon te hay kahapulan dah kitaguwan day ipapaptok da ya hay kumadangyanan day nonomnomon da."
,13,23,"Mu nadan buwan nag-a nah maphod an luta ya mialig nadah tatagun nangngol hi kalin Apu Dios ya naawatan da ot un-unudon da, kinali maphod di pangi-en di udum, mapmaphod hi udum ya makakkaphod hi udum."""
,13,24,"Inab-abig bon Jesus nan mipanggep hi pun-ap-apuwan Apu Dios an kananay ""Hay pun-ap-apuwan Apu Dios ya miingngo nah payon di ohan tagun natanoman hi wheat."
,13,25,Ohan hilong an nahuyop am-in di tagu ya immali nan buhul na ot ena hobwagan hi buwan di holok hidiyen payo.
,13,26,Naongal nadan wheat ot mumbuhbu da ya immongngal da bo damdama nan holok an inhabuwag nan buhul na.
,13,27,"Immali nadan muttatyun nan kon payo ot kanan day 'Apu, maphod an wheat nan em intanom, mu antipet dakol di holok an nikamo?'"
,13,28,Kanan nan kon payoy 'Inilak ot hay buhul kuy nangihabuwag ke dadiyen holok.' Kanan nadan muttatyunay 'Pinhod mu ke ya emi gabuton.'
,13,29,Mu kanan nan kon payoy 'Takomboy miathidi te indani ya pakigabut yu nadan wheat.
,13,30,"Miathidit makiongngal da nah wheat ta nangamung tuh ahianit ahik kalyon hanadah munggapas an pamanguluwon dan gabuton nadan holok ta uyunon dat gobhon dat ahida gapason nan wheat.'"""
,13,31,"Inab-abig bon Jesus di mipanggep hi pun-ap-apuwan Apu Dios an kananay ""Hay pun-ap-apuwan Apu Dios ya mialig nah buwan di mustard an intanom di ohan taguh habal na."
,13,32,"Hidiyey kaittayan am-in hi buwa, mu tinummol ot umongngal ya hidiyey kaongngalan am-in hanadah nitanom hi habal. Dakol di hapang nan opaan ya pumbuyaan di hamuti."""
,13,33,"In-ingngon bon Jesus di mipanggep hi pun-ap-apuwan Apu Dios nah yeast. Kananay ""Hay pun-ap-apuwan Apu Dios ya paddungna nan yeast an inalan nan ohan babai ot ikammonah alina ot hidiyey nangipalbag nah kinapya nan tinapay."""
,13,34,Am-in dadiyen intuttudun Jesus nadah tatagun naamung ya impainnab-abig na.
,13,35,"Hituwen inat nay immannungan di kinalin handin profetas Apu Dios an kananay""Painnab-abig kuy pangipainilaak ke dida nah ugge nainila nipalpuh naltuwan di luta ingganad uwani."""
,13,36,"Indani ya tinaynan Jesus nadan tatagu ot humgop nah ohan bale ya immali da nan disipulos na ot kanan dan hiyay ""Nganney kibalinan nan inab-abig mun mipanggep hi holok?"""
,13,37,"Kananay ""Ha-oy an Panguluwan di taguy kialigan nan tagun nuntunod hi maphod an wheat."
,13,38,Hay kialigan nan payo ya hituwen lutan niha-adan di tagu. Hanan wheat an nitunod ya dadiyey kialigan nadan tatagun migappat hi pun-ap-apuwan Apu Dios. Hanan holok ya dadiyey nialigan nadan tatagun Satanas.
,13,39,Hanan buhul an nangihabuwag nah holok ya hi Satanas. Hay ahiani ya hidiyey kapoppogan di luta ya nadan mun-ani ya dadiye nadan anghel.
,13,40,Ya hay pangamungan da nadah holok ta gobhon da ya mialig nah ahi maat hantuh kapoppogan di luta.
,13,41,Te baalok nadan anghel kut eda amungon nadan nangitanuttuduh punliwatan ya nadan numpunliwat ta
,13,42,ipae da dida nah mundadalang an apuy ta kumogakoga da ya kotokotomon day bab-a dah punholholtap da.
,13,43,Yaden hanada ken tatagun Apu Dios hidih pun-ap-apuwana ya makattibon maphod dan umat da nah algo. Pakannomnomon yuh tuwen kinalik.
,13,44,"Hay pun-ap-apuwan Apu Dios ya mialig nah balituk an nika-ut. Hinamak di ohan tagu, mu tinab-unana bo. Maka-an-anlah nunhamakana ot ena igattang am-in di ngunut na ta pangattang na nah lutan waday balituk na."
,13,45,Ya hay kialigan nan kigappatan hi pun-ap-apuwan Apu Dios ya umat nah tagun e manibotiboh makakkaphod an pang-o ta gatangona.
,13,46,Waday hinamak nah ohan makakkaphod ot mibangngad hi bale nat ena pun-igattang am-in di ngunut na ot gatangona nan pang-o.
,13,47,Hay oha boh kialigan di pun-ap-apuwan Apu Dios ya nan tabukul. Deket inibka da nah baybay ya makna day nunhihinnatkon an dolog.
,13,48,Deket napnu nan tabukul on indakal da nah pingngit di baybay ta piliyon da nadan maphod. Hanada ken ad-adi ya iwele da.
,13,49,Athidiy ahi maat hantuh kapoppogan di luta te ahida umali nadan anghel ta amungon da nadan tatagu ne inappil da nadan gaga-iho
,13,50,"ta ahida iwele didan nah mundadalang an apuy ta kumogakoga da ya kotokotomon day bab-a da te hay punholholtap da."""
,13,51,"Kanan Jesus nadah disipulos nay ""Kon naawatan yun am-in nadan kinalikalik?"" Ya kanan day ""Om."""
,13,52,"Ot kananay ""Hanadan muntuttuduh Tugun Moses an mangulug ke ha-on ta ituttudu day mipanggep hi pun-ap-apuwan Apu Dios ya umat da bo nah tagun ipabuddu nan am-in di ngunut na, takon nadan ngunut na dih done ya nadan balu, ta idat nah kiphodan di ibba nan tagu."""
,13,53,Nagibbu datuwen ab-abig Jesus ot tayananah diyen boble.
,13,54,"Nibangngad hi bobleda ot e muntuttudu nah simbaan da ya namodwong nadan tataguh panuttudu na ot kanan day ""Daana ni-boy nun-adalan tun tagu kediyen intuttudu na? Takon di milagro ya atona!"
,13,55,"Kon bokon hiya nan imbabalen nan karpentero? Kon bokon hi Mariay inana ya tulang na da James, hi Jose, hi Simon ya hi Judas?"
,13,56,"Kon bokon hituy kiha-adan nadan tutulang nan binabai? Daana ni-boy nun-adalanan diye?"""
,13,57,"Hidiyey pangali da, kinali kahing dan hiya.Mu kanan Jesus ke diday ""Hay profetas ya kulugon ya tobalon di tataguh kabobboble, mu nadan kaboblayana ya pamilyana ya adida."""
,13,58,Gapu te adi mangulug nadan tatagu ke Jesus ya o-oha ya abuy milagron inat nah di.
,14,1,Kediyen tiempo ya hi Herod di ap-apu nah probinsia an Galilee. Dingngol nay mipanggep ke Jesus
,14,2,"ot kanana nadah ibba nay ""Hiya din hi Juan an mumbonyag an namahuwan, kinali waday kabaelanan mangat hi milagro."" 3,4,Handi ya impadpap Herod hi Juan ot pikalabut na te nadutih Juan an kanalyonan Herod di ""Gaga-iho ka te pinlom di ahawan tulang mu."" Kinalinah tuwe te makulug an pinlon Herod hi Herodias an ahawan tulang nan hi Felipe."
,14,5,"Mu gapun diyen kinalin Juan ya pinhod Herod an pipate, mu tumakut nadah Judyu te ibilang dan profetas hi Juan."
,14,6,Nadatngan di algon panginomnoman dah nitungawan Herod ya nanayo nan babain imbabalen Herodias hi hinangngab nadan tatagun naamung ya maka-an-anlah Herod
,14,7,ot isapatanan kananay idat nay nganneh diyen ibagan diyen babai.
,14,8,"Tinuttuduwan inana ot hay ibaganan Herod ya kananay ""Pinhod kun idat mun ha-on ad uwaniy ulun Juan an mumbonyag an mihaad hi duyu."" 9,10,Makatuttuyuh Herod, mu nil-un insapatanay nay kalina ya dingngol nadan tatagu ot ena mo paputul di ulun Juan nah kalabut."
,14,11,In-ali dan niha-ad hi duyu ot idat da nah babai ot idat nan inana.
,14,12,Immali da nan disipulos Juan ot alan day adol na ot eda ilubuk ot ahida umen nangidatdatong ke Jesus.
,14,13,Handih dingngol da Jesus hituwe ya tinaynan dah diyen boblen numbangka dat ume da nah boblen maid di tagu ta ab-abbu dah di. Dingngol nadan tataguh kabobboblen imme da Jesus ya niunud dan indaldallan da inggana dimmatong da nah pangayan da.
,14,14,Handih manatong da Jesus nah pingngit di baybay ya tinibo nan deya dah diy dakol an tatagu ya himmok na dida ot paphodona nadan mundogo.
,14,15,"Mungkahilong ya imme nadan disipulos hi kad-ana ot kanan day ""Deyan mungkahilong yaden maid di pangal-an hi kanon hitu. Itud-ak mu ot kattog hantudan tatagut eda gumatang hi kanon da nadah nihnih-up an boble."""
,14,16,"Mu kanan Jesus di ""Adi mahapul an eda ume. Idatan yu didah kanon da."""
,14,17,"Kanan dan hiyay ""Mu limlimman tinapay ya dudduwwan dolog ya abuy dehtu."""
,14,18,"Kananan diday ""Takon, iali yuh tu."""
,14,19,Ot kalyona nadah tatagun umbun da nah maholok. Inalana nan liman tinapay ya duwan dolog ot itangad nan numpasalamat ke Apu Dios. Pinani-ang na nan tinapay ot idat na nadah disipulos na ot pun-ikap-ong da nadah tatagu.
,14,20,Nangan dan am-in ot mabhug da ya dakol pay di natdaan. Inamung nadan disipulos ya napnuy himpulut duwan kaba.
,14,21,"Hay uyap nadan nangan ya limay libu, mu ugge nakibilang di binabai ya u-unga."
,14,22,Indani ya impumbangkan Jesus nadan disipulos na ot pamanguluwona dida nah dommang nan boble ot ahina itud-ak nadan tatagu.
,14,23,Imme nadan tatagu ot ahi ume nah bilid an e mundasal. Ot handih mungkahilong ya oh-ohha nah di.
,14,24,Hanada ken disipulos na ya wadada nah gawwan nan baybay yaden nahalman di dalluyun ya midamuy nal-ot an dibdib ke dida.
,14,25,Indanit mungkabigat ya mangalih Jesus hi kad-an dan mundaldallan nah tap-on di danum
,14,26,"ta handih tinibon nadan disipulos na ya timmattakut dan kanan day ""Deya on banig!"" Namahig di takut da,"
,14,27,"mu kimmalih Jesus an kananay ""Adi kayu tumakut, mundinol kayu te ha-on."""
,14,28,"Kanan Pedroy ""Apu, deket makulug an he-a ya ipadalanak damdama tuh tap-on di danum ta umaliyak hi kad-am."""
,14,29,"Ya kanan Jesus di ""Makah."" Gimmawah Pedro ot mundallan nah tap-on di danum an mangeh kad-ana."
,14,30,"Mu ginibok na nan nal-ot an puwok ya timmakut ot mungkalimu ot kananay ""Apu, baddanganak!"""
,14,31,"Pinghanadi ya immeh Jesus ot ognanay taklen Pedro ot kananan hiyay ""Makudang di pangulug mu. Tipet nunhalinduwa ka?"""
,14,32,Imme da Jesus ke Pedro nah bangka ya natikod nan puwok.
,14,33,"Hanadan wada nah bangka ya daydayawon dah Jesus an kanan day ""Makulug an Imbabale dakan Apu Dios."""
,14,34,Numbangka da Jesus ot umagwat da nah bobled Genesaret
,14,35,ya inimatunan nadan tataguh di ot eda pun-ipaayag nadan mumpundogo nah nungkih-up an boble ot ieda didah kad-ana.
,14,36,Numpahpahmok dan hiya ta iabulut nan dapaon da ni-moy udun di bulwatina. Ya am-in da nan nanapa ya nakaan di dogoda.
,15,1,"Ohan algo ya wada nadan Pharisee ya nadan muntuttuduh Tugun Moses an iJerusalem an immali dah kad-an Jesus ot kanan dan hiyay 2""Tipet hanada ken disipulos mu ya adida un-unudon di pangi-en di aammod taku? Tipet na-ala on nangan da takon di uggeda nun-ula?"""
,15,3,"Hinumang Jesus an kananay ""Ya tipet dakayu ke ya ngohayon yuy tugun Apu Dios ta hay pangi-en di taguy un-unudon yu?"
,15,4,Hay tugun Apu Dios ya kananay 'Un-unudon yu ya ipaptok yu da amayu ke inayu' ya hay oha bon tuguna ya kananay 'Hay tagun waday gaga-ihon kalyonan amana weno hi inana ya mahapul an mate.'
,15,5,Mu hay ituttudu yu ya kanan yuy 'Am-in nan ibaddang hi ammod ya takon di adi idat hin hi Apu Dios di pangidatan kediye.'
,15,6,Ta hidiye nan kanan yu moy takon di adi baddangan di ammod ten nidat ke Apu Dios nan ibaddang ot ke dida. Hidiyey kitib-anan paka-un-unudon yuy pangi-en di tagu mu nan tugun Apu Dios.
,15,7,"Makallangkak kayu! Mipanggep ke dakayuy kinalin din profetas an hi Isaiah an kananay 8'Datuwen tatagu ya kanan day un-unudonak, mu hay kakulugana ya adi te kalida ya abuh diye."
,15,9,"Maid hilbin di pundayawan dan ha-on te hay tugun di taguy itanuttudu dan maunud on kanan day ha-on di kon tugun ke dadiye, mu bokon.'"""
,15,10,"Inayagan Jesus nadan tataguh kad-ana ot kananan diday ""Donglon yu tun kalyok ta maawatan yu."
,15,11,"Bokon hay kanon di mangipagaga-ihoh tagu, mu hay kalyon an malpuh nomnom."""
,15,12,"Imme nadan disipulos hi kad-ana ot kanan day ""Hidiyen kinalim di nangipaboh-ol nadah Pharisee."""
,15,13,"Hinumang na dida an impainnab-abig na. Kananay ""Am-in di nitanom an bokon hi Amah langit di nangitanom ya mabagut."
,15,14,"Kinali adiyu un-unudon nadan Pharisee te dida ya umat da nah nakulap an mangipanguluh dalanon di ibbanan nakulap ta loktat ya mag-a dan duwa."""
,15,15,"Kimmalih Pedro ot kananay ""Nganney kibalinan nan kanam an bokon hay kanon di mangipagaga-ihoh tagu?"""
,15,16,"Kanan Jesus di ""Tipet takon di dakayu ya adiyu maawatan?"
,15,17,Kon uggeyu inilan hanan kanon di tagu ya umeh putuna ne ahi bo bimmuddu nah budduwana?
,15,18,Mu nan kalyon ya malpuh nomnom an hidiyey mumpagaga-ihoh tagu te
,15,19,"hay nomnom di kalpuwan di gaga-ihon umat hi pumate, ihuyop di bokon inayan, aton di malalao, mangako, munlangkak ya muntumbuk ta panadag hi ibban tagu."
,15,20,"Datuwey mumpagaga-ihoh tagu, bokon hay adina pun-ulahan hi taklenat ahi mangan."""
,15,21,Tinaynan da Jesus hidiyen boble ot ume da nadah bobled Tyre ya ad Sidon
,15,22,"ya wada on babain bokon Judyu an iKanaan an immalih kad-ana ot kananan hiyay ""Apu, an holag David, homkonak anhan te dehdi nan imbabalek an nahikpan an namahig di punholholtapana."""
,15,23,"Mu ugge himmumang hi Jesus ot kanan nadan disipulos ke hiyay ""Itud-ak mu tun babain miunuunud te deyan tumling."""
,15,24,"Kananay ""Ha-oy ya nitud-akak an mamaddang ya abu nadah Judyun holag Israel an mialig hi natalak an kalnero."""
,15,25,"Mu hidiyen babai ya adi manghop ot mundukkun hi hinangngab na ot kananay ""Apu, baddanganak anhan."""
,15,26,"Hinumang Jesus an kananay ""Adi maphod an alan di kanon di u-unga ta ipakan hi ahu."""
,15,27,"Ya kanan nan babaiy ""Makulug hinae, Apu, mu miabulut di ahun mangan hi mag-an makan."""
,15,28,"Ya kanan Jesus ke hiyay ""Tulang ku, naat mo nan pinhod mu te ongal di pangulug mu."" Ot kediye ya nakaan nan dimonyon nihkop nah imbabalen diyen babai."
,15,29,Tinaynan da Jesus hidiyen boble ot idalan dah pingngit di Baybay an Galilee ot ume nah bilid ot handih dimmatong da ya inumbun hi Jesus.
,15,30,"Immali day dakol an tatagun nun-iali dah kad-anay napilay, naparalyze, nakulap, nanganga ya nadan udum an mundogo ot paphodona dida."
,15,31,"Namodwong da te kumali mo nadan nanganga ya pinumhod mo nadan naparalyze, dumallan mo nadan napilay ya pakaang-ang da mo damdama nadan nakulap ot daydayawon dah Apu Dios an Dios nadan holag Israel."
,15,32,"Inayagan Jesus nadan disipulos na ot kananay ""Mahmok datuwen tatagu te tulun algon nakihkihtu dan ha-on ta deyan maid moy kanon da. Adik pinhod an itud-ak dida te naagangan da ya indani ya mahalangob dah dalan."""
,15,33,"Kanan nadan disipulos nay ""Daanay etaku pangal-an hi kanon hitun maid di boble yaden dakkodakkol da hantudan tatagu?"""
,15,34,"Kanana ke diday ""Kaatnan tinapay di wada?"" Kanan day ""Pitu ya waday o-ohan dolog."""
,15,35,Ot pab-unon Jesus nadan tatagu.
,15,36,Inalana nan pitun tinapay ya nan o-ohan dolog ot mumpasalamat ke Apu Dios. Pinani-ang na ot idat na nadah disipulos na ot pun-ikap-ong da nadah tatagu.
,15,37,Nangan dan am-in ot mabhug da. Inamung nadan disipulos di natdaan ya napnuy pitun kaba.
,15,38,"Umeh opat di libuy bilang nadan linalakin nangan, mu ugge nakiuyap di binabai ya u-unga."
,15,39,Nagibbuh diye ot paanamuton Jesus nadan tatagu ot ahida mumbangkan immed Magadan.
,16,1,Immali day udum an Pharisee ya Saducee an mamatnan Jesus ot ibaga dan atonay milagro an malpun Apu Dios.
,16,2,"Mu hinumang nan kananay ""Deket mungkalimuy algo ta maingit di kabunyan ya kanan yuy adi umudan hi bigat"
,16,3,"ya deket nah biggatna ta mungkukulabut ya kanan yuy umudan. Nalaing kayun mangimatun hi tibon yuh kabunyan, mu adi kayu pakaimatun hi ma-ma-at ad uwani."
,16,4,"Gaga-iho kayun tatagud uwani! Mumbaga kayuh pangimatunan yuh kabaelan Apu Dios, mu maid di udum hin bokon ya abu nan naat ke Jonah."" Nagibbuh diye ot taynan Jesus dida."
,16,5,Naagwat da Jesus nah baybay ya ninomnom nadan disipulos nan nakal-iwan dan numbalun hi tinapay.
,16,6,"Kanan Jesus ke diday ""Halipat-an yu ot nan yeast di Pharisee ya nadan Saducee."""
,16,7,"Munhuhummangan nadan disipulos an kanan day ""Man-uket kinali nah diye ya kinal-iwan takun numbalun hi tinapay."""
,16,8,"Inilan Jesus di kalkalyon da ot kananay ""Makudang di pangulug yun ha-on te tipet hay kamaid di tinapay takuy ihuhummangan yu?"
,16,9,Kon adiyu pay maawatan? Kon kinal-iwan yu handin nami-angak hi liman tinapay ot kanon di liman libun tatagu ya kaatnay kabay inamung yun natdaan?
,16,10,"Ya kon kinal-iwan yu bo din pitun tinapay an pinani-ang ku ot kanon di opat an libun tatagu, kaatnan kabay inamung yun natdaan?"
,16,11,"Tipet adiyu maawatan an bokon hay tinapay di kalkalyok ke dakayu hi nangaliyak an halipat-an yuy yeast nadan Pharisee ya nadan Saducee?"""
,16,12,"Ot ahi nuppe maawatan nadan disipulos nan bokon hay yeast an ikamoh tinapay di kalkalyon Jesus, mu nan mipanggep hi ituttudun nadan Pharisee ya nadan Saducee."
,16,13,"Manatong da Jesus ad Cesarea Philippi ya hinanhanana nadah disipulos nan kananay ""Dahdi pe tuwali kanan di tatagu mipanggep ke ha-on an Panguluwan di tagu?"""
,16,14,"Ya kanan day ""Hay udum ya kanan day he-a din hi Juan an mumbonyag ya hay udum ya kanan day he-a din hi Elijah. Wadada boy udum an kanan day he-a din hi Jeremiah weno he-ay oha handidah udum an profetas Apu Dios."""
,16,15,"Ya kanan Jesus ke diday ""Dakayu ya-, dahdiyak pe tuwali?"""
,16,16,"Himmumang hi Simon Pedro ot kananay ""He-ah Kristo an Imbabalen nan Dios an wadat nangamung."""
,16,17,"Kanan Jesus ke Pedroy ""He-a Simon an nak Jonah ya umamlong ka te ugge nalpuh nomnom muh naen kinalim, mu impanomnom Apu Dios hi langit ke he-a."
,16,18,"Ad uwani ya ngadanan dakah Pedro an hay kibalinana ya batu. He-a Pedroy puun di ahi pangulugan di tatagun ha-oy te gapu kenaen kinalim mipanggep ke ha-on. Hidiyen pangulug dan ha-oy ya maid di kabaelan Satanas an mangaan, takon di mate da."
,16,19,"Idat kun he-ay kalebbengam ta he-ay mangdon hanadah aladdun di pun-ap-apuwan Apu Dios ta hay adim abuluton hituh luta ya adi damdama abuluton Apu Dios hi langit. Hay abulutom hituh luta ya abulutona damdamah langit."""
,16,20,Nagibbuh diyen kinali na ot pakatuggunona didan adida kalkalyon hi udum an hiyah Kristo.
,16,21,"Kediyen tiempoy nangipainilaan Jesus nadah disipulos na nah ahi maat ke hiya. Kananay ""Mahapul an umeyak ad Jerusalem ya munholholtapak te hay aton nadan mangipangpanguluh Judyu, nadan ap-apun di padi ya nadan muntuttuduh Tugun Moses. Ahiyak pipate, mu hi mikatlun algo ya mamahuwanak."""
,16,22,"Inayagan Pedroh Jesus nah e-elena ot kananan hiyay ""Apu, hana ot ta adi iabulut Apu Dios ta adi maat di athina."""
,16,23,"Mu inliggu nan Pedro ot kananay ""Mange-ele ka! Umat ka damdaman Satanas. Pinhod mun iadiy mahapul an maat ke ha-on. Hay punnomnom mu ya ugge nalpun Apu Dios, mu nalpuh nomnom di tagu!"""
,16,24,"Ot kanana nadah disipulos nay ""Hay tagun pinhod nan mangun-unud ke ha-on ya mahapul an adina ikakaguy nitaguwana tuh luta ya ippol nay punholholtapana gapuh pangun-unudanan ha-on takon di hidiyey lummuh katayana."
,16,25,Te hay tagun hay nitaguwana tuh luta ya abuy nonomnomona ya adi midatan hi biyag an maid di poppog na. Mu hay tagun paka-un-unudonak takon di humlun hi katayana ya hiyay midatan hi biyag an maid di poppog na.
,16,26,Takon di alan di tagun am-in tun wadah luta ya maid di hilbina hin adi midatan hi biyag an maid poppog nat mihi-an ta nangamung ke Apu Dios. Te hay tagun mihi-an ke Apu Dios ya maid di maat na.
,16,27,Ha-oy an Panguluwan di tagu ya ahi kami umalin nadah anghel ta matiboy dayaw min umat hi dayaw Aman hi Apu Dios. Kediyen aliyak ya humalyaok am-in di tagu ta nadan gaga-ihoy inainat da ya makastigu da ya nada ken maphod di inainat da ya midatan dah gun-udon da.
,16,28,"Nomnomon yu tun kalyok an wadadah tun dakayuy adi mate inggana tibonak bon Panguluwan di tagu ya nan pun-ap-apuwak."""
,17,1,Nala-uy onom an algo ya ingkuyug Jesus hi Pedro ya nadan hintulang an da James ke Juan ot ume da nah natag-en bilid ot ab-abbu dah di.
,17,2,Kediyen wadadah di ya nalumman di ang-ang Jesus an hay angana ya umat nah algon humili ya hay bulwatina ya numbalin hi makabbayak an humili damdama.
,17,3,Kal-inadi ya tinibon nadan tulun disipulos da Moses ke Elijah an makihumhummangan dan hiya.
,17,4,"Ot kumalih Pedron Jesus an kananay ""Apu, maphod ta wada takuh tu, ya deket pinhod mu ya miha-ad takuh tu ta mangapyaak hi tulun ab-abbung ta he-ah oha, hi Moses hi oha ya hi Elijah hi oha."""
,17,5,"Handih mungkalih Pedro ya pinghanadi ya waday humilin kulabut an nipottok ke dida ot haniyana dida. Ya waday kalin nalpun nah kulabut an kananay ""Hituwey Imbabalek an impakappinhod ku ya mangipaamlong ke ha-on. Un-unudon yuy kalyona."""
,17,6,"Timmakut da nan tulun disipulos hi nangngolan dan diyen kali ot munlukbub da,"
,17,7,"mu immeh Jesus ot dapaona didan kananay ""Adi kayu tumakut. Tumaddog kayu ot ya abu."""
,17,8,Mun-ang-aang-ang da ya abunah Jesus an wada.
,17,9,"Handih mundayyu da ya tinugun Jesus didan kananay ""Adiyu kalkalyon hidiyen tinibo yu ingganay mamahuwanak an Panguluwan di tagu."""
,17,10,"Imbaga dan hiyay ""Tipet kanan nadan muntuttuduh Tugun Moses di kah-in di umalih Elijah ta ahi umali nan itud-ak Apu Dios?"""
,17,11,"Kananay ""Makulug an kah-in di umalih Elijah ta idadaanay tataguh aliyan diyen itud-ak Apu Dios."
,17,12,"Mu kalyok ke dakayun immali mo tuwalih Elijah, mu ugge inimatunan di tatagu ot punholholtapon da ya athidin ha-on an Panguluwan di tagun punholholtaponak damdama."""
,17,13,Hay naawatan da ya hi Juan an mumbonyag di kalkalyon Jesus.
,17,14,"Dimmatong da Jesus hi kad-an nadan tatagun naamung ya imme on ohan taguh kad-ana ot mundukkun ot kananay 15""Apu, homkom anhan nan imbabalek an lalaki ta kaanom di koldana te nahalman di punholholtapana. Nun-ogaogah danum ya hi apuy."
,17,16,"In-ek nadah disipulos mu, mu adida kabaelan an paphodon."""
,17,17,"Kanan Jesus ke diday ""Ag-agam kayun tatagud uwani, antipet gaga-iho kayu ya makudang di pangulug yu? Kon eyak makihkihtun dakayu ta nangamung? Kaatnay pangan-anusak ke dakayu? Iali yuh tu nan unga."""
,17,18,Kinalyana nan nihkop ya nakaan ot pumhod nan unga.
,17,19,"Handih ab-abbu da Jesus ya nadan disipulos na ya kanan dan hiyay ""Tipet dakami ke ya adi kami pakakaan kediyen nihkop?"""
,17,20,"Kananan diday ""Man-uke ya ugge nihamad di pangulug yu. Kalyok ke dakayun makulug an takon di ittay di pangulug yu umat nah kinaittay di buwan di mustard, mu ta nahamad ya damanan deket kanan yuy mit-an nan bilid ya mit-an. Damanan maat di ngannen pinhod yu hin nahamad di pangulug yu."
,17,21,"Hay umat kediyen nihkop ya kah-in di muntopol kayun adi kayu mangan nah pundasalan yu ta ahi makaan di athidin nihkop."""
,17,22,"Handih naamung da Jesus ya nadan disipulos hidid Galilee ya kananan diday ""Ha-oy an Panguluwan di tagu ya ahiyak alan hanadah tatagun"
,17,23,"ahi mamaten ha-on, mu hi katlun di algoh katayak ya mamahuwanak."" Dingngol nadan disipulos nah tuwe ya u-umyung da."
,17,24,"Handih dimmatong dad Kapernaum ya immali nadan mun-amung hi buwis hi kad-an Pedro ot kanan dan hiyay ""Kon oggan mumbayad nan Apu yuh buwis di Templo?"""
,17,25,"Hinumang Pedron kananay ""Om."" Hinumgop da Pedro nah bale ya namanguluh Jesus an kimmali. Kananay ""Simon, dahdiy mumbayad hi buwis hi gubilnu, kon nadan bimmoble weno nadan e nakibobleh di?"""
,17,26,"Kanan Pedroy ""Hanadan tatagun nakibobleh diy mumbayad."" Ya kanan Jesus di ""Deket umat hina ya adi mahapul an mumbayad nadan tataguh di hi buwis da. Paddungnan ha-oy an Imbabalen Apu Dios an adi mahapul an mumbayadak hi buwis di Templon Apu Dios."
,17,27,"Mu takon, eka mamunwit ta nan mamangulun bunwitom ya takangom di tokona ot wadah diy pihhu. Alam ta hidiyey ibayad tah buwis di Templo ta adida bumoh-ol."""
,18,1,"Kediye ya hinanhanan nadan disipulos Jesus an kanan day ""Dahdiy katagtag-ayan hi pun-ap-apuwan Apu Dios?"""
,18,2,"Immayag hi Jesus hi unga ot pataddogonah hinangngab da ot kananay 3""Donglon yu tun kalyok ke dakayu. Kah-in di miummat kayuh u-unga ta ahi nadaman migappat kayuh pun-ap-apuwan Apu Dios."
,18,4,Hay tagun ipababa nay adol nan umat tuh unga ya hiyay katagtag-ayan hi pun-ap-apuwan Apu Dios.
,18,5,Ya nan tagu an mamhod hi u-unga gapun ha-on ya ha-oy di pohdona.
,18,6,Hanan tagun hiyay humlun hi punliwatan ya pangiwalongan di ka-kulug na hi pangulug nan ha-on ya kudukdulnay tayunan di bagang nah ongal an batu ya inggah baybay.
,18,7,"Mahmok day tatagu tuh luta te wadaday humauhaul ke didat munliwat da. Wada tuwaliy athidi, mu makakkahmok nan tagun humauhaul hi ibbana te nahalman di kastiguna."
,18,8,"Deket hay hukiyu weno hay takleyuy humlun hi punliwatan yu ya kudukdulnay putulon yu ta iwele yu. Kudukdulnay maid di ohan takleyu weno hukiyu mu ta waday mikadwah biyag yu mu nan e wadan duway takleyu ya hukiyu, yaden ekayu umen nah apuy an adi mad-op."
,18,9,"Deket hay matayuy humlun hi punliwatan yu ya kudukdulnay duk-iton yu ta iwele yu. Kudukdulnay maid di ohan matayu mu ta waday mikadwan biyag yu mu nan e wadan duway matayu, yaden ekayu umen nah apuy hi impierno."
,18,10,Tibon yu ta adiyu pihulon takon di oha hantudah u-unga te kalyok ke dakayu an nadan anghel dan mangipappaptok ke dida ya wadadat nangamung hi kad-an Apu Dios hi langit.
,18,11,[Ha-oy an Panguluwan di tagu ya immaliyak hituh lutan mangihwang hi naliwat.]
,18,12,Nganney aton di ohan tagun waday hinggatut hi kalneronan natalak di oha? Hay atona ya tayanana nan nahiyam ta hiyam an kalnerona nah ena nangipattolan ta ena hamakon hidiyen natalak.
,18,13,Ya deket hinamak nah diyen ohan natalak ya ong-ongal di amlong na ketuwen ohan kalneron natalak mu hay amlong na nadah nahiyam ta hiyam an ugge natalak.
,18,14,"Athidi damdama ke Aman hi Apu Dios hi langit an adina pinhod an waday matalak, takon di ohan taguna."
,18,15,"Deket waday numbahul ke dakayu ya ume kayuh kad-ana ta deket ab-abbu kayu ya ipainila yun hiyay bahul nan dakayu, ta deket muntutuyuh bahul na ya maphod boy pun-hintulangan yu."
,18,16,Mu deket adina abuluton ya umayag kayuh oha weno duwan tagut waday muntistiguh panugunan yun hiyah numbahulana.
,18,17,"Mu deket kapyanan adina donglon di panugun yu, kalyon yu nadah ibbayun mangulug ta diday manugun ke hiya ya deket kapyanan adina donglon ya adiyu mo ibilang hidiyen tagu an ibbayun mangulug."
,18,18,"Kalyok ke dakayu: Am-in di adiyu abuluton hituh luta ya hi Apu Dios an wadah langit ya adina damdama abuluton. Ya hay abuluton yu tuh luta ya abulutona damdamah langit."""
,18,19,"Kanan bon Jesus di ""Deket ihummangan di duwan taguy pinhod dan ibagah dasal da ya aton Ama an wadah langit hidiyen ibaga da."
,18,20,"Te deket duwa weno tulun naamung an mundayaw ke ha-on gapuh pangulug da ya wadaak ke dida."""
,18,21,"Immeh Pedroh kad-an Jesus ot kananay ""Apu, mamingkaat an pakawanak di ibbak an mumbahubahul ke ha-on? Mamimpitu?"""
,18,22,"Kananay ""Bokon mamimpitu ya abu, mu mamimpituy napitu."""
,18,23,"In-ingngon Jesus di pun-ap-apuwan Apu Dios hi ohan ap-apu an kananay ""Wada nan ohan ap-apun pinhod nan bayadan nadan muttatyu nay inutang dan hiya."
,18,24,Inala na nan nangitudokanah utang ot paayag na nan ohan muttatyunan linibuy utang na.
,18,25,Adi pakabayad te maid di pihhuna ot kanan nan apunay 'Mahapul an migattang kayun am-in an hin-am-a ya am-in di wadan dakayu ta pamayad muh utang mu.'
,18,26,"Mu nundukkun nan muttatyuh hinangngab nan apuna ot kananay 'Homkonak anhan, had-om ta ahik bayadan am-in.'"
,18,27,Himmok nan apuna nan muttatyuna ot ipaenan kananay 'Takon kattog di adim bayadan hidiyen utang mu!'
,18,28,Imme nan muttatyu ot dammuwonah dalan nan paddungnan muttatyun impautanganah hinggatut an pihu ot podnona ot hoklonan kananay 'Bayadam nan inutang mun ha-on.'
,18,29,Nundukkun hidiyen muttatyu ot kananay 'Had-om anhan ta ahik bayadan.'
,18,30,Mu adi tobalon nan muttatyu ot ena pikalabut ot ya abu nan ibbanan muttatyu ta ingganay boklaona nan utang na.
,18,31,"Tinibon nadan ibbanan muttatyuh diyen naat ya adida pinhod, kinali eda indatdatong nah apuda."
,18,32,Ipaayag nan apudah diyen muttatyuna ot kananay 'Gaga-iho kan muttatyu! Uggek impabayad nan utang mu te numpahpahmok kan ha-on.
,18,33,Gulat na ot ya homkom damdamay ibbam an muttatyu.'
,18,34,"Ot gapuh bungot nan apuda ya impikalabut nat inggana boklaonan am-in di utang na."""
,18,35,"Ot ahi kanan Jesus di ""Athidiy aton Apu Dios an deket adiyu kal-iwan di bahul di ibbayu ya adina damdama kal-iwan di liwat yu."""
,19,1,Nagibbuh diyen intuttudun Jesus ot taynan dah diyen bobled Galilee ot ume dad Judea an inagwat da nan Wangwang an Jordan.
,19,2,Nikuyug day dakkodakkol an tatagu ot kaanonay dogon nadan mumpundogo.
,19,3,"Wadaday immalin Pharisee an mamatnan Jesus hin mihallay panumang nan kanan day ""Kon iabulut di tugun takun Judyu an ibolhen di lalakiy inayana takon di nganney kalyonah gapuna?"""
,19,4,"Kanan Jesus di ""Kon uggeyu naawatan nan impitudok Apu Dios an kananay 'Handih lappuna ya lintun Apu Dios di ohan lalaki ya ohan babai'?"
,19,5,"Hituwey gapunan hay lalaki ya taynana da amanan inanat mun-addum da nah inayanat kay da mo oha."""
,19,6,"Kanan bon Jesus di ""Deket mun-addum datuwen duwa ya adida mo duwa, mu kay da oha, kinali adinadaman e punhi-anon di taguy impun-addum Apu Dios."""
,19,7,"Kanan bon nadan Phariseey ""Mu tipet kanan Moses nah tugunay damanan ibolhen di lalakiy inayana hin kapyaonay papel hi pangibolhayana ya ahina intud-ak nan babai?"""
,19,8,"Ya kanan Jesus ke diday ""In-abulut Moses te namahig kayun adi kayu matuttuduwan, mu handih lappunah nunlutuwan Apu Dios hi am-in ya uggena in-abulut di athidi."
,19,9,"Kalyok ke dakayun hay lalakin ibolhe nay inayanat mumbintan ya maliwat te ihuyop nay udum an babain bokon nan namangulun inayana. Hay ya abu lebbeng nan pumbolhayan di himbale ya hin inhuyop di inayan di bokona inayan."""
,19,10,"Ya kanan nadan disipulos nay ""Deket athina, kudukdulnay adita malahin."""
,19,11,"Ya kanan Jesus ke diday ""Adinadaman am-in di tagu ya adida malahin te abuna nadan indatan Apu Dios hi gahat nan adi malahin."
,19,12,"Dakol di gapunah adi kalahinan di tagu te wadaday nitungon adinadaman malahin. Hay udum ya adida malahin te dinadag di ibbadan tagu dida ya hay udum ya adida malahin te in-ohha day nomnom dah ngunuda mipanggep ke Apu Dios. Dakayun adi malahin gapuh ngunuyu mipanggep ke Apu Dios ya maphod hin hidiyey un-unudon yu."""
,19,13,"Wadaday tatagun nun-iali day imbabale dah kad-an Jesus ta eda ipadapan hiya ya ta idasalana dida, mu inhong-ak nadan disipulos na dida."
,19,14,"Mu kanan Jesus di ""Adiyu iadiy aliyan di u-ungan ha-on. Hanadan migappat hi pun-ap-apuwan Apu Dios ya hay umat ke datuwen u-ungay pangi-eda."""
,19,15,Inhakmo nay taklenah uluda ot idasalana dida ot ahina taynan dida.
,19,16,"Indani ya immaliy ohan taguh kad-an Jesus ot kananay ""Apu, nganney maphod an atok ta midatanak hi biyag an maid di poppog na?"""
,19,17,"Kanan Jesus ke hiyay ""Tipet ha-oy di pangibagaam mipanggep hi maphod? Hi Apu Dios ya abuy maphod. Deket pinhod muy biyag an maid di poppog na ya un-unudom di tuguna."""
,19,18,"Kanan nan taguy ""Nganney tugun Apu Dios an un-unudok?"" Kanan Jesus di ""Adika pumate, adim ihuyop di bokon mu inayan, adika mangako, adim kalyon di adi makulug mipanggep hi ibbam an tagu,"
,19,19,"un-unudom da amam ke inam ya pohdom di ibbam an tagu umat hi pamhod muh adol mu."""
,19,20,"Ya kanan nan taguy ""Am-in danaen tugun ya inun-unud ku. Nganne pay di mahapul an atok?"""
,19,21,"Kanan Jesus ke hiyay ""Deket pinhod mun maid di kudang muh hinangngab Apu Dios ya em igattang am-in di limmum ta idat mu nan pihhun nunggattangam hanadah nawotwot ta waday ongal an kinadangyan muh langit. Hituwey atom ya ahika niunud ke ha-on."""
,19,22,Handih dingngol nan taguh diye ya imme an u-umyung te kaddakaddangyan.
,19,23,"Kanan Jesus nadah disipulos nay ""Nomnomon yu tun kalyok. Naligat di kadangyan an migappat hi pun-ap-apuwan Apu Dios."
,19,24,"Ipidwak bon kalyon, nalaklakay humgopan di kamel hi tolok di bilat mu hay kigappatan di kadangyan hi pun-ap-apuwan Apu Dios."""
,19,25,"Dingngol nadan disipulos hidiyen kinalina ya masdaaw da ot kanan dan hiyay ""Dahdi moy mihwang ta migappat hi pun-ap-apuwan Apu Dios?"""
,19,26,"In-ang-ang Jesus ke dida ot kananay ""Hay tagu ya adina kabaelan an mangihwang hi adol na. Hi Apu Dios ya abuy mangihwang hi tagu te hiya ya kabaelanan atonan am-in."""
,19,27,"Ya kimmalih Pedron kananay ""Apu, dakami ya- inwalong min am-in ot miunud kamin he-a. Nganney gun-udon mi?"""
,19,28,"Kanan Jesus ke diday ""Donglon yu tun kalyok ke dakayu, hantuh kahannotan am-in tun wadad uwani ya ha-oy an Panguluwan di taguy ahi umbun nah ubunan di ap-apu. Ahi kayu makib-un ke ha-on an munhumalyah holag nadan himpulut duwan imbabalen Israel."
,19,29,"Hanan tagun tinayananay balena, tutulang na, aammod na, imbabalena ya payona gapuh pangun-unudan nan ha-on ya dakol di midat ke hiyan gun-udona ya midatan hi biyag an maid di poppog na."
,19,30,"Dakol day tatagun mibilang an natag-ed uwani, mu diday ahi nakababba ya dakol day nakababbad uwani, mu diday ahi mibilang an natag-e."""
,20,1,"Nun-ab-abig hi Jesus an kananay ""Hay kialigan di pun-ap-apuwan Apu Dios ya nan tagun waday laguntanan himmalaman an e maniboh mungngunuh di."
,20,2,Ya wadaday hinamak na ot ihuhummangan day tangdanon di ohan taguh ohan algo ot pungngunuwona dida.
,20,3,Nunggaway algo ot umeh malkadu ya wadada boy tatagun maid di at-atton da.
,20,4,Ot kananan diday 'Ume kayu ta ekayu mungngunuh laguntak ta tangdanan dakayuh ustu.'
,20,5,Ot ume da nan tatagun e nungngunu. Indanit maal-algo ya wadada boy inayaganan mungngunu. Himbatangan ya wada boy hinamak nan mungngunu.
,20,6,Mungkahilong ot ume bo nah malkadu ya wadada boy tinibo nah tatagun muntattaddog ot kananan diday 'Tipet pakawahon yuy ohan algo?'
,20,7,Ya kanan dan hiyay 'Maid di mangayag ke dakamih emi pungngunuwan.' Ot kananan diday 'Deket athina ne makayu ta ekayu mungngunuh laguntak.'
,20,8,Nahilong mon diye ya impaayag nan kon lagunta nan mumpaptok hi laguntana ot kananay 'Ayagam nadan mungngunut idat muy tangdan da. Pamanguluwom an idat di tangdan nadan nanguddidin nungngunu ta ahim idat di tangdan nadan namangulu.'
,20,9,Immali da nan nanguddidin nungngunu ot idat nay himpipihun hidiyey tangdan dah hin-algo.
,20,10,"Immali da nan namangulun nungngunu ya kanan da pe on ong-ongal di tangdan da, mu adi te hin-oh-an pihu damdama."
,20,11,Indani ya mundiklamu dan kanan day 12'Hanadan nanguddidi ya hin-oras ya abuy nungngunuwan da ya dakami ke ya inlappu mih biggatna ot mapopotangan kami ya antipet nun-iingngoy tangdan mi?'
,20,13,"Mu kanan nan kon lagunta nah oha ke diday 'Ibak, ugge dakayu dinalogat te hidiyey inhuhummangan takun tangdan yuh hin-algo."
,20,14,Alan yu ot ya abut umanamut kayu. Nangamungak hin kanak di iingngok di tangdan nadan nanguddidi nah tangdan yun namangulu.
,20,15,"Nangamungak hi pangiatak hi pihhuk. Kon umamo kayu te himmok ku dida?'"""
,20,16,"Kanan Jesus di ""Athinay ahi maat hi udum hi algon nadan tatagun nakababbad uwani ya diday ahi mibilang an natag-e, ya nadan mibilang an natag-ed uwani ya diday ahi nakababba."""
,20,17,"Handih mange da Jesus ad Jerusalem ya inayagana nadan disipulos na ot handih ab-abbu da ya kananan diday 18""Deyan ume takud Jerusalem an ahik kadpapan an Panguluwan di tagu ta mieyak hi kad-an di ap-apun di padi ya nadah muntuttuduh Tugun Moses. Kalyon day mahapul an mateyak"
,20,19,"ya ipaboltanak nadah bokon Judyu ta diday mamaten ha-on. Ahiyak taltalanggaan ya punhoplatak ne ahiyak impatak hi krus ta mateyak, mu hi mikatlun algo ya mamahuwanak."""
,20,20,"Hanan inayan Sebedi an ibbana nadan duwan imbabalena ya imme dah kad-an Jesus ot mundukkun an kananay ""Wada anhan di ibagak ke he-a."""
,20,21,"Kanan Jesus di ""Nganneh diye?"" Kananay ""Ahim anhan pab-unon tun duwan imbabalek hi winawwan mu ya hi iniggid mu hantuh pun-ap-apuwam."""
,20,22,"Mu kanan Jesus di ""Uggeyu kattog inilay pun-ibaga yu. An pakaippol kayun munholtap hi ahik holholtapon?"" Ya kanan dan hiyay ""Pakaippol kami."""
,20,23,"Ot kanana bon diday ""Makulug an ahi kayu munholholtap umat hi punholholtapak, mu hay ke ahi makib-un ke ha-on ya bokonak an mumpili, mu hi Aman hi Apu Dios. Hiyay ahi mangipab-un hanadah pinilina tuwali."""
,20,24,Dingngol nadan himpulun disipulos hidiye ya bumobboh-ol da nadah duwan hintulang.
,20,25,"Ot ayagan Jesus didan am-in ot kananay ""Inila yun hay aap-apu ya mandalan day tatagu ya hay pinhod day maunud te diday ap-apu."
,20,26,Mu adi athidin dakayu. Deket waday ohan dakayun pinhod nan hiyay katagtag-ayan ya mahapul an hiyay kay muttatyun nadan ibbana.
,20,27,Ya deket wada nan pinhod nan hiyay mun-ap-apu ya mahapul an mumbalin an kay muttatyu.
,20,28,"Umat ke ha-oy an Panguluwan di tagun immaliyak an punmuttatyun am-in di tagu, bokon hay mun-ap-apu. Immaliyak an mangikateh boklan di liwat di tagu ta mihwang da."""
,20,29,Puntayanan da Jesus nan bobled Jerico ya mungkiunud day dakol an tatagu.
,20,30,"Wadaday duwan nakulap an um-umbun nah pingngit di kalata ya dingngol dan mungkala-uh Jesus ot muntukuk dan kanan day ""Apu Jesus an holag David, homkon dakami anhan!"""
,20,31,"Ya pun-ihong-ak nadan tatagu didat umop-opya da ot kuma, mu pun-olot da ot ya abuy tukuk dan kanan day ""Apu Jesus an holag David, homkon dakami anhan!"""
,20,32,"Immohnong hi Jesus ot ayagana dida ot kananay ""Nganney pinhod yun atok ke dakayu?"""
,20,33,"Kanan day ""Apu, pinhod min pakatibo kami."""
,20,34,Himmok na dida ot dapaonay matada ya pinghanadi ya pakatibo da ot miunud dan hiya.
,21,1,Manatong da Jesus ad Jerusalem an wadadad Betpage nah Bilid an Oliba ya impamangulunay duwan disipulos na.
,21,2,"Kananan diday ""Ekayun dih boble ot waday tibon yun nigakod an hin-inan donkey. Ubadon yu ne in-ali yuh tu."
,21,3,"Deket waday kumalin dakayu ya kanan yuy 'Mahapul nan Ap-apu taku' ot iabulut na."""
,21,4,"Naat hituwe ta umannung di kinalin din profetas an kananay 5""Kalyom hanadah tatagud Jerusalem an tuwe mo nan Patul dan impababa nay adol na ot muntakkeh ka-ongalnan donkey."""
,21,6,Inun-unud nadan duway kinalina ot ume da.
,21,7,Inala da nan donkey ot ie dan Jesus. Ot iap-ap day bulwati dah odog nan ka-ongalnan donkey ot mitakkeh Jesus.
,21,8,Hanadan dakol an tatagu ya kinaan day oddan di bulwati da ot pun-iap-ap da nah kalatan dalanona. Hanadan udum ya eda nangalah tubun di kaiw ot dadiyey nun-iaplag dah dalanonat pangipatibo dah pundayaw dan hiya.
,21,9,"Hanadan tatagun namangulu ya nadan mituntun-ud ya pun-itkuk day pundayaw dan hiyan kanan day ""Madayaw hantun holag David. Madayaw hantun intud-ak Apu Dios. Takon nadan wadah langit ya daydayawon da."""
,21,10,"Handih dimmatong da Jesus ad Jerusalem ya namodwong day tataguh din kanan day ""Dahdih tuwen tagu?"""
,21,11,"Kanan nadan dakol an tatagun nikuyug ke hiyay ""Hi Jesus an iNasaret ad Galilee an profetas Apu Dios."""
,21,12,Hinumgop hi Jesus nah Templo ot palah-unonan am-in nadan gumatang ya munggattang hanah bohongna. Hinukwangngi nay lamesaan nadan munhannot hi pihhu ya nadan ubunan di munggattang hi paloma
,21,13,"ot kananan diday ""Impitudok Apu Dios an kananay 'Hay balek ya pundasalan' mu impumbalin yuh punggattangan ta pangakawan yuh pihhun nadan umalin mundasal."""
,21,14,Imme nadan nakulap ya nadan napilay hi kad-an Jesus nah Templo ot kaanonay kulap da ya pilay da.
,21,15,"Mu nadan ap-apun di padi ya nadan muntuttuduh Tugun Moses ya bimmoh-ol da te tinibo da nadan maphod an inat na ya dingngol da nan itukutukuk nadan u-ungan kanan day ""Madayaw kan holag David."""
,21,16,"Ot kanan dan hiyay ""An adim donglon di itukutukuk da?"" Ya kanan Jesus ke diday ""Dongdonglok. Mu kon uggeyu binidbid nan nitudok an kananay 'Takon di u-unga ya goggolang ya natuttuduwan dah maphod an pundayaw ke he-a.'"""
,21,17,Timmayan ot umed Betania ot mun-iyan dah dih ohan hilong.
,21,18,Handih mungkibangngad da Jesus ad Jerusalem hi kabigatana ya naagangan.
,21,19,"Tinibona nan kaiw an fig nah pingngit di kalata ot ena tibon di bungana mu maid. Abunay tubunan wada ot kanana nah kaiw di ""Adika mo bumunga!"" Hingkatang ya nakleng di tubun nan kaiw."
,21,20,"Tinibon nadan disipulos nah diyen naat ya namodwong da. Kanan day ""Tipet pinghanadi ya nakleng di tubun tun kaiw?"""
,21,21,"Ya kanan Jesus ke diday ""Nomnomon yuh tuwe, deket waday pangulug yun Apu Dios ya hin adi kayu munhalinduwa ya damanan aton yu tun inat ku tuh kaiw. Bokon hidiye ya abu, mu damana bon deket kanan yu nah bilid di 'Mit-an ka nah baybay' ya mit-an."
,21,22,"Takon di nganney ibaga yuh dasal yun Apu Dios ya atona hin waday pangulug yu."""
,21,23,"Nibangngad hi Jesus nah Templo ot muntuttudu ya immali nadan ap-apun di padi ya nadan mangipangpanguluh Judyu ot kanan dan hiyay ""Nganney kalebbengam an mangat am-in nah at-attom? Deket waday kalebbengam, dahdiy nangidat?"""
,21,24,"Hinumang na didan kananay ""Wada ni-an di hanhanak ke dakayu ta deket humangon yu ya humangok damdama nan ibaga yu mipanggep hi kalebbengak."
,21,25,"Dahdiy nangitud-ak ke Juan an e mumbonyag, hi Apu Dios weno hay tagu?"" Kinalin Jesus hidiye ya munhuhummangan dan kanan day ""Nganney ihumang taku? Deket kalyon takuy 'Hi Apu Dios' ya ahina kalyon di 'Ya tipet uggeyu kinulug hi Juan?'"
,21,26,"Deke bot kalyon takuy 'Hay tagu' ya katatakut bo hantudah tatagu te kulugon dan hi Juan ya profetas Apu Dios."""
,21,27,"Ot kalyon da mon Jesus di ""Toan, uggemi inila."" Ot kanan Jesus ke diday ""Deket athina ya adik bo damdama kalyon ke dakayuy nangidat hi kalebbengak."""
,21,28,"Waday inab-abig Jesus ke didan kananay ""Nomnomon yu tun ab-abigok. Wada nan tagun duway linalakin imbabalena. Kanan amada nah panguluwan di 'Ume kat eka mungngunud uwani nah lagunta.'"
,21,29,Mu kanan nan panguluwan di 'Adiyak pe.' Mu indani kaya ya imme.
,21,30,"Kanana bo nah mikadwan imbabalenay 'Ume kat eka mungngunu nah lagunta.' Ya kananay 'Om, umeyak.' Mu ugge kaya imme."""
,21,31,"Ot kanan Jesus ke diday ""Dahdiy nangun-unud ke amada?"" Kanan nadan ap-apuy ""Hanan panguluwan."" Kananan diday ""Makulug an dakayu ya mialig kayu nah mikadwan imbabalen nan tagu. Hanadan gaga-ihon tatagun dadiye nadan mun-amung hi buwis ya binabain pabayad day adol dah linalaki ya kudkudukdul da mu dakayu ya nalaklaka dan migappat hi pun-ap-apuwan Apu Dios."
,21,32,"Man-uke ya immalih Juan an mumbonyag ot ituddunan dakayuy maphod an pangi-en un-unudon, mu uggeyu kinulug. Ot hanada ot ya abun mun-amung hi buwis ya nadan binabain pabayad day adol day nangulug ke hiya. Ya takon di inila yun kinulug dah diyen intuttudu na ya uggeyu kinulug ya ugge kayu nuntutuyuh liwat yu."
,21,33,Donglon yu bo tun ab-abigok ke dakayu. Waday ohan tagun nuntanom hi grapes hi laguntana. Inaladana ot mangapyah pungkopalan ya nangapya boh natag-en pungguwalyaan. Ot piabang na ot ahi umeh udum an boble.
,21,34,Handih nadatong nan grapes ya intud-ak na nadan muttatyunat eda alan di dowana.
,21,35,"Mu dimpap nadan mun-abang datuwen binaal nan muttatyu ot pumbakdungan day oha, nuntugmilan day oha ya pinate day oha."
,21,36,"Immitud-ak boh dakdakol hi muttatyuna, mu athidi boy inat dan dida."
,21,37,Indani ya nan imbabalenay intud-ak na te kananay 'Agat tun imbabalek di itud-ak ku. Inilak ot lispituhon da.'
,21,38,Mu tinibon nadan mun-abang nan imbabalen nan kon luta ya kanan day 'Tuwe nan imbabalenan mamoltan tuh lutana. Agat patayon takut ditakuy mangibagi tuh boltanona.'
,21,39,"Dimpap da ot ie dah bah-el nan lagunta ot patayon da."""
,21,40,"Ot kanan Jesus nadah tataguy ""Nganne nin moy aton nan kon luta nadah mun-abang hin umali?"""
,21,41,"Kanan day ""Patayona dida ya ipaabang na nan laguntana nadah tatagun mangidat hi dowana hin nadatong."""
,21,42,"Kanan Jesus ke diday ""Deket athina ya tipet uggeyu naawatan nan nitudok an kananay'Hanan batun pinilin Apu Dios an binalon nadan mangapyah bale ya hidiye ot ahan di nahamad an ikapyah bale. Hidiyen inat na ya maphod peman.'"""
,21,43,"Kanana boy ""Impaboltan Apu Dios ke dakayun Judyuy pun-ap-apuwana, mu ahina bangngadon ta ipaboltana nadah tatagun mangun-unud ke hiya."
,21,44,"Hay tagun mag-a kediyen batu ya ahi mungkagi-uy gunit na ya hay tagun kag-ahan diyen batu ya magmik."""
,21,45,"Hanadan ap-apun di padin di Judyu ya nadan Pharisee ya inila dan diday nangipadngolan Jesus ke datuwen inab-abig na,"
,21,46,"kinali eda ot dopapon, mu tumakut da nadah tatagun mangulug an hiya ya profetas Apu Dios."
,22,1,"Wada boy inab-abig Jesus nadah tatagun kananay 2""Hay pun-ap-apuwan Apu Dios ya mialig nah patul an indadaanay pungkasalan nan imbabale nan lalaki."
,22,3,"Intud-ak na nadan muttatyunan e mun-ayag hi tatagun makihamul, mu maid di immali."
,22,4,Ot umitud-ak boh muttatyunan e mangayag nadah naayagan an kanan day 'Umali kayu mo ta ekayu makihamul nah kasal. Naklong di nuwang ya baka ya nidadaan am-in di makan.'
,22,5,Mu adi hangudon nadan naayagan di kinalin nadan intud-ak nan patul. Waday oha on waday pangayana. Hay oha ya immeh payona. Hay oha ya ena impaptok di igattang na.
,22,6,Hanadan udum an naayagan ya dimpap da nadan muttatyun e nangayag ke dida ot pumpadngolan da dida ya pinate da dida.
,22,7,Dingngol nan patul hidiyen inat da nadah muttatyuna ya bimmubbungot ot itud-ak na nadan tindaluna ot eda patayon nadan namate nadah muttatyuna ot gobhon day babaleda.
,22,8,"Inayagan bon nan patul nadan udum an muttatyuna ot kananay 'Nidadaan di hamulon hi kasal nan imbabalek, mu ugge immali nadan ek impaayag ta deyan muntutuyuwak an nangayag ke dida."
,22,9,Kinali ume kayu mo kattog nadah kalata ta am-in di tagun tibon yu ya ayagan yu dida.'
,22,10,"Ot ume nadan muttatyu ot ayagan dan am-in di tatagu, gaga-iho ya maphod, ot dakkodakkol moy tatagun e nakihamul."
,22,11,Imme nan patul ot ena tibon nadan tatagu ya waday ohan ugge numbulwatih bulwatin di e makikasal.
,22,12,Ot kananan hiyay 'Nganney inat mun hinumgop hitu yaden uggeka numbulwatih umat nah bulwatin di e makikasal?' Mu adi kumali nan tagu te bimmain.
,22,13,"Ot kanan nan patul di 'Baludon yu tun tagut iwele yu nah tapol. Mihdi ta kumogakoga ya kotokotomonay bab-ana.'"""
,22,14,"Ot kanan bon Jesus di ""Umat hidiy pun-ap-apuwan Apu Dios an dakol day naayagan, mu o-oha day napilin umeh di."""
,22,15,"Tinaynan nadan Phariseeh Jesus ot eda ihuhummangan di pamatnaan dan hiya, ta deket waday mihallah kalyona ya hidiyey ipabahul dan hiya."
,22,16,"Intud-ak dah kad-ana nadan udum an mangun-unud hi pangi-eda ya nadan udum an tatagun Herod. Kanan dan hiyay ""Apu Jesus, inila min makulug am-in di kalyom ya ituttudum di makulug an pangi-en Apu Dios. Adika mihapitan hi kalin di tatagu ya adim hangudon di kinatagun di dahdih diye."
,22,17,"Pinhod min mahmahan ke he-a hin miabulut hi Tugun Moses di pumbayadan takun Judyuh buwis nah ap-apud Roma."""
,22,18,"Mu inilan Jesus an manmannibo dah ipabahul dan hiya. Ot kananan diday ""Langkak yu! Antipet eyak patpatnaan ke dakayu?"
,22,19,"Ukaton yu nan kalang an eyu pumbayad hi buwis ta tibok."" Tinibon Jesus ya kananay 20""Dahdiy kon anga ya kon ngadan di wada tuh kalang?"""
,22,21,"Ya kanan day ""Hi Cesar."" Ot kanan Jesus di ""Idat yun Cesar di lebbeng nan midat ke hiya ya idat yu damdaman Apu Dios di lebbeng nan midat ke hiya."""
,22,22,Handih dingngol dah diyen impanumang na ya namodwong da ot mange da.
,22,23,"Kediyen algo ya wadada boy immalin Saducee hi kad-an Jesus an dadiye nan mangalin adi mamahuwan di nate. Kanan dan hiyay 24""Apu Jesus, hay intudok Moses ya kananay deket nalahin di ohan lalaki ya naten maid di imbabaleda nah inayana ya mahapul an bintanon di ohan tulang nan lalaki nan nabalun babai, ta deket mun-imbabale da ya mibilang an imbabalen nan nate."
,22,25,"Ot nganney innun tuwe? Wadaday pitun hintutulang an linalaki. Nalahin nan panguluwan ya nate, mu maid di imbabaleda."
,22,26,"Binoltan nan mikadwa ya nate bon maid di imbabaleda. Athidi boy naat nah nikatlu. Numboboltanan dan am-in, mu nate dan maid di imbabale da."
,22,27,Indani ya nate mo nan babai.
,22,28,"Hantuh kamahuwan di nate, dahdiy moy ahi kon inayan nah babai an deyan am-in da ya in-ine da?"""
,22,29,"Mu kanan Jesus di ""Hinaey nihallaan yu. Hinaey kitib-anan uggeyu naawatan di impitudok Apu Dios ya nan ongal an kabaelana."
,22,30,Hantuh kamahuwan di nate ya ahida umat nadah anghel hi langit an maid di mun-iine.
,22,31,"Wada boy ohah kalyok mipanggep ketuwe. Kon uggeyu naawatan nan impitudok Apu Dios an kananay 32'Ha-oy di Dios da Abraham, hi Isaac ya hi Jacob.' Hay kibalinan diye ya hiyay Dios di matagu, bokon hay nate."""
,22,33,Dingngol nadan tataguh diyen intuttuduna ya namodwong da.
,22,34,Hanadan Pharisee ya dingngol dan adi pakahumang nadan Saducee nah kinalin Jesus ot maamung dah kad-ana.
,22,35,Waday oha nadah Pharisee an abugadu an pinhod nan patnaan hi Jesus
,22,36,"ot kananay ""Apu Jesus, nganney umanhan an tugun Apu Dios?"""
,22,37,"Kanan Jesus ke hiyay ""Hi Apu Dios di umanhan an pinhodon taku ya am-in di nomnomon ya hay aton, ya inomnom am-in ke hiya."
,22,38,Hituwey umanhan an Tugun Apu Dios.
,22,39,Hay mikadwa ya 'Pinhodon yuy ibba yun tagu umat hi pamhod yuh adol yu.'
,22,40,"Am-in nan Tugun Moses ya nadan intuttudun handidan profetas ya nipuun ke datuwen duwan tugun Apu Dios."""
,22,41,"Hanadan Pharisee ya nanongnan naamung dah kad-an Jesus ot kananan diday 42""Nganney pangali yuh mipanggep ke Kristo? Dahdiy nahlagana?"" Ya kanan dan hiyay ""Hi David."""
,22,43,"Kanan Jesus ke diday ""Deket hi David, tipet kanan David di hiyay Apu na? Hanan Espiritun Apu Dios di nangipanomnom ke David ketuwen kinali nan kananay 44'Kanan Apu Dios nah Apuk di: Umbun kah winawwan ku inggana paka-apputok am-in nadan buhul mu.'"
,22,45,"Nomnomon yu ke, deket kanan David di hi Apunah Kristo, nganney innunan hi Kristo ya etaku kanan di holag David?"""
,22,46,Ya maid di pakahumang ke Jesus ot adida mo ipidpidwan bagbaga-an te bumain dah oggana panumang.
,23,1,"Kanan Jesus nadah tatagu ya nadah disipulos nay 2""Hanadan muntuttuduh Tugun Moses ya nadan Pharisee ya waday kalebbengan dan mangituttuduh Tugun Moses."
,23,3,"Kinali takon di un-unudon yuy ituttudu da te maphod, mu adiyu un-unudon di aton da te adi miunnud hi ituttudu da."
,23,4,"Ya tagan day udum nah tugun ta maligatan di tatagun mangun-unud, mu takon di dida ya adida pakaun-unud yaden maid di homok dah tatagu."
,23,5,Am-in di aton da ya patpatibo da ya abu. Ibobod dah uluda weno hi takle da nan nitudok an kalin Apu Dios ya anduandukkey bulwatidat imatunan di tatagu didan mittulu da peman.
,23,6,"Pinhod da bon diday umbun hi ubunan di madayaw an taguh simbaan ya nah waday hamul,"
,23,7,ya pinhod dan abun pitpitbal nah malkadun kawad-an di dakol an tatagu. Pinhod da bon mangadanan hi mittulu.
,23,8,Mu dakayu ya maid di e mangadanan hi mittulu te nun-iingngo kayun am-in ya oha ya abuy mittuluyu.
,23,9,Ya maid di eyu ngadanan hi Ama tuh luta te oha ya abuy Ama takun wadah langit.
,23,10,Maid bo ke dakayuy mangalin hiyay Apu te oha ya abuy Apu yun hi Kriston pinilin Apu Dios an mangipaptok am-in hi tagu.
,23,11,Hanan natag-ey saad nan dakayu ya hiyay muttatyu yu.
,23,12,"Ya nan tagun mumpatag-e ya hiyay ahi mipababa, ya nan tagun mumpababa ya hiyay ahi mipatag-e."
,23,13,Dakayun Pharisee an muntuttuduh Tugun Moses ya makallangkak kayu. Mahmok kayu te makastigu kayu. Man-uke ya adiyu ituttuduy innun di tagun migappat hi pun-ap-apuwan Apu Dios. Hay kakulugana ya adiyu pinhod an migappat ya iadiyu nadan tuttuduwan yun migappat takon di pinhod da.
,23,14,Dakayun Pharisee ya dakayun muntuttuduh Tugun Moses ya makahmok kayu te makastigu kayu. Man-uke ya makallangkak kayu. Deket mundasal kayu ya dukkadukkayon yu ta kay kayu makakullug an makaphod yaden deman ot an dakayuy munhaul nadah nabalun binabait pun-ala yuy limmu da. Hidiyey gapunan nahalman di ahi pangastigun Apu Dios ke dakayu.
,23,15,"Dakayun Pharisee ya dakayun muntuttuduh Tugun Moses ya makallangkak kayu. Mahmok kayu te makastigu kayu. E kayu dumanallanan an e muntuttuduh nungkidadawwin boble, takon nah bah-el di baybay, mu deket waday nangun-unud hi intuttudu yu ya namam-a ot di kinagaga-iho dat umat dan dakayu, ta hidiye nan makastigu da damdamah impierno."
,23,16,Nahalman di kastigu yu te umat kayu nah nakulap an mangipanguluh ibbanan nakulap te ituttudu yun deket insapatan di taguy kalina nah Templo ya takon di adina aton hidiyen insapatana ya adi maliwat. Ya kalyon yu boy deket insapatana nah balituk an wadah Templo ya mahapul an atonah diye te maliwat hin adina aton.
,23,17,Mu hidiyen ituttudu yu ya nihalla ya maid tuwaliy inila yu te umat kayu nah nakulap. Antipet kanan yuy nabalol nan balituk mu nan Templo? Hanan balituk ya nabalol ya abu ke Apu Dios te wada nah Templo.
,23,18,Hay intuttudu yu bo ya kanan yuy deket waday insapatan di tagu nah altar ya takon di adina aton hidiyen insapatana ya adi maliwat. Mu deket nan midat ke Apu Dios di pangisapataana ya mahapul an atona nan insapatana te deket adina aton hidiye ya maliwat.
,23,19,Kay kayu tut-uwa nakulap. Adi nabalol nan midat ke Apu Dios mu nan altar. Hanan midat ke Apu Dios ya nabalol ya abu te wada nah altar.
,23,20,"Deket nah altar di pangisapataan di tagu ya bokon hidiye ya abuy nangisapataana, mu insapata na damdama nah wadah di ya hidiye nan mahapul an atona."
,23,21,Athidi bo nah Templon deket kediyey pangisapataan di tagu ya hi Apu Dios damdamay nangisapataana te wadah dih Apu Dios.
,23,22,Deket hi langit di pangisapataan di tagu ya insapatana damdaman Apu Dios ya nah ubunana.
,23,23,"Dakayun muntuttuduh Tugun Moses ya dakayun Pharisee ya makallangkak kayu. Mahmok kayu te makastigu kayu. Man-ut umidaidat kayuh intanom yu ke Apu Dios, mu adiyu un-unudon di importanten ituttudun nan tugun. Te adiyu homkon ya adiyu aton di maphod hi ibbayu ya adi kayu midinol. Lebbeng na tuwalin umidat kayuh intanom yu, mu adiyu kuma iwalong nan udum an pinhod Apu Dios an aton yu."
,23,24,"Kay kayu nakulap! Umat kayu nah tagun nahalman an pakalinniyanay pun-inumana, mu logmonay inum takon di nalugit, te dakayu ya nan adi umanhan an tugun di paka-un-unudon yu, mu adiyu hangudon nadan umanhan an tugun."
,23,25,"Dakayun muntuttuduh Tugun Moses ya dakayu damdaman Pharisee ya mahmok kayu te makastigu kayu. Makallangkak kayu. Man-ut ikakagu yuy pangun-unudan yuh pangi-e yu mipanggep hi lini te pangali yu on hidiyey pangun-unud yun Apu Dios, mu adi te pinhod yun ohhaan di nganneh diye ya talamon yuy ibbayu."
,23,26,Dakayun Pharisee ya kay kayu nakulap! Iphod yuy pangi-e yu te hidiyey ustuh pangun-unud ke Apu Dios.
,23,27,"Dakayun muntuttuduh Tugun Moses ya dakayun Pharisee ya mahmok kayu te makastigu kayu. Makallangkak kayu! Umat kayu nah lubuk an maphod di ang-ang na, mu nabuluk an adol di wadad dalom."
,23,28,"Athidi bon man-u te ipatibo yuy maphod hi tatagu, mu hay kakulugana ya makallangkak kayu ya gaga-iho kayu."
,23,29,"Dakayun muntuttuduh Tugun Moses ya dakayun Pharisee, mahmok kayu te makastigu kayu. Makallangkak kayu te man-ut manganapya kayuh lubuk handidan profetas Apu Dios ya ipohopohod yuy lulubuk handidan maphod an tatagu"
,23,30,"ya kanan yuy gulat nat wada kayu handi ya ugge kayu nid-um handidah aammod yun namate ke dadiyen profetas Apu Dios, mu langkak hinae."""
,23,31,"Kanan bon Jesus di ""Hinaen kinali yuy kitib-anan abuluton yun handidan aammod yuy namate handidah profetas Apu Dios."
,23,32,"Ot agayu, gibbuwon yun aton nan adi maphod an inlappun handidan aammod yu dih done."
,23,33,Gaga-iho kayu! Kalyok ke dakayun adi kayu mihwang hi kastigu yuh impierno.
,23,34,"Itud-ak ku nadan profetas Apu Dios, nadan nanginilah mipanggep ke ha-on ya nadan mangituttuduh pangi-ek, mu ahiyu patayon di udum ya ipipatak yuh krus di udum. Punhoplat yuy udum hanadah simbaan yu ya unuunudon yuy udum takon di daanay bobleh pangayan dat punholholtapon yu dida."
,23,35,"Ta hidiyey gapunan dakayun tatagud uwaniy kastiguwon Apu Dios te hay namatepateyan handidan aammod yu handidah mungkaphod an tatagun nipalpun Abel an maid di bahul na, ingganah namatayan dan Sechariah an hi anak Berekiah an pinate da nah numbattanan di altar ya Templo."
,23,36,Kalyok ke dakayun makulug an am-in dadiyen inat da ya dakayun tatagud uwaniy kastiguwon Apu Dios.
,23,37,"Dakayun iJerusalem ya nuntugmilan yu ya numpate yu handidan profetas Apu Dios. Kinali namingkaat an pinhod ku ot anhan an amungon dakayu umat hi pangamungan di manuk hi impana, mu adiyu pinhod."
,23,38,Mahmok kayu te iwalong Apu Dios nan Templo ya nan bobleyu.
,23,39,"Kalyok ke dakayun adiyak mo tibon inggana kanan yuy 'Maphod nan intud-ak Apu Dios an mangipainila ke hiya.'"""
,24,1,Puntayanan Jesus nan Templo ya immali nadan disipulos na ot pun-ituddu dan hiya nan makaphod an Templo
,24,2,"ot kananan diday ""O, maphod tun tibtibbon yu, mu makulug an hi udum hi algo ya ahi mapa-in am-in ta maid di ohan batun e munnanong nah niha-adana."""
,24,3,"Indani ya um-umbun hi Jesus nah Bilid an Oliba ya immali nadan disipulos nah kad-ana ya ab-abbu da ot kanan dan hiyay ""Kalyom ke dakami hin kakon-anay ahi kaatan datuwen kinalim. Ya nganney ahimi pangimatunan hi ahim kibangngadan ya kakon-anay kapoppogan di luta?"""
,24,4,"Ot humangon Jesus an kananay ""Halipat-an yu ta adi kayu mahaul"
,24,5,te dakol di ahi umalin kanan day didah Kristo ta dakol day ahi mahaul.
,24,6,"Ya ahiyu donglon di gubat hi kabobboble, nih-up ya nidawwi, mu adi kayu tumakut. Datuwey ahi ma-ma-at, mu bokon hidiyey kapoppogan di luta."
,24,7,Am-in di kabobboble ya ahida munggugubat ya waday bitil ya kolyog.
,24,8,Datuwey kilappuwan di ligat.
,24,9,Ahi waday tatagun mangipaholholtap ya mangipipate ke dakayu. Ya ahi dakayu hihingngitan am-in hi tatagu gapuh pangun-unudan yun ha-on.
,24,10,Ta dakol di ahi mangiwalong hi pangulug dan ha-on gapuh punholholtapan da. Ahida ipadpap di ibbada ya munhihingngitan da.
,24,11,Dakol di ahi munlangkak an kanan day profetas Apu Dios didat dakol di haulon dah tatagu.
,24,12,"Kediye ya nahalman di gaga-iho, ta hidiye nan ahi dakol nadah mangulug ke ha-on di makaan di naminhod dah ibbada."
,24,13,Mu hanan mangippol hi punholholtapanan adina iwalong di pangulug na ya ahi mihwang.
,24,14,Hay mipanggep hi pun-ap-apuwan Apu Dios ya mituttudut inilaon am-in di taguh kabobboble. Ta deket nagibbuh tuwe ya madatngan moy kapoppogan di luta.
,24,15,Ahiyu tibon nan himpappangen balawon Apu Dios an mihaad nah Templo. Hituwey inabig din profetas an hi Daniel. (Dakayun mamidbid ketuwe ya importanten maawatan yu.)
,24,16,Hantuh ahi mumpatiboh tuwe ya am-in di tataguh kabobbobled Judea ya ahida bumtik hi bilid.
,24,17,"Hanan tagun wadah dolan di balena ya mahapul an adi humgop an e umalah ngunut na, mu bumtik ot ya abu."
,24,18,"Athidi bo nah tagun wadah payo an mahapul an adi umanamut an e mangalah bulwatina, mu bumtik ot ya abu."
,24,19,Kediye bo ya mahmok nadan binabain himmiga ya nadan waday golang da.
,24,20,Ya mundasal kayun Apu Dios ta adi mipaddih ahi kotolan weno nah Sabadun Tungo
,24,21,"te dadiyen ahi maat ya nakahhalman an abu mu nadan nalana-u nipalpun dih nunlutuwan Apu Dios hi luta ingganad uwani, mu deket nagibbu mo kayah diye ya maid moy athidi."
,24,22,Mu gapu nadah tatagun pinilin Apu Dios ya kina-ananay algon punligligatan di tagu te gulat nat uggena in-athidi ya maten am-in di tagu.
,24,23,"Wadaday tatagun ahida kanan di 'Tibon yu, deyah Kristo!' weno 'Tibon yu, wadah dih Kristo!' mu adiyu kaya kulugon."
,24,24,"Kalyon da dadiye te wadaday tatagun ahida kanan di didah Kristo weno kanan day profetas da, mu bokon da kaya. Dakol di ahida ipatiboh umipamodwong ta panaul dah tatagu. Takon nadan pinilin Apu Dios an tataguna ya patnaan dan haulon, mu adinadaman mahaul da."
,24,25,Nomnomon yuh tuwen kinalik
,24,26,"ta takon di waday mangalin kananay 'Wadah Kristo nah adi maboblayan!' ya adi kayu kaya umeh di. Deket kananay 'Wadah tun nitalu!' ya adiyu kaya kulugon,"
,24,27,"te hay kibangngadak an Panguluwan di tagu ya umat hi kil-at an makattibon pat-alanay luta ya kabunyan."""
,24,28,"Kanan bon Jesus di ""Hanan kawad-an di nate ya hidiy kawad-an nadan mangan hi nate."" 29""Hantuh kagibbuwan am-in dadiyen ahi ma-ma-at ya tumapol di algo ya bulan. Ya mag-a nadan bittuwon ta maid di potok na ya makaan di kabaelan nadan wadah kabunyan."
,24,30,Deket magibbuh tuwe ya waday ahi matibod kabunyan hi pangimatunan hi aliyak tuh luta ya ahi u-umyung di katagutagu tuh luta. Hantuh ahik aliyan an Panguluwan di tagu ya ahiyak tibon nah kulabut an matiboy dayaw ku ya hay ongal an kabaelak.
,24,31,Waday ahi gumangon tangguyub ya kediyey ahik pangitud-akan hanadah anghel ku ta eda amungon nadan napilin tatagun Apu Dios hi kabobboble tuh luta.
,24,32,Inila takun deket mamuddal di tubun nan kaiw an fig ya nih-up di tialgo.
,24,33,Athidi hantuh ahik aliyan an deket ma-ma-at am-in tun kinalik ya inila yun gagala moy aliyak.
,24,34,Nomnomon yuh tuwe! Am-in datuwen kinalik an ahi maat ya ahi akhupan di udum ke dakayu te adida ni-an mate yaden maat datuwe.
,24,35,"Ahi mama-id di kabunyan ya luta, mu hay kalik ya munnanong ta nangamung."
,24,36,"Maid di ohah nanginilah aliyak takon nadan anghel hi langit ya ha-oy an Imbabalen Apu Dios. Hi Aman hi Apu Dios ya abuy nanginila. 37-39,Hay atoaton di tatagu hantuh ahik aliyan ya umat nadah inat di tatagu handih tiempon Noah an ammunay kakan, hay inum ya hay kalahinan day nonomnomon da. Mu indani ya nalbong di luta ot mungkakate da te uggeda nundadaan ot abuna da Noah an ugge nate te hinumgop da nah bapor."
,24,40,Kediyen tiempon aliyak ya waday duwan tagun mungngunuh payo ya awitok di oha ya mabatiy oha.
,24,41,Athidi bo nadah duwan babain mumbayu an awitok di oha ya mabatiy oha.
,24,42,Ta hidiye nan halipat-an yu te ugge nainilay aliyak an Apu yu.
,24,43,"Nomnomon yuh tuwe, gulat nat inilan nan kon baley aliyan nan mangako ya makulug an adi mahuyop ta mun-adug ta adi humgop nan mangako."
,24,44,Athidin dakayun mahapul an midadaan kayu ta nangamung an munhood ke ha-on an Panguluwan di tagu te uggeyu inila hin kakon-anay kibangngadak.
,24,45,Hay muttatyun nanomnoman ya makangngun-unud ya hiyay piliyon nan apunan pun-ap-apun nadan ibbanan muttatyu ya mangipaptok hi mahapul da.
,24,46,Umamlong nan muttatyu hin umali nan apuna ya tibonan maphod di at-attona.
,24,47,"Nomnomon yu tun kalyok ke dakayu, deket athidiy atona ya ipatag-en nan apunay saad nat hiyay mangipaptok am-in hi limmun nan apuna."
,24,48,Mu deket kanan nan muttatyuh nomnom nay 'Takomboy nalgonalgom di atok ot mabayag di aliyan nan apu mi.'
,24,49,Ta nalgom ot ya abuy at-attonan abunay e makikan ya makiin-innum hanadah tatagun mumbutobutong ya deke on nunhoplat na nadan ibbanan muttatyu.
,24,50,Mu indani ot ya abu ya kediyen algoy dinatngan nan apuna ot akhupanah diyen at-attona
,24,51,"ot kastiguwonan inid-um na hiya nadah makallangkak an kumogakoga ya kotokotomon day bab-a da."""
,25,1,"Kanan bon Jesus di ""Hay kialigan di ahik bo aliyan ya umat tuh ab-abigok. Wadada nan himpulun binabain immala dah dilag dat eda damuwon nan lalakin mungkasal."
,25,2,"Nakannomnoman nadan lima, mu nadan udum ya ugge."
,25,3,Hanadan liman ugge nanomnoman ya uggeda immitabin hi pittololyon usalon da hin map-uhan da.
,25,4,Mu nadan liman nakannomnoman ya immitabin da.
,25,5,"Nataktak nan lalakin mungkasal ot hadhad-on da, indani ya potog an abuy hinuyop da, ta loktat ya nahuyop da."
,25,6,Indanit gawwan di hilong ya waday tinumkuk an kananay 'Tuwe nan mungkasal! Makayu ta etaku damuwon!'
,25,7,Ot bumangun nadan himpulun binabai ot pun-idadaan day dilag da.
,25,8,Ya kanan nadan liman ugge nanomnoman di 'Idatan dakami anhan hi pittololyo yu te mad-op moy dilag mi.'
,25,9,Ya kanan nadan nanomnoman an binabaiy 'Adinadama te deket umidat kami ya makudangan takun am-in. Ekayu gumatang nah tendaan.'
,25,10,"Ot eda gumatang, mu handih imme da ya dimmatong nan lalakin mungkasal ot makighop nadan liman binabain nanomnoman nah balen panganan ot idakig da."
,25,11,"Handih dimmatong nadan ugge nanomnoman ya nidakkig ot kanan day 'Apu, ibughul mu anhan!'"
,25,12,"Mu kanan nan lalakiy 'Adinadama te hay kakulugana ya ugge dakayu inilan ha-on.'"""
,25,13,"Hituwey inab-abig Jesus ot ahina kanan di ""Halipat-an yu ta mundadaan kayu te uggeyu inilay tiempo ya algoh kibangngadak."
,25,14,Hay pun-ap-apuwan Apu Dios ya mialig bo tuh ab-abigok. Wada nan tagun umeh nidawwin boble ot ipaayag na nadan muttatyuna ot kananay 'Nangamung kayu tuh limmuk.'
,25,15,Inohhaohha na didan indatan hi pihhu an insigun hi kabaelan da. Hanan ohan muttatyu ya indatanah liman libun pihhu. Hanan nikadwa ya indatanah duwan libu ya nan nikatlu ya indatanah hinlibu ot ahi ume.
,25,16,Hanan muttatyun nidatan hi liman libu ya inusal nah diyeh numpuunanah negosyo ot mumbalin hi himpulun libu.
,25,17,Athidi damdamay inat nan nangidatanah duwan libu ot mumbalin hi opat di libu.
,25,18,Mu nan nangidatanah hinlibu ya ena pe ingka-ut hi lutah diyen pihhun nan apuna.
,25,19,Uhup ot ahi mibangngad nan apuda ot ipaayag na dida ot mahmahana hin nganney niatan nan pihhun indat nan dida.
,25,20,"Immali nan muttatyun nidatan hi liman libu ot idat na nah apunay himpulun libu. Kananay 'Apu, liman libuy indat mun ha-on ot pumbalinok hi himpulun libu.'"
,25,21,"Kanan nan apunan hiyay 'Maphod kan muttatyu te inun-unud muy tugun ku. Takon di ittay nan indat kun he-a ya impaongal mu, kinali ipatag-e dakat he-ay mangipaptok nah dakol an limmuk. Makiha-ad kan ha-on ta makiam-amlong kan ha-on.'"
,25,22,"Immali damdama nan muttatyun nidatan hi duwa libun pihu ot kanana nah apunay 'Apu, duwan libuy indat mun ha-on ot pumbalinok hi opat di libu.'"
,25,23,"Ya kanan nan apunan hiyay 'Maphod kan muttatyu te inun-unud muy tugun ku. Takon di ittay nan indat kun he-a ya impaongal mu, kinali ipatag-e dakat he-ay mangipaptok nah dakol an limmuk. Makiha-ad kan ha-on ta makiam-amlong kan ha-on.'"
,25,24,"Immali nan nidatan hi hinlibun pihu ot kanana nah apunay 'Apu, inilak an he-a ke ya mabungot ka mipanggep hi pihhum. Oha bo ya pakialam di limmun di udum an tatagun uggem nun-atuwan."
,25,25,Kinali timmakutak ot ika-ut ku tun pihhun indat mun ha-on ot dehtun ugge nauma. Teya tun pihhum.'
,25,26,Ya kanan nan apunan hiyay 'Mangidlu ka ya gaga-iho kan muttatyu. Inilam tuwalin athidiyak
,25,27,ya tipet uggem inha-ad hi bangkot wada ot ni-moy ittay hi nid-um ad uwanin nibangngadak?'
,25,28,Kanan diyen apuda nadah udum an muttatyuy 'Alan yu nan pihhun impabangngad nat idat yu nah muttatyun himpulun libun pihhuna.'
,25,29,"Ot kanana boy 'Hay tagun ipaptok nay nganneh diyen wadan hiya ya mad-uman ta dumakol hidiyen wadan hiya. Mu hay tagun adina ipaptok di wadan hiya, takon di ittay ya mama-id hidiyen wadan hiya."
,25,30,"Hantun muttatyuk an maid di hilbina ya kudukdulnay dopapon yu ta iwele yu nah tapol an kad-an nadan kumogakoga ya kotokotomon day bab-a da.'"""
,25,31,"Kanan bon Jesus di ""Ha-on an Panguluwan di tagu ya ahiyak mibangngad an ibbak am-in nadan anghel hi langit ta mipatiboy dayaw ku te ha-oy moy mun-ap-apu."
,25,32,"Ahi maamung am-in di taguh kabobbobleh kad-ak ta anappilok dida, umat hi mumpattol an appilonay kalnero ya gulding."
,25,33,Ta nadan makaphod an tatagun mangulug ke ha-on ya appilok didah winawwan kut ikuyug ku dida. Mu nadan gaga-ihon tatagu ya appilok didah iniggid kut mihdi da.
,25,34,Hantuh mun-ap-apuwak ya ahik kanan hanadah tatagun wadah winawwan kuy 'Dakayun binendisyonan Amay migappat hi pun-ap-apuwanan indadaana tuwali handih nunlutuwana tuh luta.
,25,35,Te naaganganak ya indatanak hi kanok. Nauwoak ya indatanak hi inumok. Immaliyak hi bobleyu ya takon di uggeyak inila ya inayaganak.
,25,36,Handih maid di bulwatik ya indatanak. Nundogowak ya impaptokak ke dakayu. Handih nikalabutak ya immali kayun nangidung-on ha-on.'
,25,37,"Mu ahida kanan di 'Apu, kon-anay naagangam ya nauwoam ot panganon daka ya painuman daka"
,25,38,ya kon-anay immaliyam hi boble mi ot ayagan daka ya kon-anay maid di bulwatim ot idatan daka?
,25,39,Maid boy inila mih nundogowam ot ipaptok daka ya maid di inila mih nikalabutam ot umali kamin nangidung-on he-a.'
,25,40,Mu ahik kanan ke diday 'Hin inat yu dadiye nadah nakababban tatagun mangulug ke ha-on ya inat yu damdaman ha-on.'
,25,41,Mu nadah gaga-ihon tataguh iniggid kun adi mangulug ke ha-on ya ahik kanan di 'Mange-ele kayun ha-on te gaga-iho kayu. Ume kayu nah apuy an munnananong an nidadaan nah kiha-adan Satanas ya nadan ibbanan dimonyo.
,25,42,Man-uke ya naaganganak ya uggeyak indatan hi kanok ya nauwoak ya uggeyak indatan hi inumok.
,25,43,Immaliyak hi bobleyu ya adi kayu maapnga. Maid di bulwatik ya uggeyak indatan. Ya handih nikalabutak ya handi nundogowak ya uggeyak indung-o.'
,25,44,"Ahida kanan di 'Apu, maid ot di em numbagaan ke dakamih makan, danum ya bulwati. Ya kon-anay immaliyam ya ugge daka inapnga? Ya maid di em numbagaan hi baddang hi nundogowam weno hi nikalabutam.'"
,25,45,"Hituwey ahi kanan nadan gaga-ihon tatagu, mu ahik kanan ke diday 'Kay ha-oy di uggeyu binaddangan handih uggeyu binaddangan nadan nakababban mangulug ke ha-on.'"
,25,46,"Kinali am-in nadan gaga-ihon tatagu ya mipae da nah kakastiguwan dat nangamung. Mu nadan maphod an tatagu ya ume dah kad-an Apu Dios ta waday nitaguwan dan munnananong ta nangamung."""
,26,1,"Nagibbun intuttudun Jesus am-in dadiye ot kanana nadah disipulos nay 2""Inila yun duway algo mo ya madatngan nan kanan dan Piyestan di Nala-uwan di Anghel Apu Dios, kediyey ahida pampapan ke ha-oy an Panguluwan di tagu ta ipatakak hi krus."""
,26,3,Hanadan ap-apun di padi ya nadan mangipangpanguluh Judyu ya naamung dah balen Kaypas an natag-en padi
,26,4,ot ihuhummangan da hin nganney innun dan mangidalunun mampap ke Jesus ta pipate da.
,26,5,"Mu kanan day ""Adi taku ipaddid uwanin piyesta te indani ya gumulu day tatagu."""
,26,6,Handih mangmangngan da Jesus ad Betania hi balen Simon an hiya nan mungkangpu ni-an di adol na
,26,7,ya immali on babain inodnanay ohan butilyan bangbanglun lanan nakangngina ot iduyag nah ulun Jesus.
,26,8,"Tinibon nadan disipulos nah diye ya bimmobboh-ol da ot kanan day ""Ayyokah diyen bangbanglun lana."
,26,9,"Gulat nat nigattang hidiye ya ongal ot an pihhun midat nadah nawotwot."""
,26,10,"Inilan Jesus hidiye ot kananan diday ""Tipet athinay pangali yun hiya? Hidiyen inat nan ha-oy ya maphod."
,26,11,Ha-oy ya adiyak makihkihtun dakayu ta nangamung. Mu hanada ken nawotwot ya wadadat nangamung.
,26,12,Hidiyen nangiduyaganah lana ke ha-on ya kay na indadaan di adol kun milubuk.
,26,13,"Nomnomon yuh tuwe. Hi am-in an boblen kipainilaan di kalin Apu Dios ya ahi makalkaliy inat nan ha-on an panginomnoman ke hiya."""
,26,14,Hanan oha nadah himpulut duwan disipulos an hi Judas Iskariote ya immeh kad-an nadan ap-apun di padi
,26,15,"ot kananay ""Nganney idat yun ha-on hin baddangan dakayun mampap ke Jesus?"" Ot idatan dah tuluy pulun pihun kalang."
,26,16,Nipalpun diye ya hahalipat-anay pangipadpapanan Jesus.
,26,17,"Handih namangulun algon nan Piyestan di Tinapay an ugge naha-adan hi yeast ya immali nadan disipulos hi kad-an Jesus ot kanan dan hiyay ""Daanay emi pundadaanan hi panganan taku tuh Piyesta?"""
,26,18,"Kananan diday ""Ume kayu nah boble ya kanan yu nah ohan taguh diy 'Kanan nan Ap-apu takuy maid uhup ya waday maat ke ha-on. Kinali umali kamin nadah disipulos kun mangan hi baleyu tuh Piyesta.'"""
,26,19,"Inun-unud day kinalina ot eda idadaan di kanon da kediyen Piyesta. 20,21,Mungkahilong ya dimmatong da Jesus ya nadan disipulos na nah bale. Handih mangan da ya kananay ""Hituwey kalyok. Waday ohan dakayun ahi mangihdul ke ha-on."""
,26,22,"Dingngol dah diye ya mahakit di nomnom da ya waday oha on kananay ""Kon ha-on, Apu?"""
,26,23,"Kananay ""Hanan makidihhan an makitam-ol hi tinapay nan ha-on di ahi mangihdul ke ha-on."
,26,24,"Ha-oy an Panguluwan di tagu ya ahiyak patayon ta gapu ketuwen maat ya umannung nan impitudok Apu Dios, mu mahmok an abu nan tagun mangihdul ke ha-on. Kudukdulnay ugge nitungo."""
,26,25,"Hi Judas an hiyay mangihdul ke Jesus ya kananay ""Apu, kon ha-oy di ahi mangihdul ke he-a?"" Kanan Jesus di ""Om, he-a."""
,26,26,"Kediyen mangan da ya inalan Jesus nan tinapay ot mumpasalamat ke Apu Dios. Pinani-ang na ot ikap-ong na nadah disipulos na ot kananay ""Alan yu ta kanon yu, hituwey adol ku."""
,26,27,"Ot alana bo nan basun natalwan hi mainum ot mumpasalamat bon Apu Dios. Indat nan dida ot kananay ""Uminum kayun am-in nah basu,"
,26,28,hituwey dalak an tumodtod ta kipaannungan nan balun nakitobbalan Apu Dios an kiphodan di tatagu ta kakaanan di liwat da.
,26,29,"Kalyok ke dakayu, adiyak mo uminum ketuwen mainum inggana kediyen algon ahi taku panginuman nah hinnatkon an mainum hidih pun-ap-apuwan Aman hi Apu Dios."""
,26,30,Nagibbuh diye ot mungkanta dah pundayaw dan Apu Dios ot ahida ume nah Bilid an Oliba.
,26,31,"Kanan bon Jesus di ""Am-in kayu ya ahiyak punhintatayyanan gapu nah ahi maat ke ha-on ad uwanin hilong. Hidiyey umannungan nan impitudok Apu Dios an kananay 'Pipatek nan mumpattol hi kalnero ta miwahit nadan kalnero.'"
,26,32,"Mu hantuh mamahuwanak ya mamanguluwak an umed Galilee ta ahi kayu miunud."""
,26,33,"Kimmalih Pedron kananay ""Takon di taynan daka hantudah iibbak hin waday maat ke he-a ya adinadaman edaka taynan ke ha-on."""
,26,34,"Mu kanan Jesus ke hiyay ""Kalyok ke he-ah tuwe, ad uwanin hilong ya mumpitlun ihaut mun kanam di uggeyak inilan he-a ta ahi tumalan-uy manuk."""
,26,35,"Kanan Pedro ke hiyay ""Takon nin di makikateyak ke he-a ot adinadaman ek kanan di ugge daka inilan ha-on."" Ya am-in nadan disipulosna ya athidiy kinali da."
,26,36,"Imme da Jesus ya nadan disipulos nad Getsemani ot kananan diday ""Mihtu kayu ta umeyak dih e-elenan e mundasal."""
,26,37,"Ot ikuyug na da Pedro ya nadan duwan imbabalen Sebedi. U-umyung hi Jesus ya mahakit di nomnom na,"
,26,38,"kinali kananan diday ""Dehtun mahakit an abuy nomnom kun kayak mate. Mihtu kayu ni-an ya adi kayu mahuyop ta ib-ibbaanak."""
,26,39,"Imme nah e-elena ot munlukbub ot mundasal an kananay ""Ama, daan mo ahan ta adi maat hidiyen ek punholholtapan. Mu nangamung ka, hay pinhod muy maunud, bokon hay pinhod ku."""
,26,40,"Indanit nibangngad hi kad-an nadan disipulos na ya nakahhuyop da, ot kananan Pedroy ""Kon adi kayu pakaippol hi hinuyop yu takon di hin-oras ya abu?"
,26,41,"Halipat-an yu ya mundasal kayu ta adi kayu mahaul an munliwat. Inilak an pinhod yun mangun-unud, mu makudang di kabaelan yu."""
,26,42,"Imme bo ot e mundasal an kananay ""Ama, deket mahapul an maat hidiyen holtapok ya nangamung ka, hay pinhod muy maunud."""
,26,43,Nibangngad boh kad-an nadan disipulos na ya nakahhuyop da bo. Namahig an adida pakaippol hi hinuyop da.
,26,44,Tinaynan bon Jesus dida ot e mundasal an hidiyey pitluna ot idasal na boh diye.
,26,45,"Nibangngad boh kad-an nadan disipulos na ot kananan diday ""Kon ito-ol yuy huyop? Bumangun kayu mo te nadatngan di pamatayan nadan naliwat an tatagun ha-on an Panguluwan di tagu."
,26,46,"Makayu ta etaku damuwon dida! Deyan mangali nan mangihdul ke ha-on!"""
,26,47,Nanongnan mungkalkallih Jesus ya dimmatong hi Judas an oha nadah himpulut duwan disipulos nan ibbana nadan intud-ak nadan ap-apun di padi ya nadan mangipangpanguluh Judyu an numpun-odon dah ispada ya bakdung an e mampap ke hiya.
,26,48,"Hi Judas ya tinuguna tuwali nadan ibbanan kananay ""Ahiyu imatunan nan etaku dopapon te ahik awalon. Deket inawal ku ya immali kayu ta baludon yu."""
,26,49,"Immeh Judas hi kad-an Jesus ot kananay ""Apu, immali kami."" Ot awalona."
,26,50,"Kanan Jesus ke hiyay ""Aga, atom nan pinhod mu."" Ot ume nadan ibban Judas ot baludon dah Jesus."
,26,51,Hanan ohan disipulos ya inuknut nay ispada na ot palangonay ingan nan ohan muttatyun nan natag-en padi.
,26,52,"Mu kanan Jesus ke hiyay ""Ipabangngad mu nan ispada nah hikot mu te hay tagun hay ispada di pamate na ya hay ispada damdamay pamate dan hiya."
,26,53,"Pangalim nin kattog on pamaddang muh naen ha-on, mu gulat nat pinhod kun mabaddangan ya ibagak ke Ama an hi Apu Dios ta ipaali nay kalibulibuh anghel an bumaddang ke ha-on."
,26,54,"Mu adik aton hidi te adi mo umannung nan impitudok Apu Dios an maat ke ha-on."""
,26,55,"Kanan Jesus nadah immalin tataguy ""Tipet kah-in di ekayu mun-odon hi ispada ya bakdung an mampap ke ha-on? Kon nakabahhulanak? Wadaak hi kabigabigat an muntuttudu nah Templo ya tipet uggeyak dimpap?"
,26,56,"Mu takon ta maat hituwet umannung nan intudok handidan profetas."" Ya am-in da nan disipulos na ya binumtik dan tinaynan dah Jesus."
,26,57,Hanadan nampap ke Jesus ya in-e da hiyah balen Kaypas an natag-en padi te hidiy naamungan nadan muntuttuduh Tugun Moses ya nadan mangipangpanguluh Judyu.
,26,58,"Niunuunud hi Pedro, mu ugge nih-up te nihaad nah dola. Ot makib-un hanadah guwalya te pinhod nan tibon hin nganney aton dan Jesus. 59,60,Hanadan ap-apun di padi ya am-in nadan ibba dan konsehal di Judyu ya tagan day mahma nadah tatagu hin nganney mabalin an ipabahul dan Jesus takon di adi makulug ta pangigadulan dan mamaten hiya. Mu maid di mahamak da takon di dakol day muntistigun nangalih bahul nan adi makulug. Indani ya wadaday duwan"
,26,61,"kanan day ""Hiyah tuwe nan kananay pa-iyona nan Templon Apu Dios ya kabaelanan bohwaton hi tulun algo."""
,26,62,"Timmaddog nan natag-en padi ot kananan Jesus di ""Kon makulug datuwen ipabahul da? Nganney panumang mu?"""
,26,63,"Mu op-opyah Jesus. Ya kanan bon nan natag-en padi ke hiyay ""Adika munlangkak an manumang ketuwe te donglon nan Dios an wadat nangamung. Kon he-ah Kristo an Imbabalen Apu Dios?"""
,26,64,"Ya kanan Jesus ke hiyay ""Makulug hinaen kinalim. Mu kalyok ke dakayun am-in an ahiyak tibon an Panguluwan di tagun umbun hi winawwan Apu Dios an Kabaelanan am-in. Ya ahiyak bo tibon nah kulabut hantuh ahik kibangngadan."""
,26,65,"Kinalinah tuwe ya binik-in nan natag-en padiy bulwatinah bungot na ot kananay ""Tinaltalanggaanah Apu Dios! Adi mahapul an wadaday udum an muntistigu te dingngol takuy kinalina."
,26,66,"Nganney punnomnom yu?"" Ya kanan day ""Mahapul an mate te nabahulan."""
,26,67,Ot puntuppaan day angana ya nundaw-e da. Ya wadaday nun-apap ke hiya
,26,68,"an kanan day ""Agam ya- tuwali, hin makulug an he-ah Kristo, kalyom hin dahdiy nangapap ke he-a."""
,26,69,"Hi Pedro ya um-umbun nah dola ya immali nan babain muttatyu ot kananay ""He-ay ohan ibban Jesus an iGalilee."""
,26,70,"Mu inhaut nan kananay ""Bokonak! Uggek inilah naen pungkalim."" Ya am-in nadan tataguh di ya dingngol dah diyen kinalina."
,26,71,"Timmayan hi Pedro ot ume nah hoob ya immali bo nan ohan muttatyun babai ot kanana bo nadah tataguy ""Hituwe ot nan ibban Jesus an iNasaret."""
,26,72,"Mu inhaut na bon insapatanan kananay ""Uggek man inilah diyen tagu."""
,26,73,"Indani ya immali day udum an tataguh kad-ana ot kanan day ""He-a ot nan ohan ibban Jesus te nun-ingngoy kaliyu."""
,26,74,"Indani mo ahan ya kananay ""Isapatak an takon di patayonak ke Apu Dios! Uggek man inilah naen tagu."" Nagibbun kinali nah diye ya timmalan-uy manuk."
,26,75,"Ya ninomnom na nan kinalin Jesus ke hiyan kananay ""Mumpitluy ahim pangalyan an kanam di uggeyak inila ta ahi tumalan-uy manuk."" Ot bumah-el nah hoob ot mungkoga."
,27,1,Biggabiggat nah nabiggatana ya inhuhummangan nadan ap-apun di padi ya nadan mangipangpanguluh Judyuy aton dan mamaten Jesus.
,27,2,Binalud dah Jesus ot iedah kad-an Pilatu an gobernador.
,27,3,Handih ininnilan Judas an patayon da tut-uwah Jesus ya nuntutuyuh nangihdulanan hiya ot ena ipabangngad nan tuluy pulun pihun kalang nadah ap-apun di papadi ya nadah mangipangpanguluh Judyu.
,27,4,"Kananay ""Naliwatak te inihdul kuy ohan tagun maid di bahul na."" Ya kanan nadan ap-apuy ""Nangamung ka pe, maid di bibiyang min nae."""
,27,5,Ot ihabuwag Judas nan kalang nah Templo ot e mumbitkol.
,27,6,"Numpidit nadan ap-apun di padi dadiyen kalang ot kanan day ""Adinadaman e id-um hituwen pihhu nah pihhun di Templo te hituwe ya bayad di natayan di ohan tagu."""
,27,7,Nunhuhummangan da ot usalon dah diyen pihhu hi nangatang da nah lutan nan tagun mangapyah banga ot pumbalinon dah lubukan di tatagun e nakibobleh di.
,27,8,Ot hidiyey gapunan ingganad uwani ya hay ngadan diyen luta ya Lutan Nadalaan.
,27,9,"Hituwey immannungan din kinalin Jeremiah an profetas an kananay""Inala day tuluy pulun pihun kalang an hidiyey inhuhummangan nadan Judyun bayad di biyag Kristo"
,27,10,"ot pangattang da nah lutan nan tagun mangapyah banga. Hituwey kinalin nan Ap-apu takun ha-on."""
,27,11,"In-e dah Jesus hi hinangngab Pilatu an gobernador ot kanan Pilatu ke hiyay ""Kon he-ay patul di Judyu?"" Hinumang nan kananay ""Deya bon hinaey kanam."""
,27,12,"Ya am-in da nan ap-apun di padi ya nadan mangipangpanguluh Judyu ya dakol di pungkali dah bahul Jesus, mu op-opya."
,27,13,"Kanan Pilatu ke hiyay ""Kon adim donglon hantudan ipabahul dan he-a?"""
,27,14,Mu adina humangon nadan ipabahul dan hiya. Kinali namodwong nan gobernador.
,27,15,Deket Piyestan di Nala-uwan di Anghel Apu Dios ya waday ohan balud an ipaen nan gobernador ya nangamung di pinhod di tatagun mipae.
,27,16,Kediye ya wada nan ohan nikalabut an hi Barabbas an nundingngol an pimmate.
,27,17,"Ta handi naamung da nan tataguh kad-an Pilatu ya kananan diday ""Dahdiy pinhod yun ipaek, hi Barabbas weno hi Jesus an kanan dan hi Kristo?"""
,27,18,"Man-uket kinalin Pilatuh diye ya inila nan maid di bahul Jesus, mu gapuh amon nadan mangipangpanguluh Judyu ya impadpap da."
,27,19,"Handih inumbun hi Pilatu an munhumalya ya impaad nan inayanan kananay ""Adi na-ala on inat muy atom nah tagun maid di bahul na te mabulubulunak gapu nah inin-inop kuh mipanggep ke hiyat deyan kumanol-owak."" Hituwey udum hi gapunan pinhod Pilatun ipaeh Jesus."
,27,20,Mu nadan ap-apun di padi ya nadan mangipangpanguluh Judyu ya inhapitan da nadan tatagut ibaga dan Pilatu an hi Barabbas di mipaet hi Jesus di pipatena.
,27,21,"Kanan bon Pilatu ke diday ""Dahdi ke didan duway pinhod yun ipaek?"" Ya kanan day ""Hi Barabbas."""
,27,22,"Ot kanana boy ""Nganne moy atok ke Jesus an kanan dan hi Kristo?"" Kanan nadan tataguy ""Ipatak hi krus!"""
,27,23,"Kananay ""Tipe-? Kon nganney bahul tuwen tagu?"" Ya pun-olot da ot ya abuy tukuk dan kanan day ""Ipatak hi krus!"""
,27,24,"Inilan Pilatun maid di hilbin di kalkalyona te linappuwan nadan tatagun munggugulu ot umalah danum ot ulahanay taklenah hinangngab nadan tatagu ot kananay ""Maid di bahul kuh katayan tun tagu. Nangamung kayu pe."""
,27,25,"Ya kanan nadan tataguy ""Om, nangamung kami. Takomboy dakami ya nadan iimbabalemiy kombahul hi katayana!"""
,27,26,Ot ipaen Pilatuh Barabbas. Hi Jesus ke ya impahoplat na ot ahina e pipatak hi krus.
,27,27,Inihgop nadan tindaluh Jesus hi balen nan gobernador ot ayagan dan am-in nadan ibbadan tindalu.
,27,28,Kinaan day bulwatina ot ipabulwati dan hiya on maingit an umat hi bulwatin di patul.
,27,29,"Ya immala dah hubit ot kumapya dah pongot ot ipapngot dan hiya. Ya immala da boh paul ot ipad-on dah wawwana. Deke on nundukkun dah hinangngab na on tinaltalanggaan dan kanan day ""Dayawon taku peman tun Patul di Judyu!"""
,27,30,Nuntuppaan da ya nunhoplat day ulunah paul.
,27,31,Nagibbun tinaltalanggaan da ya kinaan da nan impabulwati dan hiya ot ipabangngad da nan bulwatina ot ahida ie nah eda pangipatakan ke hiya.
,27,32,Handih mange da ya dinamu dah Simon an iCyrene ot ipilit nadan tindalun pah-onona nan krus Jesus.
,27,33,Indani ya dimmatong da nah eda pangipatakan ke Jesus an hidiye nan kanan dan Golgota an hay kibalinana ya gunit di ulu.
,27,34,"Immala dah mainum an nad-uman hi mumpait ot ipainum dan Jesus, mu tinamtamana ya adina pinhod."
,27,35,Impatak nadan tindaluh Jesus hi krus ot ibubunut da hin nganney alan di hin-oh-an dida nah bulwatina.
,27,36,Nagibbuh diye ot um-umbun dan mungguwalya.
,27,37,"Hanah tap-on di uluna ya waday nitudok an kananay ""Hituweh Jesus an Patul di Judyu."""
,27,38,Wadaday duwan mangakon nipatak damdamah krus an ohah winawwana ya nan ohah iniggid na.
,27,39,Am-in nadan mala-u ya munwigwigiwig dah panaltalangga dan Jesus
,27,40,"an kanan day ""Daan bo nan kanam an pa-iyom nan Templo ya bohwatom hi tulun algo? Deket makulug an Imbabale dakan Apu Dios ya baddangam di adol mut makaan ka nah krus."""
,27,41,"Takon nadan ap-apun di padi ya nadan muntuttuduh Tugun Moses ya nadan mangipangpanguluh Judyu ya taltalanggaan da damdamah Jesus an kanan day 42""Tipe nin ta binaddanganay udum ot tumagu da yaden adina kabaelan an baddangan di adol na? Tibon taku ya- peman hin makaan dih nipatakana. Hituwe kanun tagu ya patul di Judyu. Deket makaan ya kulugon taku peman."
,27,43,"Hiya ya mundinol ke Apu Dios ya kananay hiya ya Imbabalen Apu Dios. Ot agat tibon taku ya- peman hin baddangan Apu Dios ad uwani."""
,27,44,Takon nadan duwan mangakon nipatak ya taltalanggaan da damdamah Jesus.
,27,45,Indanit maal-algo ya himmilong am-in di boble hi tulun oras.
,27,46,"Ya indanit himbatangan ya tinumkuk hi Jesus an kananay ""Eloi, Eloi, lama sabaktani?"" Hay kibalinan tuwe ya ""Apu Dios an Dios ku, tipet eyak inwalong ke he-a?"""
,27,47,"Hanadan tatagun nangngol ke hiya ya kanan day ""Deyan pun-ayaganah Elijah."""
,27,48,Waday ohan didan nunggagalan ena itam-ol di kapo nah pimmakin mainum ot ipalat nah paul ta ipatitip nan Jesus.
,27,49,"Kanan di udum di ""Tibon taku ya- peman hin umalih Elijah an mamaddang ke hiyat makaan nah krus."""
,27,50,Impidwan Jesus an tinumkuk ot mate.
,27,51,Kediyen nate ya nakaiddihhan an nahathat nan kurtina nah Templon nipalpuh kayangna ingganah puuna. Ya kimmolyog ot mungkapi-ang di babatu
,27,52,ot malukatan di udum an lubuk ot mamahuwan di dakol nadah tatagun Apu Dios.
,27,53,Tinaynan day lubuk da ot handih namahuwan Jesus ya imme dad Jerusalem ot tibon di dakol an tatagu dida.
,27,54,"Hanan ap-apun di tindalu ya nadan ibbanan mungguwalyan Jesus ya tinibo dan am-in nan na-na-at ya inggibok da nan kolyog ot tumakut da. Kanan day ""Makulug peman an hiya ya Imbabalen Apu Dios."""
,27,55,Wadaday dakol an binabain nibata-an dan ang-ang-angon day ma-ma-at. Dadiye nadan binabain nalpud Galilee an nikuyukuyug ya bimmanaddang ke Jesus.
,27,56,"Wadah dih Maria Magdalena, hi inan nadan imbabalen Sebedi ya hi Maria an inan da James ke Joses."
,27,57,Mungkahilong kediye ya dimmatong nan ohan mangulug ke Jesus an hi Joseph an iArimatea an kadangyan.
,27,58,Immeh kad-an Pilatu ot ena ibagay adol Jesus ya in-abulut Pilatu.
,27,59,Lingkan Joseph di adol Jesus nah krus ot libbutanah malinin luput.
,27,60,Ot ena ilubuk nah ka-ippakapyanan gungat na nah batu. Inullina on ongal an batu ot itangob na nah gungat ot ahi tumayan.
,27,61,Wadadah di da Maria Magdalena ya nan oha bon hi Maria an um-umbun dan hanghanggaon da nan gungat.
,27,62,Handih nabigat an Sabadu ya naamung nadan ap-apun di padi ya nadan Phariseeh kad-an Pilatu
,27,63,"ot kanan dan hiyay ""Apu, manomnom mi din kinalin nan makallangkak an hi Jesus an kananay mate, mu mamahuwan hi katlun di algoh katayana."
,27,64,"Kinali ipaguwalyam ot nan lubuk na ingganah katlun di algo te indani ya ume nadan disipulos nat eda alan di adol na ta ahida kanan di namahuwan. Ot namam-an kulugon di tataguh tuwen langkak nan nahalhalman mu nan udum an langkak nan kananay hiyay intud-ak Apu Dios."""
,27,65,"Kanan Pilatu ke diday ""Umawit kayuh tindaluk ta eyu pakagguwalyaan."""
,27,66,Ot eda ihamad di tangob nan gungat ot ahida taynan nadan tindalun mungguwalya.
,28,1,Nala-u moy Sabadun Tungo ot mungkabigat kediyen Linggu ya imme da Maria Magdalena ya nan ohan hi Maria an eda tibon nan gungat.
,28,2,Kal-inadi ya kimmolyog hi nal-ot ya wada nan anghel Apu Dios an nalpuh langit an kinaana nan batun nitangob ot umbun kediyen batu.
,28,3,Hanan anghel ya humilin kay kil-at ya hay bulwatina ya makabbayak.
,28,4,Hanada ken tindalun mungguwalya ya munggagayonggong dah takut da ot matu-i da ya kay da nate.
,28,5,"Kanan nan anghel nadah binabaiy ""Adi kayu tumakut. Inilak ot eyu hamakon hi Jesus an nipatak hi krus,"
,28,6,mu maid moh tu te namahuwan an hidiye tuwali din kinalina. Makayu ta tibon yu tun nibakilangana.
,28,7,"Gal-an yu ta eyu kalyon hanadah disipulos nan hiya ya namahuwan. Ya kalyon yun mamangulun umed Galilee ta ahiyu tibon hidi. Donglon yu te makulug hituwen pungkalik ke dakayu."""
,28,8,"Hanadan binabai ya timmakut da, mu maka-am-amlong da gapu nah dingngol da ot galagalaan dan umeh kad-an nadan disipulos ot eda kalyon."
,28,9,"Indani ya dinamu dah Jesus an kananan diday ""Malinggop kayu!"" Nundukkun dah hinangngab na ot dapaon day hukina ot dayawon da."
,28,10,"Ot kanana bon diday ""Adi kayu tumakut. Ume kayu nadah disipulos an iibak ta eyu kalyon an wadaak ya kalyon yun ume dad Galilee ta hidiy ahida panib-an ke ha-on."""
,28,11,Handih tinaynan nadan binabai nan lubuk ya imme da nan udum an tindalun nungguwalya nah lubuk ot eda kalkalyon hanadah ap-apun di padiy mipanggep nah tinibo dan naat.
,28,12,"Ot maamung nadan ap-apun di papadi ya nadan mangipangpanguluh Judyu ot ihuhummangan day aton da. Indatan dah ongal an pihhu nadan tindalun nungguwalyan kanan day 13""Hay kalyon yuh tatagu ya nahuyop kayu handih immali nadan disipulos Jesus ot alan day adol na."
,28,14,"Deket donglon nan gobernador hituwen naat ya adi kayu madanagan te ahi kami nangamung an manumang ke hiya ta adi kayu mabahulan."""
,28,15,Ot alan nadan tindalu nan pihhun bayad da ot un-unudon day kinalin nadan ap-apun di padi. Ta deyan takon di ad uwani ya hidiyey nundingngol nadah Judyu.
,28,16,Hanadan himpulut ohan disipulos ya imme da nah bilid ad Galilee an hidiy kanan Jesus hi pan-odan dan hiya.
,28,17,"Handih tinibo da ya dinaydayaw da, mu wada day munhalinduwa."
,28,18,"Immeh Jesus hi kad-an da ot kananay ""Ha-oy di nangamung am-in hi langit ya luta te indat Apu Dios di kalebbengak."
,28,19,"Ta hidiye nan ume kayuh kabobboble tuh luta ta eyu ituttudun am-in hi tataguy mipanggep ke ha-on ta mangulug da ya bonyagan yu didah ngadan Aman hi Apu Dios, ha-oy an Imbabalena ya nan Espirituna."
,28,20,"Ya ituttudu yun un-unudon dan am-in di intugun kun dakayu. Ya nomnomon yun makulug an wadaak ta nangamung ke dakayu."""
,29,1,"2,Hituwey nitudok hi inat Jesu Kristo an Imbabalen Apu Dios hi kiphodan di tagu. Hay lappuna ya nan immannungan din intudok Isaiah an profetas Apu Dios an kananay""Kanan Apu Dios di 'Pamanguluwok tun mangituttuduh tatagu hi mipanggep ke he-at ahika dumatong.'"
,29,3,"Hiya ya ahi madngol nah adi maboblayan an kananay 'Idadaan yu ya iphod yuy dalanon nan Ap-apu taku.'"""
,29,4,"Indani tut-uwa ya wadah Juan an mumbonyag nah adi maboblayan an pumbonyaganay tatagu ya tinuttudduwana didan kananay ""Muntutuyu kayuh liwat yu ya mumpabonyag kayu ta pakawanan Apu Dios di liwat yu."""
,29,5,Immali day katagutagun nalpud Jerusalem ya nan udum an bobled Judea an e mundongol hi ituttudun Juan. Kinali day liwat da ot bonyagan Juan dida nah Wangwang an Jordan.
,29,6,Hi Juan ya naabol an dutdut di kamel di bulwatina ya hay balikis na ya lalat. Hay kanona ya dudun ya hay inumona ya danum di iyyukan.
,29,7,"Hay kanana nadah tatagu ya ""Wada nan ahi umalin natagtag-e mu ha-on ta takon di hay mangubad hi gakod di apatut na ya nakababbaak an mangat kediye."
,29,8,"Ha-oy ya bonyagan dakayuh danum, mu hiya ya ahi dakayu bonyagan hi Espiritun Apu Dios."""
,29,9,Indani ya wadah Jesus an nalpud Nasaret ad Galilee. Immalih kad-an Juan ot bonyagana nah Wangwang an Jordan.
,29,10,Handih dimmakal hi Jesus ya tinibonan nabukatan di kabunyan ya immali nan Espiritun Apu Dios an kay palomay ang-ang na ot umpan hiya.
,29,11,"Ya waday kimmalih langit an kananay ""He-ay Imbabalek an impakappinhod ku ya mangipaamlong ke ha-on."""
,29,12,Indani ya impaen di Espiritun Apu Dios hi Jesus nah adi maboblayan
,29,13,"ot mihaad hidih nap-at an algo. Kediyey namanatnaan Satanas an manaul ke hiya ta munliwat. Wadadah diy katatakut an aggayam, mu wadada damdamah diy anghel an mangipaptok ke hiya."
,29,14,Handih nangikalabutan Herod ke Juan ya immeh Jesus ad Galilee an e muntuttuduh inat Apu Dios an kiphodan di tagu.
,29,15,"Kananay ""Muntutuyu kayuh liwat yu ya kulugon yu nan inat Apu Dios an kiphodan di tagu te immali mo nan intud-ak nan mun-ap-apu."""
,29,16,Handih mundaldallanan hi Jesus nah pingngit di baybay ad Galilee ya tinibo na da Simon ke tulang nan hi Andres an muntabukul da te hidiyey ngunuda.
,29,17,"Inayagan Jesus dida ot kananan diday ""Maki-e kayun ha-on ta mipalpud uwani ya adi kayu mo manabukul hi dolog, mu ekayu mangawis hi tatagu ta ha-oy di un-unudon da."""
,29,18,Pinghanadi ya inwalong day tabukul da ot miunud dan hiya.
,29,19,Mangmangnge da ya tinibo bon Jesus on hintulang an da James ke Juan an nak Sebedi nah bangka dan pun-idadaan day tabukul da.
,29,20,Inayagana damdama dida ya pinghanadi ya tinaynan dah amada ya nadan muttatyu da ot miunud dan hiya.
,29,21,"Dimmatong dad Kapernaum, ot kediyen nadatngan an Sabadun Tungo ya immeh Jesus nah simbaan di Judyu ot muntuttudu."
,29,22,Hanadan tatagun nangngol ke hiya ya namodwong dah ituttuduna te matibon ongal di kalebbengana mu nadan muntuttuduh Tugun Moses.
,29,23,"Hidi nah simbaan ya wada on nahikpan an muntukuk an kananay 24""Jesus an iNasaret, nganney pinhod mun aton ke dakami? Kon immali kan manadag ke dakami? Inilak hin dahdi ka. He-a nan maid di liwat nan intud-ak Apu Dios!"""
,29,25,"Mu kinalyan Jesus nan nihkop an kananay ""Opya ka ya makaan ka nah tagu!"""
,29,26,Pinghanadi ya munggagayonggong nan tagu ya tinumkuk nan nihkop ot ahi makaan.
,29,27,"Namodwong nadan tatagu ot munhimbabaggaan dan kanan day ""Nganneh tuwen ma-ma-at? Hinnatkon an abu! Antipeh naen abunay kalina ya maat di pinhod na? Deya peman an takon di dimonyon nihkop ya kaanona!"""
,29,28,Ot hidiye nan gagala ya nundingngol di mipanggep ke Jesus am-in hi bobled Galilee.
,29,29,Limmah-un hi Jesus nah simbaan an naki-e da James ke Juan ot ume dah balen da Simon ke Andres.
,29,30,Hinumgop ya kinali dan hiyan mahmahhuyop nan inan nan inayan Simon te mundogon nahalman di atung di adol na.
,29,31,Immeh Jesus hi kad-ana ot odnanay taklena ot baddanganan tumaddog. Ya nakaan di dogona ot ena idadaan di kanon da Jesus.
,29,32,Indanit mungkalimuy algo ya nun-ialin di tataguh kad-an Jesus nadan mumpundogo ya nungkahikpan hi dimonyo
,29,33,ta am-in da nan tatagu nah boble ya naamung dah dolan da Simon.
,29,34,Kinaan Jesus di nunhihinnatkon an dogon nadan tatagu ya kinaana bo nadan dimonyon nihkop. Adina iabulut an kumali nadan dimonyo te adina pinhod an diday mangipainilah tatagu hin dahdi hiya.
,29,35,Handih nabiggatana ya himmahallaman hi Jesus an imme nah e-elen di boblen maid di tagut mundasal.
,29,36,Hi Simon ya nadan ibbana ya eda hinamahamak hi Jesus.
,29,37,"Ot handih tinibo da ya kanan dan hiyay ""Am-in day tatagu ya edaka hamahamakon."""
,29,38,"Ya kanan Jesus di ""O, mu mahapul an ume takuh udum an boblet eyak muntuttudu damdamah di te hidiyey gapunah immaliyak."""
,29,39,Ot ume dah kabobbobled Galilee ot muntuttudu nadah simbaan di Judyu ya kinaanay nihkop hi tatagu.
,29,40,"Wada nan ohan tagun mungkangpuy adol nan immali ot pihpihmok ke Jesus. Nundukkun hi hinangngab na ot kananay ""Kaanom ahan tun dogok te inilak an damanan atom, mu nangamung ka."""
,29,41,"Himmok Jesus ot dapaonan kananay ""Damana. Nakaan mo kayah naen dogom."""
,29,42,Pinghanadi ya nakaan di dogon nan tagu.
,29,43,Tinugun Jesus ot ahina itud-ak
,29,44,"an kananay ""Adim ot kalkalyon hituwen inat ku, mu ipayum an umeh kad-an nan padit em ipatibon hiyan nakaan di dogom ya iappitam hi Apu Dios an miunnud nah kanan di Tugun Moses ta panginilaan di tatagun nakaan di dogom."""
,29,45,"Mu imme ot ya abu ot ena kalkalyon hi kabobbobleh diyen inat Jesus. Ta alialiyanay dakol an tagun e manibon Jesus ta maid moy atonan e mundallanan hanadah udum an boble. Imme nadah maid di boble, mu kapyanan imme day tatagun nalpuh kabobboble an e manibon hiya."
,30,1,Nala-uy kaatnan algo ya nibangngad da Jesus ad Kapernaum ya nundingngol an wadah di.
,30,2,"Ya dakol day tatagun naamung ot makapnu nan balen dinuttuk da, takon nah panto ya maid innun an humgop. Muntuttuduh Jesus hi pangi-en Apu Dios"
,30,3,ya waday in-ali dah naparalyze an tagun in-attang di opat an tatagu.
,30,4,Mu maid innun dan mangieh kad-ana ot guk-angan da mo nan atop an pottok na ot hidiy pangiuy-uyan da nah niayod an tagu.
,30,5,"Inilan Jesus di kaongal di pangulug da ot kanana nah mundogoy ""Tulang ku, nakaan di liwat mu."""
,30,6,"Hanadan muntuttuduh Tugun Moses an um-umbun hidi ya kanan dah nomnom day 7""Antipet taltalanggaanah Apu Dios an iingngo nay adol nan hiya? Hay tagu ya adinadaman kaanonay liwat, abunah Apu Dios."""
,30,8,"Inilan Jesus di nomnomnomon da ot kananan diday ""Antipet athinay punnomnom yu?"
,30,9,"Nganney nalaklaka? Hay kalyon di 'Nakaan di liwat mu,' weno 'Tumaddog ka ya alam nan ayod mut umanamut ka?'"
,30,10,"Agat ipatibok ke dakayun ha-oy an Panguluwan di tagu ya waday kabaelak an mangaan hi liwat di tagu."" Ot kanana nah naparalyze an taguy 11""Kalyok ke he-a, tumaddog ka ya alam nan ayod mut umanamut ka."""
,30,12,"Ya timmaddog nan tagu ot alanay ayod na ot mange. Nakammodwong am-in nadan tatagu ot dayawon dah Apu Dios an kanan day ""Maid di emi tiniboh athitu, abunad uwani."""
,30,13,Waday boy naminghan an imme da Jesus nah pingngit di baybay ad Galilee ya naamung da boy dakol an tataguh kad-ana ot tuttuduwana dida.
,30,14,"Nagibbun tinuttudduwana dida ot mangmangnge ya tinibona nan mun-amung hi buwis an hay ngadana ya hi Libay an hi anak Alpheus an um-umbun nah opisinana. Kananan hiyay ""Maka, miunud kan ha-on."" Ya timmaddog hi Libay ot miunud ke hiya."
,30,15,Waday ohan algon nangan da Jesus ya nadan disipulos na hi balen da Libay. Ya dakol nadah mapihul an tatagun mun-amung hi buwis ya nadan naliwat di nakikan ke dida te dakol mon diday miun-unud ke Jesus.
,30,16,"Wada nadah muntuttuduh Tugun Moses an Phariseey nanibon nakikan hi Jesus nadah naliwat ya nadah mun-amung hi buwis ot ibaga da nadah disipulos nay ""Antipet makikan hi Jesus nadah mun-amung hi buwis ya nadah naliwat?"""
,30,17,"Dingngol Jesus hidiye ot kananay ""Hay agahan di doktor ya hay mundogo, bokon hay maid di dogona. Paddungnan ha-oy an immaliyak ta paphodok nadan naliwat, bokon nadan kanan day maid di liwat da."""
,30,18,"Wada boy ohan algon nadan disipulos Juan an mumbonyag ya nadan Pharisee ya muntopol dan adida mangan. Immali day udum an tatagu ot kanan dan Jesus di ""Antipet nada ken disipulos Juan ya nadan disipulos di Pharisee ya muntopol dan adida mangan, yaden nada ke boppon disipulos mu ya mangan da?"""
,30,19,"Hinumang Jesus an kananay ""An hay kanan yu ya adi mangan nadan gagayyum nan mungkasal? Mangan da te hanan mungkasal an nikuyugan da ya ipaptok na dida. Athidi damdama nadah disipulos kun mangan da te wadaak."
,30,20,"Mu indanit maidak mo ya adida mangan te hay punnomnom dan ha-on."""
,30,21,"Kanana Jesus di ""An waday tagun ilkob nay balun luput nah daan an bulwati? Adinadamay athidi, te umittay nan balun luput an nilkob ya madoldol di bik-in nan daan an bulwati."
,30,22,"Athidi bon adi ihuduy ka-apyan mainum nah daan an kimmulhin lalat an punhuduwan hi mainum, te deket aton hidi ya umina nan mainum ya mabughi nan lalat. Ayyo nan mainum ya nan lalat an punhuduwan. Mahapul an hay punhuduwan hi ka-ikail ya hay ka-apyan lalat."""
,30,23,Ohan Sabadun indalan da Jesus hi payo ya pimmutting nadan disipulos na hi page ot kutkuttimon da.
,30,24,"Tinibon nadan Phariseeh diye ot kanan dan Jesus di ""Tibom ke nadan disipulos mu, antipet pimmutting dah page yaden Sabadun Tungo?"""
,30,25,"Kanan Jesus di ""Kon uggeyu binidbid di inat da David handih naagangan da?"
,30,26,"Hinumgop nah balen Apu Dios ot kuman nah tinapay an niappit ke Apu Dios, ot idatana nadan ibbana yaden panioy panganan da te abunay padin mangan kediye. Naat hituwe handin hi Abiathar di natag-en padi."
,30,27,"Hay pinhod kun ipainila ya umanhan di kiphodan di tagu. Hidiyey gapunan waday Sabadun Tungo, bokon gapu te algon tungo."
,30,28,"Ha-oy an Panguluwan di taguy mangali hin nganney panio weno adi nah Sabadun Tungo."""
,31,1,Oha bon Sabadun Tungo ya immeh Jesus nah simbaan di Judyu ya wada on tagun napikluy di ohan taklena.
,31,2,Hanadan tatagu ya halipat-an day pangaanan Jesus hi pikluy diyen tagu kediyen Sabadun Tungo ta waday ipabahul dan hiya.
,31,3,"Tinibon Jesus nan tagun napikluy di taklena ot kananay ""Makah tuh hinangngab di tatagu."""
,31,4,"Ot ibagana nadah tataguy ""Nganney kanan di Tugun Moses hi damanan aton nah Sabadun Tungo? Hay maphod di aton ta bumaddang ta weno hay ad-adiy aton ta dumadag ta? Kon adi hangudon di ibban tagut mate weno baddangan ta tumagu?"" Mu maid di humumang."
,31,5,"In-ang-ang na ke didan bimmoh-ol te mangohe da ya mahakit di nomnom na te nihallay punnomnom da. Ot kanana nah taguy ""Ukyadom di taklem."" Inukyad na ya maphod mo."
,31,6,Hanada ken Pharisee ya limmah-un da ot punhuhummanganan da nadah tatagun Herod di aton dan mamaten Jesus.
,31,7,"Tinaynan da Jesus ya nadan disipulos nah diyen boble ot ume da nah pingngit di baybay ad Galilee ya niunud day dakkodakkol an tatagun nalpuh kabobboble ad Galilee, ad Jerusalem ya nadah udum an bobled Judea,"
,31,8,"ad Idumea, nah binah-el di Wangwang an Jordan ya nadan nalpuh kabobbobled Tyre ya ad Sidon. Immali da te dingngol da nadan maphod an inat Jesus. 9,10,Kediye ya kinaanay nunhihinnatkon an dogon di dakol an tatagu ya wadada nadan namahig an mumpupullon umeh kad-anan e manapan hiyat pumhod da damdama. Gapun diye ya impaalana mo nadah disipulos nay ohan bangkat ubun hidit adi ipiton nadan tatagu."
,31,11,"Hanada ken nahikpan ya deket inang-ang dah Jesus ya na-ala on nundukkun dah hinangngab na on muntukuk dan kanan day ""He-a nan Imbabalen Apu Dios."""
,31,12,Mu impaop-opyan Jesus dida te adina pinhod an diday mangipainila hin dahdi hiya.
,31,13,Indani ya immeh Jesus nah bilid ot ipaayag na nadan pinhod na
,31,14,ot piliyonay himpulut duwan nginadananah apostoles. Datuwey maki-kien hiyat mitud-ak dan muntuttudu
,31,15,ya midatan dah kabaelan dan mangaan hi nihkop.
,31,16,"Datuwey ngadan nadan himpulut duwan pinilin Jesus: hi Simon an ingngadanan Jesus hi Pedro,"
,31,17,"nadan nak Sebedi an da James ke Juan an ingngadanan Jesus didah Boanerges an hay kibalinana ya kidul,"
,31,18,"hi Andres, hi Felipe, hi Bartolome, hi Mateo, hi Tomas, hi James an anak Alfeo, hi Tadeo, hi Simon an Zealot,"
,31,19,ya hi Judas Iskariote an hiya nan nangihdul ke Jesus.
,31,20,Nagibbuh tuwe ot umanamut da Jesus ya dakol da boy naamung an tatagu ot maid di innun Jesus ya nadan disipulos nan mangan.
,31,21,Hanadan tutulang Jesus ya dingngol dan kanan di udum an tataguy mun-ango ot ume dan e mangawit ke hiya.
,31,22,"Ya hay udum an muntuttuduh Tugun Moses an nalpud Jerusalem ya kanan day ""Nihkop ke Jesus hi Satanas an ap-apun di dimonyo, kinali waday kabaelanan mangaan hi nihkop."""
,31,23,"Ot ayagan Jesus dadiyen muntuttuduh Tugun Moses ot kananan diday ""Tipe bot e kaanon Satanas di ibbana?"""
,31,24,"Kanana boy ""Hanan boblen dida pen bimmoble on numbubuhhulan da ya madadag dan am-in."
,31,25,Umat bo nah hin-am-a an deket umaawwit da ya loktat ta munhihi-an da.
,31,26,"Athidi bon Satanas an deket maganodwa nadan ibbana ya matikod di pun-ap-apuwanat maid moy pumbanagana."""
,31,27,"Kanana boy ""An damanan e hogpon di taguy balen di ohan mahinadol an tagut ena akawon di pinhod na? Kah-in di baludona ni-an nan mahinadol an tagut ahina akawon di nganneh diyen wada nah bale."
,31,28,Nomnomon yu tun kalyok ke dakayu. Hay tagun munliwat weno taltalanggaanay ibbanah tagu ya damanan mapakawanan.
,31,29,"Mu nan manaltalanggah Espiritun Apu Dios ya adi mapakawanan te hidiyen liwat ya munnananong."""
,31,30,"Kinalinah tuwe te wadada nan kanan day ""Hiya ya nahikpan."""
,31,31,Indani ya dimmatong nadan tutulang Jesus ya hi inana ot tumaddog da nah dola ot umitud-ak dah e mangayag ke hiya.
,31,32,"Kanan nadan tataguh kad-anay ""Wada da inam ya nadan tutulang muh dolan pun-ibaga daka."""
,31,33,"Hinumang Jesus an kananay ""Kon waday napilih inak ya tutulang ku?"""
,31,34,"In-ang-ang na nadah tatagu ot kananay ""Dakayun naamung di inak ya tutulang ku."
,31,35,"Am-in da nan tatagun mangun-unud hi pinhod Apu Dios ya diday inak ya tutulang ku."""
,32,1,Oha bon algo ya wadah Jesus nah pingngit di baybay ad Galilee an muntuttudu. Ya dakkodakkol day tatagun naamung hi kad-ana ot ume mo nah bangka ot umbun hidi. Hanada ken tatagu ya wadada nah pingngit nan baybay an mundongdongngol dah ituttuduna.
,32,2,Dakol di inab-abig nah nanuttudu nan dida.
,32,3,"Kananan diday ""Donglon yu tun ab-abigok! Wada nan tagun e nuntanom hi buwan impahinnabuwag na."
,32,4,Handih nangihabuwagana nadah buwa ya wadaday nag-ah dalan ot umali day hamuti ot kanon da.
,32,5,"Hay udum ya nag-a dah mabatun ittay ya abuy lutah di. Man-ut gagala ya tinummol da, mu ugge immed dalom di lamut da."
,32,6,Kinali handih pinumtang ya nakleng da te namag-anan nan ittay an lutan tinummolan da.
,32,7,Hay udum ya nag-a dah magulun ot mailung da ot adida mo bumunga.
,32,8,"Mu nadan buwan nag-ah maphod an luta ya tinuttummolan da ot bumunga da. Wadaday o-ohay bungana, wadaday mabungbunga ya wadaday makabbunga."""
,32,9,"Kanan Jesus di ""Pakannomnomon yuh tuwen kinalik."""
,32,10,Handih nabukal da moy tatagu ya wadada nadan udum an nangngol hi kinalina ya nadan himpulut duwan disipulos nan eda hinanhanan ke hiyay kibalinan nan inab-abig na.
,32,11,"Kanan Jesus ke diday ""Dakayu ke ya inna-ud kun ituttuduy ine-en di pun-ap-apuwan Apu Dios an ugge nipainila ingganad uwani, mu deket nadah udum an tatagu ya painnab-abig kuy puntuttuduk ke dida 12'te takon di tibotibon day atoatok ya donglodonglon day ituttuduk ya adida maawatan. Gulat na ot ta maawatan da ya abuluton dah Apu Dios ya muntutuyu dah liwat dat pakawanana dida.'"""
,32,13,"Kanan Jesus nadah disipulos nay ""Deyan adiyu maawatan hituwen ab-abig, nganne moy innun yun mun-awat hi udum an ab-abigok?"
,32,14,Hay kialigan nan tagun e nunhabuwag nah buwa ya hidiye nan e mangipain-inilah kalin Apu Dios.
,32,15,"Hanadan buwan nag-ah dalan ya mialig nadah tatagun nangngol hi kalin Apu Dios, mu immalih Satanas ot haulona dida ot kal-iwan da nadan kinalina."
,32,16,"Hanadan buwan nag-a nah mabatu ya mialig nadah tatagun nangngol hi kalin Apu Dios ot mun-am-amlong dan mangulug,"
,32,17,mu ugge nihamad di pangulug dat deket waday ittay an ligat da gapuh pangulug da ya pinghanadi on inwalong day pangulug da.
,32,18,"Hanadan buwa an nag-a nah magulun ya mialig nadah tatagun nangngol hi kalin Apu Dios,"
,32,19,"mu adida hangudon te hay ikakagu da ya hay kahapulan dah kitaguwan da, hay kumadangyanan da ya hay pun-an-anlaan da."
,32,20,"Hanadan buwan nag-a nah maphod an luta ya mialig nadah tatagun nangngol hi kalin Apu Dios ot abuluton da ot mihamad moy pangulug da ta maphod di pangi-en di udum, mapmaphod hi udum ya makakkaphod hi udum."""
,32,21,"Kanan Jesus ke diday ""Kon tolgan di taguy dilag ta haniyana weno ena italu? Adi, te ipattuk nat matibo."
,32,22,Hituwey kitib-anan am-in di mitalun adi mainilad uwani ya ahi mainilah udum hi algo.
,32,23,"Pakannomnomon yuh tuwen kinalik."""
,32,24,"Kanana bon diday ""Pakaddonglon yuy ituttuduk ya un-unudon yu. Deket athituy aton yu ya mad-uman di inila yu."
,32,25,"Hay tagun un-unudonay mituttudun hiya ya maudman di inila na. Mu hay tagun adina un-unudon di mituttudun hiya ya takon nan ittay an inilana ya mama-id."""
,32,26,"Kanan Jesus di ""Hay kialigan di pun-ap-apuwan Apu Dios ya athitu: E nun-ohok nan tagu."
,32,27,"Ot umanamut ot palpal-iwana. Indanit ena tibon ya tinummol, mu uggena inila hin nganney innunan tinummol."
,32,28,Hanan lutay tummolan ya bumungaan nan nitanom. Mamanguluy hangonat ahiy adol na ta ahi nuppey bungana.
,32,29,"Deket nat-ong ya nadatong moy pun-aniyan nan tagu."""
,32,30,"Kanan bon Jesus di ""Nganney udum hi kialigan di pun-ap-apuwan Apu Dios?"
,32,31,"Mialig nah buwan di mustard an hidiyey kaittayan am-in hi buwa,"
,32,32,"mu deket tinummol ot maongal ya hidiyey kaongngalan ta dakol di hapang nan pumbuyaan di hamuti."""
,32,33,Athidiy nanuttudun Jesus nadah tatagun impainnab-abig na nah inilanan maawatan da.
,32,34,"Am-in di intuttuduna ya impainnab-abig na, mu deket abu da nah disipulos na ya pakakkalyonay kibalinan nan ab-abig na."
,32,35,"Mungkahilong kediyen algo ya kanan Jesus nadah disipulos nay ""Umagwat takuh bah-el tun baybay."""
,32,36,Nunlugan da kediyen inumbunanan bangka ot taynan da nadan tatagu. Wadaday udum an bangkah di ot pumbangkaan nadan udum an tatagun niunud ke dida.
,32,37,Indanit wadada Jesus nah gawwan nan baybay ya kal-inadi ya waday nakal-ot an puwok. Ya namahig di dalluyun ta loktat ya mungkapnu nan bangkah danum.
,32,38,"Hi Jesus ke ya wada nah udduuddun diyen bangkan nahuyop. E binangun nadan disipulos nan kanan day ""Apu! Kon adika kumagun deyan malting taku?"""
,32,39,"Bimmangun ot kananay ""Matikod kan puwok ya dumin-ong kayun dalluyun.""Ya pinghanadi ya natikod da ot makaddin-ong mo."
,32,40,"Ot kananan diday ""Antipe ahan ta nahalman di takut yu? Kon maid di dinol yun ha-on?"""
,32,41,"Nakammodwong da ya waday oha on kananay ""Nganne nin di katatagun tuwen takon di puwok ya dalluyun ya un-unudon day kalina?"""
,33,1,Indani ya dimmatong da Jesus nah bah-el nan baybay nah bobled Gerasene.
,33,2,Limmah-un da nah bangka ya mangali on lalakin nahikpan an nalpun hanadah lubukan
,33,3,te hidiy kiha-ha-adana. Maid di pakaibbobod ke hiya
,33,4,"te banangkilingan day taklena, mu hanipdutona ya pun-ihipag na nan gumok hi hukina. Ya maid di pakapdon ke hiya te nakal-ot."
,33,5,Mapat-al ya hilong on humanawwangan hanadah lubukan ya bibilid an tumukutukuk on pun-gandutanay adol nah batu.
,33,6,Nidawdawi nan nahikpan ya tinibonah Jesus ot butikona ot mundukkun hi hinangngab na
,33,7,"ya muntukuk an kananay ""Jesus an Imbabalen Apu Dios an Katagtag-ayan, nganney atom ke ha-on? Adiyak anhan kastiguwon."""
,33,8,"Kinali nah diye te kinalin Jesus an kananay ""He-an nihkop, makaan ka nah tagu!"""
,33,9,"Kanan bon Jesus nah nihkop di ""Nganney ngadan mu?"" Ya kananay ""Linibuy ngadan mi te dakol kami."""
,33,10,"Hidiyen nihkop ya namahig an pihpihmok an kananay ""Adi dakami anhan dog-alon hi nidawwi."""
,33,11,Nipaddin diyen wadaday dakol an babuy an munhubang nah e-elen nan bilid
,33,12,"ot kanan nan nihkop di ""Itud-ak dakami kattog nadah babuy ta diday emi kihkopan."""
,33,13,Inabulut Jesus ot eda mihkop nadah babuy an umeh duway libuy bilang da. Kal-inadi ya kahibubutik nadan babuy nah dopla ot pun-iyapa da nah baybay ot malting da.
,33,14,Hanadan mumpaptok hi babuy ya bintik dan imme nah boble ya nadah nunlinikkod an boble ot eda kalkalyon hanadah katagutagu. Ot nadan tatagun nangngol kediye ya immeda ot eda tibon.
,33,15,Immali dah kad-an Jesus ya tinibo da nan tagun nahikpan handi an um-umbun an numbulwati ya pinumhod moy nomnom na ya timmattakut da.
,33,16,Dadiyen tatagun nanibo nah naat nadah babuy ya nan naat nah tagun nahikpan ya kinali da nadah tataguh diyen naat.
,33,17,Ot indani ya kinali dan Jesus an takon kattog di taynanah diyen bobleda.
,33,18,"Handih e tumayan da Jesus an manggop da nah bangka ya immali nan tagun nakaan di nihkop ke hiya ot kananay ""Daan anhan ta maki-kieyak ke he-a?"""
,33,19,"Mu adi abuluton Jesus an kananan hiyay ""Umanamut ka ot ya abu ta em kalyon hanadah iibam di inat Apu Dios gapuh homok nan he-a."""
,33,20,Immeh diyen tagu ot ena kalkalyon di inat Jesus ke hiya nadah tatagu nadah himpulun bobled Decapolis ya namodwong am-in nadan nangngol.
,33,21,Immagwat bo da Jesus ot mibangngad da nah bah-el di baybay ya dakkodakkol da boy tatagun naamung hi kad-ana.
,33,22,Wada nan ohan immalin ap-apun di simbaan di Judyu an hi Jairo. Tinibo nah Jesus ot e mundukkun hi hinangngab na
,33,23,"ot pihpihmok an kananay ""Mungkatkate nan imbabalek. Umali ka anhan ta em dapaon ta pumhod ta adi mate."""
,33,24,Ot maki-eh Jesus ya dakkodakkol da boy tatagun niunud an inalibungbungan da.
,33,25,Wada on babain nundogoh himpulut duway toon an adi matikod di malpuh adol na.
,33,26,"Numpaagah dakol an doktor ot mauman am-in di limmuna yaden ugge naagahan, mu mungkamam-a ot ya abu."
,33,27,Gapu te dingngol nay mipanggep nadah inat Jesus ya immali ot umeh indoggana ot dapaonay bulwatina
,33,28,"an kananah nomnom nay ""Dapaok ke ot ahan di bulwatina ya makaan di dogok."""
,33,29,Dinapa nay bulwatin Jesus ya ginibok nan natikod mo nan malpuh adol na.
,33,30,"Kediyen nanapaan nan babaih bulwatin Jesus ya ginibok Jesus an waday kinaan di kabaelanah dogo. Nunliggu ot kanana nadah tataguy ""Dahdiy nanapah bulwatik?"""
,33,31,"Ya kanan nadan disipulos nay ""Inalibungbungan dakah dakol an tatagu, kinali maid di maptok hi nanapan he-a."""
,33,32,Hi Jesus ya mun-ang-aang-ang ta tibonay nanapan hiya.
,33,33,Hanan babai ya inilanan inilan Jesus an hiyay nanapa ke hiyat munggagayonggong hi takut na ot mundukkun hi hinangngab na ot kalyonay makulug.
,33,34,"Kanan Jesus ke hiyay ""Tulang ku, nakaan moh naen dogom te hay pangulug mun ha-on. Umanamut ka ot malinggop ka mo kaya te adi mo mibangngad hinaen dogom."""
,33,35,"Mungkalkallih Jesus ya immali da nan nalpuh balen da Jairo ot kanan dan hiyay ""Takomboy adim mo awiton nan mittulu te nate nan imbabalem."""
,33,36,"Dingngol Jesus hidiyen kinali da, mu uggena hinangud ot kananan Jairoy ""Pakodholom di nomnom mu ya mundinol kan ha-on."""
,33,37,Imme da Jesus an ammuna da Pedro ya nadan duwan hintulang an da James ke Juan di ingkuyug na te adina pinhod an maki-e nadan udum.
,33,38,Dimmatong da Jesus hidih balen da Jairo ya maid di kapotok na te wada day mungkokoga ya wada day mun-iyo.
,33,39,"Hinumgop hi Jesus hi bohongna ot kananan diday ""Antipet kahikokoga kayu? Hituwen unga ya ugge nate, mu nahuyop ya abu."""
,33,40,"Hanadan tatagu ya taltalanggaan da, mu impalah-una dida.Inayaganay ammod nan unga ya nadan tulun disipulos na ot humgop da nah kuwartun kad-an nan unga."
,33,41,"Inid-onah taklen diyen unga ot kananay ""Talita kum"" an hay kibalinan diye ya ""Unga, tumaddog ka."""
,33,42,Pinghanadi ya timmaddog nan unga ot mundallanan. Hituwen unga ya himpulut duway toona. Hanadan nangang-ang ketuwe ya nakammodwong da.
,33,43,"Tinugun Jesus didan kananay ""Adiyu e kalkalyon hituwen naat."" Ot mumpaalah kanon nan unga ot panganon da."
,34,1,Tinaynan Jesus ya nadan disipulos nah diyen boble ot mibangngad dad Nazareth.
,34,2,"Nadatngan di Sabadu ot e muntuttuduh Jesus nah simbaan di Judyu. Ya dakol nadah mangmangngol ke hiyay namodwong an kanan day ""Daana ni-boy nun-adalan tun tagu kediyen intuttuduna? Tipet nakala-ing? Takon di milagro ya atona!"
,34,3,"Kon bokon hiya nan karpentero an imbabalen Maria ya tulang da James, Joseph, Judas ya Simon? An bokon hituy kiha-adan nadan tutulang nan binabai?"" Hidiyey pangali da, kinali kahing dan hiya."
,34,4,"Kanan Jesus ke diday ""Hay profetas ya kulugon ya tobalon di tataguh kabobboble, mu nadan kaboblayana ya iibana ya adida kulugon."""
,34,5,Gapu te adi mangulug nadan tatagu ke Jesus ya o-ohay inat nah milagro an dinapa na ya abuy o-oha nadah mumpundogo ot makaan di dogoda.
,34,6,Hi Jesus ya namodwong hi adida pangulugan ke hiya.Indani ot e muntuttuduh Jesus nadah boble an nih-up hidi.
,34,7,"Ohan algo ya inayagana nadan himpulut duwan disipulos na ot hindudwa on intud-ak nah kabobboblen e muntuttudu ya indat nay kabaelan dan mangaan hi nihkop. 8,9,Intugunan dida an kananay ""Adi kayu umitabin hi nganneh diyen mahapul yuh pangayan yu, umat hi makan, hakbat ya pihhu. Umala kayuh patanong yu ya mun-apatut kayu, mu adi kayu umalah bulwatin punhannotan yu."""
,34,10,"Kanana bon diday ""Deket ume kayuh ohan boble ya miha-ad kayu nah balen di mangayag ke dakayu ingganay tayanan yuh diyen boble."
,34,11,"Deket ume kayuh ohan boble ya adi dakayu ayagan ya adi dakayu donglon, pukpukon yuy hupuk hi hukiyu hin tayanan yuh diyen boblet panginilaan da an naliwat da."""
,34,12,Ot ume nadan disipulos na hi kabobboble ot ituttudu dah tatagu an muntutuyu dah liwat da.
,34,13,Kinaan day dakol an dimonyon nihkop ya inapuapan dah lana nadan dakol an mundogo ot makaan di dogoda.
,34,14,"Indani ya dingngol Herod am-in datuwe te nundingngol nadan inat Jesus. Kanan di udum an tataguy ""Hiya din hi Juan an mumbonyag an namahuwan, kinali waday kabaelanan mangat hi milagro."""
,34,15,"Mu kanan di udum di ""Hiyah Elijah."" Hanadan udum ya kanan day ""Hiya ya profetas an umat handidan profetas handih done."""
,34,16,"Hi Herod ke damdama ya kananay ""Hiya din hi Juan an impaputul kuy uluna, mu namahuwan."" 17,18,Te handi ya impadpap Herod hi Juan ot pikalabut na. Hituwey inat Herod te idutin Juan an hiya ya gaga-iho te pinlonah Herodias an inayan nan tulang nan hi Felipe. 19,20,Kinali hihingngitan mon Herodias hi Juan ta pinhod nan ipipaten Herod, mu umagol hi Herod te inila nan maphod an taguh Juan ya maid di bahul na. Hidiyey gapunah nangipanaptokanan hiyah kalabut. Pinhod nan dongdonglon nadan itanuttudun Juan takon di hin-uddum on humlun hi kabulubulunana."
,34,21,"Indani ya nadatngan nan algon panginomnoman dah nitungawan Herod. Naamung nadan ap-apu, nadan ap-apun di tindalu ya nadan kakadangyan kediyen boble an Galilee. Ya ketuwen tiempoy nangipipatayan Herodias ke Juan."
,34,22,"Athituy naat, handih naamung nadan tatagu ya himmawwang nan babain imbabalen Herodias ot manayo. Hi Herod ya nadan naamung an tatagu ya immamlong da ot kanan Herod nah babaiy ""Nganney pinhod mun idat kun he-a? Takon di nganneh diyen ibagam ya idat kun he-a."""
,34,23,"Insapatanan kananan hiyay ""Idat kun he-a takon di kagodwan tun pun-ap-apuwak an boble hin hidiyey ibagam."""
,34,24,"Ot ume nan babaih kad-an inana ot kananay ""Ina, nganney ibagak hi idat na?"" Ya kananan hiyay ""Hay ulun Juan an mumbonyag."""
,34,25,"Galagalan nibangngad nah kad-an nadan naamung ot kananan Herod di ""Pinhod kun idat mud uwaniy ulun Juan an mumbonyag an mihaad hi duyu."""
,34,26,"Namahig di tutuyun Herod, mu nil-un insapatana ya dingngol nadan tataguh diyen insapatana, kinali bumain an mangibabawi nah kinalina."
,34,27,Ot umitud-ak hi tindalun mangalah ulun Juan. Imme nan tindalu nah kalabut ot putulonay ulun Juan
,34,28,ot ialinan niha-ad hi duyu. Indat na nah babai ot ena idat ke inana.
,34,29,Handih dingngol nadan disipulos Juan hituwen naat ya eda inalay adol na ot eda ilubuk.
,34,30,Nibangngad nadan apostoles Jesus ot kalyon dan am-in ke hiyay inainat da ya hay intuttudu da.
,34,31,"Namahig an mahanhanot day tatagun maamung ta maid di innun da Jesus ya nadan disipulos nan mangan ot kanan Jesus ke diday ""Etaku nah maid di boble ta mun-iyatu takuh di."""
,34,32,Ot mumbangka dan imme ot ab-abbu da.
,34,33,Mu dakol da damdamay nanibon dida ya inila day pangayan da ot kahibubutik nadan tatagun nalpuh kabobboble ot mamangulu dan imme nah pingngit di baybay an dakalan da Jesus.
,34,34,Handih manatong da Jesus nah pingngit di baybay ya tinibo nan naamung day dakol an tatagu. Himmok na dida te kay da niwalong an kalneron maid di mangipaptok ke dida ot tuttuduwana dida ya dakol di intuttudu na.
,34,35,"Mungkahilong ya immali nadan disipulos hi kad-ana ot kanan day ""Deyan mungkahilong yaden maid di pangal-an hi kanon hitu."
,34,36,"Itud-ak mu ot kattog hantudan tatagut eda gumatang hi kanon da nadah nih-up an boble."""
,34,37,"Mu kananay ""Idatan yu didah kanon da."" Ya kanan day ""Mu daanay pangal-an mi? Mahapul di ongngal an pihhuh igattang hi kanon da."""
,34,38,"Indani ya kanan Jesus ke diday ""Eyu tibon hanadah tatagu ten kaatnay tinapay hi wada."" Eda nanibo ya wada ot kanan dan hiyay ""Wada ya abuy limlimman tinapay ya dudduwwan dolog."""
,34,39,"Ot kananay ""Eyu amungon nadan tatagut pab-unon yu dida nah maholok."""
,34,40,Ot umbun nadan tatagun naganodwa dah hinggagatut ya hinnanalima.
,34,41,Inalan Jesus nan liman tinapay ya duwan dolog ot itangad na ot mumpasalamat ke Apu Dios. Pinani-ang na nadan tinapay ya dolog ot idat na nadah disipulos nat eda ikap-ong nadah tatagu.
,34,42,Nangan dan am-in ot mabhug da ya dakol di natdaan.
,34,43,Inamung nadan disipulos ya napnuy himpulut duwan kaba.
,34,44,Hay uyap nadan tatagun nangan ya limay libu.
,34,45,Pinghanadi ya impumbangkan Jesus nadan disipulos na ot pamanguluwona didad Betsaida nah bah-el di baybay ot ahina itud-ak nadan tatagu.
,34,46,Imme nadan tatagu ot ahi ume nah bilid an mundasal.
,34,47,Nahilong ya wada nadan disipulos nah gawwan di baybay yaden dehdi bo damdamah Jesus nah bilid an oh-ohha nah di.
,34,48,Tinibon Jesus an maligligatan nadan disipulosna nah bangka te midamuy nal-ot an dibdib ke dida. Mungkabigat ya immeh kad-an dan nundallan nah tap-on di danum an ena ot la-uwan dida.
,34,49,"Mu tinibo da ya timmattakut da te pangali da pe on banig ot muntukuk dan kanan day ""Deya on banig!"""
,34,50,"Namahig di takut dah nangang-angan dan hiya, mu kimmalih Jesus an kananay ""Adi kayu tumakut, mundinol kayu te ha-on."""
,34,51,Ot umeh Jesus nah bangka ot makib-un ke dida ya natikod nan puwok. Nakammodwong nadan disipulosna nah naat.
,34,52,Man-uke ya uggeda naawatan nan nangipadakolanah tinapay te makulhiy uluda.
,34,53,Handih immagwat dad Genesaret ya inggakod dah di nan bangka.
,34,54,Limmah-un da ya inimatunan nadan tataguh Jesus
,34,55,ot galgal-an dan immeh kabobboblen eda nun-iattang nadan mumpundogo ot iedah kad-ana.
,34,56,Am-in nah boblen nangayana ya nun-iunud di tatagu nadan mumpundogo nah malkadut pihpihmok dan hiyan iabulut nat dapaon da ni-moy udun di bulwatina. Ya am-in nadan nanapah bulwatina ya pinumhod da.
,35,1,Waday ohan algon naamung nadan Pharisee ya nadan muntuttuduh Tugun Moses an nalpud Jerusalem hi kad-an Jesus.
,35,2,Tinibo da nadan udum an disipulos nan uggeda nun-ula ot mangan da.
,35,3,Hanadan Pharisee ya nadan udum an Judyu ya paka-un-unudon day pangi-en handidan aammod dan mahapul an mun-ula da on ahida nangan.
,35,4,"Ya am-in bo nan gattangon dah malkadu ya mahapul an ulahan da on ahida kinan. Dakol nadan tugun di aammod dan un-unudon da umat hi pun-ulahan hi basu, banga, buhi ya nadan ubunan."
,35,5,"Kanan dadiyen Pharisee ya muntuttuduh Tugun Moses ke Jesus di ""Tipet adi un-unudon nadan disipulos muy pangi-en di aammod taku? Tipet na-ala on nangan da takon di uggeda nun-ula?"""
,35,6,"Hinumang nan kananay ""Dakayun makallangkak, mipanggep ke dakayuy kinalin din profetas an hi Isaiah an kananay'Datuwen tatagu ya kanan day un-unudonak, mu hay kakulugana ya adi te hi kalida ya abuh diye."
,35,7,"Maid di hilbin di pundayawan dan ha-on te hay tugun di taguy itanuttudu dan maunud on kanan day ha-on di kon tugun, mu bokon kaya.'"
,35,8,"Inwalong yuy tugun Apu Dios ta hay tugun di taguy un-unudon yu."""
,35,9,"Kanana boy ""Natalam kayun mangiwalong hi tugun Apu Dios ta hay tugun di taguy un-unudon yu."
,35,10,Kanana nah Tugun Moses di 'Un-unudon yu ya ipaptok yu da amayu ke inayu' ya kanana boy 'Hay tagun waday gaga-ihon kalyonan amana weno hi inana ya mahapul an mate.'
,35,11,Mu hay ituttudu yu ya kanan yuy 'Takon di adi idat hi ammod di ibaddang ot ke dida hin hi Apu Dios di pangidatan kediye.'
,35,12,Ta hidiye nan kanan yu moy takon di adi baddangan di ammod hin nidat ke Apu Dios nan ibaddang ot ke dida.
,35,13,"Hay kakulugana ya iwalong yuy tugun Apu Dios ketuwen ituttudu yu. Ya dakol di athitun at-atton yu."""
,35,14,"Inayagan bon Jesus nadan tataguh kad-ana ot kananan diday ""Donglon yu tun kalyok ke dakayun am-in ta maawatan yu."
,35,15,"Bokon hay kanon di mumpagaga-ihoh tagu, mu hay malpuh nomnom na."
,35,16,"Pakannomnomon yuh tuwen kinalik."""
,35,17,"Tinaynan Jesus dadiyen tatagun naamung ot humgop nah bale ya niunud nadan disipulos na ot kanan dan hiyay ""Nganney kibalinan nan kinalim?"""
,35,18,"Kananan diday ""Tipet takon di dakayu ya adiyu maawatan? An uggeyu inilan bokon nan kanon di mumpagaga-ihoh tagu?"
,35,19,"Te adi umeh nomnom, mu umeh putu ne ahi bimmuddu nah budduwana."" Ketuwen kinalina ya impainilana an maid di panion makan."
,35,20,"Intuluy Jesus an kananay ""Hay malpuh nomnom di taguy mumpagaga-ihon hiya. 21,22,Hay nomnom di taguy kalpuwan di gaga-iho umat nadah malalaon aton, hay mangako, hay pumate, hay pangihuyopan hi bokon inayan, ohhaan am-in di nganneh diye, aton di nalgom an gaga-iho, hay humaul, hay pangatan hi pumbongangan, hay umamohan hi limmun di ibban tagu, hay pumihul, hay pumpahhiyaan ya na-ala on inat di aton."
,35,23,"Am-in datuwen mumpagaga-ihoh tagu ya malpuh nomnom."""
,35,24,"Tinaynan da Jesus hidiyen boble ot ume dad Tyre. Immeh Jesus nah ohan bale ot maoh-ohhah dit maid di manginilah kad-ana, mu ininnilan damdaman nadan tatagu."
,35,25,Wada on ohan babain nahikpan di imbabalenan dingngol nan wadah Jesus ya imme ot mundukkun hi hinangngab na.
,35,26,"Hidiyen babai ya bokon Judyu, mu iPhoenicia ad Syria. Numpahpahmok ke Jesus ta kaanona nan dimonyo an nihkop nah imbabalena."
,35,27,"Mu in-alig Jesus di impanumang nan kananay ""Panganon ni-an di u-ungat mabhug da. Adi maphod an alan di kanon di u-unga ta ipakan hi ahu."""
,35,28,"Mu kanan nan babaiy ""Makulug hinae, Apu, mu miabulut di ahun mangan hi ogahon di u-ungah makan."""
,35,29,"Ot kanan Jesus ke hiyay ""Gapu te athinay humang mu ya umanamut ka ot nakaan nan dimonyon nihkop nah imbabalem."""
,35,30,Immanamut nan babai ya mibakbakillang nan imbabalenan nakaan mo nan nihkop ke hiya.
,35,31,Tinaynan bon da Jesus ad Tyre ot idalan dad Sidon ya nah himpulun bobled Decapolis ot ahida dumatong nah Baybay an Galilee.
,35,32,Indani ya wadaday nangialin Jesus hi tagun nalulok ya nanganga. Ot mumpahpahmok dan hiyat dapaona.
,35,33,Ingkuyug Jesus hidiyen tagun nalulok ot eda maappil. Indapanay duwan gamat na nah ingan nan tagu ot tuppaana nan gamat na ot idapa nah dilan diyen tagu.
,35,34,"Intangad nah kabunyan ot kananay ""Ephphata!"" an hay kibalinan tuwe ya ""Pumhod ka."" Inat nah diye te ongal di homok na."
,35,35,Pinghanadi ya nakaan di lulok nan tagu ya mihadak nuppey kalina.
,35,36,"Intugun Jesus nadah tatagun adida kalkalyon hituwen inat na, mu in-al-ala na ot ya abun eda kinalkali."
,35,37,"Ta am-in di tagun nangngol ketuwe ya namodwong dan kanan day ""Maphod peman di atona. Takon di nalulok ya pakadngol ya hay nanganga ya pakakali."""
,36,1,"Wada boy naminghan an naamung day dakol an tataguh kad-an Jesus. Nap-uhan dah kanon da ot ayagan Jesus nadan disipulosna ot kananan diday 2""Mahmok da tun tatagu te tulun algon nakihkihtu dan ha-on ya deyan maid moy kanon da."
,36,3,"Deket paanamutok didan uggeda nangan ya kal-ina ya mahalangob dah dalan te nidawwiy nalpuwan di udum."""
,36,4,"Kanan nadan disipulos di ""Kon daanay pangal-an hi kanon hantudan tatagun maid di bobleh tu?"""
,36,5,"Kanan Jesus ke diday ""Kaatnan tinapay di wada?"" Kanan day ""Pitu ya abu."""
,36,6,Ot pab-unon Jesus nadan tatagu. Inalana nan pitun tinapay ot mumpasalamat ke Apu Dios. Pinani-ang na ot idat na nadah disipulos nat eda ikap-ong nadah tatagu.
,36,7,"Wada boy o-ohan dolog ot alana ot mumpasalamat ke Apu Dios. Ot idat na nadah disipulosna ta ikap-ong da. 8,9,Nangan am-in nadan tatagu ot mabhug da. Ya takon di immeh opat an libuy tatagun nangan ya dakol di natdaan ot amungon nadan disipulos ya napnuy pitun kaba.Impaanamut Jesus nadan tatagu"
,36,10,ot ahida mumbangkan nadah disipulosna ot ume dad Dalmatia.
,36,11,Wadaday Pharisee an immen e nakihannu ke Jesus te pinhod dan patnaan. Ot imbaga dan hiyay pangitib-an da hin makulug an hiya ya intud-ak Apu Dios.
,36,12,"Mu kimmalih Jesus an kananay ""Toan kayun tatagud uwani! Tipet kah-in di waday pangimatunan yu? Kalyok ke dakayun adik aton nan ibaga yun milagro an pangimatunan yu."""
,36,13,Kinali nah diye ot tumayan dan numbangka da ot umagwat dah dommang na.
,36,14,Kinal-iwan nadan disipulos nan numbalun ot hay ya abu wada nah bangka ya nan ohan tinapay an natdaan.
,36,15,"Kanan Jesus ke diday ""Halipat-an yu ot nan yeast di Pharisee ya nadan tatagun Herod."""
,36,16,"Munhuhummangan nadan disipulos nan kanan day ""Man-uket kinali nah diye ya kinal-iwan takun numbalun hi tinapay."""
,36,17,"Inilan Jesus hidiyen kalkalyon da ot kananay ""Tipet hay kamaid di tinapay di ihuhummangan yu? Kon adi kayu pakaawat hi pangi-ek?"
,36,18,Tipet kay maid di ingayu ya matayu?
,36,19,"Kon kinal-iwan yu handin nami-angak hi liman tinapay ot kanon di limay libun tatagu? Kon kaatnay kabah inamung yuh natdaan?"" Kanan day ""Himpulut duwa."""
,36,20,"Kanana bon diday ""Ya kon kinal-iwan yu bo din pitun tinapay an pinani-ang ku ot kanon di opat an libun tatagu? Kaatnan kabay inamung yun natdaan?"" Ya kanan da boy ""Pitu."""
,36,21,"Kanan Jesus ke diday ""Deya ot an inila yu ya tipet nanongnan adiyu maawatan nan kinalik mipanggep hi yeast nadan Pharisee ya nadan tatagun Herod?"""
,36,22,Imme da Jesus ad Betsaida ya wadaday tatagun nangialih nakulap ke Jesus ot mumpahpahmok dan hiya ta dapaonat makaan di kulap na.
,36,23,"Inawit Jesus nan nakulap ot ume da nah e-elen nan boble. Ot tuppaanay matana ot dapaona ot ibaganan hiyay ""Kon waday tibom?"""
,36,24,"In-ang-ang nan tagu ya kananay ""Om, pakatibowak hi tatagu, mu kay da kakaiw an mundallanan."""
,36,25,Dinapan bon Jesus di matana ot iang-ang bon nan tagu ya maphod moy panibona.
,36,26,"Ot ipaanamut Jesus an kananan hiyay ""Adim ot mo idalan nah boble."""
,36,27,"Imme da Jesus ya nadan disipulos na nadah kabobbobled Cesarea Philippi. Wadadah dalan ya kanan Jesus ke diday ""Dahdiyak pe nin hi pangalin di tatagu?"""
,36,28,"Ya kanan day ""Hay udum ya kanan day he-a din hi Juan an mumbonyag. Ya hay udum ya kanan day he-a din hi Elijah. Wadada boy udum an kanan day he-ay oha handidah udum an profetas Apu Dios."""
,36,29,"Ya kanan Jesus ke diday ""Dakayu ya-, dahdiyak pe tuwali?"" Ya kanan Pedroy ""He-ah Kristo an tinuddun Apu Dios an mangipaptok hi tagu."""
,36,30,"Ya intugun Jesus an kananay ""Adiyu e kalkalyon hi udum an tatagu."""
,36,31,"Inlappun Jesus an kalyon ke diday mipanggep hi ahi maat ke hiya. Ot kananay ""Ha-oy an Panguluwan di tagu ya munholholtapak ya adiyak abuluton an Kristo nadah mangipangpanguluh Judyu, nadan ap-apun di padi ya nadan muntuttuduh Tugun Moses. Ya ahiyak pipate, mu hi mikatlun algo ya mamahuwanak."""
,36,32,"Hituwey kinalin Jesus ke dida ot ayagan Pedro nah e-elena ot kalyana te adina pinhod an maat di athidin hiya,"
,36,33,"mu nunligguh Jesus ot iang-ang na nadah disipulos na ot kananan Pedroy ""Mange-ele ka! Umat ka damdaman Satanas. Hay punnomnom mu ya ugge nalpun Apu Dios, mu nalpuh nomnom di tagu."""
,36,34,"Inayagan Jesus nadan tatagun naamung ya nadan disipulosna ot kananan diday ""Hay tagun pinhod nan mangun-unud ke ha-on ya mahapul an adina ikakaguy nitaguwana tuh luta ya ippol nay punholholtapana gapuh pangun-unudanan ha-on, takon di hidiyey lummuh katayana."
,36,35,Te hay tagun hay nitaguwana tuh luta ya abuy nonomnomona ya adi midatan hi biyag an maid poppog na. Mu nan tagun paka-un-unudonak ya ipainilanay pangi-ek takon di humlun hi katayana ya hiyay midatan hi biyag an maid poppog na.
,36,36,Takon di alan di tagun am-in tun wadah luta ya maid di hilbina hin adi midatan hi biyag an maid di poppog na ta mihi-an ke Apu Dios ta nangamung.
,36,37,Te hay tagun mihi-an ke Apu Dios ya maid di maat na.
,36,38,"Dakol dad uwaniy gaga-ihon tatagun nangiwalong ke Apu Dios. Ta hidiye nan hay tagun mangibain nah ituttuduk ya ke ha-oy an Panguluwan di tagu ya adik ibilang an taguk hantuh kibangngadak hi pangipatib-ak hi dayaw min Ama an ibbak nadan anghel."""
,37,1,"Ot kanana boy ""Nomnomon yu tun kalyok, wadadah tun dakayuy adi mate ingganay tibon day pun-ap-apuwan Apu Dios an Kabaelanan am-in."""
,37,2,Nala-uy onom an algo ya ingkuyug Jesus hi Pedro ya da James ke Juan ot ume da nah natag-en bilid ot ab-abbu dah di. Kal-inadi ya tinibo dah Jesus an nalumman di ang-ang na.
,37,3,Hay bulwatina ya numbalin hi makabbayak an humihhilin maid di kipaddungana tuh luta.
,37,4,Kal-inadi ya wadada Elijah ke Moses an makihumhummangan dan Jesus.
,37,5,"Ot kanan Pedro ke Jesus di ""Apu, maphod ta wada takuh tu. Agat mangapya kamih tulun ab-abbung ta he-ah oha, hi Moses hi oha ya hi Elijah oha."""
,37,6,Kinali nah diye te timmattakut da ya uggena inilay kalyona.
,37,7,"Indani ya waday kulabut an nipottok ke dida ot haniyana dida. Ya waday kalin nalpun nah kulabut an kananay ""Hituwey Imbabalek an impakappinhod ku. Un-unudon yuy kalyona."""
,37,8,Mun-ang-aang-ang da ya abunah Jesus an wada.
,37,9,"Indanit manayyu da ya tinugun Jesus didan kananay ""Adiyu e kalkalyon hidiyen tinibo yu inggana mamahuwanak an Panguluwan di tagu."""
,37,10,"Inun-unud da, mu dida pe ya munhimbabaggaan dan kanan day ""Nganne nin di pinhod nan kalyon nah kananay ahi mamahuwan?"""
,37,11,"Ot ibaga dan Jesus di ""Tipet kanan nadan muntuttuduh Tugun Moses di kah-in di umalih Elijah ta ahi umaliy itud-ak Apu Dios?"" 12,13,Kananay ""Makulug an kah-in di umalih Elijah ta idadaanay tataguh aliyan diyen itud-ak Apu Dios. Ya wada boy impitudok Apu Dios an kananay hay Panguluwan di tagu ya ahi munholholtap ya adi abuluton di tatagu. Mu kalyok ke dakayun immali mo tuwalih Elijah ot punholholtapon di tatagu. Hidiyey immannungan din impitudok Apu Dios."""
,37,14,Dimmatong da Jesus hi kad-an nadan udum an disipulosna ya tinibo day dakol an tatagun naamung. Wadada nadan muntuttuduh Tugun Moses an munhahannu da nadah disipulosna.
,37,15,Handih inang-ang nadan tataguh Jesus ya namodwong da ot eda pundamu.
,37,16,"Kanan Jesus nadah disipulos nay ""Nganney pakihannuwan yun dida?"""
,37,17,"Waday oha nadah naamung di kimmalin kananay ""Apu, in-alik tun imbabalek an nahikpan ot adi pakakali."
,37,18,"Deket nahikpan on mumbalbalin hi luta, mun-uupag di tokona, mungngaliyot di bab-ana ya kumodhol. Kanak hantudah disipulos muy kaanon da nan nihkop, mu adida pakakaan."""
,37,19,"Kanan Jesus ke diday ""Ag-agam kayun tatagud uwani, antipet makudang di pangulug yu? Kon eyak makihkihtun dakayut nangamung? Kaatnay pangan-anusak ke dakayu? Iyali yuh tu nan unga."""
,37,20,Ot ieda nan ungah kad-ana. Inang-ang nan nihkop hi Jesus ya pinghanadi ya impagayonggong na nan unga ot matukkad nah lutan mumbalbalin ya mun-uupag di tokona.
,37,21,"Kanan Jesus nah amanay ""Kakon-anay nilappuwana?"" Kanan nan amanay ""Nilappu tuwali handih kagolang na."
,37,22,"Nadandani on kay mate te na-ala on natukkad hi apuy ya danum. Homkon dakami anhan ta baddangan dakami hin damana."""
,37,23,"Ya kanan Jesus di ""Adiyu e kanan di 'hin damana' te kon uggeyu inilan hay tagun mangulug ke Apu Dios ya mabaddangan hi nganneh diyen mahapul na?"""
,37,24,"Ya inlot nan aman nan ungay kalinan kananay ""Mangulugak, mu makudang di pangulug ku. Udmam anhan!"""
,37,25,"Tinibon Jesus an mangali day katagutaguh kad-ana ot kanana nah nihkop di ""He-an nihkop an umipalulok ya umipanganga, makaan ka nah unga ya adika mo mibangngad ke hiya."""
,37,26,Pinghanadi ya impatkuk nan nihkop nan unga ya kimmodhol an kay nate ta waday oha on kanan day nate.
,37,27,Mu inodnan Jesus di taklena ot ipataddog na ya timmaddog.
,37,28,"Imme da Jesus nah ohan bale ot handih ab-abbu da ya kanan nadan disipulos nay ""Antipet dakami ke ya adi kami pakakaan kediyen nihkop?"""
,37,29,"Ya kanan Jesus di ""Abunay dasal an mabalin an mangaan hi athidin nihkop."""
,37,30,Tinaynan dah diyen boble ot idalan dad Galilee. Adi pinhod Jesus an wadaday udum hi tatagun manginilah kad-ana
,37,31,"te waday ituttudu na nadah disipulosna. Kananan diday ""Ha-oy an Panguluwan di tagu ya ahiyak alan hanadah tatagun ahi mamaten ha-on, mu hi katlun di algoh katayak ya mamahuwanak."""
,37,32,"Uggeda naawatan hidiyen kinalina, mu mun-ogon dan mummahma."
,37,33,"Handih dimmatong dad Kapernaum ya hinumgop dah ohan bale ot kanan Jesus nadah disipulos nay ""Nganne nan ihanummangan yuh dalan?"""
,37,34,Mu maid di humumang te hay inhanummangan da ya hay mipanggep hi dahdiy natagtag-e ke didan am-in.
,37,35,"Inumbun hi Jesus ot kananan diday ""Hanan pinhod nan hiyay katagtag-ayan ya mahapul an ipababa nay adol nat hiyay pummuttatyun am-in di tagu."""
,37,36,"Inawit nay ohan unga ot pataddogonah hinangngab da. Indani ya inapupuna ot kananan diday 37""Hay tagun maminhod hi u-unga gapu ke ha-on ya ha-oy di pohdona ya hanan maminhod ke ha-on ya pohdona damdamah Apu Dios an nangitud-ak ke ha-on."""
,37,38,"Kanan Juan ke Jesus di ""Apu, waday tinibo mih tagun kaanonay nihkop te hay ngadan muy oggana ngadanon ot kalyon min hiyan itikod na te bokon taku ibba."""
,37,39,"Mu kanan Jesus di ""Adiyu patikodon te hay tagun damanan atonay milagro gapuh ngadan ku ya adina kalyon di gaga-iho mipanggep ke ha-on,"
,37,40,te hay tagun adi kumahing ke ditaku ya ibba taku.
,37,41,"Kalyok ke dakayun hay tagun umidat hi danum an inumon yu te inilanan dakayu ya kulugonak an Kristo ya midatan hi kiphodana."" 42""Hanan tagun hiyay humlun hi punliwatan ya pangiwalongan di ka-kulug na hi pangulug nan ha-on ya kudukdul nay tayunan di bagang nah ongal an batu ya inggah baybay."
,37,43,"Deket hay takle yuy humlun hi punliwatan yu ya kudukdul nay putulon yu. Te kudukdul nay maid di ohan takleyu mu ta waday mikadwan biyag yu mu nan e wadan duway takleyu, yaden e kayu ume nah apuy hi impiernon adi mad-op."
,37,44,[Hidi ya mabigibiggihan di adol di tagu ya adi madmad-op nan apuy.]
,37,45,Deket hay huki yuy humlun hi punliwatan yu ya kudukdul nay putulon yu. Kudukdul nay maid di ohan hukiyu mu ta waday mikadwan biyag yu mu nan e wadan duway hukiyu yaden ekayu ume nah apuy hi impiernon adi mad-op.
,37,46,[Hidi ya mabigibiggihan di adol di tagu ya adi madmad-op nan apuy.]
,37,47,Ya deket hay mata yuy humlun hi punliwatan yu ya kudukdul nay duk-iton yu. Kudukdul nay maid di ohan matayu mu ta migappat kayu hi pun-ap-apuwan Apu Dios mu nan e duway matayu yaden ekayu umen nah apuy hi impiernon adi mad-op.
,37,48,Hidi ya mabigibiggihan di adol di tagu ya adi madmad-op nan apuy.
,37,49,"Am-in di tagu ya hiktaman day ligat, mu hay ligat ya damanan ihamad nay pangulug. Umat hi ahin an waday kiatana an hidiye nan kialigan di pangulug."
,37,50,"Maphod di ahin, mu deket nakaan di kinaahina ya maid moy hilbina ya adinadaman pabangngadon di kinaahina. Athidi bon dakayun mangulug an ongal di punhilbiyan yuh tatagu, mu deket iwalong yuy pangulug yu ya maid moy hilbi yuh tatagu. Kinali munhimbabaddang kayu ta malinggop kayu."""
,38,1,Tinaynan da Jesus di Kapernaum ot ume dad Judea ot umagwat da nah Wangwang an Jordan. Naamung da boy dakol an tatagu ot tuttudwana didan umat nah oggana tuwali aton.
,38,2,"Wadaday immalih Pharisee an mamatnan Jesus hin mihallay panumang na ot kanan day ""Kon iabulut di tugun takun Judyun ibolhen di lalakiy inayana?"""
,38,3,"Kanan Jesus di ""Kon nganney kanan di Tugun Moses?"""
,38,4,"Kanan day ""Kananay damana hin waday kapyaon di lalakih papel hi pangibolhayanah inayana ya ahina intud-ak."""
,38,5,"Ya kanan Jesus ke diday ""In-abulut Moses hidiye te namahig kayun adi kayu matuttuduwan."
,38,6,Mu handih lappunah nunlutuwan Apu Dios am-in hi wada tuh luta ya lintunay ohan lalaki ya ohan babain mun-ine.
,38,7,Hituwey gapunan hay lalaki ya taynana da amanan inana ta mun-addum da nah inayana
,38,8,"ta deket mun-addum datuwen duwa ya adida mo duwa, mu kay da oha."
,38,9,"Kinali adi mabalin an e punhi-anon di taguy impun-addum Apu Dios."""
,38,10,Nibangngad da Jesus nah bale ya punmahmahan nadan disipulosna nan kinali nan mipanggep hi bolhe.
,38,11,"Hay inhumang Jesus ya kananay ""Hay lalakin ibolhe nay inayanat mumbintan ya maliwat te inhuyop nay udum an babain bokon nan namangulun inayana."
,38,12,"Paddung na damdama nah babain deket ibolhe nay inayana ta mumbintan ya maliwat te inhuyop nay udum an lalaki an bokon nan namangulun inayana."""
,38,13,"Wadaday tatagun nun-iali day imbabale dan eda ipadapan Jesus ta idasalana dida, mu inhong-ak nadan disipulosna dida."
,38,14,"Tinibon Jesus hidiye ya bimmoh-ol ot kananay ""Adiyu iadiy aliyan di u-ungan ha-on. Hanadan migappat hi pun-ap-apuwan Apu Dios ya hay umat ke datuwen u-ungay pangi-eda."
,38,15,"Nomnomon yuh tuwe. Mahapul an idinol di tagun Apu Dios an umat hi pangidinol di u-ungah pamaptok di aammod dat ahi migappat hi pun-ap-apuwan Apu Dios."""
,38,16,Ot ohhaohhaon Jesus an apupuwon nadan u-unga on inhakmo nay taklenah ulu dat idasalana dida.
,38,17,"Mange da Jesus ya nipdug on ohan tagu ot mundukkun hi hinangngab nan kananay ""Maphod an Apu, nganney atok ta midatanak hi biyag an maid di poppog na?"""
,38,18,"Kanan Jesus ke hiyay ""Tipet kanam di maphodak? Maid di udum hi maphod hin bokon hi Apu Dios ya abu."
,38,19,"Inilam nadan tugun Apu Dios an kananay adika pumate, adim ihuyop di bokon mu inayan, adika mangako, adika munlangkak, adika humaul hi ibbam ya un-unudom da amam ke inam."""
,38,20,"Kanan nan taguy ""Man-u da nae Apu, te nipalpu tuwalih kaungak ya inun-unud ku."""
,38,21,"In-ang-ang Jesus ke hiyan waday pamhod nan hiya ot kananay ""Oha mo ya abuy mahapul an atom. Eka ni-an ta em igattang am-in di limmum ya idat mu nan pihhun nunggattangam hanadah nawotwot ta waday ongal an kinadangyan muh langit. Hituwey atom ne ahika niunud ke ha-on."""
,38,22,Dingngol nan taguh diye ya u-umyung an mahakit di nomnom na ot na-ala ot mange te kaddakaddangyan.
,38,23,"Nunligguh Jesus ot kanana nadah disipulos nay ""Naligat di kadangyan an migappat hi pun-ap-apuwan Apu Dios."""
,38,24,"Dingngol nadan disipulos nah diye ya namam-an namodwong da. Kanan bon Jesus di ""Makulug an naligat tuwaliy kigappatan hi pun-ap-apuwan Apu Dios."
,38,25,"Ipidwak bon kalyon, nalaklakay humgopan di kamel hi tolok di bilat mu hay kigappatan di kadangyan hi pun-ap-apuwan Apu Dios."""
,38,26,"Dingngol bon nadan disipulos nah diye ya namammam-an namodwong da ot waday ohan dida on kananay ""Dahdi nin moy mihwang?"""
,38,27,"In-ang-ang Jesus ke dida ot kananay ""Hay tagu ya adina kabaelan an mangihwang hi adol na. Hi Apu Dios ya abuy mangihwang hi tagu te hiya ya kabaelanan aton am-in."""
,38,28,"Kimmalih Pedron kananay ""Apu, dakami ya-, inwalong min am-in ot miunud kamin he-a."""
,38,29,"Kanan Jesus di ""Nomnomon yu tun kalyok. Hanan tagun tinayananay balena, tutulang na, aammod na, imbabalena ya payona gapuh pangun-unudanan ha-on ya hay kalin Apu Dios"
,38,30,"ya dakol di midat ke hiyan gun-udona. Dumakol di imbabalena, tutulang na, aammod na, balena ya payona, mu waday ahina punholholtapan. Ya hi kapoppogan di luta ya ahi midatan hi biyag an maid di poppog na."
,38,31,"Dakol day tatagun mibilang an natag-ed uwani an diday ahi nakababba ya dakol day nakababbad uwani an diday ahi mibilang an natag-e."""
,38,32,Handih wadada Jesus hi dalan an mange dad Jerusalem ya hiyay namangulu. Hanadan disipulosna ya tumattakut da ya takon nadan tatagun mituntun-ud ya tumattakut da damdama te umeh Jesus hidi. Inayagana nadan himpulut duwan disipulosna ot handih ab-abbu da ya kinalina bon diday ahi maat ke hiya.
,38,33,"Kananay ""Deyan ume takud Jerusalem an ahik kadpapan an Panguluwan di tagu ta mieyak hi kad-an nadan aap-apun di padi ya nadah muntuttuduh Tugun Moses. Kalyon day mahapul an mateyak ya ipaboltanak nadah bokon Judyu ta diday mamaten ha-on."
,38,34,"Ahiyak taltalanggaan ya tuppaanak ya hoplatonak ne ahiyak impipate, mu hi mikatlun algo ya mamahuwanak."""
,38,35,"Indani ya immali da nadan imbabalen Sebedi an da James ke Juan ot kanan dan Jesus di ""Apu, wada anhan di pinhod min ibagan he-a."""
,38,36,"Kanan Jesus di ""Nganneh diye?"""
,38,37,"Kanan day ""Pinhod mi ot an hantuh umbunam hi pun-ap-apuwam ya ahi dakami pakib-unon hi paldang mun ohah winawwan mu ya hay ohah iniggid mu."""
,38,38,"Mu kananan diday ""Uggeyu kattog inilay pun-ibaga yu. An pakaippol kayun munholtap hi ahik holholtapon?"""
,38,39,"Kanan day ""Pakaippol kami."" Ot kanana bo ke diday ""Makulug an ahi kayu munholholtap umat ke ha-on gapuh pangun-unudan yun ha-on,"
,38,40,"mu hay ke ahi makib-un ke ha-on ya bokonak an mamili, mu hi Ama an hi Apu Dios di ahi mangipab-un hanadah pinili na tuwali."""
,38,41,Dingngol nadan himpulun disipulos hidiye ya bumobboh-ol da ke da James ke Juan.
,38,42,"Ot ayagan Jesus didan am-in ot kananay ""Inila yu an hay aap-apu ya diday mumbaal hi tatagu ya hay pinhod day maunud te diday ap-apu."
,38,43,Mu adi athidin dakayu. Deket waday ohan dakayun pinhod nan hiyay katagtag-ayan ya mahapul an hiyay kay muttatyun nadan ibbana.
,38,44,Ya deket wada nan pinhod nan hiyay mun-ap-apu ya mahapul an mumbalin an kay muttatyu.
,38,45,"Te ha-oy an Panguluwan di tagu ya immaliyak an punmuttatyun am-in di tagu, bokon hay mun-ap-apu. Immaliyak an mangikateh boklan di liwat di tagu ta mihwang da."""
,38,46,Indani ya dimmatong da Jesus ya nadan disipulos nad Jerico. Handih eda tayanan hidiyen boble ya niunud day dakol an tatagu. Wada on tagun nakulap an um-umbun nah pingngit di kalatan mungkodkoddon hanadah mala-u. Hay ngadana ya hi Bartimeo an hi imbabalen Timeo.
,38,47,"Handih dingngol nan mungkala-uh Jesus an iNasaret ya muntukuk an kananay ""Apu Jesus an holag David! Homkonak anhan!"""
,38,48,"Dakol day nangihong-ak ke hiyat umop-opya ot kuma, mu pun-olot na ot ya abuy tukuk nan kananay ""Holag David, homkonak anhan!"""
,38,49,"Immohnong hi Jesus ot kananay ""Iali yuh tu."" Ot ayagan da nan nakulap. Kanan dan hiyay ""Maphod kaya! Maka tedeyan pun-ayagan daka."""
,38,50,Impamaganay wagiddih nitak-op an bulwatina ot mangintataddog ot umeh kad-an Jesus.
,38,51,"Kanan Jesus ke hiyay ""Nganney pinhod mun atok ke he-a?"" Ya kananay ""Apu, pinhod kun kaanom di kulap ku."""
,38,52,"Ot kananan hiyay ""E ka mo. Nakaan di kulap mu gapuh pangulug mun ha-on."" Pinghanadi ya pakatibo nan tagu, ot miunud ke hiya."
,39,1,Manatong da Jesus ad Jerusalem an wadadah nangappit ad Betpage ya Betania nah Bilid an Oliba ya impamangulunay duwan disipulos na.
,39,2,"Kananan diday ""Ekayun dih boble ot waday tibon yun nigakod an ka-ongalnan donkey an ugge ni-an natakkayan. Ubadon yu ne in-ali yuh tu."
,39,3,"Deket waday mangibagan dakayun kananay 'Tipet pun-ubad yu?' Ya kanan yuy 'Mahapul nan Ap-apu taku. Maid uhup ya ibangngad mi.'"""
,39,4,Ot ume da nan duwan impamangulun Jesus ya tinibo da nan ka-ongalnan donkey an nigakod hi panton di ohan bale. Handih pun-ubad da ya
,39,5,"kimmali nadan nangang-ang ke didan kanan day ""Nganney aton yu? Tipet pun-ubad yu?"""
,39,6,Inhumang da nan kinalin Jesus ot iabulut da.
,39,7,In-e da nan donkey hi kad-an Jesus ot iap-ap day bulwati dah odog nan donkey ot mitakkeh Jesus.
,39,8,Hanadan dakol an tatagu ya kinaan day oddan di bulwati da ot pun-iap-ap da nah kalatan dalanona. Hanadan udum ya eda nangalah tubun di kaiw ot dadiyey nun-iaplag dah dalanonat pangipatibo dah pundayaw dan hiya.
,39,9,"Hanadan tatagun namangulu ya nadan mituntun-ud ya itukutukuk day pundayaw dan hiyan kanan day ""Madayaw hi Apu Dios! Ya madayaw hantun intud-ak na!"
,39,10,"Madayaw kan immali te dandanin madatngan di pun-ap-apuwam an ningadan nah ammod takun hi David. Madayaw hi Apu Dios!"""
,39,11,Dimmatong da Jesus ad Jerusalem ot humgop nah Templo ot mun-ang-ang-ang. Mu mungkahilong ot ikuyug na nadan himpulut duwan disipulosna ot ume dad Betania.
,39,12,Handih nabiggatanan nalpu dad Betania ya naagangan hi Jesus.
,39,13,"Tinibona nan kaiw an fig an dakkodakkol di tubuna ot umen e maniboh bungana, mu maid te bokon hidiyey tiempon bungaana."
,39,14,"Kanan Jesus hanah kaiw di ""Adika mo bumunga!"" Hanadan disipulosna ya dingngol dah diyen kinali na."
,39,15,Handih dimmatong dad Jerusalem ya imme boh Jesus nah Templo ot pun-ipalah-una nadan gumatang ya munggattang nah bohongnan di Templo. Hinukwangngi nay lamesaan nadan munhannot hi pihhu ya nadan ubunan di munggattang hi paloma.
,39,16,Iadina boy pangidalanan di tatagun waday inodnan dan igattang da nah dolan di Templo.
,39,17,"Kanana nadah tataguy ""Impitudok Apu Dios an kananay 'Hay balek ya pundasalan di tatagu.' Mu impumbalin yuh punggattangan ta pangakawan yuh pihhun nadan umalin mundasal."""
,39,18,Dingngol nadan ap-apun di padi ya nadan muntuttuduh Tugun Moses ot munnomnomnom dah aton dan mamaten Jesus. Man-uke ya tumakut da te inila dan dakol day tatagun namodwong hi ituttudu na ya nadan at-attona.
,39,19,Mungkahilong kediye ot tayanan da Jesus hidiyen boble.
,39,20,Handih nabigatana ya indalan da bo nah kad-an nan kaiw an fig ya inang-ang dan nakleng.
,39,21,"Ninomnom Pedroy kinalin Jesus nah kaiw ot kananay ""Apu, ang-angom ke din tinomyom an kaiw, deyan nakatte!"""
,39,22,"Ya kanan Jesus ke diday ""Nomnomon yuh tuwe, deket waday pangulug yun Apu Dios"
,39,23,"ya damanan deket kanan yu nah bilid di 'Mit-an ka nah baybay' ya mit-an. Am-in di nomnomnomon yun aton ya maat hin adi kayu munhalinduwa, mu kulugon yun maat."
,39,24,Takon di nganney ibaga yuh dasal yun Apu Dios ya atona hin kulugon yu.
,39,25,Ya deket mundasal kayu ya pakawanan yuy nganneh diyen ad-adin inat di ibbayun dakayu ta pakawanan damdaman Ama takun hi Apu Dios di liwat yu.
,39,26,"[Mu deket adiyu pakawanan di ibbayu ya adina damdama pakawanan di liwat yu.""]"
,39,27,"Nibangngad bo da Jesus ad Jerusalem ot handih mundaldallanan da nah dolan di Templo ya immalih kad-ana nadan ap-apun di padi, nadan muntuttuduh Tugun Moses ya nadan mangipangpanguluh Judyu."
,39,28,"Ot kanan dan hiyay ""Nganney lebbeng mun mangat am-in hanadah at-atom? Deket waday lebbeng mu, dahdiy nangidat?"""
,39,29,"Hinumang na didan kananay ""Wada ni-an di hanhanak ke dakayu ta deket humangon yu ya humangok damdama nan ibaga yu mipanggep hi lebbeng ku."
,39,30,"Dahdiy nangitud-ak ke Juan an e mumbonyag, hi Apu Dios weno hay tagu?"""
,39,31,"Kinalin Jesus hidiye ya munhuhummangan da an kanan day ""Nganney ihumang taku? Deket kalyon takuy 'Hi Apu Dios' ya ahina kalyon di 'Ya tipet uggeyu kinulug hi Juan?'"
,39,32,"Deke bot kalyon takuy 'Hay tagu' ya katatakut bo."" Tumakut da nadah tatagu te kulugon datuwen tatagun hi Juan ya profetas an intud-ak Apu Dios."
,39,33,"Ot kalyon da mon Jesus di ""Toan. Uggemi inila."" Ot kanan Jesus ke diday ""Deket athina ya adik bo damdama kalyon ke dakayuy nangidat hi lebbeng ku."""
,40,1,"Nuntuttuduh Jesus nadah tatagun impainnab-abig na. Kananay ""Waday ohan tagun nuntanom hi grapes hi laguntana. Inaladana ot mangapyah pungkopalan ya nangapya boh natag-en pungguwalyaan ot ahina piabang ot ahi umeh udum an boble."
,40,2,Handih nadatong nan grapes ya intud-ak nay ohan muttatyunat ena alan di dowana.
,40,3,Mu nadan mun-abang ya dimpap dah tuwen muttatyu ot banakdungan da ot ahida itud-ak an maid di indat da.
,40,4,"Immitud-ak boh ohan muttatyuna, mu binanakdungan da bo ya numba-inan da."
,40,5,Intud-ak bon nan kon lutay ohan muttatyuna ot patayon nadan mun-abang. Athidiy boy impangat da nadah udum an muttatyun intud-ak nan kon luta an binanakdungan da dida ya pinate day udum.
,40,6,Maid moy udum hi ena itud-ak ot itud-ak na mo nan impakappinhod nan imbabalena. Kanan nan kon lutay 'Agat tun imbabalek di itud-ak ku. Inilak ot lispituwon da.'
,40,7,Mu imme nan imbabalen nan kon luta ya kanan nadan mun-abang di 'Tuwe nan imbabalenan mamoltan tuh lutana. Agat patayon takut ditakuy mangibagi tuh boltanona.'
,40,8,"Dimpap da tut-uwa ot patayon da ot eda iwele."""
,40,9,"Ot kanan Jesus nadah tataguy ""Nganne nin moy aton nan kon luta nadah mun-abang? Kon adina e pumpate didat ipaabang nah udum nan laguntana?"" 10,11,Kanana boy ""Wadan binidbid yu nan nitudok an kananay'Hanan batun pinilin Apu Dios an binalon nadan mangapyah bale ya hidiye ot ahan di nahamad an ikapyah bale. Ya maphod peman hidiyen inat Apu Dios!'"""
,40,12,"Hanadan ap-apun di Judyu ya ihik dan dopapon hi Jesus te inila dan diday nangipadngolanan diyen ab-abig na, mu tumakut da nadah tatagu ot tumayan da."
,40,13,"Indani ya immali da nan Pharisee ya nadan tatagun Herod an intud-ak nadan ap-apun di Judyu ta eda patnaan hi Jesus. Kanan day 14""Apu, inila mi an makulug am-in di kalyom ya ituttudum nan makulug an pangi-en Apu Dios. Adika mihapitan hi kalin di tatagu ya adim hangudon di kinatagun di dahdih diye. Kalyom ke dakami, kon miabulut hi Tugun Moses di pumbayadan takun Judyu hi buwis nah ap-apud Roma? Mumbayad kami weno adi?"""
,40,15,"Mu inilan Jesus an manmannibo dah ipabahul dan hiya. Ot kananan diday ""Antipet eyak patpatnaan ke dakayu? Iali yu on kalang ta tibok."""
,40,16,"Ot idat da ya kanan Jesus di ""Dahdiy kon-anga ya kon ngadan hi wada tuh kalang?"" Ya kanan day ""Hi Cesar."""
,40,17,"Ot kanan Jesus ke diday ""Idat yun Cesar di lebbeng nan midat ke hiya ya idat yun Apu Dios di lebbeng nan midat ke hiya."" Ya namodwong dah kinali na."
,40,18,Wadada boy immalih Saducee hi kad-an Jesus an dadiye nan mangalin adi mamahuwan di nate.
,40,19,"Kanan dan hiyay ""Apu, hay intudok Moses ya kananay deket nalahin di ohan lalaki ya nate an maid di imbabaleda nah inayana ya mahapul an bintanon di ohan tulang nan lalaki nan nabalun babai, ta deket mun-imbabale da ya mibilang an imbabalen nan nate."
,40,20,"Ot nganney innun tuwe? Wadaday pitun hintutulang an linalaki. Nalahin nan panguluwan, mu indani ya naten maid di imbabalena."
,40,21,Binoltan nan nikadwa ya nate bon maid di imbabalena. Athidi boy naat nah nikatlu.
,40,22,"Numboboltanan dan am-in an hintutulang, mu nate dan maid di imbabale dan am-in. Indani ya nate mo nan babai."
,40,23,"Hantuh kamahuwan di nate, dahdi moy ahi kon inayan nah babain deyan am-in da ya in-ine da?"""
,40,24,"Kanan Jesus di ""Hinaey nihallaan yu. Hinaey kitib-anan uggeyu naawatan di impitudok Apu Dios ya nan ongal an kabaelana."
,40,25,Hantuh ahi kamahuwan di nate ya umat da nadah anghel hi langit an maid di mun-iine.
,40,26,"Wada boy ohah kalyok mipanggep ketuwe. Kon uggeyu naawatan nan intudok Moses an kinalin Apu Dios handih nakihummangan ke hiya nah mundadalang an ka-ka-iw? Hay kinalin Apu Dios ya 'Ha-oy di Dios da Abraham, hi Isaac ya hi Jacob.'"
,40,27,"Hay kibalinan diye ya hiyay Dios di matagu, bokon hay nate. Hinae mo nan kanak di nakaihhalla kayu."""
,40,28,"Wada nan ohan muntuttuduh Tugun Moses an dingngol nah diyen kinalin Jesus ya inilanan maphod hidiyen impanumang na nadah Saducee. Kinali kananan hiyay ""Nganney umanhan an tugun?"""
,40,29,"Kanan Jesus di ""Hay umanhan an tugun ya hituwe: 'Pakaddonglon yun tatagun holag Israel, nan Ap-apu takun hi Apu Dios ya abuy Ap-apu."
,40,30,"Hiya ya abuy umanhan an pinhodon taku ya am-in di nomnomon ya hay aton, ya inomnom am-in ke hiya.'"
,40,31,"Hay mikadwa ya 'Pinhodon yuy ibba yun tagu umat hi pamhod yuh adol yu.' Datuwen duway umanhan am-in nah Tugun Apu Dios."""
,40,32,"Kanan nan muntuttuduh Tugun Moses di ""Makulug hinaen kinalim Apu. Maid di udum hi Ap-apu taku hin bokon hi Apu Dios ya abu ya maid di udum an Dios mu hiya ya abu."
,40,33,"Mahapul an hiyay pakappinhodon taku ya pinhodon taku damdamay ibba takun tagu umat hi pamhod takuh adol taku. Datuwey umanhan mu nadan nganne dadiyen iappit ke Apu Dios."""
,40,34,"Inilan Jesus an naawatan nan tagu ot kananan hiyay ""Tuwen inilaom di ine-en di pun-ap-apuwan Apu Dios."" Nagibbuh tuwe ya waday oha on bumaba-in an mamagbagan Jesus."
,40,35,"Handih muntuttuduh Jesus nah Templo ya kanana nadah tataguy ""Nganney kibalinan nan kanan nadan muntuttuduh Tugun Moses an hi Kristo ya holag din hi David?"
,40,36,Handi ya impanomnom nan Espiritun Apu Dios ke David hituwen kinalina:'Kanan Apu Dios nah Apuk di: Umbun kah winawwan ku inggana paka-apputok am-in nadan buhul mu.'
,40,37,"Nomnomon yu ke, deket kanan David di hi Apu nah Kristo, nganney innunan hi Kristo ya holag David?""Am-in nadan tatagun naamung ya pinpinhod dan dongdonglon nan kalkalyon Jesus."
,40,38,"Kanan bon Jesus ke diday ""Nomnomon yu tun kalyok ta adiyu iun-unud nadah muntuttuduh Tugun Moses. Dida ke ya mumbulwati dah andukket imatunan di tatagu didan mittulu da peman. Ya pinhod dan abun pitpitbal nah malkadun kawad-an di dakol an tatagu."
,40,39,Ya pinhod da bon umbun hi ubunan di madayaw an taguh simbaan ya nah waday hamul.
,40,40,"Ya deke bot mundasal da ya dukkadukkayon dat hay panibon di tatagun dida ya kay makakullug an makaphod da yaden deman ot an hauhaulon da nadan nabalun binabait pun-ala day limmu da. Hidiyey gapunan nahalman di ahi pangastigun Apu Dios ke dida."""
,40,41,Inumbun hi Jesus nah dommang di pangiamungan dah pihhu nah Templo ot ang-ang-angona nadan tatagun pun-iha-ad day pihhu dah di ya dakol day kakadangyan an ongal an pihhuy pun-iha-ad da.
,40,42,Immali nan ohan nakawwotwot an nabalun babai ya dudduwan hepeng di inha-ad na.
,40,43,"Inayagan Jesus nadan disipulosna ot kananan diday ""Nomnomon yu tun kalyok an hanan duwan hepeng an inha-ad nan babai ya nabalbalol mu nan inha-ad nadan udum"
,40,44,"te nan inha-ad da ya hidiyey hinawwal da. Mu nan nawotwot an babai ya am-ammunah diyen pihhuna, mu inhanakul nan inha-ad hidiyen am-in."""
,41,1,"Handih puntayanan da Jesus nan Templo ya kanan nan ohan disipulos nay ""Apu, tibom ke, maphod hantun Templo ya hantudan batun ingkapya da."""
,41,2,"Kanan Jesus di ""O, maphod tun tibtibbon yu, mu hi udum hi algo ya ahi mapa-in am-in ta maid di ohan batun munnanong nan niha-adana."""
,41,3,"Indani ya um-umbun hi Jesus nah Bilid an Oliba nah dommang nan Templo ya imme da Pedro, hi James, hi Juan ya hi Andres hi kad-ana ot ab-abbu dah di ya kanan dan hiyay 4""Kalyom ke dakami hin kakon-anay ahi kaatan datuwen kinalim. Ya hin nganney ahimi pangimatunan hi kaatan tuwe ya nadan udum an maat."""
,41,5,"Ot ituttudunay mipanggep kediyen kananay ""Halipat-an yu ta adi kayu mahaul"
,41,6,te dakol di ahi umalin kanan day didah Kristo ta dakol day ahi mahaul.
,41,7,"Ya ahiyu donglon di gubat hi kabobboble, nih-up ya nidawwi, mu adi kayu tumakut. Datuwey ahi ma-ma-at, mu bokon hidiyey kapoppogan di luta."
,41,8,"Am-in di kabobboble ya ahida munggugubat, ahi wadaday kolyog ya bitil. Datuwey ahi kilappuwan di ligat."
,41,9,"Halipat-an yu bo te ahi dakayu dopapon ta ie dakayuh punhumalyaan di Judyu ya edakayu punhoplat nadah simbaan. Ahi dakayu bo ipataddog hi hinangngab di gobernador ya nadan udum an ap-apu gapuh pangulug yun ha-on, kediyey ahiyu pangipainilaan ke dida hi mipanggep ke ha-on."
,41,10,Mahapul an mipainilah kabobbobleh tuwen pangi-en Apu Dios ta ahi madatngan di kapoppogan di luta.
,41,11,"Deket dopapon dakayu ta edakayu humalyaon ya adi kayu madanagan hi ihumang yu te hay ahiyu kalyon kediye ya malpuh Espiritun Apu Dios, bokon hi nomnom yu."
,41,12,"Ya kediyen tiempo ya hay tulang ya hiyay mangipipateh tulangna, hay ammod ya hiyay mangipipateh imbabalena ya athidi boy imbabalen hiyay mangipipateh ammod na."
,41,13,"Ahi dakayu hihingngitan am-in hi tatagu gapuh pangulug yun ha-on. Mu nan mangippol hi punholholtapana ya adina iwalong di pangulug nan ha-on inggana magibbun am-in datuwe ya ahi mihwang."""
,41,14,"Kanan bon Jesus di ""Ahiyu tibon nan himpappangen balawon Apu Dios an mihaad nah bokona kiha-adan. (Dakayun mamidbid ketuwe ya mahapul an maawatan yu.) Hantuh ahi mumpatiboh tuwe ya am-in di tataguh kabobbobled Judea ya ahida bumtik nadah bilid."
,41,15,"Hanan tagun wadah dolan di balena ya mahapul an adi humgop an e umalah ngunut na, mu bumtik ot ya abu."
,41,16,"Athidi bo nah tagun wadah payon mahapul an adi umanamut an e mangalah bulwatina, mu bumtik ot ya abu."
,41,17,Kediye bo ya mahmok nadan binabain himmiga ya nadan waday golang da.
,41,18,Mundasal kayun Apu Dios ta adi mipaddih ahi kotolan
,41,19,"te dadiyen ahi maat ya nakahhalman an abu mu nadan nalana-u nipalpun dih nunlutuwan Apu Dios hi luta ingganad uwani, mu nagibbu ke mo kayah diye ya maid moy athidi."
,41,20,Mu gapu nadah tatagun pinilin Apu Dios ya kinaananay algon punligligatan di tagu te gulat nat uggena in-athidi ya maten am-in di tagu.
,41,21,"Wadaday tatagun ahida kanan di 'Tibon yu, deyah Kristo!' weno 'Wadah dih Kristo!' mu adiyu kaya kulugon."
,41,22,"Kalyon da dadiye te wadaday tatagun ahida kanan di didah Kristo weno kanan day profetas da, mu adi kaya makulug. Dakol di ahida ipatibon umipamodwong ta patnaan dan haulon nadan tatagun Apu Dios, mu adinadaman mahaul da."
,41,23,Kinali halipat-an yu ot deyan kinalik ke dakayu.
,41,24,Hantuh kagibbuwan am-in datuwen ahi maat ya tumapol di algo ya bulan.
,41,25,Ya mag-a nadan bibittuwon ta maid di potok na.
,41,26,Deket magibbuh tuwe ya hantuh ahik aliyan an Panguluwan di tagu ya ahiyak tibon nah kulabut an matiboy ongal an kabaelak ya dayaw ku.
,41,27,Ahik itud-ak nadan anghel kut eda amungon nadan napilin tatagun Apu Dios hi kabobboble tuh luta.
,41,28,Inila taku an deket mamuddal di tubun nan kaiw an fig ya nih-up di tialgo.
,41,29,Athidi hantuh ahik aliyan an deket ma-ma-at am-in tun kinalik ya inila yun gagala moy aliyak.
,41,30,Nomnomon yuh tuwe! Am-in datuwen kinalik an ahi maat ya ahi akhupan di udum ke dakayu te adida ni-an mate yaden maat datuwe.
,41,31,"Ahi mama-id di kabunyan ya luta, mu hay kalik ya munnanong ta nangamung."
,41,32,Maid di ohan nanginilah aliyak takon nadan anghel hi langit ya ha-oy an Imbabalen Apu Dios ya uggek damdama inilay aliyak. Te hi Aman hi Apu Dios ya abuy nanginila.
,41,33,Kinali halipat-an yu ta mundadaan kayu te ugge inila hin kakon-anay aliyak.
,41,34,"Umat nah ohan tagun e mumbaat an iukod nay balena nadah muttatyuna. Waday oha on midatan hi ngununa. Kalyona nah mun-adug hi panton ihamad nan mungguwalya."""
,41,35,"Kanan bon Jesus di ""Halipat-an yu te maid di maptok hi kibangngadak umat kediyen tagun adi mainila hin hi mahmahdom, hi gawan di hilong, hi talan-uwan di manuk weno hi biggatnay kibangngadana."
,41,36,Athidi bon ha-oy an maid di maptok di ahik kibangngadan. Nganne nin hin akhupan dakayun ugge nundadaan?
,41,37,"Hituwen pungkalik ya bokon dakayu ya abuy pangalyak, mu hi am-in di tagu, kinali halipat-an yu."""
,42,1,Duway algo mo ya madatngan nan Piyestan di Nala-uwan di Anghel Apu Dios ya Piyestan di Tinapay an ugge naha-adan hi yeast. Hanadan ap-apun di padi ya nadan muntuttuduh Tugun Moses ya inhuhummangan da hin nganney innun dan mangidalunun mampap ke Jesus ta pipate da.
,42,2,"Mu kanan day ""Adi taku ipaddid uwanin piyesta te indani ya gumulu day tatagu."""
,42,3,Handih mangmangngan da Jesus ad Betania hi balen da Simon an hiya nan mungkangpu ni-an di adol na ya immali on babai an inodnanay ohan butilyan naha-adan hi nakangnginan bangbanglun lanan kanan dan nard. Linukatana ot iduyag na nah ulun Jesus.
,42,4,"Hanadan udum an tatagun wadah di ya adin abuy boh-ol da nah babain kanan day ""Ayyokah diyen bangbanglun lana."
,42,5,"Gulat nat nigattang ya ongal ot an pihhun midat nadah nawotwot."" Namahig di pangali dan hiya."
,42,6,"Mu kanan Jesus ke diday ""Nangamung pen hiya. Tipet athinay pangali yun hiya? Hidiyen inat nan ha-on ya maphod."
,42,7,Hanadan nawotwot ya damanan baddangan yu dida te wadadat nangamung takon di ngannen tiempo. Mu ha-oy ke ya adiyak makihkihtun dakayu ta nangamung.
,42,8,Hantun babai ya inat nay maat na. Hidiyen nangiduyaganah lana ke ha-on ya kay na indadaan di adol kun milubuk.
,42,9,"Nomnomon yuh tuwe. Am-in hanadah boblen kipainilaan di kalin Apu Dios ya ahi makalkaliy inat nan ha-on an panginomnoman ke hiya."""
,42,10,Indani ya immeh Judas Iskariote an oha nadah himpulut duwan disipulos Jesus hi kad-an nadan ap-apun di padi ot e makihummangan mipanggep hi pangipadpapan dan Jesus.
,42,11,Ya maan-anla da ot kalyon dan hiyan idatan dah pihhu. Nipalpun diye ya hahalipat-anay pangipadpapanan Jesus.
,42,12,"Handih namangulun algon di Piyestan di Tinapay an ugge naha-adan hi yeast an kediyen algoy pangiappitan da nah kalnero an hamulon dah panginomnoman da nah Nala-uwan di Anghel Apu Dios ya kanan nadan disipulos Jesus di ""Daanay emi pundadaanan hi etaku panganan tuh piyesta?"""
,42,13,"Kanan Jesus nah duwan disipulos nay ""Ume kayu nah boblet deket tibon yu nan tagun nun-agtuh buwod ya unudon yu inggana nah balen hogpana."
,42,14,Kanan yu nah kon baley 'Kanan nan Ap-apu takuy daanay panganan min nadah disipulos ku hantuh piyesta?'
,42,15,"Ya ituddu nan dakayu nan ongal an kuwartu nah mikadwan gladu an dehdin am-in di mahapul taku. Hidiy eyu pangidadaanan hi kanon taku."""
,42,16,Ot ume da nan duwan disipulosna ya makulug peman nan kanan Jesus ot idadaan day kanon da kediyen piyesta.
,42,17,Mungkahilong kediye ya dimmatong da Jesus ya nadan disipulosna.
,42,18,"Handih mangan da ya kananay ""Hituwey kalyok, waday ohan dakayun ahi mangihdul ke ha-on. Dehtud uwanin makikan ke ditaku."""
,42,19,"Dingngol dah diye ya mahakit di nomnom da ya waday oha on kananay ""Kon ha-on?"""
,42,20,"Himmumang hi Jesus an kananay ""Hay ohan dakayun himpulut duwan makikan ke ha-on an pakitam-ol nay tinapay na tuh malukung."
,42,21,"Ha-oy an Panguluwan di tagu ya ahiyak patayon ta umannung nan impitudok Apu Dios, mu mahmok an abu nan tagun mangihdul ke ha-on. Kudukdulnay ugge nitungo."""
,42,22,"Kediyen mangan da ya inalan Jesus nan tinapay ot mumpasalamat ke Apu Dios. Pinani-ang na ot ikap-ong nan dida ot kananay ""Alan yu ta kanon yu, hituwey adol ku."" 23,24,Nagibbuh diye ya inalana nan basun natalwan hi mainum ot mumpasalamat bon Apu Dios. Indat nan dida ot kananay ""Hituwey dalak an tumodtod ta kipaannungan nan balun nakitobbalan Apu Dios an kiphodan di tagu."" Ot uminum dan am-in."
,42,25,"Ya kanana boy ""Kalyok ke dakayu, adiyak mo uminum ketuwen mainum inggana hantuh ahik panginuman nah hinnatkon an mainum hidih pun-ap-apuwan Apu Dios."""
,42,26,Nagibbuh diye ot mungkanta dah pundayaw dan Apu Dios ot ahida umen nah Bilid an Oliba.
,42,27,"Indani ya kanan Jesus ke diday ""Am-in kayu ya ahiyak punhintatayyanan. Hidiyey umannungan nan impitudok Apu Dios an kananay 'Pipatek nan mumpattol hi kalnerot miwahit nadan kalnero.'"
,42,28,"Mu hantuh kamahuwak ya mamanguluwak an umed Galilee ta ahi kayu miunud."""
,42,29,"Mu kanan Pedroy ""Takon di taynan daka hantudah iibbak ya adi daka taynan ke ha-on."""
,42,30,"Mu kanan Jesus ke hiyay ""Kalyok ke he-ah tuwe, ad uwanin hilong ya mumpitlun ihaut mun kanam di uggeyak inilan he-at ahi pidwan tumalan-unwan di manuk."""
,42,31,"Mu kanana ot ya abuy ""Takon nin di makikateyak ke he-a ot adinadaman ek kanan di ugge daka inilan ha-on."" Ya am-in nadan disipulos ya athidiy kinali da."
,42,32,"Imme dad Getsemani ot kanan Jesus ke diday ""Mihtu kayu ta eyak mundasal."""
,42,33,"Ammuna da Pedro, hi James ya hi Juan an ingkuyug na. Hi Jesus ya u-umyung ya mahakit di nomnom na."
,42,34,"Kananan diday ""Dehtun namahig di hakit di nomnom kun kayak mate. Mihtu kayu ni-an ya adi kayu mahuyop ta ib-ibbaanak."""
,42,35,Imme nah e-elena ot munlukbub an mundasal ta adi maat hidiyen punholholtapana.
,42,36,"Kananah dasal nay ""Ama, he-a ya ongal di kabaelam an damanan atom am-in. Daan mo anhan ta adi maat hidiyen ek punholholtapan. Mu nangamung ka, hay pinhod muy maunud, bokon hay pinhod ku."""
,42,37,"Ot mibangngad hi kad-an nadan disipulosna ya nakahhuyop da, ot kananan Pedroy ""An nahuyop ka, Simon? Kon adi kayu pakaippol hi hinuyop yu takon di hin-oras ya abu?"""
,42,38,"Kanana bon diday ""Halipat-an yu ya mundasal kayu ta adi kayu mahaul an munliwat. Inilak an pinhod yun mangun-unud, mu makudang di kabaelan yu."""
,42,39,Imme bo ot e mundasal an hidiye boy indasal na.
,42,40,"Nibangngad boh kad-an nadan disipulosna, mu nakahhuyop da bo. Namahig an adida pakaippol hi hinuyop da. Binanguna dida, mu uggeda inilay kalyon dan hiya."
,42,41,"Handih pitlunan nibangngadana ya kananan diday ""Kon ito-ol yuy huyop? Bumangun kayu mo te nadatngan di pamatayan nadan nungkaliwat an tatagun ha-on an Panguluwan di tagu."
,42,42,"Makayu ta etaku damuwon dida. Deyan mangali nan nangihdul ke ha-on!"""
,42,43,Nanongnan mungkalkallih Jesus ya dimmatong hi Judas an oha nadah himpulut duwan disipulos nan ibbana nadan intud-ak nadan ap-apun di padi ya nadan muntuttuduh Tugun Moses ya nadan mangipangpanguluh Judyun numpun-odon dah ispada ya bakdung an e mampap ke hiya.
,42,44,"Hi Judas ya tinuguna tuwali nadan ibbanan kananay ""Ahiyu imatunan nan etaku dopapon te ahik awalon. Deket inawal ku ya umali kayu ta alan yu ya pakagguwalyaan yuh eyu pangieyan."""
,42,45,"Immeh Judas hi kad-an Jesus ot kananay ""Apu, immali kami."" Ya inawal na."
,42,46,Ot ume nadan ibban Judas ot baludon dah Jesus.
,42,47,Hanan ohan muntattaddog an disipulosna ya inuknut nay ispada na ot palangona nan ohan muttatyun di natag-en padi ya nan inga nay napalang.
,42,48,"Kimmalih Jesus an kananan diday ""Tipet kah-in di ekayu mun-odon hi ispada ya bakdung an mampap ke ha-on? Kon nakabahhulanak?"
,42,49,"Kabigabigat on wadaak nah Templo an muntuttudun dakayu ya tipet uggeyak dimpap? Mu takombo, te mahapul an umannung nan impitudok Apu Dios."""
,42,50,Am-in da nan disipulosna ya binumtik dan tinaynan dah Jesus.
,42,51,"Wada on ohan kat-agun lalakin in-awako na ya abuy ulon miun-uunud ke Jesus an eda ot dopapon,"
,42,52,mu binumtik an maid di nihanih adol na te linapdit dah diyen ulona.
,42,53,Ot iedah Jesus nah balen nan natag-en padi. Wadadah din am-in nadan ap-apun di padi ya nadan mangipangpanguluh Judyu ya nadan muntuttuduh Tugun Moses.
,42,54,"Niunuunud hi Pedro, mu ugge nih-up te nihaad nah dola. Nakib-un hanadah guwalya ot makian-annidu."
,42,55,Hanadan ap-apun di padi ya am-in nadan ibbadan konsehal di Judyu ya tagan day mahma nadah tatagu hi mabalin an ipabahul dan Jesus ta pangigadulan dan mamaten hiya. Mu maid di mahamak da.
,42,56,"Dakol day nuntistiguh langkak mipanggep hi inat na, mu adi mun-uunnud di kalyon da. 57,58,Wadada nan nunlangkak an kanan day ""Dingngol miy kinalin Jesus an kananay pa-iyona nan Templo, mu mala-uy tulun algo ya hannotana kanuh oha bon Templon ugge kinapyan di tagu."""
,42,59,Mu takon di datuwen nuntistigu ya adi mun-uunnud di kalyon da.
,42,60,"Timmaddog nan natag-en padi ot kananan Jesus di ""Kon makulug datuwen ipabahul da? Nganney panumang mu?"""
,42,61,"Mu op-opyah Jesus an adi kumali. Ya kanan bon nan natag-en padiy ""Kon he-ah Kristo an Imbabalen Apu Dios?"""
,42,62,"Kanan Jesus di ""Om, ha-oy, ya am-in kayu ya ahiyak tibon an Panguluwan di tagu an umbun hi winawwan Apu Dios an Kabaelanan am-in. Ahiyak bo tibon nah kulabut hantuh ahik kibangngadan."""
,42,63,"Kinalinah tuwe ya binik-in nan natag-en padiy bulwatinah bungot na ot kananay ""Adi mahapul an waday udum an muntistigu te dingngol takuy kinalina."
,42,64,"Deyan dingngol yuy puntaltalangganan Apu Dios. Nganney punnomnom yu?"" Ya kanan dan am-in di ""Mahapul an mate te numbahul."""
,42,65,"Wadaday udum an tinuppaan dah Jesus ya hinaniyan day matana on dinuntuk dan kanan day ""Dahdiy nanuntuk ke he-a?"" Ya dinaw-en damdaman nadan guwalya. 66,67,Nanongnah Pedro nah dolan makian-annidu nadah guwalya ya immali on ohan babain muttatyun nan natag-en padi ya inimatunanah Pedro ot kananay ""He-ay ohan ibban Jesus an iNasaret, hiyah?"""
,42,68,"Mu inhaut Pedro an kananay ""Bokonak! Uggek inilah naen pungkalim."" Bimmah-el hi Pedro nah alad ya timmalan-uy manuk."
,42,69,"Tinibo bon nan babain muttatyu ot kanana nadah tataguy ""Hiya kaya nan ohan ibban Jesus."""
,42,70,"Mu inhaut na bon kananay bokona ibbah Jesus. Indani bo ya kanan nadan tatagu ke hiyay ""Adinadaman ihaut mu te takon di he-a ya nalpu kad Galilee."""
,42,71,"Indani mo ahan ya kananay ""Isapatak an takon di patayonak ke Apu Dios! Uggek man inilah naen tagun kalkalyon yu."""
,42,72,"Nagibbun kinali nah diye ya timmalan-uy manuk an hidiyey pidwana ya ninomnom na nan kinalin Jesus ke hiya an kananay ""Mumpitluy ahim pangalyan an kanam di uggeyak inila ta ahi pidwan di tumalan-uwan di manuk."" Ot mungkoga gapun inat na."
,43,1,Biggabiggat nah nabiggatana ya naamung da bo nadan ap-apun di padi ya nadan mangipangpanguluh Judyu ya nadan muntuttuduh Tugun Moses ya nadan konsehal. Inhuhummangan day aton dan Jesus ot baludon da ot iedah kad-an Pilatu an gobernador.
,43,2,"Kanan Pilatu ke hiyay ""Kon he-ay patul di Judyu?"" Kanan Jesus di ""Deya bon hinaey kanam."""
,43,3,Ya dakol di ipabahul nadan ap-apun di padi ke hiya.
,43,4,"Ot kanan Pilatu ke hiyay ""Nganney panumang mu? Deyan dakol di ipabahul dan he-a."""
,43,5,Mu adi humumang hi Jesus ya namodwong hi Pilatu.
,43,6,"Deket Piyestan di Nala-uwan di Anghel Apu Dios ya waday ohan oggan ipaen nan gobernador hi nikalabut, mu nangamung di pinhod di tatagun mipae."
,43,7,Kediye ya wada on nikalabut an hi Barabbas an pimmate handih nakilaban dah gubilnun di Roma.
,43,8,Handih naamung nadan tatagut ibaga dan Pilatuy pinhod dan mipae
,43,9,"ya kananan diday ""An pinhod yun ipaek hantun patul di Judyu?"""
,43,10,"Man-uket kinalin Pilatuh diye ya inila nan maid di bahul Jesus, mu gapuh amon nadan ap-apun di padi ya impadpap da."
,43,11,Mu inhapitan nadan ap-apun di padi nadan tatagu ot hi Barabbas di ibaga dan ipaen Pilatu ta bokon hi Jesus.
,43,12,"Imbagan Pilatu hin nganney atonan Jesus an kananay ""Nganne moy atok hantuh kanan yun patul di Judyu?"""
,43,13,"Ya muntukuk am-in nadan tatagun kanan day ""Ipatak hi krus!"""
,43,14,"Mu kanan Pilatuy ""Tipe-? Kon nganney bahul tuwen tagu?"" Mu pun-olot da ot ya abuy tukuk dan kanan day ""Ipatak hi krus!"""
,43,15,"Inun-unud Pilatu di pinhod nadan tatagu, ot hi mo Barabbas di ipaena. Hi Jesus ke ya impahoplat na ot ahina ipaboltan hanadah tindalu ta eda ipatak hi krus."
,43,16,Inihgop nadan tindaluh Jesus hi balen nan gobernador ot ayagan dan am-in nadan ibbadan tindalu.
,43,17,Immala dah maingit an bulwatin umat hi bulwatin di patul ot ipabulwati dan Jesus ya nangapya dah pongot an hubit ot ipapngot dan hiya.
,43,18,"Tinaltalanggaan dan kanan day ""Dayawon taku peman tun Patul di Judyu!"""
,43,19,Nunhoplat day uluna ya nuntuppaan da. Ya deke on nundukkun da ya nunyuung dan hiya.
,43,20,"Nagibbun tinaltalanggaan da ot kaanon da nan maingit an impabulwati dan hiya ot ipabangngad da nan imbulwatina, ot ieda nah eda pangipatakan ke hiya."
,43,21,Wadadah dalan ya dinamu dah Simon an iCyrene an aman da Alexander ke Rufus ot ipilit nadan tindalun pah-onona nan krus Jesus.
,43,22,In-e dah Jesus nah kanan dan Golgota an hay kibalinana ya gunit di ulu.
,43,23,"Handih dimmatong dah di ya e ot painuman nadan tindaluh Jesus hi mainum an nad-uman hi mira an aga, mu adina pinhod. 24-26,Ot handih nunggaway algo ya impatak da nah krus an nitudkan tuwen impabahul dan hiya: ""Hituwey Patul di Judyu."" Nagibbun impatak da ot ibubunut da hin nganney alan di hin-oh-an dida nah bulwatina."
,43,27,"Wadaday duwan mangakon nipatak da damdamah krus, ohah winawwana ya nan ohah iniggid na. 28(Hituwey immannungan din kinalin Apu Dios an nitudok an kananay ""Imbilang dan nabahulan."")"
,43,29,"Am-in nadan munla-u ya munwigwigiwig dah panaltalangga dan Jesus an kanan day ""Daan bo nan kanam an pa-iyom nan Templo ya bohwatom hi tulun algo?"
,43,30,"Deya ot an adim baddangan di adol mut makaan ka nah krus."""
,43,31,"Takon nadan ap-apun di padi ya nadan muntuttuduh Tugun Moses ya taltalanggaan da damdamah Jesus an kanan day ""Tipe nin ta binaddanganay udum ot tumagu da yaden adina kabaelan an baddangan di adol na?"
,43,32,"Tibon taku ya- peman hin makaan dih nipatakana. Hituwe kanun tagu ya patul di holag Israel an pinilin Apu Dios an Kriston mangipaptok hi tagu. Deket makaan ya kulugon taku peman."" Takon nadan duwan nipatak ya taltalanggaan da damdamah Jesus."
,43,33,Maal-algon diye ya himmilong am-in di bobleh tulun oras.
,43,34,"Indanit himbatangan ya tinumkuk hi Jesus an kananay ""Eloi, Eloi, lama sabaktani?"" Hay kibalinan tuwe ya ""Apu Dios an Dios ku, tipet eyak inwalong ke he-a?"""
,43,35,"Hanadan tatagun nangngol ke hiya ya kanan day ""Donglon yu, deyan pun-ayaganah Elijah."""
,43,36,"Indani ya waday ohan didan nunggagalan ena itam-ol di kapo nah pimmakin mainum ot ipalat nah paul ta ipatitip nan Jesus. Kananay ""Tibon taku ya- peman hin umalih Elijah an mamaddang ke hiyat makaan nah krus!"""
,43,37,Indani ya tinumkuk boh Jesus ot mate.
,43,38,Kediyen nate ya nakaiddihhan an nahathat hanan kurtina nah Templo an nipalpuh kayangna inggana puuna.
,43,39,"Hanan ap-apun di tindalun muntattaddog hi kad-an nan krus Jesus ya dingngol nay tukuk Jesus ya tinibonay ine-en di natayana ot kananay ""Makulug peman an Imbabalen Apu Dios hituwen tagu."""
,43,40,"Wadada damdamay binabai nah nidawdawin ang-ang-angon day ma-ma-at. Wadah dih Maria Magdalena, hi Maria an inan da Joses ke James an ung-unga mu nan oha bon James ya hi Salome."
,43,41,"Niunuunud dan Jesus ya binanaddangan da handih kawadanad Galilee. Wadada boh diy udum an binabai an nakialin hiya ad Jerusalem. 42,43,Hidiyen algoy pundadaanan di Judyu te hi kabigatana ya Sabadun Tungo. Mungkahilong kediye ya immalih Joseph an iArimatea. Hiya ya ap-apun di Judyu an konsehal ya lispituwon di tatagu. Hiyay oha nadah munho-ho-od hi kadatngan di pun-ap-apuwan Apu Dios. Intulid nan immen Pilatu ot ena ibagay adol Jesus."
,43,44,Namodwong hi Pilatun nate moh Jesus. Inayagana nan ohan ap-apun di tindalu ot ibaga na hin makulug an nate moh Jesus.
,43,45,Dingngol nan makulug an nate ot iabulut nan alan Joseph.
,43,46,Gimmatang hi Joseph hi luput ot ena lokahon nan adol Jesus. Linibbutanah luput ot ena ilubuk hanah ka-apyan gungat hi batu. Inullina on ongal an batu ot itangob na.
,43,47,Wadadah di da Maria Magdalena ya nan oha bon hi Maria an hi inan Joses an inang-ang day nilubukan Jesus.
,44,1,Nala-u moy Sabadun Tungo ot e umala da Maria Magdalena ya hi Salome ya hi Maria an hi inan James nah bangbanglut eda ihaad hi adol Jesus.
,44,2,Kediyen biggatnan di Linggun timmimil di algo ya imme da nah gungat.
,44,3,"Wadadah dalan ya kanan di ohan diday ""Dahdi nin tut-uway ahi mangaan nah nitangob nah gungat?"""
,44,4,Mu dimmatong da ot tibon da ya nakaan nan nitangob yaden ongngaongngal hidiyen batu.
,44,5,Na-ala mo ot pamaga day hogop nah gungat ya timmakut da te tinibo da on lalakin numbulwatih mabayak an inumbun hi winawwan da.
,44,6,"Mu kanan nan lalakiy ""Adi kayu tumakut te inilak an hi Jesus an iNasaret an nipatak hi krus di eyu hamakon, mu maid moh tu te namahuwan. Tibon yu tun nibakilangana."
,44,7,"Ekayu ot ya abut eyu kalyon hanadah disipulos nah tuwe, namam-a ke Pedro: 'Mamanguluh Jesus an umed Galilee ya ahiyu tibon hidin hidiye tuwali din kinalinan dakayu handi.'"""
,44,8,Pinghanadi ya binumtik dan munggagayonggong dah takut da. Uggeda kinalih tataguh diye te hay takut da.
,44,9,Handih namahuwan hi Jesus hi biggabiggatnan di Linggu ya hi Maria Magdalena di namangulun numpatib-ana. Hiya handin nahikpan an kinaan Jesus di pitun dimonyon nihkop ke hiya.
,44,10,Imme ot ena kalkalyon di mipanggep kediye nadah u-umyung an disipulos Jesus.
,44,11,"Kinalin Maria an namahuwan hi Jesus ya tinibona, mu adida kulugon."
,44,12,"Handih mange nadan duwan disipulos Jesus an nalpudad Jerusalem ya numpatiboh Jesus ke dida, mu uggeda ni-an inimatunan."
,44,13,"Nibangngad datuwen disipulos ot eda kalyon hanadah udum, mu adida kulugon."
,44,14,Indani ya numpatiboh Jesus nadah himpulut ohan disipulosna handih mangan da. Binoh-olana dida te maid di pangulug da ya uggeda kinulug di kalin nadan nanibo an hiya ya matagu.
,44,15,"Kananan diday ""Ume kayuh kabobboble ta eyu ituttuduh katagutaguy mipanggep hi inat kun kiphodan di tagu."
,44,16,Hay tagun mangulug ta mumpabonyag ya mihwang. Mu nan adi mangulug ya makastigu.
,44,17,Hay pangimatunan hanadah mangulug ya nah kabaelan dan mangaan hi nihkop gapuh pangulug dan ha-on ya nah kabaelan dan mangikalih nunhihinnatkon an kali.
,44,18,"Takon di odnan day ulog ya adida makalat ya takon di waday inumon dah kodot ya adida mate. Deket dapaon day mumpundogo ya makaan di dogoda."""
,44,19,Ginibbun Apu Jesus an kinalih diye ot tumalakdang hi langit ot umbun hi winawwan Apu Dios.
,44,20,"Hanada ken disipulosna ya eda nuntuttuduh kabobboble ot baddangan Apu Dios didan mangat hi pangimatunan hi ongal an kabaelanat kitib-anan makulug di ituttudu da.
1-4,Teofilo, inilak an dakol day nangitudok hi mipanggep ke Jesus ya nan pangi-ena. Ya hay intudok da ya nadan dingngodingngol min itanuttudun nadan tatagun nanibo nadah inat Jesus nipalpu handih lappunan nuntuttuduwana. Gapu te takon di ha-oy ya impakammahmahak ot pakainillaok am-in di makulug mipanggep ketuwe ya ninomnom kun itudok ke he-at inilaom di makulug an nituttudu."
,44,5,Handih tiempon di numpatulan Herod ad Judea ya wada din padin di Judyu an nungngadan hi Sakalia. Hanadan padin di Judyu ya nunhihinnatkon di ngadan di grupu da. Hi Sakalia ya nid-um hanadah kanan dan Abijah. Takon nan inayanan hi Elisabet ya holag din hi Aaron an padin dih done.
,44,6,"Didan himbale ya makangngun-unud dah tugun Apu Dios, kinali matbal dan hiya."
,44,7,Mu maid di imbabaleda te adi pakaimbabaleh Elisabet. Oha bo ya nain-ina mo ya naam-ama mo damdamah Sakalia.
,44,8,"Ohan algo ya mungngunuh Sakalia nah Templo te nadatngan di tiempon di pungngunuwan nadan padin nid-umana. 9,10,Hanah pangi-eda ya ibubunut da hin dahdiy muntolog nah insenso ya hi Sakaliay nabunut. Hinumgop nah Templo ot tolgana nan insenso yaden mundasal damdama nadan tatagu nah dola."
,44,11,Kediye ya numpatibo on anghel Apu Dios ke Sakalia an timmaddog nah winawwan di altar an niha-adan di insenso.
,44,12,Handih tinibona nan anghel ya timmakut ya uggena inilay atona.
,44,13,"Mu kanan nan anghel ke hiyay ""Adika tumakut, Sakalia. Immaliyak ta kalyok ke he-an dingngol Apu Dios di dasal mu. Hi Elisabet an inayam ya ahi mun-imbabaleh lalaki. Ya ahiyu ngadanan hi Juan."
,44,14,Mun-am-amlong kayu hi kitungawana ya athidi bo nadah udum an tatagun mun-am-amlong da.
,44,15,"Hiya ya ahi makatbal ke Apu Dios, adi uminum hi baya ya nadan udum an bumutong. Ya mipalpuh kitungawana ya hay Espiritun Apu Dios di mangipaduttuk ke hiya."
,44,16,Hanadan ahina ituttuduy gumapuh pumbangngadan di dakol an holag Israel ke Apu Dios.
,44,17,"Te hiyay ahi mangidadaan hi tatagun mangabulut nah ahi itud-ak Apu Dios. Hiya ya ahi umat handin profetas an hi Elijah te wadan hiyay kabaelan di Espiritun Apu Dios. Ahina tuttuduwan nadan aammod ta mumbangngad di pamhod dah imbabale da ya ahina tugunon nadan mangohe ta iphod day pangi-eda."" Hituwey kinalin nan anghel ke Sakalia mipanggep nah ahi iimbabalen Elisabet."
,44,18,"Mu kanan Sakaliay ""Nganney innuk an mangulug ketuwen deyan naam-amaak ya nain-ina nan inayak?"""
,44,19,"Ya hinumang nan anghel an kananay ""Ha-oy hi Gabriel an muttatyun Apu Dios. Intud-akak ke hiya ta kalyok ke he-a tun maphod an maat ke dakayu."
,44,20,"Mipalpud uwani ya adika pakakali inggana mitungo nan imbabale yu te uggem kinulug tun kinalik. Hituwe ya umannung hantuh algon gintud Apu Dios."""
,44,21,"Hanadan tatagu nah dola ya hahad-on dah Sakalia an kanan day ""Tipet mihahhaad hi Sakalia nah bohongna?"""
,44,22,Indanit limmah-un ya adi pakakalin abunay isinyas nay pinhod nan kalyon. Kediye ya naawatan nadan tatagun waday numpatibon hiya nah bohongnan di Templo.
,44,23,Nagibbuy ngununa nah Templo ot umanamut hi baleda.
,44,24,Indani ya immannung an nawadaan hi Elisabet ot mitmittaluh bale dah liman bulan.
,44,25,"Kananah nomnom nay ""Maphod ahan ta athituy inat Apu Dios ta maid moy gumapuh ek kibabainan."""
,44,26,Nala-uy onom an bulan nipalpu handih numpatib-an nan anghel ke Sakalia ya intud-ak bon Apu Dios hidiyen anghel an hi Gabriel hidid Nasaret ad Galilee
,44,27,ta wada damdamay ena kalyon nah babain hi Maria an nitbin Joseph an holag din hi David.
,44,28,"Imme nan anghel hi kad-ana ot kananay ""Maria, immaliyak an mangalin binendisyonan dakan Apu Dios ya hiya ya wada ke he-a."""
,44,29,Namodwong ya nabulun hi Maria ot numanomnom hi kibalinan nan kinalin nan anghel.
,44,30,"Ya kanan nan anghel ke hiyay ""Adika tumattakut, Maria, te makaulleh Apu Dios ke he-a."
,44,31,Ahika mawadaan ta mun-imbabale kah lalaki ya ahiyu ngadanan hi Jesus.
,44,32,Hiya ya madayaw ya mangadanan an Imbabalen Apu Dios an Katagtag-ayan. Ya nan kinapatul din ammod nan hi David ya ahi ipaboltan Apu Dios ke hiya
,44,33,"ta ahi pumpatul ta nangamung nadan holag Jacob."""
,44,34,"Kanan Maria nah anghel di ""Nganney innuk an mawadaan an maid di inayak?"""
,44,35,"Hinumang nan anghel an kananay ""Ipaalin Apu Dios nan Espiritunat hay ongal an kabaelanay mangat ta mawadaan ka. Hituwey gapunan hidiyen ungan makaphod an abu ya ahida kalyon di Imbabalen Apu Dios."
,44,36,Hi Elisabet an ibam an kanan day adi pakaimbabale ya nawadaan mon mikan-om ad uwaniy bulana takon di nain-ina.
,44,37,"Hituwey kitib-anan hi Apu Dios an ongal di kabaelana ya damanan atonan am-in."""
,44,38,"Ot kanan Mariay ""Takombo, abulutok hinaen kinalim te muttatyuwak ya abun Apu Dios. Hana ot ta umannung hinaen kinalim."" Kinali nah tuwe ot tayanan nan anghel."
,44,39,Indani ya nundadaan hi Maria ot gal-anan ume nah mabilid an bobled Judea.
,44,40,"Immeh balen da Sakalia ke Elisabet ot kananan Elisabet di ""Immaliyak an mangidung-o ke he-an iba."""
,44,41,Kediyen dingngol Elisabet di kalin Maria ya kimmobol nan golang hi putuna. Ya impaduttuk di Espiritun Apu Dios hi Elisabet
,44,42,"ot oltonay kalinan kananan Mariay ""Hi am-in an binabai ya he-ay pakaullayan Apu Dios ya athidi bo nah ahim iimbabale."
,44,43,"Maka-an-anlaak te immali ka. Mu kon dahdiyak ahan an em idung-o, yaden he-ay ahi mangitungo nah Ap-apu taku?"
,44,44,Hanah nangngolak hi kalim ya kimmobol tun golang hi putuk hi anlana.
,44,45,"Inilak an maka-an-anla kan mangulug an umannung nan kinalin Apu Dios."""
,44,46,"Kanan Mariay ""Dayawok hi Apu Dios."
,44,47,Maka-an-anlaak te hi Apu Dios di mangihwang ke ha-on.
,44,48,Takon di nababaak an tagu ya ninomnomak ni-mon muttatyuna kinali mipalpud uwani ya kalyon di tataguy nidatanak hi pun-amlongak
,44,49,gapu ketuwen inat Apu Dios an ongal di kabaelana ya makaphod an abu.
,44,50,Hiya ya homkonan am-in nadan mangun-unud ke hiya ya nadah mitun-ud an holag da.
,44,51,Impatibo nay ongal an kabaelana nadah inat na ya nun-iwahit na nadan mumpahhiyan tatagun gaga-ihoy nomnom da.
,44,52,Kinaana nadan ap-apu hi pun-ap-apuwan da ot nadan nawotwot an tataguy impatag-e na.
,44,53,"Ya indat nay mahapul nadan maagangan an tatagu, mu hanada ken kakadangyan ya intud-ak na didan maid di indat na."
,44,54,Ditakun holag Israel an muttatyuna ya binaddangan ditaku.
,44,55,"Ya himmok nat nangamung hi Abraham ya ditakun holag na ot ipaannung nay kinalina handidah aammod taku."""
,44,56,Nakiha-ad hi Maria ke Elisabet hi tulun bulan ot ahi umanamut hi baleda.
,44,57,Nadatngan di puntungawan Elisabet ya lalakiy intungona.
,44,58,Am-in nadan hinag-on da ya iiba da ya inila dan ongal di homok Apu Dios ke Elisabet ot makiam-amlong dan hiya.
,44,59,Handih mikawalun algon nan golang ya kinugit da. Kanan nadan naamung di ipangadan day Sakalia an ngadan amana.
,44,60,"Mu kanan inanay ""Bokon! Hay ngadana ya hi Juan."""
,44,61,"Kanan dan hiyay ""Mu maid di tutulang yuh nungngadan hi Juan."""
,44,62,Ot isinyas dan amanan hi Sakalia hin nganney pinhod nan ipangadan.
,44,63,"Nunsinyas an idatan dah puntudokana ot itudok nah tuwe ""Hay ngadana ya hi Juan"" ya namodwong da."
,44,64,Pinghanadi ya pakakali boh Sakalia ot dayawonah Apu Dios.
,44,65,Ya namodwong nadan hinag-on da. Am-in datuwen naat hi balen Sakalia ya nundingngol hi kabobbobled Judea.
,44,66,"Ya am-in nadan nangngol ya nonomnomon dah tuwen kanan day ""Nganne nin di ahi pumbalinan diyen golang?"" Nainilan waday kabaelan Apu Dios ke hiya."
,44,67,"Impaduttuk di Espiritun Apu Dios hi Sakalia ot abigonay ahi maat an kananay 68""Dayawon takuh Apu Dios an kon tagu ke ditakun holag Israel te ugge ditaku kinal-iwan, mu ipaali nay mamoklah liwat taku."
,44,69,Hidiyen ipaalina ya ohan holag David. Hiya ya kabaelan mangihwang ke ditaku.
,44,70,Hituwey kitib-anan umannung din impaabig Apu Dios nadah profetas handih donen
,44,71,ahi ditaku ihwang nadah buhul taku ya nadah tatagun humihhingit ke ditaku.
,44,72,Hituwey pangipatib-anan immannung din kinali na handidah aammod takun homkona dida.
,44,73,Insapatanan Abraham an ammod takun
,44,74,ihwang ditaku nadah buhul takut adi taku tumakut an mangun-unud ke hiya
,44,75,ta adi taku maliwat ya ta maphod di pangi-e takut nangamung.
,44,76,Ya he-a ken imbabale ya ahida kanan di profetas daka nah Katagtag-ayan an Ap-apu te he-ay mangipainilah tatagun ahi umali nan Ap-apu taku.
,44,77,Ahim ituttudu nadah tatagun makaan di liwat dat mihwang da.
,44,78,Gapuh ongal an homok Apu Dios ya itud-ak na nan ahi mangihwang ke ditaku. Ya hantuh aliyan diyen itud-ak na ya umat nah manimil an algo
,44,79,"an pat-alanay muntatapol te ipainila nah tataguy maphod an un-unudon dat adida mihi-an ke Apu Dios. Ya ipainila nay maphod an pangi-en pangiun-unudan di tatagut luminggop da."""
,44,80,Immongngal hi Juan ya nanomnoman ya e niha-ad nah adi maboblayan ingganay nadatngan di ena puntuttuduwan hanadah holag Israel.
,45,1,Handih hi Agustus di ap-apud Roma ya in-oldenan mumpalistan am-in di tatagu nadah boblen sinakup di Roma.
,45,2,Hay gobernador ad Syria ketuwen namangulun nunlistaan dah tatagu ya hi Quirinius.
,45,3,"Am-in di tagu ya eda numpalista nah boblen nalpuwan di aammod da. 4,5,Hay numboblayan da Joseph kediye ya ad Nasaret hidid Galilee, mu imme dad Betlehem ad Judea an e numpalista te hidiy boblen din ammod dan hi David. Hi Maria an nitbin hiya ya naki-e yaden ongal di putuna"
,45,6,ot handih wadadad Betlehem ya hidiyey tiempon puntungawana.
,45,7,Ya maid di eda kiha-adan te am-in di baled Betlehem ya napnu. Ot mihaad dah allung. Nuntungoh Maria ya lalakin hidiyey panguluwan ot libbutana ot ipahuyop na nah panganan di baka.
,45,8,Wadaday mumpattol nah pangngel diyen boblen iadug day kalnero da nah hilong.
,45,9,Indani ya numpatibo on anghel Apu Dios ke dida ya pinat-alan di dayaw nan Ap-apu takuy kad-an da ya namahig di takut da.
,45,10,"Mu kanan nan anghel ke diday ""Adi kayu tumakut. Hay kalyok ke dakayu ya maphod an mangipaamlong am-in hi tagu."
,45,11,Ad uwani ya nitungon dakayu nah boblen David nan mangihwang hi tatagu. Hiyah Kristo an Ap-apu.
,45,12,"Hituwey panginilaan yu, hanan golang an eyu tibon ya nalibbutan hi luput an nipahuyop nah panganan di baka."""
,45,13,"Maid maptok ya wadaday dakkodakkol an anghel an nid-um da nah ohan anghel ya pun-ikanta day pundayaw dan Apu Dios. Kanan day 14""Madayaw hi Apu Dios hi langit ya malinggop nadan pangipatib-anah ulena tuh luta."""
,45,15,"Tinaynan nadan anghel dida ot mibangngad dah langit. Nunhuhummangan da nadan mumpattol an kanan day ""Ume takunna ped Betlehem ta etaku tibon hituwen impainilan Apu Dios ke ditaku."""
,45,16,"Ginalagalaan dan imme ya tiniboda da Maria ke Joseph, takon nan golang an nahuyop nah panganan di baka."
,45,17,Ot kalkalyon day kinalin nan anghel mipanggep nah golang.
,45,18,Ya namodwong da Joseph an nangngol kediyen kinalin nadan mumpattol.
,45,19,Hi Maria ya nomnomnomona datuwen dingngol na.
,45,20,Hanada ken mumpattol ya nibangngad da nah pun-adugan dan daydayawon dah Apu Dios gapu nah dingngol da ya tinibo dan hidiyey immannungan nan kinalin nan anghel ke dida.
,45,21,Waluy algon nan golang ot kugiton da ot ngadanan dah Jesus an hidiyey kinalin nan anghel ke Maria ot ahi mawadaan.
,45,22,Nadatngan di tiempon pangun-unudan da Joseph ke Maria nah intugun Moses ot ume dad Jerusalem. In-e dah Jesus ot idawat dan Apu Dios
,45,23,"mipuun ketuwen nitudok nah tuguna: ""Am-in di panguluwan an lalaki ya midawat ke Apu Dios."""
,45,24,Ya eda pay nun-appit hi duwan paloma weno duwan nagapad an balug te hituwey tugun Apu Dios an aton di babain ka-tungona.
,45,25,Hidid Jerusalem ya wada on tagun hi Simeon an maphod di pangi-ena ya makangngun-unud ke Apu Dios an hadhad-onay kihwangan di holag Israel. Wada ke hiyay Espiritun Apu Dios
,45,26,an nangipainilan hiya ya adi mate inggana tibonay umannungan handin kinalin Apu Dios an kananay ahi umali nan mangihwang hi holag Israel.
,45,27,Impangulun nan Espiritun Apu Dios hi Simeon nah Templo ya wadada Joseph ke Maria an in-e dah Jesus hidit aton da nan Tugun Moses.
,45,28,"Inapupun Simeon hi Jesus ot mumpasalamat ke Apu Dios an kananay 29""Apu, ad uwanin immannung nan kinalim ya takon nuppey mateyak an muttatyum ot malinggop di nomnom ku"
,45,30,te tinibok mo tun intud-ak mun mangihwang hi holag Israel
,45,31,an hituwe tuwali din ninomnom mu an mipainilan am-in hi tagu.
,45,32,"Hiya ya mialig dilag an pat-alanay nomnom nadan bokon Judyu ta he-ay un-unudon da ya ta midayaw nadan tatagum an holag Israel."""
,45,33,"Namodwong nadan ammod Jesus kediyen kinalin Simeon mipanggep ke hiya. 34,35,Kanan Simeon ke diday ""Hi Apu Dios di mangipaamlong ke dakayu."" Ya kananan Mariay ""Hituwen ungan tinuddun Apu Dios di humlun hi kakastiguwan di udum an holag Israel te kahingon da. Hiya boy humlun hi kihwangan di udum te kulugon da. Mainilan hiya ya intud-ak Apu Dios te hiyay mangipainilah mipanggep ke Apu Dios. Mu dakol day tatagun mamihul ke hiyan hidiyey kainilaan di kinagaga-ihon di nomnom da. He-an hi inana ya ahi makahakkit damdamay nomnom mu gapu nah ahi maat ke hiya."""
,45,36,Wada damdama on naka-in-inan profetas an hi Anna an hi anak Panuel an holag din hi Asher. Nalahin ot mala-uy pituy toon ya natey inayana.
,45,37,Hiya ya nawalut opat moy toona ya nipalpuh nabaluwana ya ug-uggena tinaynan nan Templo. Mapat-al ya hilong ya daydayawonah Apu Dios ya deke on adi mangan te hay dasal di atoatona.
,45,38,Makihumhummangan hi Simeon ke da Joseph ke Maria ya dimmatong hi Anna ot mumpasalamat ke Apu Dios mipanggep ke Jesus ya pungkali nay mipanggep ke hiya an hiyay hadhad-on dan umalin mamaddang ke didan holag Israel.
,45,39,Inat da Joseph ke Maria nan Tugun Moses mipanggep hi nuntungon babai ya hay panguluwan an lalaki ot umanamut dad Nasaret ad Galilee.
,45,40,Mungkaong-ongal hi Jesus ya nal-ot ya nakannomnoman te hi Apu Dios di mangipaptok ke hiya.
,45,41,Katootoon on imme da nan ammod Jesus ad Jerusalem hin nadatngan nan kanan dan Piyestan di Nala-uwan di Anghel Apu Dios.
,45,42,Handih himpulut duway toon Jesus ya naki-en da amanan e makipiyesta.
,45,43,"Nagibbuh diyen Piyesta ot umanamut nadan tatagu, takon nadan ammod Jesus. Mu uggeda inilan natayanan hi Jesus ad Jerusalem."
,45,44,Pangali da on naki-ki-en dida. Nala-uy ohan algoh nundallanan da ya ininnila dan maid hi Jesus ot mahmahan da nadah ibbada.
,45,45,Adida pakahamak ke hiya ot mibangngad dad Jerusalem ta eda tibon hidi.
,45,46,Nala-uy tulun algo ya hinamak da nah Templon um-umbun nah gawwan nadan naamung an muntuttuduh pangi-en di Judyun mundongdongngol on taganay mahman dida.
,45,47,Am-in da nan mangmangngol ya namodwong da te kabaelanan mun-awat ya nalaing an humumang.
,45,48,"Ya namodwong damdama nadan ammod na hi nanib-an dan hiya. Kanan inanan hiyay ""Antipet uggeka naki-en dakami? Makadannagan kamin nanamahamak ke he-a."""
,45,49,"Hinumang Jesus an kananay ""Tipet hamahamakonak ke dakayu, kon uggeyu inilan hituh balen Amay mahapul an kiha-adak?"""
,45,50,Mu ugge naawatan nadan ammod nah diyen inhumang na.
,45,51,Ot makibangngad mod Nasaret hi Jesus an nanongnan makangngun-unud hi tugun di ammod na. Hi inana ya nonomnomonan am-in nadan na-na-at.
,45,52,Mungkaong-ongal hi Jesus ya mungkaudman di inila na ya matbal ke Apu Dios ya hi tagu.
,46,1,Handih mikahimpulut limay toon hi nun-ap-apuwan Tiberius ya hi Pontius Pilatu di gobernador ad Judea. Hay ap-apud Galilee ya hi Herod. Hi Felipe an tulang Herod di ap-apu damdamad Itule ya ad Telakonitis. Hay ap-apud Abilene ya hi Lisanias.
,46,2,Ya da Annas ke Kaypas di natag-en padin di Judyu kediye. Ketuwe damdaman tiempoy nuntuttuduwan Apu Dios ke Juan an imbabalen Sakalia nah adi maboblayan.
,46,3,"Imme Juan hanadah kabobboblen nih-up nah Wangwang an Jordan. Ot e muntuttudun kananay ""Muntutuyu kayuh liwat yu ya mumpabonyag kayu ta kal-iwan Apu Dios di liwat yu."""
,46,4,"Ketuwen inat Juan ya immannung di intudok din hi Isaiah an profetas Apu Dios. Kananay""Waday ahi madngol nah adi maboblayan an kananay 'Idadaan yu ya iphod yuy dalanon nan Ap-apu taku."
,46,5,Tababon yu am-in nan nalukungan ya pundotalon yu nadan bilid. Ya iphod yun am-in nadan ad-adin dalan ya pun-andongon yu nadan ugge nun-andong.
,46,6,"Ya am-in di tatagu ya ahida tibon nan itud-ak Apu Dios an mangihwang hi tagu.'"""
,46,7,"Dakol day tatagun mumpabonyag ke Juan, mu kananan diday ""Gaga-iho kayu! Kon pangali yu on deket mabonyagan kayu ya adi dakayu kastiguwon ke Apu Dios?"
,46,8,"Mahapul an itikod yun mangat hi gaga-iho ya hay maphod di aton yu ta kitib-anan makulug an nuntutuyu kayuh liwat yu. Adi kayu mundinol an adi dakayu kastiguwon ke Apu Dios gapu te holag dakayun Abraham. Kalyok ke dakayu, hi Apu Dios ya damanan pumbalinona hantudan batu hi holag Abraham."
,46,9,"Hiya ya nundadaan an mangastiguh gaga-ihon tatagu. Dida nadan tatagun mialig nah kaiw an adi maphod di bunganan malngo ta maapuyan."""
,46,10,"Kanan nadan tataguy ""Nganne moy aton mi?"""
,46,11,"Hinumang Juan didan kananay ""Dakayun hindudway bulwatina, idat yuy oha nadah maid di bulwatina. Dakayun waday kanona, idatan yu nadan maid di kanon da."""
,46,12,"Immali nadan mun-amung hi buwis an e mumpabonyag ot kanan dan hiyay ""Apu, nganne damdamay aton mi?"""
,46,13,"Kanan Juan ke diday ""Dakayu ken mun-amung hi buwis ya adiyu hawwalan di ibaga yu."""
,46,14,"Immali damdama nadan tindalu ya kanan day ""Nganne poy aton mi?"" Kanan Juan ke diday ""Adiyu tanaktakuton di tatagu on nun-ala yuy pihhuda. Ya adi na-ala on kanan yuy nabahulan di ohan tagu hin adi makulug ya adi kayu mun-unguh boklaon yu."""
,46,15,Kediyen nangngolan nadan tataguh ituttudun Juan ya namam-an nonomnomon day aliyan nan kinalin Apu Dios an mangihwang hi tagu ya waday udum ke didan kanan da on hiyah Juan.
,46,16,"Mu kanan Juan di ""Ha-oy ya bonyagan dakayuh danum, mu nan ahi umali ya natagtag-e mu ha-on ta takon di hay mangubad hi gakod di apatut na ya nakababbaak an mangat kediye. Ya hiya ke ya bonyagan dakayuh Espiritun Apu Dios ya hay apuy."
,46,17,"Hantuh aliyana ya appilonay tatagu, umat nah tagun muntaop an taopanay bogat ikulbung na, mu nan dugi ya gobhona nah apuy an adi mad-op."""
,46,18,"Bokon hidiye ya abuy intuttudun Juan hanadah tatagu, mu dakol damdamay intugunan dida."
,46,19,Takon hi Herod an gobernador ya kinalyana gapu nadah gaga-ihon inat na umat hi namlowanan Herodias an inayan tulang na.
,46,20,Ot pikalabut Herod hi Juan an hidiyey kagaga-ihawan an inat na.
,46,21,Dakol day tatagun numpabonyag ke hiya takon hi Jesus. Handih numpabonyag ya nundasal ya nabukatan di kabunyan
,46,22,"ot umali nan Espiritun Apu Dios an kay palomay ang-ang na ot umpan hiya. Indani ya waday kimmalih langit an kananay ""He-ay Imbabalek an impakappinhod ku ya mangipaamlong ke ha-on."" 23-38,Tulun puluy toon Jesus ot ilappunay ngununan muntuttudu. Hay tonton di aammod na ya athitu: Hay namangulu ya hi Adam an lintun Apu Dios. Nahlag hi Adam ot wadah Seth an aman Enos. Nahlag hi Enos ot wadah Cainan an aman Mahalalel. Nahlag hi Mahalalel ot wadah Jared. Nahlag hi Jared ot wadah Enoch an aman Methuselah. Nahlag hi Methuselah ot wadah Lamek. Nahlag hi Lamek ot wadah Noah an aman Sem. Nahlag hi Sem ot wadah Arpachshad an aman Cainan. Nahlag hi Cainan ot wadah Selah. Nahlag hi Selah ot wadah Eber. Nahlag hi Eber ot wadah Peleg an aman Reu. Nahlag hi Reu ot wadah Serug. Nahlag hi Serug ot wadah Nahor an aman Terah. Nahlag hi Terah ot wadah Abraham an aman Isaac. Nahlag hi Isaac ot wadah Jacob. Nahlag hi Jacob ot wadah Judah an aman Peres. Nahlag hi Peres ot wadah Hesron. Nahlag hi Hesron ot wadah Arni an aman Admin. Nahlag hi Admin ot wadah Amminadab. Nahlag hi Amminadab ot wadah Nashon an aman Salmon. Nahlag hi Salmon ot wadah Boaz. Nahlag damdamah Boaz ot wadah Obed. Nahlag hi Obed ot wadah Jesse an aman David. Nahlag hi David ot wadah Nathan. Nahlag hi Nathan ot wadah Mattatha an nahlagan Menna an hi aman Melea. Nahlag hi Melea ot wadah Eliakim. Nahlag hi Eliakim ot wadah Jonam an nahlagan Joseph an hi aman Judah. Nahlag hi Judah ot wadah Simeon. Nahlag hi Simeon ot wadah Libay an nahlagan Matthat an aman Jorim. Nahlag hi Jorim ot wadah Elieser. Nahlag hi Elieser ot wadah Joshua. Nahlag hi Joshua ot wada Er an aman Elmadan. Nahlag hi Elmadan ot wadah Cosam. Nahlag hi Cosam ot wadah Addi. Nahlag hi Addi ot wadah Melchi an aman Neri. Nahlag hi Neri ot wadah Sealtiel. Nahlag hi Sealtiel ot wadah Serubbabel an aman Rhesa. Nahlag hi Rhesa ot wadah Johanan an nahlagan Joda an aman Josech. Nahlag hi Josech ot wadah Semein. Nahlag hi Semein ot wadah Mattatias an aman Maath. Nahlag hi Maath ot wadah Naggai. Nahlag hi Naggai ot wadah Esli. Nahlag hi Esli ot wadah Nahum an nahlagan Amos an aman Mattatias. Nahlag hi Mattatias ot wadah Joseph. Nahlag hi Joseph ot wadah Jannai an nahlagan Melchi an aman Libay. Nahlag hi Libay ot wadah Mathat an aman Heli. Nahlag hi Heli ot wadah Joseph an impun-ammod Jesus. Datuwey nuntutun-ud an aammod Jesus."
,47,1,"2,Hi Jesus ya waday Espiritun Apu Dios ke hiya handih nalpu nah Wangwang an Jordan. Impangulun diyen Espirituh Jesus nah adi maboblayan ot mihmihdih nap-at an algo. Hidiy nangipatnaan Satanas an munhaul ke hiya ta munliwat. Kediye ya nakaaggangan hi Jesus te ug-ugge nangan."
,47,3,"Kanan Satanas ke hiyay ""Deket Imbabale dakan Apu Dios ya pumbalinom tun batu hi makan."""
,47,4,"Hinumang Jesus an kananay ""Mu hay nitudok hi kalin Apu Dios ya kananay 'Bokon hay makan ya abuy kitaguwan di tagu.'"""
,47,5,In-en Satanas hi Jesus nah natag-en bilid ot pinghanadi ya impatibonan am-in ke hiya nadan pun-ap-apuwan tuh luta
,47,6,"ot kananan hiyay ""Damanan he-ay mun-ap-apu ke datuwen am-in ta madayaw ka te nidat ke ha-on datuwet nangamungak an mangidat nah pinhod kun mun-ap-apu."
,47,7,"Kinali deket ha-oy di dayawom ya idat kun am-in datuwe ke he-a."""
,47,8,"Mu hinumang Jesus an kananay ""Hay nitudok an kalin Apu Dios ya kananay 'Hi Apu Dios ya abuy dayawon yu ya unudon yu.'"""
,47,9,"In-en bon Satanas hi Jesus ad Jerusalem nah katagtag-ayan an bubung nan Templo ot kananan hiyay ""Deket Imbabale dakan Apu Dios ya dumop-a ka 10,11,ot deyan impitudok Apu Dios an kananay'Baalona nadan anghel ta ipaptok daka ta takon di mag-a ka ya tippaon dakat adika maliputan.'"""
,47,12,"Hinumang Jesus an kananay ""Mu wada boy nitudok hi kalin Apu Dios an kananay 'Adiyu patnaan hi Apu Dios.'"""
,47,13,"Impatnan Satanas am-in di kabaelanan munhaul ke Jesus, mu adi pakaha-ul ot taynanat nangamung boy ahina panaulan ke hiya."
,47,14,Nibangngad hi Jesus ad Galilee an waday kabaelanan nalpuh Espiritun Apu Dios ot mundingngol hi kabobbobleh di gapu nadah intuttudu na ya nadan inat na.
,47,15,Nuntanuttudu nadah simbaan hidi ya tobalon am-in nadan tatagu.
,47,16,Indani ya immeh Jesus hi bobledad Nasaret an naongalana. Sabadun Tungo kediye ya immen nah simbaan te hituwe tuwaliy oggana aton ot tumaddog ta mumbidbid hi kalin Apu Dios.
,47,17,"Ya indat dan hiya nan papel an naluddun an nitudokan nan kinalin din profetas an hi Isaiah. Binokyag na ot potkonan bidbidon nan kananay 18""Hay Espiritun Apu Dios ya wadan ha-on te ha-oy di pinili nan mangipainila nadah nawotwot nah maphod an ahi maat. Ya intud-akak an mangipainilan mibukaan nadan nibalud ya pakatibo nadan nakulap ya immaliyak an mamaddang nadah maligatan."
,47,19,"Intud-akak bon mangipainilah datngan di tiempon pangihwangan Apu Dios hi tagu."""
,47,20,Binidbid Jesus hituwe ot luddunona ot ibangngad na nah tagun bumadbaddang nah bohongnan di simbaan ot umbun an muntuttudu. Am-in nadan tatagu nah simbaan ya totokkolon da
,47,21,"ot kananan diday ""Hinaen kalin Apu Dios an dingngol yun binidbid ku ya immannung ad uwani."""
,47,22,"Am-in nadan nangngol ke hiya ya tobalon da ya nakammodwong da nah makaphod an puntuttudu na. Kanan nadan tataguy ""Kon bokon hiya nan imbabalen Joseph?"""
,47,23,"Kanan Jesus ke diday ""Makulug man ahan an ahiyu kalyon ke ha-on nan ab-abig an kananay 'He-an mun-aga, agaham di adol mu. Atom hantuh numboblayam di umat nah dingngol min inat mud Kapernaum.'"""
,47,24,"Kanan bon Jesus di ""Hituwey kalyok ke dakayu, makulug an hanan profetas ya adi kulugon nadan kaboblayana. 25,26,Umat ke Elijah an profetas Apu Dios handih kawadana tuh lutan waday bitil hi kabobbobled Israel te ug-ugge immudan hi tulun toon ta kagodwa. Ot dakol day kaboblayanan binabain nabalun munhapul hi baddang, mu bokon diday binaddangana te nan nabalun babain bokon Judyud Salepta ad Sidon di nangitud-akan Apu Dios ke hiyan ena baddangan."
,47,27,"Athidi bo dih tiempon Elisha an ohan profetas Apu Dios an dakol day ibbanan Judyun mundogon mungkangpuy adol da, mu bokon diday nangitud-akan Apu Dios ke hiya te nan bokon Judyu an hi Naaman ad Syria an athidiy dogonay nangitud-akan Apu Dios ke hiya ot kaanonah diyen dogona."""
,47,28,Handih dingngol nadan tatagu nah simbaan dadiyen kinalin Jesus ya nahalman di boh-ol dan hiya
,47,29,ot lapditon da ot ieda nah tap-on diyen bilid an numboblayan dat eda ot ogahon nah dopla.
,47,30,Mu na-ala ya mangeh Jesus an indalanah gawwan nadan naamung an tatagu.
,47,31,Immeh Jesus ad Kapernaum ad Galilee ot kediyen Sabadu ya nuntuttudu nah simbaan.
,47,32,Ya namodwong nadan tataguh panuttudu na te waday kalebbengana.
,47,33,"Hidi nah simbaan ya wada on nahikpan an muntukuk. Kananay 34""Jesus an iNasaret, nganney pinhod mun aton ke dakami? Kon immali kan manadag ke dakami? Inilak hin dahdi ka. He-a nan maid di liwat na an intud-ak Apu Dios!"""
,47,35,"Mu kinalyan Jesus nan nihkop an kananay ""Opya ka ya makaan ka nah tagu!"" Impalin nan nihkop nan taguh hinangngab nadan naamung an tatagu ot ahi makaan, mu maid udot di naliputan nah tagu."
,47,36,"Namodwong nadan tatagu ot munhimbabaggaan dan kanan day ""Nganneh tuwen ma-ma-at? Hinnatkon an abu! Antipeh naen ongal di kabaelan di kalina? Deya peman an takon di dimonyon nihkop ya kaanona!"""
,47,37,Ot mundingngol di mipanggep ke Jesus am-in hanadah nunlinikkod an bobled Kapernaum.
,47,38,Limmah-un hi Jesus nah simbaan ot umeh balen da Simon. Hinumgop ya kinali dan hiyan mundogo nan inan nan inayan Simon an nahalman di atung di adol na ot ibaga dan hiyan paphodona.
,47,39,Immeh Jesus hi kad-ana ot kalyonan makaan nan atung na ya nakaan. Ot umina ot ena idadaan di kanon da Jesus.
,47,40,Mungkalimuy algo kediye ya nun-ialin di tataguy mumpundogoh kad-ana ot dapaona dida ot makaan di dogoda.
,47,41,"Takon nadan nahikpan ya kinaanay nihkop ke dida ya deket e makaan nadan nihkop on tinumkuk dan kanan day ""He-a nan Imbabalen Apu Dios!"" Mu adi iabulut Jesus an kumali da te adina pinhod an diday mangipainilan hiyah Kristo."
,47,42,Mungkabigat kediye ot umeh Jesus nah e-elen di boblen maid di tagu ot e maoh-ohhah di. Indani ya punhamak nadan tatagu ot handih hinamak da ya iadi dan tayanana dida.
,47,43,"Mu kananan diday ""Mahapul an umeyak hi udum an boblet eyak muntuttudu damdamah di hi mipanggep hi pun-ap-apuwan Apu Dios te hituwey nangitud-akanan ha-on."""
,47,44,Ot umed Judea an e muntuttudu nadah simbaan di Judyu.
,48,1,Ohan algon muntattaddog hi Jesus nah pingngit di baybay an Genesaret ya namahig an dakol day tatagun umeh kad-anan e mangngol hi ituttudunan kalin Apu Dios.
,48,2,"Tinibon Jesus di duwan bangka nah pingngit di baybay, mu maid nadan numbangka te eda inwahway tabukul da."
,48,3,Gapu te dakkodakkol di tagu ya e inumbun hi Jesus nah bangkan Simon Pedro ot kalyonan hiyan ipae-ele nah ittay ta waday atonan muntuttudu nadah tatagu.
,48,4,"Ginibbu nan nuntuttudu ot kananan Simon Pedro ""Iem tun bangka nah adallom ta hidiy em pangibkahan hi tabukul mu."""
,48,5,"Ya kanan Pedro ke hiyay ""Apu, impalpu mid nakugab hi mungkahilong inggana dih mungkabigat ya maid di tinabukul mi, mu hinae key kanam ya ek ibkah di."""
,48,6,Ot ibka da nan tabukul ya dakkodakkol peman di naknah dolog ya maid bo kayan mungkabik-i nan tabukul.
,48,7,Hay mo inat da ya inayagan da nadan wada nah ohan bangka ot mumbabaddang da ot pakapnuwon dah dolog nan duwan bangka ot innang an malnong ot ya abu nadan bangka da.
,48,8,"Tinibon Simon Pedroh tuwen kadakol di tinabukul da ya nundukkun hi hinangngab Jesus ot kananay ""Tayananak Apu, te ha-oy ya naliwatak an tagu."""
,48,9,Kinalinah tuwe te hiya ya nadan ibbana ya nakammodwong da hin nganney innunat dakol di tinabukul da.
,48,10,"Da James ke Juan an nak-Sebedi an ibbanan muntabukul ya nakammodwong da damdama. Kanan Jesus ke Pedroy ""Adika umagol an miunud ke ha-on. Mipalpud uwani ya eka mangawis hi tatagu ta ha-oy di un-unudon da."""
,48,11,Impadakal day bangka da ot iwalong dan am-in di nganneh diye ot miunud dan Jesus.
,48,12,"Ohan algon immeh Jesus hi ohan boble ya wadah di on tagun mungkangpuy adol na. Tinibo nah Jesus ya nundukkun hi hinangngab na ot kananay ""Apu, kaanom ahan tun dogok te inilak an kabaelam an aton, mu nangamung ka."""
,48,13,"Dinapan Jesus nan mundogo ot kananay ""Damana. Nakaan mo kayah naen dogom."" Pinghanadi ya nakaan di dogon nan tagu."
,48,14,"Tinuguna nan tagun kananay ""Adim ot kalkalyon hituwen inat ku, mu ipayum an umeh kad-an nan padit em ipatibon hiyan nakaan di dogom ya iappitam hi Apu Dios an miunnud nah kanan di Tugun Moses ta panginilaan di tatagun nakaan di dogom."""
,48,15,"Kinalin Jesus nah tagun adina kalkalyon nan inat na, mu nundingngol damdamah kabobboble. Kinali immali day dakol an tataguh kad-anan mangngol hi ituttuduna ya mangipakaan hi dogo dan hiya."
,48,16,Mu oggan umeh Jesus nadah maid di numboblet e maoh-ohhah din mundasal.
,48,17,"Ohan algon muntuttuduh Jesus ya wada nadan Pharisee ya nadan muntuttuduh Tugun Moses an nalpuh kabobbobled Galilee, ad Jerusalem ya nadah udum an bobled Judea an immalin makidngol hi ituttuduna. Waday kabaelan Apu Dios ke hiya, kinali kabaelanan mangaan hi dogo."
,48,18,"Indani ya wada da on immalin nun-attang hi niayod an tagun naparalyze. Eda tumibotiboh dalanon dan mangieh kad-ana,"
,48,19,mu maid te dakkodakkol day tatagu. Kinali ingkayat da mo nah atop ot gumuk-ang da ot uy-uyon da nan niayod hi hinangngab Jesus nah gawwan nadan naamung an tatagu.
,48,20,"Inilan Jesus di kaongal di pangulug dan hiya ot kanana nah mundogoy ""Tulang ku, nakaan di liwat mu."""
,48,21,"Hanadan Pharisee ya nadan muntuttuduh Tugun Moses ya kanan dah nomnom day ""Dahdi ni-boh tuwen tagun taltalanggaanah Apu Dios an iingngonay adol nan hiya? Hay tagu ya adinadaman kaanonay liwat, abunah Apu Dios."""
,48,22,"Inilan Jesus di nomnomnomon da ot kananan diday ""Antipet athinay punnomnom yu?"
,48,23,Nganney nalaklaka? Hay kalyon di 'Nakaan di liwat mu' weno 'Tumaddog kat alam nan ayod mut umanamut ka.'
,48,24,"Agat ipatibok ke dakayun ha-oy an Panguluwan di tagu ya waday kabaelak an mangaan hi liwat di tagu."" Ot kanana nah naparalyze an taguy ""Kalyok ke he-a, tumaddog ka, alam nan ayod mut umanamut ka."""
,48,25,Pinghanadi ya timmaddog nan naparalyze an tagu ot alana nan ayod na ot umanamut an daydayawonah Apu Dios. Am-in nadan tatagun nanibo
,48,26,"ya nakammodwong da ya kanan day ""Anakkaya bo peman hituwen etaku tinibod uwani!"" Ot dayawon dah Apu Dios."
,48,27,"Nagibbuh tuwe ot lumah-un hi Jesus. Handih mangmangnge ya tinibo na on mun-amung hi buwis an hi Libay di ngadanan um-umbun nah opisinana ot kananan hiyay ""Maka, miunud kan ha-on."""
,48,28,Timmaddog hi Libay ot miunud ke hiyan tinayanana nan opisinana.
,48,29,Ohan algo ya immayag hi Libay hi tatagun makihamul hi baleda te impartiyanah Jesus. Dakol nadan ibba nan mun-amung hi bayad di buwis ya nadan udum an tatagun nakikan ke dida.
,48,30,"Hanadan Pharisee ya nadan udum ke didan muntuttuduh Tugun Moses ya imbaag da nadan disipulos nan kanan day ""Antipet makikan kayu nadah mun-amung hi buwis ya nadan naliwat an tatagu?"""
,48,31,"Mu hi Jesus di himmumang ot kananan diday ""Hay agahan di doktor ya hay mundogo, bokon hay maid di dogona."
,48,32,"Paddungnan ha-oy an immaliyak ta paphodok nadan naliwat, bokon nadan kanan day maid di liwat da."""
,48,33,"Ohan algo ya wadada nadan tatagun kanan dan Jesus di ""Hanada ke ot an disipulos Juan ya muntopol dan adida mangan nah pundasalan da, athidi bo nadah disipulos nadan Pharisee. Mu hanada ken disipulos mu ya mangamangan da ya uminum da."" 34,35,Hinumang Jesus an kananay ""An hay kanan yu ya adi mangan nadan gagayyum nan mungkasal? Mangan da te hanan mungkasal an nikuyugan da ya ipaptok na dida. Athidi damdama nadah disipulos kun mangan da te wadaak. Mu indanit maidak mo ya adida mangan gapuh punnomnom dan ha-on."
,48,36,"Kon waday tagun e bumik-ih balun luput ta ilkob na nah daan an bulwati? Deket iathidi na ya ayyo nan balun luput, oha bo ya ad-adiy balun luput an milkob hi daan."""
,48,37,"Hay oha boh inab-abig na ya kananay ""Maid di tagun ena iha-ad di ka-apyan mainum nah daan an kimmulhin lalat an pangihuduwan hi mainum te adi mainat. Te deket umina nan ka-apyan mainum ya mabughi nan lalat. Ayyo nan mainum ya nan lalat an punhuduwan."
,48,38,"Ta hidiye nan hanan ka-apyan mainum ya mahapul an hanah ka-apyan bolat di pangiha-adan."""
,48,39,"Kanana boy ""Maid di ohan tagun naminhod hi ka-apyan mainum hin hay napgot di impainghanan inumon te hay inilana ya mapmaphod nan napgot."""
,49,1,Ohan Sabadu an indalan da Jesus hi payo ya pimmutting nadan disipulos nah page ot kutkuttimon da.
,49,2,"Tinibon nadan Phariseeh diye ot kanan dan Jesus di ""Antipet ekayu pimmutting hi page yaden Sabadun Tungo?"""
,49,3,"Kanan Jesus di ""An uggeyu binidbid di inat da David handih naagangan da?"
,49,4,"Hinumgop nah balen Apu Dios ot kuman nah tinapay an niappit ke Apu Dios ot idatana nadan ibbana yaden panioy panganan da te abunay padin mangan kediye."""
,49,5,"Ot kanana boy ""Ha-oy an Panguluwan di taguy mangali hin nganney panio weno adi nah Sabadun Tungo."""
,49,6,Wada boy ohan Sabadu an hinumgop hi Jesus nah simbaan di Judyu ot muntuttudu ya wadah di on tagun napikluy di wawwan an taklena.
,49,7,Hanada ken muntuttuduh Tugun Moses ya nadan Pharisee ya hahalipat-an day pangaanan Jesus hi pikluy diyen tagu kediyen Sabadun Tungo ta waday ipabahul dan hiya.
,49,8,"Mu inilanay wadah nomnom da ot kanana nah tagun napikluy di takle nay ""Maka, tumaddog ka tuh hinangngab di tatagu."" Imme nan tagun napikluy di taklenah kad-an Jesus ot tumaddog"
,49,9,"ya kanan Jesus nadah naamung di ""Waday ibagak ke dakayu. Nganney kanan di Tugun Moses hi damanan aton nah Sabadun Tungo? Hay maphod di aton ta bumaddang ta weno hay ad-adiy aton ta dumadag ta? Kon gapu te Sabadun Tungo ya adi hangudon di ibbat mate weno baddangan ta tumagu?"" Mu maid di humumang."
,49,10,"Kinali nah tuwe ot iang-ang na nadah tatagu ot ahina kanan nah tagun napikluy di takle nay ""Ukyadom di taklem."" Inukyad na ya maphod mo."
,49,11,Mu nadan Pharisee ya bimmobboh-ol da ot punhuhummanganan day aton dan mamaten Jesus.
,49,12,Waday ohan algon immeh Jesus nah bilid ta e mundasal ot miha-ad hidih ohan hilong.
,49,13,"Mabigat kediye ot ayagana nadan disipulos na ot piliyonay himpulut duwa ot ngadanana didah apostoles. 14-16,Dadiyen pinilina ya hi Simon an nginadana nah Pedro, hi Andres an tulang Simon, hi James, hi Juan, hi Felipe, hi Bartolome, hi Mateo, hi Tomas, hi James an hi anak Alfeo, hi Simon an oha nadah Zealot, hi Judas an hi anak James, ya hi Judas Iskariote an nangihdul ke Jesus. 17,18,Dimmayyu da Jesus nah nundotal ot umohnong da ya naamung nadan dakol an miunuunud ke hiya. Immali da boy dakol an tatagun e mumpakaan hi dogo da ya mundongol hi ituttuduna. Nalpu dad Jerusalem, nadah udum an bobled Judea ya nadah bobleh pingngit di baybay ad Tyre ya Sidon. Immali da damdamay nungkahikpan ot kaanonay nihkop ke dida."
,49,19,Am-in nadan mundogo ya pinhod dan dapaon hi Jesus ta makaan di dogoda te inila dan waday kabaelanan mangaan hi dogo.
,49,20,"In-ang-ang Jesus nadah miunuunud ke hiya ot kananay ""Dakayun nungkawotwot ya umamlong kayu te dakayuy migappat hi pun-ap-apuwan Apu Dios."
,49,21,Dakayun maagangan ad uwani ya umamlong kayu te ahi kayu mabhug. Dakayun lumuwaluwad uwani ya umamlong kayu te ahi kayu tumatawa.
,49,22,"Mun-am-amlong kayun hihingngitan di tatagu ya adida pakihayyupon, panadngolan da ya pihulon da gapuh pangulug yun ha-on an Panguluwan di tagu."
,49,23,Maphod di mun-am-amlong kayu hin athidiy aton di tatagu ke dakayu te waday ongal an indadaan Apu Dios hi kiphodan yuh langit. Athidi damdamay inainat nadan aammod da handidah profetas Apu Dios.
,49,24,Dakayun kakadangyan an nalam-ay di nitaguwan yud uwani ya mahmok kayu te ahiyu talakon am-in di kinadangyan yu.
,49,25,Dakayun wadwada-an ad uwani ya mahmok kayu te ahi kayu makakudangngan. Dakayun matattatawad uwani ya mahmok kayu te ahi kayu lumuwaluwa.
,49,26,Mahmok kayun kanan di tataguy maphod te hay kakulugana ya umat kayu handidah adi makulug an profetas an gagamgaman day katbalan dah tatagu an bokon hay katbalan dan Apu Dios.
,49,27,"Dakayun mangngol hi kalik, pohdon yuy buhul yu ya aton yuy maphod nadah tatagun humihhingit ke dakayu."
,49,28,Ya takon nadan mun-idut ya nadan mumpaholholtap ke dakayu ya idasal yun Apu Dios di kiphodan da.
,49,29,Takon di ampingon day tamel yu ya adiyu ibalo. Deket waday mangalah oddan di bulwatiyu ya pakidat yu bo nan nioddahana.
,49,30,Deket waday mumbagan dakayuh baddang ya idat yuy ibagana. Ya kal-ina ket waday inalan di tagun dakayu ya adiyu piliton an bangngadon.
,49,31,Hay pinhod yun aton di ibbayun dakayu ya hidiye damdamay aton yuh ibbayu.
,49,32,"Deket abuna nadan tatagun naminhod ke dakayuy pohdon yu, ya kon matbal kayu? Adi, te takon nadan naliwat ya athidiy aton da."
,49,33,"Deket abuna nadah maphod di aton dan dakayuy pangatan yuh maphod, ya kon matbal kayu? Adi, te takon nadan naliwat ya athidiy aton da."
,49,34,"Deket ammuna nadan tatagun inila yun pakabayyadan day gawat day pagawatan yu, ya kon matbal kayu? Adi, te athidi damdamay aton nadan naliwat."
,49,35,"Adiyu iathidi, mu pohdon yu nadan buhul yu ya aton yuy maphod ke dida ya pagawatan yu nadan adi gumlan mumbayad hi gawat da. Deket aton yuh diye ya ongal di gun-udon yu ya nan pangatan yun diyey kitib-anan imbabale dakayun Apu Dios an Katagtag-ayan te hiya ya idat nay kiphodan nadan naliwat ya nadan tatagun adi mumpasalamat ke hiya."
,49,36,Homkon yuy ibbayun tagu umat ke Apu Dios an hi Amayu an huhhummok.
,49,37,"Adiyu pumbalinon di adol yuh huwes te bokon dakayuy mangali hin gaga-iho weno maphod di atoaton di ibbayu, mu nangamung hi Apu Dios. Deket aton yuy athidi ya makastigu kayu. Homkon yu nadan ibbayun numbahul ke dakayu ta adi na-ala on kanan yuy makastigu da, ta homkon dakayu damdaman Apu Dios hin mumbahul kayu. Kal-iwan yuy inat nadan numbahul ke dakayu ta kal-iwan damdaman Apu Dios di liwat yu."
,49,38,"Adiyu ukuhon an bumaddang hi ibbayun tagu hin waday mahapul da, te hi Apu Dios ya maid ukunan bumaddang ke dakayu te ongal di ibaddang na. Hin dakol di idat yu ya dakol damdamay midat ke dakayu. Hin ittay di idat yu ya ittay damdamay midat ke dakayu."""
,49,39,"Ot mun-ab-abig hi Jesus an kananay ""Hay nakulap an tagu ya adina ipanguluy ibbanan nakulap te kon adida mag-an duwa?"""
,49,40,"Kanana boy ""Hay tagun mun-ad-adal ni-an ya ugge niingngoh mittuluna. Kah-in di gibbuwonay adal nat ahi damanan kanan di niingngo nah mittuluna. 41,42,Hay nabutan tagu ya adinadaman tibona ta kaanonay butan di ibbana. Ongal an langkak hin takon di waday ongal an butah matam ya kanam di kaanom di ittay an butah matan di ibbam. Kaanom ni-an di butah matam ta ahim kaanon di butah matan di ibbam."""
,49,43,"Kanan bon Jesus di ""Hay maphod an kaiw ya maphod boy bungana. Hay ad-adin kaiw ya ad-adi boy bungana te athidiy niatana."
,49,44,Kinali nan bungay panginilaan hin maphod nan kaiw weno adi. Inila taku bon hay pagit ya gulun ya adida bumungah makan te athidiy niatan da.
,49,45,Athidih tagu te hay tagun maphod di nomnom na ya maphod damdamay atona. Mu hay tagun gaga-ihoy nomnom na ya gaga-iho damdamay atona. Mainila hin maphod weno gaga-ihoy wadah nomnom di tagu te hidiyey atona ya kalyona.
,49,46,Antipet kanan yuy ha-oy di Apu yu yaden adiyu un-unudon di itugun ku?
,49,47,Hay kalyok ke dakayu ya mipanggep hi tagun umalin mundongol hi kalik ot un-unudona.
,49,48,"Hidiyen tagu ya umat nah tagun nangapyah balen impakaihammad nay tukud na. Immaliy puwok ya nal-ot an udan ot lumakbiy dinluh wangwang ot datngana nan bale, mu ugge natu-i te nahamad."
,49,49,"Mu nan tagun donglona ya abuy kalik, mu adina un-unudon ya umat nah tagun nangapyah balen impupule nay tukud na. Immaliy puwok ya pinghanadi ya natu-i ot makappa-i."""
,50,1,Ginibbun Jesus dadiyen intuttudu na ot mibangngad ad Kapernaum.
,50,2,Wadah di nan bokon Judyun ap-apun di hinggatut an tindalu an mundogon mungkatkate nan pinpinhod nan muttatyuna.
,50,3,Handih dingngol nay mipanggep ke Jesus ya immitud-ak hi ap-apun di Judyun e mangayag ke hiyat paphodonah diyen muttatyuna.
,50,4,"Imme da diyen binaal nah kad-an Jesus ot kalyon dan hiyay mipanggep nah ap-apu ya nan muttatyuna. Kanan day ""Maka kanu anhan an kanan nan ap-apun di tindalu ta em paphodon nan muttatyuna. Baddangam anhan hidiyen ap-apu te maphod di pangi-ena."
,50,5,"Hiya ya takon di bokon Judyu ya pinhod ditaku ya numpakapya peman hi simbaan taku."""
,50,6,"Ot maki-eh Jesus. Handih manatong da ya immitud-ak bo nan ap-apu hi e mangali ke hiyan kanan day ""Hituwey kanan nan apu mi: Takon di adika maki-ali ta adika mataktak. Oha bo ya bumainak hi aliyam hi balemi"
,50,7,ya bumainak an umalih kad-am. Takon di ammunay kalyom ot makaan di dogon tun muttatyuk.
,50,8,"Inilak an waday kabaelan di kalin di ap-apu te ha-oy ya un-unudok di kalyon di ap-apuk. Ya un-unudon damdaman di tindaluk di kalyok. Deket kanak nah tindaluk di 'Eka', on imme. Deket kanak di 'Maka', on immali. Deket kanak nah muttatyuk di 'Atom hituwe', on inat na. Ot namam-ay kalim an kabaelanan mangaan hi dogon nan muttatyuk."""
,50,9,"Handih dingngol Jesus hituwe ya namodwong hi pangulug diyen ap-apu ot iang-ang na nadah naamung an niunud ke hiya ot kananan diday ""Kalyok ke dakayun maid di ohan Judyu hi ek tinibon athidiy pangulug na."""
,50,10,Nibangngad nadan binaal nan ap-apu ya tinibo dan pinumhod nan muttatyu.
,50,11,Indani ya immeh Jesus ad Nain ya naki-e nadan disipulosna ya nadan dakkodakkol an tatagu.
,50,12,Manatong da nah boble ya dinamu da nadan tatagun e mangilubuk nah naten binugtung an imbabalen nan nabalun babai ya dakol day kaboblayanan nikuyug.
,50,13,"Handih tinibon Jesus nan nabalu ya ongal di homok nan hiya ot kananay ""Adika kumga."""
,50,14,"Immeh kad-an nan nate ya in-ohnong nadan nun-attang. Dinapan Jesus nan lungun an kananay ""Bumangun ka."""
,50,15,Bimmangun nan nate ya kimmali ot itud-ak Jesus hi kad-an inana.
,50,16,"Nakammodwong dan am-in nan tatagu ot dayawon dah Apu Dios an kanan day ""Dehtun ditaku on ongal di kabaelanan profetas Apu Dios. Himmok ditakun Apu Dios ot itud-ak nay mangihwang ke ditaku."""
,50,17,Hituwen inat Jesus ya nundingngol hi kabobbobled Judea ya am-in hanadah nunlinikkod an boble.
,50,18,Hanadan disipulos Juan ya imme dah kad-ana nah baludan ot kalkalyon dan am-in ke hiya nadan inat Jesus
,50,19,"ot itud-ak Juan di duwah kad-an Apu Jesus an kananan diday ""Eyu ibagan Apu takuy 'Kon he-a kanu nan intud-ak Apu Dios weno waday udum an had-on mi?'"""
,50,20,"Imme da nan intud-ak Juan ot kanan dan Jesus di ""Intud-ak dakamin Juan an mumbonyag ta ibaga min he-ah tuwe 'Kon he-a kanu nan intud-ak Apu Dios weno waday udum an had-on mi?'"""
,50,21,"Kediyey nangaananah dogo, hay nihkop ya hay kulap nadan tatagu."
,50,22,"Hinumang na didan kananay ""Mibangngad kayuh kad-an Juan ta eyu kalyon ke hiyan am-in di dingngol yu ya tinibo yu. Deyan pakatibo day nakulap, pakadallan day napilay, pinumhod nadan mungkangpuy adol da, pakadngol day nalulok, namahuwan day nate ya nipainila nadah nawotwot di mipanggep hi ongal an impaminhod Apu Dios ke dida."""
,50,23,"Kanan bon Jesus di ""Hanan tagun adi munhalinduwa mipanggep ke ha-on ya hiyay ongal di amlong na."""
,50,24,"Handih nibangngad nadan intud-ak Juan ya kanan Jesus nadah naamung di ""Nganney ninomnom yun e tibon handih imme kayuh kad-an Juan nah adi maboblayan? Kon hanan tagun humalihalinduwa an umat nah bilaun ib-ibbuyong di dibdib"
,50,25,"weno nan tagun numbulwatih makakkaphod? Bokon, te hay kakulugana ya hanada ken tatagun numbulwatih makakkaphod ya mihaad dah makakkaphod an bale ya nalam-ay di biyag dan adida mihaad hi adi maboblayan."
,50,26,"Dahdi mo? Hay profetas? Om, hituwey kalyok ke dakayu, hidiyen eyu tinibo ya makulug an profetas ya hiya ya waday niong-ongana"
,50,27,"te athituy nitudok mipanggep ke hiya:'Kanan Apu Dios di ""Pamanguluwok tun muntuttuduh mipanggep ke he-a ta ahika dumatong."" '"
,50,28,"Hituwey kalyok ke dakayu, pinilin Apu Dios tuwalih Juan an katagtag-ayan am-in hi tatagu, mu hanan nakababban tagun nigappat hi pun-ap-apuwan Apu Dios ya natagtag-e mu hiya."""
,50,29,Wadadah di nadan tatagun numpabonyag ke Juan takon nadan mun-amung hi buwis an numpabonyag damdama. Handih dingngol dah diyen kinalin Jesus ya inabulut dan maphod di ine-en Apu Dios.
,50,30,"Hanada pe tuwalin Pharisee ya nadan muntuttuduh Tugun Moses di ugge nangabulut, kinali uggeda numpabonyag."
,50,31,"Kanan bon Jesus di ""Nganne nin di pangiingngowak hi pangi-eyun tatagud uwani?"
,50,32,"Umat kayu nadah u-ungan maamuamung an umanay-ayyam nah malkadun kalyon nadan udum hi ibbaday 'Namnambab kami ya nungganggangha kamit kanan mi ot on manayo kayu, mu ugge kayu. Ya impatna mi bon mun-iyo-iyo, mu adi kayu kumga!' Umat kayu ke datuwen u-unga te ugge inilay pinhod yu."
,50,33,"Te immalih Juan an mumbonyag ya hinnatkon di kanona ya adi manginum, ya kanan yuy nahikpan."
,50,34,"Yaden ha-oy ken Panguluwan di tagu ya gapu te manganak ya uminumak, ya kanan yu boy 'Ag-agam! Nakahhalman di pangana ya panginum na ya makihayhayyup nadah mapihul an tatagun mun-amung hi buwis ya nadah naliwat!'"
,50,35,"Mu hituwey nomnomon yu, hay kaphod ya kinalaing Apu Dios ya mipatibo nadah tatagun mangabulut hi pangi-e min duwa ke Juan."""
,50,36,Waday ohan algon nan Pharisee an hi Simon ya inayaganah Jesus ta e makikan hi baleda ot umeh Jesus.
,50,37,Kediyen boble ya wada nan babain nundingngol an makilalaki. Dingngol nan e mangan da Jesus hi balen nan Pharisee ot umeh din waday inal-alanah ohan butilyan lanan nakangngina.
,50,38,Hinumgop ot tumaddog hi pottok nan hukin Jesus an mungkoga ya tininan di luwanay hukin Jesus ot mundukkun ot dan-iyanah buuk na. Inungngu na nan hukin Jesus ot duyaganah lana.
,50,39,"Handih tinibon tun Phariseen nangayag ke Jesus hituwen inat nan babai ya kananah nomnom nay ""Gulat nat makulug an profetas hituwen tagu ya wada ot an inilanan nakaliwwat tun babain mangid-id-on ke hiya."""
,50,40,"Inilan Jesus hidiyen wadah nomnom na ot kananay ""Simon, waday ab-abigok ke he-a."" Kanan Simon di ""Nganneh diye, Apu?"""
,50,41,"Kananay ""Waday duwan tagun gimmawat hi pihhu hi ohan tagu. Hay ginawat di oha ya liman gatut. Hanan oha ya nalima."
,50,42,"Gapu te adida pakabayad ya ugge mo impabayad nan nangipagawat hidiyen ginawat da. Ya dahdi ke didan duway ong-ongal di pamhod na nah nangipagawat?"""
,50,43,"Hinumang Simon an kananay ""Hanan gimmawat hi liman gatut."" Ya kanan Jesus ke hiyay ""Niptok hinaen inhumang mu."""
,50,44,"In-ang-ang Jesus nah babai ot kananan Simon di ""Tinibom di inat tuwen babai? He-a ke ya hinumgopak hi balem ya uggeyak indatan hi danum an pangulak hi hukik yaden hidiyey pangi-e taku, mu hituwen babai ya inulahanay hukik hi luwana ot dan-iyanah buuk na."
,50,45,"Hinumgopak hi balem ya uggeyak inawal yaden hidiyey pangi-e taku, mu tun babai ya tibom an ad-addina ipaey hukik."
,50,46,"Uggeyak linanaan ke he-a yaden hidiyey pangi-e taku, mu hiya ke ya linanaanay hukik."
,50,47,"Kalyok ke he-an takon di ongal di liwat tun babai ya nakaan gapuh ongal an naminhod nan ha-on, mu nadan tatagun kalyon day ittay di liwat da ya ittay boy pamhod da."""
,50,48,"Ot kanan Jesus nah babaiy ""Nakaan di liwat mu."""
,50,49,"Dingngol nadan udum an nakikan hituwe ya waday oha on kananay ""Dahdih tuwen tagun damanan kaanonay liwat di tagu?"""
,50,50,"Kanan Jesus nah babaiy ""Hay pangulug muy nangihwang ke he-a. Eka ot malinggop ka mo kaya."""
,51,1,Indani ya immeh Jesus hi kabobboblen e muntuttuduh mipanggep hi pun-ap-apuwan Apu Dios. Naki-e nadan himpulut duwan disipulosna
,51,2,"ya nadan udum an binabain kinaanay dogoda ya hay nihkop ke dida. Datuwen binabain naki-e ya da Maria Magdalena an hiya din kinaan Jesus di pitun dimonyon nihkop,"
,51,3,"hi Juana an inayan Kusah an ap-apun nadan mumpaptok hi balen Herod, hi Susana ya nadan udum. Datuwen binabaiy bumanaddang ke da Jesus ya nadan himpulut duwan disipulosnah mahapul da."
,51,4,"Ohan algo ya naamung day dakkodakkol an tatagun nalpuh kabobboble. Nun-ab-abig hi Jesus an kananay 5""Wada nan tagun e nuntanom hi buwa an impahinnabuwag na. Handih nangihabuwagana ke dadiyen buwa ya nag-ay udum hi dalan ot igatin di tatagu ya kinan di hamutiy udum."
,51,6,"Hay udum ya nag-a dah mabatu ya man-ut tinummol da, mu gagala ya nakleng da te ittay di lutat ittay boy itmog nah danum."
,51,7,Hay udum ya nag-a dah magulun ot mailung da.
,51,8,"Hay udum ya nag-a dah maphod an luta ot tuttummolan da ot bumubbunga da."" Ginibbu nah tuwen ab-abig ya kananay ""Pakannomnomon yuh tuwen kinalik."""
,51,9,"Kanan nadan disipulos nay ""Nganney kibalinan tuwen inab-abig mu?"""
,51,10,"Ya kananay ""Dakayu ken disipulos ku ya ina-ud kun ituttuduy ine-en di pun-ap-apuwan Apu Dios an ugge nipainila ingganad uwani, mu deket hi udum an tatagu ya painnab-abig kuy puntuttuduk ke didat takon di tibotibon da nadan atok ya donglodonglon day ituttuduk ya adida maawatan."""
,51,11,"Kanana boy ""Hituwey kibalinan tun inab-abig ku. Hanadan buwa an inhabuwag nan tagu ya mialig nah kalin Apu Dios."
,51,12,"Hanadan buwa an nag-ah dalan ya mialig nadah tatagun nangngol hi kalin Apu Dios, mu immalih Satanas ot haulona didat adida kulugon ta adida mihwang."
,51,13,"Hanadan buwa an nag-a nah mabatu ya mialig nadah tatagun nangngol hi kalin Apu Dios ot mun-am-amlong dan nangulug, mu ugge nihamad di pangulug da ta deket waday ittay hi ligat da ya pinghanadi on inwalong day pangulug da."
,51,14,"Hanadan buwan nag-a nah magulun ya mialig nadah tatagun nangngol hi kalin Apu Dios, mu adida hangudon te hay kahapulan dah kitaguwan day ipapaptok da, hay kumadangyanan da ya hay pun-an-anlaan day nonomnomon da."
,51,15,"Hanadan buwan nag-a nah maphod an luta ya mialig nadah tatagun nangngol hi kalin Apu Dios ot mihamad di pangulug da ta maphod di nomnom da ya halipotpotan dan mangat hi maphod."""
,51,16,"Wada boy in-alig na an kananay ""Kon tolgan di taguy dilag ta ena haniyan weno ena italu? Adi, te ipattuk nat pakatibo nadan humgop."
,51,17,Hituwey kitib-anan am-in di mitalun adi mainilad uwani ya ahi mainilah udum hi algo.
,51,18,"Kinali pakaddonglon yu nan maphod an tugun ya un-unudon yu te hay tagun un-unudonay mituttudun hiya ya maudman di inilana. Mu hay adi mangun-unud hi mituttudun hiya ya takon nan ittay an inilana ya mama-id."""
,51,19,"Immalih inan Jesus ya nadan tutulang na, mu maid di innun dan umeh kad-ana te dakol day tatagu."
,51,20,"Kanan nadan udum an tatagu ke Jesus di ""Immali da inam ya nadan tutulang mu, dehdi dah dolan pun-ibaga daka."""
,51,21,"Mu kananay ""Hanadan tatagun mangngol ya mangun-unud hi kalin Apu Dios ya dadiyey inak ya tutulang ku."""
,51,22,"Ohan algo ya kanan Jesus nadah disipulos nay ""Umagwat takuh bah-el tun baybay."" Ot mumbangka da."
,51,23,Indanit mange da ya nahuyop hi Jesus. Kal-inadi ya pimmuwok hi nal-ot ya mungkapnu nan bangkah danum ta katatakut an kay da malting da.
,51,24,"Ot bangunon nadan disipulos hi Jesus an kanan day ""Apu Jesus! Deya man an malting taku!"" Bimmangun hi Jesus ot kumali nah puwok ya nah namahig an dalluyun. Pinghanadi ya makaddin-ong mo."
,51,25,"Kanana nadah disipulos nay ""Daan moy dinol yun ha-on?"" Timmattakut da ya namodwong da ot munhuhummangan dan kanan day ""Nganne nin di katatagun tuwen takon di puwok ya dalluyun ya un-unudon day kalina?"""
,51,26,Indani ya dimmatong da nah boblen nadan iGerasene an dommang di Galilee.
,51,27,"Nalpuh Jesus nah bangka ya dinamun nan tagun nahikpan an nalpun nah boble. Hidiyen nahikpan ya nabayag an ug-ugge numbulwati ya ad-addi umanamut ta nadah lubukan di kiha-ha-adana. 28,29,Takon di bangkilingan dat iadug da ya bohatonay bangkiling na ya ipabtik nan nihkop nah adi maboblayan. Handih inang-ang nah Jesus ya tinumkuk ot mundukkun hi hinangngab na ya inlot nay kalinan kananay ""Jesus, an Imbabalen Apu Dios an Katagtag-ayan, nganney atom ke ha-on? Adiyak anhan kastiguwon."" Man-uket kinalinah tuwe ya kinalin Jesus ke hiyan makaan nah tagu."
,51,30,"Kanan Jesus nah nihkop di ""Nganney ngadan mu?"" Ya kananay ""Linibuy ngadan mi."" Athituy inhumang na te dakkodakkol dan nihkop."
,51,31,Dadiyen nihkop ya pihpihmok dan hiyat adina ipae dida nah punholholtapan ta nangamung.
,51,32,Nipaddin diyen wadaday dakol an babuy an munhubang nah e-elen nan bilid. Ot pihpihmok da bon hiya ta mit-an da nadah babuy ya inabulut na.
,51,33,Nakaan nadan nihkop ot mit-an da nadah babuy. Kal-inadi ya kahibubutik nadan babuy nah dopla ot pun-iyapa da nah baybay ot malting da.
,51,34,Tinibon nadan mumpaptok hi babuy hidiyen naat ot butikon dan imme nah boble ya nadah nunlinikkod an boble ot eda kalkalyon hanadah tatagu.
,51,35,Ot nadan tatagun nangngol kediye ya imme da ot eda tibon. Immali dah kad-an Jesus ya tinibo da nan tagu an numbulwati ya pinumhod moy nomnomnan dongdonglonay ituttudun Jesus ya timmattakut da.
,51,36,Hanadan nanibo ya kinalkali da ke datuwen tataguy nakaanan nadan nihkop.
,51,37,Gapu te hay takut datuwen Gerasene ya imbaga dan Jesus an taynanah diyen bobleda. Ot mumbangka mo da Jesus ot tumayan da.
,51,38,"Handih e ume da Jesus ya kinalin nan tagun nakaan di nihkop ke hiyay ""Daan anhan ta maki-kieyak ke he-a?"" Mu kanan Jesus di 39""Umanamut ka ot ya abu ta em kalkalyon di inat Apu Dios ke he-a."" Ot umeh diyen tagu ot ena kalkalyon di inat Jesus ke hiya nadah tatagu kediyen boble."
,51,40,Nibangngad da Jesus ad Galilee ya mun-am-amlong nadan tatagun manman-od ke hiya.
,51,41,Wadah dih Jairo an ohan ap-apuh simbaan di Judyu an immali ot mundukkun hi hinangngab Jesus ot pihpihmok ta maki-eh Jesus hi baleda.
,51,42,Pinhod Jairo an maki-eh Jesus te mungkatkate nan binugtung an imbabalenan babain himpulut duway toona.Handih maki-en Jesus ya inalibungbungan di tatagu.
,51,43,Ya wada on babain nundogoh himpulut duway toon an adi matikod di malpuh adol na ya maid di pakakaan kediyen dogona.
,51,44,Immeh diyen babaih indoggan Jesus ot dapaonay udun di bulwatina ya natikod nan malpuh adol na.
,51,45,"Kanan Jesus di ""Dahdiy nanapah bulwatik?"" Ya kanan dan am-in di ""Toan."" Kimmalih Pedro an kananay ""Apu, nganney atom an manginila hin dahdiy nanapah bulwatim an deyan dakkodakkol day tatagun inalibungbungan daka?"""
,51,46,"Mu kanan Jesus di ""Waday nanapan ha-on te ginibok kun waday kinaan di kabaelak hi dogo."""
,51,47,Handih ininnilan nan babai an inilan Jesus di naat ya munggagayonggong hi takut na ot mundukkun hi hinangngab na ot kalyonay gapun di nanapaanah bulwatina ya hay nakaanan di dogona. Am-in nadan tatagu ya dingngol dah diyen kinalina.
,51,48,"Kanan Jesus ke hiyay ""Tulang ku, nakaan moh naen dogom te hay pangulug mun ha-on. Umanamut ka ot malinggop ka mo kaya."""
,51,49,"Mungkalkallih Jesus ya wada on dimmatong an nalpuh balen da Jairo ot kananan hiyay ""Takomboy adim mo awiton nan mittulu te nate nan imbabalem."""
,51,50,"Dingngol Jesus hidiyen kinali da ot kananan Jairo di ""Pakodholom di nomnom mu ya mundinol kan ha-on."" 51-53,Dimmatong dah balen da Jairo ya kahikokoga nadan tatagu te nate nan imbabalena, mu kanan Jesus di ""Adi kayu kumga te ugge nate nan unga, nahuyop ya abu."" Hanadan tatagu ya taltalanggaan dah Jesus te inila dan nate nan unga. Hinumgop hi Jesus, mu maid di udum hi impaghop na, abuna da Pedro, hi Juan, hi James ya nadan ammod nan unga."
,51,54,"Inodnanay taklen nan unga ot kananay ""Unga, tumaddog ka."""
,51,55,Ot tumaddog nan unga. Numpaalah Jesus hi kanon nan unga ot panganon da.
,51,56,"Namodwong nadan ammod na, mu tinugun Jesus dida an kananay ""Adiyu e kalkalyon hituwen naat."""
,52,1,Ohan algo ya inayagan Jesus nadan himpulut duwan disipulosna ot idatana didah kabaelan dan mangaan hi nihkop ya dogo.
,52,2,Ot ahina itud-ak didan e mangat kediye ya muntuttuduh mipanggep hi pun-ap-apuwan Apu Dios.
,52,3,"Kananan diday ""Adi kayu umitabtabin hi nganneh diyen mahapul yuh pangayan yu, umat hi patanong, hakbat, makan, pihhu ya bulwati."
,52,4,Takon di daanay pangayan yu ya mihaad kayu nah balen di mangayag ke dakayu inggana tayanan yuh diyen boble.
,52,5,"Hanada keh boblen maid di umayag ke dakayu ya deket tayanan yu ya pukpukon yuy hupuk hi hukiyu ta panginilaan dan gaga-iho da."""
,52,6,Ot ume nadan himpulut duwan disipulos hi kabobboblen e muntuttuduh kalin Apu Dios an mipanggep ke Jesu Kristo ya kinaan day dogon di tatagu.
,52,7,Dingngol Herod an ap-apud Galilee datuwen inat Jesus an kanalkalyon di tatagu ya mabulubulun te kanan di udum di hiya din hi Juan an mumbonyag an namahuwan.
,52,8,Hay udum ya kanan day hiya din hi Elijah ya hay udum bo ya kanan day hiyay ohan profetas Apu Dios handih done an namahuwan.
,52,9,"Hi Herod ke ya kananay ""Hi Juan ke ot ya impaputul kuy uluna, mu dahdih diyen tagun dakol di danongdonglok hi mipanggep ke hiya?"" Kinali ihik abun e tibon hidiyen tagun kalkalyon da."
,52,10,Nibangngad dadiyen apostoles Jesus ot kalkalyon dan am-in ke hiyay inainat da. Ingkuyug Jesus didad Betsaida ot ab-abbu dah di.
,52,11,Mu waday nangngolan nadan tataguh kabobboble an hidiy nangayan da ot miunud da. Inayagana mo dida ot tuttuduwana didah mipanggep hi pun-ap-apuwan Apu Dios ya kinaanay dogon nadan mundogo.
,52,12,"Mungkahilong ya imme da dadiyen himpulut duwan disipulos hi kad-ana ot kanan day ""Itud-ak mu ot kattog hantudan katagutagu nadah nihnih-up an boblet eda maniboh pangal-an dah kanon da ya pun-iyanan da te maid di pangal-an hi kanon hitu."""
,52,13,"Mu kananan diday ""Idatan yu didah kanon da."" Kanan day ""Mu limlimman tinapay ya dudduwwan dolog ya abuy dehtu. Kon ekami gumatang hi kanon am-in datuwen katagutagu?"""
,52,14,"Hay uyap nadan tatagun naamung ya umeh limay libu. Kanan Jesus nadah disipulos nay ""Pab-unon yu didah hinnanalima."""
,52,15,Inun-unud day kalina ot pab-unon da nadan tatagu.
,52,16,Inalana nan liman tinapay ya duwan dolog ot itangad na ot mumpasalamat ke Apu Dios. Pinani-ang na ot idat na nadah disipulosna ot eda ikap-ong nadah tatagu.
,52,17,Nangan dan am-in ot mabhug da ya dakol di natdaan. Inamung nadan disipulosna ya napnuy himpulut duwan kaba.
,52,18,"Waday naminghan an mundasal hi Jesus ya wadadah di nadan disipulosna. Nagibbun nundasal ya kananan diday ""Dahdiyak pe tuwali kanan di tatagu?"""
,52,19,"Ya kanan day ""Hay udum ya kanan day he-a din hi Juan an mumbonyag. Ya hay udum ya kanan day he-a din hi Elijah. Wadada boy udum an kanan day he-ay oha handidah profetas Apu Dios an namahuwan."""
,52,20,"Kananan diday ""Dakayu ya-, dahdiyak pe tuwali?"" Himmumang hi Pedro ot kananay ""He-ah Kristo an tinuddun Apu Dios an mangipaptok hi tagu."""
,52,21,"Handih kinalin Pedroh tuwe ya impakaittugun Jesus ke didan kananay ""Adiyu e kalkalyon hi udum an tatagu."""
,52,22,"Kanana boy ""Ha-oy an Panguluwan di tagu ya munholholtapak ya adiyak abuluton an Kristo nadah mangipangpanguluh Judyu, nadan ap-apun di padi ya nadan muntuttuduh Tugun Moses. Ahiyak pipate, mu hi katlun di algo ya mamahuwanak."""
,52,23,"Indani ya kananan am-in hanadah tataguy ""Hay tagun pinhod nan mangun-unud ke ha-on ya mahapul an adina ikakaguy nitaguwana tuh luta ya ippol nay punholholtapana gapuh pangun-unudanan ha-on takon di hidiyey lummuh katayana."
,52,24,Te hay tagun hay nitaguwana tuh luta ya abuy nonomnomona ya adi midatan hi biyag an maid di poppog na. Mu nan tagun paka-un-unudonak takon di humlun hi katayana ya hiyay midatan hi biyag an maid di poppog na.
,52,25,Takon di alan di tagun am-in tun wadah luta ya maid di hilbina hin adi midatan hi biyag an maid di poppog nat mihi-an ke Apu Dios ta nangamung.
,52,26,Ya nan tagun mangibain ke ha-on ya nan ituttuduk ya ha-oy an Panguluwan di tagu ya adik ibilang an taguk hantuh kibangngadak hi ahik pangipatib-an hi dayaw min Ama ya nadan anghel na.
,52,27,"Nomnomon yu tun kalyok an wadadah tun dakayuy adi mate inggana tibon day pun-ap-apuwan Apu Dios."""
,52,28,"Umeh hinlingguwan di nala-uh nangalyan Jesus ketuwe ot ikuyug na da Pedro, hi James ya hi Juan ot eda mundasal nah bilid."
,52,29,Kediyen mundasdasal hi Jesus ya nalumman di ang-ang di angana. Hay bulwatina ya numbalin hi makabbayak an humihhili.
,52,30,Kal-inan di ya wadaday duwan tagun makihumhummangan ke hiyan da Moses ke Elijah.
,52,31,Makaphod an abuy ang-ang da te impadayaw Apu Dios dida. Hay ihuhummangan da ya hay ahi katayan Jesus ad Jerusalem.
,52,32,"Nakahhuyop da Pedro ya nadan ibbana, mu inggibok da ya tinibo dan humihhilih Jesus ya tinibo da dadiyen duwan tagun muntattaddog hi kad-ana."
,52,33,"Indanit e ume datuwen duwan tagun tayanan da moh Jesus ya kanan Pedro ke Jesus di ""Maphod ta wada takuh tu. Agat mangapya kamih tulun ab-abbung ta he-ah oha, hi Moses hi oha ya hi Elijah oha."" Hituwey kinalin Pedro te nakammodwong ot uggena inilay kalyona."
,52,34,Kediyen mungkali ya pinghanadi ya waday kulabut an nipottok ke dida ot haniyana didat timmakut da.
,52,35,"Waday kalin nalpun nah kulabut an kananay ""Hituwey Imbabalek an pinilik an mangipaptok am-in hi tagu. Un-unudon yuy kalyona."""
,52,36,Intikod nan mungkali ya tinibo dan abunah Jesus an wadah di. Datuwen tulun disipulosna ya uggeda impainilah udum an tataguh diyen tinibo da.
,52,37,Nabigat kediye ot mundayyu da Jesus ya dakol day tatagun e nanamun dida.
,52,38,"Indani ya waday oha nadah naamung an muntukuk an kananay ""Apu, tibom ke ahan tun binugtung an imbabalek"
,52,39,an nadandani on nahikpan on muntukuk ya kumodhol di adol na ya mun-uupag di tokona. Deke on pun-ipakpak nay adol na ya mabayag bo udot on ahi imme nan nihkop ke hiya.
,52,40,"Numpahpahmokak nadah disipulos mut kaanon da, mu adida kabaelan."""
,52,41,"Ya kanan Jesus ke diday ""Ag-agam kayun tatagud uwani, antipet gaga-iho kayu ya makudang di pangulug yu? Kon eyak makihkihtun dakayu ta nangamung? Kaatnay pangan-anusak ke dakayu? Ialim hitu nan imbabalem."""
,52,42,Pun-ie da nan lalakin ungah kad-an Jesus ya tinu-in nan nihkop ot munggagayonggong ya kimmodhol. Mu kinalyana nan nihkop ot makaan. Pinumhod nuppe nan unga ot ahina piawit ke amana.
,52,43,"Namodwong dan am-in nan tataguh nanib-an dah kabaelan Apu Dios.Hanada ken tatagu ya nakammodwong dan am-in nadan inat Jesus. Kanan Jesus nadah disipulos nay 44""Pakaddonglon yu tun kalyok ke dakayu. Ha-oy an Panguluwan di tagu ya ahiyak alan hanadah tatagun mamaten ha-on."""
,52,45,"Uggeda naawatan hidiyen kinalina, mu umgon dan munmahma."
,52,46,Hanadan disipulosna ya ihanuhummangan da hin dahdiy ahi katagtag-ayan ke didan am-in.
,52,47,Hi Jesus ya inilanah diyen ihanuhummangan da ot umawit hi ohan unga ot ipataddog nah kad-ana
,52,48,"ot ahina kanan ke diday ""Hay tagun mamhod hi nababan tagun umat ketuwen unga gapu ke ha-on ya ha-oy di pohdona ya hanan mamhod ke ha-on ya pohdona damdamah Apu Dios an nangitud-ak ke ha-on. Hanan kababbabaan ke dakayu ya hiyay ahi katagtag-ayan."""
,52,49,"Kanan Juan ke Jesus di ""Apu, waday tinibo mih tagun kaanonay nihkop te hay ngadan muy oggana ngadanon ot kalyon min hiyan itikod na te bokon taku ibba."""
,52,50,"Mu kanan Jesus di ""Adiyu patikodon te hay tagun adi kumahing ke ditaku ya ibba taku."""
,52,51,Handih tuwen madatngan nan algon kibangngadan Jesus hi langit ya ninomnom nan umed Jerusalem.
,52,52,Impamangulunan intud-ak nadan e mangidadaan hi pun-iyanan da nah ohan bobled Samaria.
,52,53,Mu nadan bimmoble ya adida pinhod an idalan Jesus hidi te inila dan ad Jerusalem di pangayana.
,52,54,"Handih dingngol nadan disipulos an da James ke Juan hituwe ya kanan dan hiyay ""Apu, kon pinhod mut ibaga min Apu Dios ta logabonah diyen boble ta maghob da?"""
,52,55,Mu inliggun Jesus ot boh-olana dida
,52,56,ot mumpae da nah ohan boble.
,52,57,"Kediyen mange da ya wada on tagun kanana ke Jesus di ""Maki-eyak ke he-a, takon di daanay pangayam."""
,52,58,"Mu kanan Jesus ke hiyay ""O, mu naligat di miunud ke ha-on te maid di umanamutak. Kudukdul di amunin ya hamuti te waday kiha-adan da, mu ha-oy an Panguluwan di tagu ya maid ni-mo takon di hay ek pangiipingan hi uluk."""
,52,59,"Mu nah ohan tagu ya kananay ""Miunud kan ha-on."" Mu hay inhumang nan Jesus ya kananay ""Indani ni-an ta ek ilubuk hi ama."""
,52,60,"Ya kanan Jesus ke hiyay ""Nangamung nadan adi mangulug an mangilubuk hi ibbada. Mu he-a ke ya eka muntuttuduh mipanggep hi pun-ap-apuwan Apu Dios."""
,52,61,"Kanan damdaman nan ohan taguy ""Miunudak ke he-a, mu kah-in di ek ipainila ni-an hanadah ammod ku ya tutulang ku."""
,52,62,"Ya kanan Jesus ke hiyay ""Hanan tagun adina iohhay nomnom na nah ipangunun Apu Dios an inlappuna ya maid di kiatanah pun-ap-apuwan Apu Dios. Umat nah mun-aladu, nganney atonan mangip-iphod an mun-aladu hin munwingiwingi?"""
,53,1,Indani ya pinilin bon Jesus di napitut duwan tatagu ot hindudwaona didan impamangulun intud-ak nadah kabobboblen nomnomnomonan pangayan.
,53,2,"Kananan diday ""Dakol day tatagun ugge nanginilan ha-on, mu makudang di umen e muntuttudun dida. Mialig nah dakol an maani, mu makudang di mun-ani. Kinali mundasal kayun Apu Dios an mialig an kon payo ta wadaday e mangituttuduh mipanggep ke ha-on."
,53,3,Itud-ak dakayun kay impan di kalnero an maayup an e muntuttudu nadah paddungnay aggayam an pumate.
,53,4,"Deket ume kayu ya adi kayu umal-alah pihhu, hakbat ya apatut. Ya adi kayu makihanummangan hanadah damuwon yuh dalan."
,53,5,Am-in di balen duttukon yu ya hay mamangulun kalyon yu ya 'Hana ot ta malinggop kayu tuh nunhituwan yu.'
,53,6,"Deket waday mangabulut hi kalyon yu ya umannung hidiye, mu deket waday adi mangabulut ya adi umannung."
,53,7,Hanah balen dinuttuk yuy kiha-adan yu ya pakikanan yu. Hidiyey kay yu tangdan te hay mungngunu ya mahapul an matangdanan. Adi kayu e mun-ottaottan hi udum an babale.
,53,8,Deket nah boblen pangayan yu ya maapnga dah dinatngan yu ya takon di nganney idadaan da ya kanon yu.
,53,9,Kaanon yuy dogon nadan mumpundogon diyen boble ya kalyon yu nadah tataguh diy 'Immali mo nan intud-ak Apu Dios an mun-ap-apu.'
,53,10,"Mu wada key bobleh pangayan yun adida maapngan dakayu ya ume kayun nah kalatat kanan yuy 11'Pukpukon miy inhulut di huki mih hupuk tuh bobleyu ta panginilaan yun naliwat kayu. Nomnomon yuh tuwen gulat na ya migappat kayu nah pun-ap-apuwan Apu Dios, mu adiyu pinhod.'"""
,53,12,"Ya kanan bon Jesus di ""Hantuh punhumalyaan Apu Dios ya nahalhalman di kastigun dadiyen tatagu mu handidan tatagud Sodom dih done."""
,53,13,"Indani bo ya kanan Jesus di ""Mahmok kayun iKorasin ya iBetsaida te tinibotibo yuy milagro, mu ugge kayu nuntutuyuh liwat yu. Gulat nat nadan gaga-ihon tatagud Tyre ya ad Sidon di nanibon dadiyen milagro ya wadan numbulwati dah nabikbik-i ya dinap-ulan day adol dat pangipatib-an dah nuntutuyuwan dah liwat da."
,53,14,Kinali nahalman di kastigu yu hantuh punhumalyaan Apu Dios mu nadan tatagud Tyre ya ad Sidon.
,53,15,"Dakayun iKapernaum, pangali yu on dakayuy katagtag-ayan an datngan yuy kabunyan, mu adi, te mipada-ul kayu ingganay datngan yud dalom."""
,53,16,"Kanan Jesus nadah itud-ak nay ""Hay tagun mangabulut hi ituttudu yu ya abulutonay ituttuduk ya nan mangahing ke dakayu ya kahingonak ya athidi bon kahingona nan nangitud-ak ke ha-on."" Datuwey tuguna nadah intud-ak na."
,53,17,"Nala-uy kaatnan algo ya nibangngad nadan napitut duwan intud-ak Jesus an maka-an-anla da. Kanan dan Jesus di ""Apu, takon nadan nihkop ya inun-unud dakami ot makaan da handi nginadan miy ngadan mu."""
,53,18,"Himmumang hi Jesus an kananay ""Om, inilak te tinibok hi Satanas an mungkakag-an nalpuh langit an kay kil-at te naapput."
,53,19,Oha bo ya indat kuy kabaelan yu ta takon di igatin yuy ulog ya gayyaman ya maid di maat ke dakayu. Ya idat kuy kabaelan yun mangapput ke Satanas an buhul yu.
,53,20,"Takon di athinan waday kabaelan yu ya bokon nan nangun-unudan di dimonyon dakayuy eyu pun-an-anlaan, mu mun-an-anla kayu gapu nah nitudokan di ngadan yuh langit an kad-an Apu Dios."""
,53,21,"Kediye ya maka-an-anlah Jesus te impaanlan nan Espiritun Apu Dios ot mundasal an kananay ""Ama, an Ap-apuh langit ya luta, mumpasalamatak ke he-a te uggem impainilay mipanggep hi pun-ap-apuwam hanadah nungkanomnoman ya numpun-adal, mu impainilam hanadah ugge nun-adal ya ugge nanomnoman te hidiyey pinhod mu."""
,53,22,"Ot kanan Jesus di ""Hi Aman hi Apu Dios ya indinol nan am-in ke ha-on. Hiya ya abuy nanginilan ha-on ya maid di udum hi nanginilan hiya hin bokon ha-oy ya abu ya nadan pinhod kun pangipainilaan mipanggep ke hiya."""
,53,23,"Ot iang-ang na nadah disipulosna ot dida ya abuy kumaliyana. Kananay ""Kudukdul kayu te tibotibon yuy at-attok."
,53,24,"Handidan dakol an profetas Apu Dios ya handidan patul handih done ya pinhod dan abun tibon hantudan tinibo yu ya donglon nadan dingngol yu, mu uggeda."""
,53,25,"Waday naminghan an immali on ohan muntuttuduh Tugun Moses ta patnaanah Jesus. Kananay ""Apu, nganney atok ta ahiyak midatan hi biyag an munnananong hi kad-an Apu Dios?"""
,53,26,"Kanan Jesus di ""Nganney kanana nah nitudok an Tugun? Nganney pun-awat mun diye?"""
,53,27,"Hinumang nan tagu an kananay ""Hay pun-awat ku nah nitudok ya hi Apu Dios di umanhan an pohdon taku ta am-in di nomnomon ya aton, ya inomnom am-in ke hiya. Ya pohdon takuy ibba takun tagu umat hi pamhod takuh adol taku."""
,53,28,"Kanan Jesus di ""Niptok hinaen kinalim. Atom datuwet waday biyag mun maid di poppog nah kad-an Apu Dios."""
,53,29,"Mu hidiyen tagu ya inilanan uggena impaka-un-unud hidiyen tugun ot kahimbaggaonan kananay ""Dahdiy kanan di tugun an ibbak an mahapul an pohdok?"""
,53,30,"Hinumang Jesus hi ab-abig. Kananay ""Wada on ohan ibba takun Judyun nalpud Jerusalem an umed Jerico. Hidin nah dalan ya wadaday mangakoh dinammuna ot alan dan am-in di wadan hiya. Takon di bulwatina ya nakiala da. Pinanat-uwan da ingganay mungkatkate ot ahida taynan."
,53,31,"Nakaippaddin hidi damdamay nangidalanan nan ohan padi an ibbanan Judyu. Mu tinibo nah diyen tagu ya indalana ot ya abuh pangngelna ot mala-u."""
,53,32,"Indani ya immali bo nan ohan holag Libay an ibbanan Judyu, mu athidi bon tinibo nah diyen tagu ya inliglig na damdama ot la-uwana."
,53,33,Mu indanit hanan ohan iSamaria an bokona ibban Judyuy immali ot tibona ya himmok na
,53,34,"ot ulahana nadan liput na, inagahana ot ahina itakke nah kabayuna ot iena nah mabayadan an pun-iyanan ot ipaptok nah di."
,53,35,"Nabigat kediye ot mumbayad nah kon balen diyen nun-iyanan da ot kananay ""Ipaptok mu tun tagu ta ahik bayadan di pangipaptokam ke hiya hantuh kibangngadak."""
,53,36,"Ot kanan Jesus nah tagun muntuttuduh Tugun Moses di ""Dahdin dadiyen tuluy makalih ibban nan liniputan di mangako?"""
,53,37,"Ya kanan nan muntuttuduh Tugun Moses di ""Hanan nammok ke hiya."" Ot kanan Jesus di ""O, ne eka ta hay athidi damdamay atom."""
,53,38,Handih mange da Jesus ya nadan disipulosna ya dinatngan da on boblen wada on ohan babain nungngadan hi Marta an maka-apngah nanib-anan dida ot ayagana didah baleda.
,53,39,Waday tulang nan hi Maria. Kediyen muntuttuduh Jesus hi baleda ya immeh Mariah kad-ana ot e umbun te pinpinhod nan dongdonglon di ituttuduna.
,53,40,"Mu hi ke Marta ya mabulun te dakol di mingunuh pundadaanan dah kanon ot umeh kad-an Jesus ot kananay ""Tibom keh Maria an tinayananak ta oh-ohhaak di ngunu. Kalyom ke hiya ta baddanganak."""
,53,41,"Ya kinalin Jesus ke hiyay ""He-a ke boppo Marta ya bokon nan dakol an ingunuy kabulubulunam,"
,53,42,"te hay makahhapul an abu ya hantun kalkalyok. Tibom tun ibam an hiya ke peman ya hantun kalkalyok di pakudukdulonan dongdonglon te hituwey makahhapul ya adi matalak."""
,54,1,"Waday ohan algon mundasal hi Jesus, handih ginibbuna ya kanan nan ohan disipulos nay ""Apu, tuttuduwan dakami pubon mundasal, umat ke Juan an tinuttudduwana handi nadan disipulosna."""
,54,2,"Ot kananan diday ""Hituwe tuwaliy idasal yu.'Ama, hana ot ta he-ay midayaw ya he-ay mun-ap-apu."
,54,3,Hana ot ta idatan dakamih itanud mi hi kaalgoalgo.
,54,4,"Kal-iwam di liwat mi, umat ke dakamin kal-iwan miy numbahul ke dakami ya baddangan dakamit adi kami maliwat.'"""
,54,5,"Indani ya kanan bon Jesus di ""Dahdin dakayuy umeh balen di ohan ibbanah gawan di hilong ta e mungkugkug an kananay 'Idatanak anhan hi makan"
,54,6,te deyan waday ka-datong nan gayyum ku yaden maid di ek idadaan.'
,54,7,Ya himmumang nan ibbanan kananay 'Adi kan di manukal. Nidakkig di panton mahuyop kami mo. Humigaak an bumangun an mangidat nah ibagam.'
,54,8,"Kalyok ke dakayun takon di humigan bumangun ya bumangun kayat idat nah diyen mahapul nan ibbana, bokon gapu te ibbana, mu gapu te adi manghop an mangibagabaga."
,54,9,"Ta athidin dakayun deyan kalyok di ibaga yun Apu Dios di mahapul yu ot idat na, eyu hamakon di mahapul yu ot wada, mungkugkug kayu ot mibughulan kayu."
,54,10,"Te nan mumbaga ya midatan, nan e manamak ya hamakona nan ena hamakon ya nan mungkugkug ya mibughulan."
,54,11,"Dakayun waday imbabalena, kon mumbaga key imbabale yuh dolog ya hay ulog di idat yu?"
,54,12,Ya kon mumbaga keh itlug ya gayyaman di idat yu?
,54,13,"Tibon yu, dakayu ya gaga-iho kayu, mu inila yun umidat hi maphod nadah imbabale yu ot namam-a mon Ama takuh langit te hiya ke ya nan Espiritunay idat na nadah mumbaga ke hiya."""
,54,14,Wada nan tagun nanganga te waday nihkop ke hiya. Mu kinaan Jesus nan nihkop ya pakakali mo ot makammodwong nadan tatagu.
,54,15,"Mu wadaday udum hanadah nangang-ang an kanan day ""Man-uket kabaelanan mangaan hi nihkop ya gapuh kabaelan Satanas an ap-apun di dimonyo."""
,54,16,"Hanada bo damdaman udum ya kahing dan hiyan kanan day ""Umipatibo kah ohan milagro ta kitib-anan hi Apu Dios di nalpuwam."""
,54,17,"Mu hi Jesus ya inila nay wadah nomnom da ot kananan diday ""Donglon yu ke, takon di daanan boble ya madadag hin maganodwa ya mumbubuhhulan nadan bimmobleh di, umat bon nah hin-am-a ya hin-in-a an deket athidiy aton da ya loktat ta nunhihi-an da."
,54,18,"Athidi damdamah pun-ap-apuwan Satanas an maganodwa hin mumbubuhhulan nadan ibbanan dimonyo. Kanan yuy hiyay kalpuwan di kabaelak an mangaan hi nihkop,"
,54,19,"mu deket makulug hidiyen kanan yu, dahdi moy kanan yuh kalpuwan di kabaelan nadan ibbayun mangaan hi nihkop? Kon hi Satanas? Hituwey kitib-anan nakaihhalla kayu."
,54,20,"Ha-oy ke ya hay kabaelan Apu Dios di bumaddang ke ha-on an mangaan hi nihkop, hituwey kitib-anan dehtu mo nan intud-ak Apu Dios an mun-ap-apu."""
,54,21,"Pinhod Jesus an ipainilan didan hiya ya nalnal-ot mu hi Satanas ot athituy kanana: ""Deket waday ohan mahinadol an tagun nakadaddaan an mungguwalyah balena ya maid di e maakoh nganneh diyen wadan hiya."
,54,22,"Mu deket waday ohan nalnal-ot mu hiyan umali ya pulhona nan ispada ya pahul na an pundinolana ne inalanan am-in di wadah balen diyen tagu ta ikap-ong na nadah ibbana."""
,54,23,"Kanana boy ""Hay tagun adi mangun-unud ke ha-on ya makibuhul ke ha-on, ya nan tagun adi mangawis hi tatagun mangun-unud ke ha-on ya hiya ot ya abuy umabul nadah e ot mangun-unud ke ha-on."""
,54,24,"Wada boy ohan inab-abig nan kananay ""Wada on dimonyo an nakaan nah tagun nihkopana ot e dumanallanan nah adi maboblayan an e manibotiboh kihkopana, mu maid di hinamak na. Ot kananay 'Mibangngadak ot kattog nah tagun nihkopak ni-an.'"
,54,25,Nibangngad ot tibona ya maid di nihkop ta daydayuna bon kihkopan.
,54,26,"Ot ume nan dimonyo ot umawit hi pitun ibbanan dimonyo an nahalman di kinagaga-iho da mu hiya ot eda mihkop kediyen tagu ot nakammam-a mo mu handi."""
,54,27,"Handih kinalinah tuwe ya wada on ohan babai nadah naamung an kananay ""Ongal di amlong nan babain nangiimbabale ya nangipainuinum ke he-a."""
,54,28,"Mu kanan Jesus di ""Om, mu ong-ongal di amlong nadan tatagun mangngol ya mangun-unud hi kalin Apu Dios."""
,54,29,"Handih mungkadakol da nan tatagun naamung ya kanan Jesus di ""Gaga-iho kayun tatagud uwani te kudangon yuy tinibotibo yun inainat ku an mangipainilan intud-akak ke Apu Dios ta deyan mumbaga kayu boh milagro. Mu maid di ipatibok hi pangimatunan yu, abuna nan umat hi naat ke Jonah."
,54,30,Handidan tatagud Nineveh handih done ya nan naat ke Jonah di nangimatunan dan hiya ya ohan profetas an intud-ak Apu Dios. Ya athidin ha-oy an Panguluwan di tagu an nan ahi maat ke ha-on di ahiyu pangimatunan an ha-oy nan intud-ak Apu Dios.
,54,31,"Hay kitib-anan gaga-iho kayu ya athitu: Wada din babain ap-apud Seba ad Arabia an nakaiddawwin boble. Hiya ya inhanakul na ot umalin mundongol ke Solomon hi ituttudunan malpun Apu Dios. Ad uwani ya dehtuwak an natagtag-e mu hi Solomon, yaden adiyak kulugon ke dakayu, ta hinae mo nan ahi kayu makastigu hantuh kahumalyaan am-in di tagu."
,54,32,"Hay oha boh kitib-anan gaga-iho kayu ya handidan tatagud Nineveh ya nuntutuyu dah liwat da te inidngol dah tugun Apu Dios an intuttudun din hi Jonah, mu dakayu ya adi kayu muntutuyu yaden dehtuwak an natagtag-e mu hi Jonah, ta hinae nan hantuh kahumalyaan am-in di tagu ya makastigu kayu."
,54,33,Kon tolgan di taguy dilag ta haniyana weno ena italu? Adi te ipattuk nat pakatibo nadan humgop.
,54,34,"Hay dilag di adol ya hay mata te hidiyey panibo, ta deket maphod di mata ya maphod boy panibo. Athidih nomnom te hidiyey panginilaan di taguh maphod ya gaga-iho. Deket maphod di nomnom ya maphod boy pangi-e. Mu deket gaga-ihoy nomnom ya gaga-iho boy pangi-e."
,54,35,Kinali halipat-an yu ta adi mahannotan nan maphod an nomnom yu hi gaga-iho.
,54,36,"Deket maphod di nomnom yu ya maphod di pangi-e yu damdama. Hituwey kialigan nan dilag an pat-alanan am-in."""
,54,37,Nagibbun kimmalih Jesus ya inayagan nan ohan Pharisee an makikan hi baleda. Naki-e ot indanit eda mangan
,54,38,ya namodwong nan Pharisee te uggeda inat nan ine-en di pun-ulah takle yaden hidiyey pangi-en di Judyu.
,54,39,"Ot kanan Jesus ke hiyay ""Man dakayu ken Pharisee ya man-ut ikakagu yuy pangun-unudan yuh pangi-eyu mipanggep hi lini te pangali yu on hidiyey pangun-unud yun Apu Dios, mu adi te gaga-ihoy nomnom yu ya talamon yuy ibbayu."
,54,40,"Maid di nomnom yu. Kon uggeyu inilan hi Apu Dios ya inilanay wadah nomnom di tagu te kon bokon hiyay nunlutun am-in, nadan matibo ya nadan adi matibo?"
,54,41,"Bokon nan pangi-e yuh mipanggep hi liniy ikakagu yu, mu hay ot ya abu pamaddangan yu nadah mahmok an tatagu te hidiyey kitib-an di pangun-unudan ke Apu Dios. Aton yuh di ta abuluton dakayun hiya."
,54,42,"Dakayun Pharisee ya mahmok kayu te makastigu kayu. Man-ut umidaidat kayuh intanom yu ke Apu Dios, mu adiyu aton di maphod hi ibbayun tagu ya hay kakulugana ya adiyu pinhod hi Apu Dios. Lebbeng na tuwalin umidat kayuh intanom yu, mu adiyu iwalong nan udum an pinhod Apu Dios an aton yu."
,54,43,Mahmok kayun Pharisee te atoaton yuy ad-adi. Pinhod yun umbun hi ubunan di madayaw an tagu nah simbaan. Ya pinhod yun abun pitpitbal nah malkadun kawad-an di dakol an tatagu.
,54,44,"Makulug an mahmok kayu, takon di adi mainilan gaga-iho kayu ya nunna-ud an gaga-iho kayu. Kinali mialig kayu nah ugge nangadanan an lubuk an punhinggagattinan di tatagu te uggeda inila, mu hiya damdaman lubuk."""
,54,45,"Kimmali nan ohan muntuttuduh Tugun Moses ke Jesus ot kananay ""Apu, takon di dakami ya nakabba-inan kami nah kinalim."""
,54,46,"Kanan Jesus di ""O, makulug an takon di dakayun muntuttuduh Tugun Moses ya mahmok kayu damdama te dakol nadan naligat an tugun an ipapilit yun un-unudon di tatagu, mu takon di dakayu ya adiyu un-unudon yaden maid di homok yuh tatagu."
,54,47,Oha bo ya mahmok kayu te man-ut manganapya kayuh makakkaphod an lubuk handidan profetas an pinatepaten handidan aammod yu
,54,48,"ta ipatibo yun dayawon yu nadan profetas, mu hay kakulugana ya umat kayu handidah aammod yun uggeda dinayaw dida, mu pinate da didat deyan mangapya kayuh lubuk da."
,54,49,"Hi Apu Dios ya inilana tuwalih tuwe, kinali kananay 'Itud-ak ku nadan mangituttuduh pangi-ek ya nadan profetas, mu patayon day udum ya punholholtapon day udum.'"
,54,50,"Ta hidiye nan dakayun tatagud uwaniy kastiguwon Apu Dios te hay namatepateyan handidan aammod yu handidah profetas nipalpun dih lappuna ingganad uwani,"
,54,51,an nipalpun Abel ot ingganah namatayan da ke Sakalia nah numbattanan di altar ya nan Templo. Pidwaok an kalyon an dakayun tatagud uwaniy kastiguwon Apu Dios.
,54,52,"Mahmok kayun muntuttuduh Tugun Moses te hay adiyu pangipainilaan hi makulug an kibalinan diyen Tugun, ta hidiye nan maid di ohah pakaawat takon di dakayu. Takon di dakayu ya adiyu pinhod an un-unudon, ta hidiye nan dakayuy manandih pangun-unudan nadan naminhod an mangun-unud."""
,54,53,Handih e umeh Jesus ya niunud nadan Pharisee ya nadan muntuttuduh Tugun Moses ot dakol di manahmahan dan hiya
,54,54,ya hahalipat-an day kihallaan di ihumang nat waday pangigadulan dah ipabahul dan hiya.
,55,1,"Kediye ya dakkodakkol day tatagun naamung ta mungkigagatin day udum. Inlappun Jesus an kumali nadah disipulos nan kananay ""Halipat-an yu ta adiyu iun-unud hantudah Pharisee te man-ut kay da makakkaphod, mu gaga-ihoy nomnom da."
,55,2,Maid di mitaluh nganneh diye te takon di adi mainilad uwani ya ahi mainilah udum hi algo.
,55,3,"Hanan kalkalyon yu nah hilong an ab-abbu kayu ya mabigat ta nundingngol ya hana bon ikutkutyam yuh ibbayu, ya loktat ta, nundingngol."""
,55,4,"Kalyon bon Jesus nadah disipulos nay ""Kalyok ke dakayun iibbak, adiyu takutan nadan mamaten dakayu te deket nate kayu ya maid moy eda aton ke dakayu."
,55,5,Mu hay takutan yu ya hi Apu Dios te damanan patayon dakayu ya damana bon ipaenay linnawa yuh impierno. Hiyay kalyok hi takutan yu.
,55,6,"Hituwey nomnomon yu, nadan buding ya maid di balol da te hay bayad di lima ya duway hepeng, mu takon di athidi ya ipaptok Apu Dios dida."
,55,7,"Ot immam-anan dakayu te takon di bilang di buuk yu ya inilana. Hinaey kitib-anan pakaippaptok dakayun Apu Dios, kinali adi kayu tumakut te nakaballol kayun Apu Dios mu nadan buding."""
,55,8,"Kanan bon Jesus di ""Hay tagun mangipainilah tataguh pangulug nan ha-oy ya ahik ibilang an taguk hi hinangngab nadan anghel Apu Dios."
,55,9,Mu hay tagun mangalin uggeyak inila ya adik ibilang an taguk hi hinangngab nadan anghel Apu Dios.
,55,10,"Hay tagun taltalanggaanay Panguluwan di tagu ya damanan pakawanan Apu Dios, mu hay tagun taltalanggaanay Espiritun Apu Dios ya adinadaman mapakawanan."
,55,11,"Mu kal-ina ket hay pangulugan yun ha-on di humlun hi pangiayan dan dakayuh simbaan di Judyu weno nadan ap-apun di gubilnu ta e dakayu humalyaon, ya adi kayu madanagan hi ihumang yu"
,55,12,"te nan Espiritun Apu Dios di ahi mangituttuduh kalyon yu."""
,55,13,"Waday oha nadah tatagun naamung di kimmali ot kananan Jesus di ""Apu, kalyom ke tulang kut godwaon mi nan impaboltan di ammod min dakami."""
,55,14,"Mu hinumang Jesus an kananay ""Hinae ke ya nangamung kayu. Uggeyak immalin mangipanuh binoltan yu."""
,55,15,"Ot kanana nadah naamung di ""Halipat-an yu ta bokon hantudan dakol an wada tuh lutay gagamgaman yu te takon di kaatnay kinadangyan di ohan tagu ya bokon hidiyey nangdon hi nitaguwana."""
,55,16,"Wada boy ohan inab-abig nan didan kananay ""Wada nan kadangyan an pinumhod di inliyak na."
,55,17,Ot numanomnom an kananay 'Nganne nin moy atok an deyan makudang di pangialangak?'
,55,18,"Indani ya kananay 'Ah, hay atok ya pa-iyok nadan alang ku ta mangapyaak hi o-ongal ta pangiha-adak nadah inliyak ku ya nan udum an limmuk"
,55,19,ta takon mo nuppey um-umbunak ta hay inum ya hay an-anlay at-attok ya adiyak maagangan te dakol tun inliyak ku.'
,55,20,"Mu kanan Apu Dios ke hiyay 'Nakaihhallah naen punnomnom mu! Ad uwanin hilong ya mapoppog di biyag mut maid di hilbin dadiyen kinadangyan mu.'"""
,55,21,"Ot kanan Jesus di ""Athituy maat nadah tatagun abunay kinadangyan day ipapaptok da ya nonomnomon da, yaden adida nomnomon di punhilbiyan dan Apu Dios."""
,55,22,"Kanan bon Jesus nadah disipulos nay ""Hituwey gapunan kanak di adi kayu madanagan mipanggep hi makan ya bulwati."
,55,23,"Mahapul an nomnomon di tagu hin nganney gapunan waday biyag na, bokon hay makan ya hay bulwati ya abuy nonomnomona."
,55,24,"Nomnomon yu nadan hamutin adida muntanom ya adida mun-ani. Maid di alang da, mu mangan da te hi Apu Dios di nangamung hi kanon da. Ot namam-an dakayun tatagun ongal di pangibilang na ke dakayu mu nadan hamuti."
,55,25,Oha bo ya kon madanadanagan kayu ke ya kon madukdukey biyag yu?
,55,26,Yaden tipet ekayu madanagan hin daanay eyu pangalaan hi kanon yu ya hay ibulwati yu?
,55,27,"Nomnomon yu nadan humabung, kon mungngunu da ya mun-abol dah ibulwati da? Adida, mu kalyok ke dakayun mapmaphod di ang-ang da mu nan nakangnginan bulwatin din hi Solomon an kadangyan an patul."
,55,28,"Kinali deket athidiy pamaptok Apu Dios ke dadiyen humabung ad uwani, mu hi bigat ya maghob, ya namammam-ay pamaptok nan dakayu. Yaden tipet adi kayu madinol ke Apu Dios?"
,55,29,"Adiyu nomnomon ya adi kayu madanagan hi mahapul yu, kanon yu ya inumon yu."
,55,30,"Hay munnomnom ya mundanag ke datuwe ya nadan adi mangulug ke Apu Dios, mu dakayu ke ya wadah Amayun hi Apu Dios an nanginilan datuwen mahapul yu."
,55,31,Hay ot ya abu kigappatan yuh pun-ap-apuwan Apu Dios di ipaanhan yun nomnomon ot idat nan am-in di mahapul yu.
,55,32,Dakayun mangulug ke ha-on ya adi kayu madanadanagan te maka-amlong hi Apu Dios an mangigappat ke dakayu nah pun-ap-apuwana.
,55,33,Kinali umigattang kayuh limmu yu ta ibaddang yu nadah nawotwot te gapu kenaen aton yu ya ahi waday ikadangyan yuh langit an adi map-u ya adinadaman maako ya madadag.
,55,34,"Te hanah kawad-an di kinadangyan yuy kawad-an damdaman di nomnom yu. 35,36,Tibon yu ta mundadaan kayu hantuh ahik kibangngadan, umat hi pundadaanan nadan muttatyuh punhoodan dah kibangngadan nan apu dan e nakihamul ta deket immalit mungkugkug ya galagala dan mangibughul."
,55,37,Maan-anla nadan muttatyu hin akhupan di ap-apuda didan munho-ho-od ke hiya. Kalyok ke dakayu an nan ap-apuda ya idadaanan didat panganona dida.
,55,38,Takon di gawan di hilong weno mungkabigat di kibangngadan nan apuda ya maan-anla da hin nundadaan dan manamun hiya.
,55,39,"Nomnomon yuh tuwe, gulat nat inilan nan kon baley aliyan di mangako ya makulug an adina taynan di balena, mu aduganat adi humgop nan mangako."
,55,40,"Athidin dakayun mahapul an mundadaan kayu ta nangamung an munhood ke ha-on an Panguluwan di tagu te uggeyu inila hin kakon-anay kibangngadak."""
,55,41,"Kimmalih Pedro an kananan Jesus di ""Kon dakamiy pumpangitugunam ke danae weno dakamin am-in hantudah tatagu?"""
,55,42,"Hinumang Jesus an kananay ""Hay muttatyun nanomnoman ya makangngun-unud ya hiyay piliyon nan apunan pun-ap-apun nadan ibbanan muttatyu ya mangipaptok hi mahapul da."
,55,43,Umamlong nan muttatyu hin umali nan apuna ya tibonan maphod di atoatona.
,55,44,"Nomnomon yu tun kalyok ke dakayu, deket athidiy atona ya ipatag-en nan apunay saad na ta hiyay mangipaptok am-in hi limmun nan apuna."
,55,45,"Mu deket kanan nan muttatyuh nomnom nay 'Takomboy nalgonalgom di atok ot mabayag di ahi aliyan nan apu mi.' Ta hay ot ya abu atoatona ya mangmangngan ya mumbutobutong ya deke on nunhoplat na nadan ibbanan muttatyu,"
,55,46,mu indani ot ya abu ya kediyen algoy dinatngan nan apuna ot akhupanah diyen at-attona ot kastiguwona an inid-um na nadah adi mangun-unud.
,55,47,"Hay muttatyun inilanay pinhod di apunan ipangunun hiya, mu uggena inat ya ongal di kastiguna."
,55,48,Mu hay muttatyun uggena inun-unud di apuna te uggena inilay ipangunun nan apuna ya ittay di kastiguna. Deket ong-ongal di nidinol hi tagu ya mahapul an dakdakol boy atona. Deket dakol di midat hi ohan tagu ya dakol boy ipaptok na.
,55,49,Immaliyak tuh lutat mainilay mangulug ya hay adi mangulug ke ha-on ya hana ot ta hituwey maat ad uwani.
,55,50,Ongngal di ahik holholtapon an deyan takon di ad uwani ya mabulubulunak ingganay magibbuh diyen ligat ku.
,55,51,"Kon pangali yu on immaliyak an mangipalinggop am-in hi tagu tuh luta? Adi, te gapun ha-oy ya dakol day mun-aawwit. 52,53,Mipalpud uwani ya mun-aawwit day hin-am-a ya hin-in-a te deket lima da nah bale ya humi-an day tulu. Takon di nan nangapu ya nan inapu ya mun-aawwit da."""
,55,54,"Kanan bon Jesus nadah naamung di ""Deket itangad yu ya himmilong di kabunyan ya kanan yuy mangaliy udan, ya makulug an umudan."
,55,55,Deket itangad yuh kabunyan ta makappat-al ya kanan yuy maugo ya makulug an maugo.
,55,56,"Makallangkak kayu. Nalaing kayun mangimatun ke dadiye, mu matama kayun mangimatun hi ma-ma-at ad uwani."
,55,57,Antipet adi kayu pakanomnom hi maphod an aton yu?
,55,58,Umat nah deket inila yun waday e mangidiklamun dakayu ya ipatna yun ihuhummangan te adiyu ke iathidi ya makulug an ie dakayu nah huwes ot nan huwes di mangipakalabut ke dakayu.
,55,59,"Kalyok ke dakayun makulug an deket nikalabut kayu ya mahapul an pakabboklaon yuy molta yu, takon di ohan hepeng, ta ahi kayu mipae."""
,56,1,Kediyen muntuttuduh Jesus ya wadada nadah naamung di nangipainilan hiyah naat nadah udum an iGalileen impipaten Pilatu dida ot id-um nay dala da nah dalan di kinlong dan iappit dan Apu Dios.
,56,2,"Hinumang Jesus an kananay ""Kon gaput athidiy natayan da ya pangali yu on nahalman di liwat da mu nadan udum an iGalilee?"
,56,3,Adi. Te kalyok ke dakayu an deket adi kayu muntutuyuh liwat yu ya ahi kayu damdama mate.
,56,4,"Umat bo handidah himpulut walun tatagun nate te natu-i nan nakattag-en baled Siloam ot mat-onan da, kon pangali yu on gaput athidiy natayan da ya nahalman di liwat da mu nadan kaboblayan dad Jerusalem?"
,56,5,"Adi. Te kalyok ke dakayu an deket adi kayu muntutuyuh liwat yu ya ahi kayu damdama mate."""
,56,6,"Indani ya inab-abig Jesus di mipanggep nah kaiw an fig. Kananay ""Wada on tagun nuntanom hi fig hi laguntana. Deket nah tiempon di pumbungaana on immet ena tibon hin bimmunga, mu ma-ma-idan di bungana."
,56,7,Ot kanana nah pungngunuwonay 'Em kattog longhon din kaiw te deyan tuluy toon an halipat-ak di bungaana yaden ad-addi bumunga. Abunadi ya mun-oonan.'
,56,8,"Mu kanan diyen mumpaptok nah laguntay 'Apu, takon di mihdi ni-an hi hintoon ta ka-utak di puunat ha-adak hi abono"
,56,9,"ta deket kapyanan adi bumunga ne ahim impalngo.'"""
,56,10,Ohan Sabadu Tungo ya muntuttuduh Jesus nah simbaan di Judyu
,56,11,ya wada on babain impunligligat di nihkop ke hiyah himpulut waluy toon ta loktat ya nabakug an adi maandong di odog na.
,56,12,"Handih tinibon Jesus ya inayagana ot kananan hiyay ""Nakaan moy dogom."""
,56,13,Dinapan Jesus di adol nan babai ya pinghanadi ya naandong di odog na ot dayawonah Apu Dios.
,56,14,"Mu nan ap-apu kediyen simbaan ya bimmobboh-ol gapuh nangaanan Jesus hi dogon nan babai yaden Sabadun Tungo. Ot kanana nadah tatagun naamung di ""Waday onom an algon pungngunuwan. Deket pinhod yun mumpakaan hi dogoyu ya hi udum an algoy aliyan yu ta bokon nah Sabadu."""
,56,15,"Hinumang Jesus an kananay ""Makallangkak kayu. Am-in kayu ya oggan yu ubadon di nigakod an nuwang yu weno kabayu yu ta eyu painuman takon di Sabadu."
,56,16,"Dehtu tun babain holag Abraham an impundogon Satanas hi himpulut waluy toon. Kon gaga-ihoy nangaanak hi dogonad uwanin Sabadu?"""
,56,17,Kinalinah tuwe ya bimmain bo kaya nadan tatagun bumobboh-ol ke hiya ya nada ken udum ya maka-an-anla da gapuh kediyen maphod an inat na.
,56,18,"Indani ya kanan Jesus di ""Nganney kialigan di pun-ap-apuwan Apu Dios?"
,56,19,"Mialig nah buwan di mustard an kaiw an intanom di ohan taguh habal na. Tinummol ot umongngal ot pumbuyaan di hamutiy hapang na."""
,56,20,"Ot kanan bon Jesus di ""Nganne boy ohan kialigan nan pun-ap-puwan Apu Dios?"
,56,21,"Athitu, mialig nah yeast an inalan nan ohan babai ot ikammonah alina ot hidiyey nangipalbag nah kinapyanan tinapay."""
,56,22,Handih mange da Jesus ad Jerusalem ya nundag-u da nadah boblen nangidalanan da ot muntuttudu.
,56,23,"Indani ya wada on tagun nangibagan hiya an kananay ""Kon o-oha day mihwang an midatan hi biyag an munnananong hi kad-an Apu Dios?"""
,56,24,"Ya kanan Jesus di ""O, te nan pangi-en Apu Dios ya naligat an un-unudon. Mialig hi ittay an panton naligat an hogpan. Kinali aton yuy kabaelan yun mangun-unud ke Apu Dios takon di naligat te dakkodakkol day naminhod an umeh kad-ana, mu o-ohha day pakaeh di."
,56,25,"Umat nah balen deket indakkig nan kon bale ya adi mo pakaghop di tagu takon di tagan day pagpag an kanan day 'Apu, paghopon dakami ahan!' Mu kanan ot ya abun nan kon baley 'Adinadama te ugge dakayu inila.'"
,56,26,Ya kanan nadan tataguy 'Mu nakikakikan kamin he-a ya nuntuttudu kah boble mi.'
,56,27,"Mu kimmali bo nan kon balen kananay 'Makulug ot ugge dakayu inila ya uggek inila hin ibba dakayu. Mange kayu te gaga-iho kayun tatagu.' 28,29,Athidiy aton Apu Dios ke dakayu hin adi kayu muntutuyuh liwat yu. Ahi makahakkit di nomnom yu hin tibon yun dehdi dah kad-an Apu Dios nadan aammod taku an da Abraham, hi Isaac, hi Jacob, ya nadan profetas ya nadan udum an tatagun bokon Judyun malpuh kabobboblen tuh lutan makihamul hidih pun-ap-apuwana. Yaden dakayu ke ya adi dakayu ipaghop ke hiya. Kinali ahi kayu kumogakoga ya ahiyu kotokotomon di bab-ayu."
,56,30,"Hituwey nomnomon yu an nadan tatagun nakababba ad uwani ya diday ahi mibilang an natag-e, ya nadan mibilang an natag-e ad uwani ya diday ahi nakababba."""
,56,31,"Indani ya wadaday udum an Phariseen immali ot kanan dan Jesus di ""Kudukdul nay taynam tun boble te hi Herod ya pinhod dakan patayon."""
,56,32,"Hinumang Jesus didan kananay ""Ekayuh kad-an diyen hi Herod an nakatallam ta eyu kalyon ke hiyan adik iwalong an mangaan hi nihkop ya dogo inggana gibbuwok di ngunuk."
,56,33,"Takon di daanay pangayak ad uwani, hi bigat weno hi ohhandi, ya maid di e mangiadin ha-on. Mahapul an umeyak ad Jerusalem an boblen namatepateyan da handidah profetas Apu Dios te hidi damdamay pamatayan dan ha-on."
,56,34,"Dakayun iJerusalem an nuntugmilan yu ya numpate yu handidan profetas. Namingkaat an pinhod ku ot ahan an amungon dakayu umat hi pangamungan di manuk hi impana, mu adiyu pinhod."
,56,35,"Mahmok kayu te iwalong Apu Dios nan Templo ya nan bobleyu. Kalyok ke dakayun adiyak mo tibon inggana kanan yuy 'Maphod nan intud-ak Apu Dios an mangipainilan hiya.'"""
,57,1,Ohan Sabadun Tungo ya immeh Jesus an e nakikan hi balen di oha nadah ap-apun di Pharisee. Ya nadan tatagun wadah di ya halipat-an day atona
,57,2,te wadah hinangngab na on tagun linumbag di hukina ya taklena.
,57,3,"Ot kanan Jesus nadah muntuttuduh Tugun Moses ya nadah Phariseey ""Kon panioy pangaanan hi dogo nah Sabadun Tungo weno adi?"""
,57,4,Ya op-opya dan maid di himmumang ot dapaona nan mundogo ya pinumhod ot ipaanamut na.
,57,5,"In-ang-ang Jesus nadah tatagu ot kananan diday ""Kon deket waday kabayu yu weno nuwang yun nag-ah bitu nah Sabadun Tungo, ya kon adiyu e alan gapu te Sabadu?"""
,57,6,"Maid di panumang dan diye, kinali waday oha on op-opya-an."
,57,7,"Kediyen dehdih Jesus nah balen ena nakikanan ya tibtibbona nadan tatagun manggop an mumpupullo dan e umbun nah ubunan di madayaw an tagu. Ot kanana nadah naayagan di 8""Deket waday eyu pakihamulan nah kasal ya adi kayu e umbun nah ubunan di madayaw an tagu. Te deket umali nan tagun madayaw mu dakayu"
,57,9,ya kaanon dakayu nah nangayag ke dakayu ta nan madayaw an taguy pab-unona. Kababain di eyu kakaanan nah ubunan di madayaw an tagu ta ekayu mit-an nah ubunan di kumpulnan tagu.
,57,10,"Hay maphod ya deket waday nangayagan dan dakayu ya kudukdul nay umbun kayu nah ubunan di kumpulnan tagut deke tuwalit umali nan kon bale ya kananay 'Tulang ku, eka umbun nah ubunan di madayaw.' Ne ahi kayu nuppe inumbun hidi. Te deket athidin edakayu pab-unon nah ubunan di madayaw an tagu ya tobalon dakayu nadah ibbayun tatagun e makihamul."
,57,11,"Hay kalyok ke dakayu ya nan tagun mumpatag-e ya hiyay ahi mipababa, ya nan tagun mumpababa ya hiyay ahi mipatag-e."""
,57,12,"Kanan Jesus nah nangayag ke hiyay ""Deket mumpahamul ka ya bokon nadan gagayyum mu, tutulang mu ya hay kakadangyan di ayagam te dida ya waday kabaelan dat ahi daka damdama ayagan ke didat maballohan ta kay mo nabayadan."
,57,13,"Mu deket mumpahamul ka ya nadan nawotwot, napikluy, napilay ya nadan nakulap di ayagam."
,57,14,"Ot umamlong ka te takon di adida pakabayad ke he-a ya waday kiphodam an ahi malpun Apu Dios hantuh ahina pummahuwan hanadah naten ibilang nan maphod."""
,57,15,"Waday ohan tagun nakikan kediyen hamul ya dingngol na nan kinalin Jesus ot kananan hiyay ""Mun-am-amlong nan tagun ahi makihamul hi pun-ap-apuwan Apu Dios."""
,57,16,"Nun-ab-abig hi Jesus an kananay ""Wada nan tagun ninomnom nan mumpahamul ot ipaayag nay dakkodakkol an tatagu."
,57,17,"Ot handih nidadaan am-in di makan ya intud-ak na nan muttatyunan e mun-ayag. Kananan hiyay 'Hay kalyom ya kanam di, makayu mo, dehdin nidadaan di makan.'"
,57,18,"Mu am-in da nan naayagan ya kanan day maid innun dan ume. Hanan oha ya kananay 'Nganney innun, adiyak umali te waday ginatang kuh payo an mahapul an ek tibon.'"
,57,19,"Nan oha bo ya kananay 'Nganney innun, adiyak umali te ek ohhaohhaon an ipatnan pun-aladuwon nadan himpulun nuwang an ginatang ku.'"
,57,20,"Hanan bon oha ya kananay 'Nganney innun, adiyak umali te ad uwanin algoy nalahinak.'"
,57,21,"Nibangngad nan muttatyuh kad-an di apuna ot kalyonay kinalin nadan naayagan ya bimmoh-ol nan apuna ot kananay 'Eka nah dalan ya nah malkadu ta em pun-ayagan nadan nawotwot, napikluy, nakulap ya nadan napilay.'"
,57,22,"Indani ya nibangngad bo nan muttatyu ot kanana nah apunay 'Eyak nun-ayag, mu dakkodakkol pay di makan.'"
,57,23,Ot kanan nan apunay 'Ume ka nadah nungkidawdawin boblet eka umayag hi dakol an tatagu te pinhod kun dakkodakkol di umalin makihamul.
,57,24,"Mu hituwey kalyok, maid di oha nadah namangulun naayagan di makikan nah ipahamul ku.'"""
,57,25,"Ohan algo ya dakol day tatagun niunud ke Jesus. Nunliggu ot kananan diday 26""Mahapul an ong-ongal di pamhod di tagun ha-on mu hay aammod na, inayana, imbabalena, tutulang na ya hay adol nat ahi pakaun-unud ke ha-on."
,57,27,Ya hanan tagun adi pakaippol hi pakiholholtapanan ha-on ya adi pakaun-unud ke ha-on.
,57,28,Deket pinhod yun miunud ke ha-on ya mahapul an pakannomnomon yu. Umat nah tagun mangapyah ongal an balen mahapul an ib-unat pakannomnomona hin wadan am-in di mahapul na.
,57,29,"Te deket adina iathidi ta na-ala ya hinammang na on bale, kal-ina ya adi pakagibbu ya katataw-an di tatagu."
,57,30,"Pangali day 'Deya on tagun hinammang nay balena, mu adi gumlan mangibbu.'"""
,57,31,"Kanan bon Jesus di ""Umat bon nah patul an e makigubat, mahapul an pakannomnomona hin damanan apputon nan himpulun libun tindaluna nadan duwan pulun libun tindalun nan buhul na."
,57,32,Mu deket nomnomnomona ya adi mabalin ya umitud-ak hi e makihummangan ta adida ot ya abu munggubat.
,57,33,"Athidi boy aton di tagun pinhod nan mangun-unud ke ha-on an mahapul an iohha nay nomnom na te deket waday udum hi gagamgamana ya adinadaman e pakaun-unud ke ha-on."" 34,35,Kanan bon Jesus di ""Dakayun naminhod an mangun-unud ke ha-on, pakannomnomon yu te deket adi kayu pakaun-unud hi pangi-ek te waday udum hi pinhod yun un-unudon ya adinadaman e kayu pakaun-unud ke ha-on te maid di hilbinah eyu pangipatnaan an mangun-unud ke ha-on. Umat nah ahin an man-ut maphod di kiusalana, mu deket nakaan di kinaahina ya maid moy hilbina ya adinadaman pabangngadon di kinaahina. Ta hidiye nan iwele ot kattog."""
,58,1,Ohan algo ya immali day dakol an mun-amung hi buwis ya nadan tatagun kanan di Judyun naliwat an e mundongol hi ituttudun Jesus.
,58,2,"Ya nada ken Pharisee ya nadan muntuttuduh Tugun Moses ya mungngungudu dan kanan day ""Teya on tagun pakahangngudona hantudan nungkaliwat an tatagu ya makikan pay ahan ke dida."""
,58,3,Ot mun-ab-abig hi Jesus mipanggep hi pamaptok hi kalnero.
,58,4,"Kananay ""Nungay ta waday ohan dakayun waday hinggatut an kalnerona ya natalak di oha, kon adina e hamakon? Tayanana nan nahiyam ta hiyam an kalnerona nah ena nangipattolan ta ena punhamak inggana hamakona. 5,6,Indani mo nuppet hinamak na ya nahalman di anlana ot ipah-onan in-anamut ot ayagana nadan hinag-ona ya gagayyum nan kananay 'Agat maamung takut mun-an-anla taku te hinamak ku nan natalak an kalnerok.'"
,58,7,"Athidiy tagun kay natalak gapuh liwat na, mu indanit muntutuyu ya kay nahamak. Kalyok ke dakayun nahalman di anlan da Apu Dios hi langit nah ohan nuntutuyuh liwat na mu nan nahiyam ta hiyam an tatagun kanan day maphod dan adi mahapul an muntutuyu da."""
,58,8,"Kanan bon Jesus di ""Umat bon nah babain waday himpulun kalang na ya natalak di oha. Kon adina tolgan di dilag ta manigid ya tibonan am-in nah bale ingganay hamakona?"
,58,9,"Deket hinamak na, ya makulug ot ayagana nadan gagayyum na ya nadan hinag-onat kananay 'Mun-an-anla taku te hinamak ku nan natalak an kalang ku.'"""
,58,10,"Ot kanan Jesus di ""Kalyok ke dakayun umat hidi nadah anghel Apu Dios an maka-an-anla da hin waday ohan naliwat an muntutuyu."""
,58,11,"Inab-abig bon Jesus di mipanggep nah nuntalak an imbabale. Kananay ""Wada on tagun waday duwan linalakin imbabalena."
,58,12,Hanan udidiyan ya kananan amanay 'Idat mun ha-on ad uwani nan boltanok.' Ot godwaon mon amana nan paboltana nadah duwan hintulang.
,58,13,Nala-uy kaatnan algo ya inggattang nan udidiyan am-in nan binoltana ot taynanay balen amana ot umeh nidaddawwin boble ot nalgom di nangiataatanah pihhuna ot map-un am-in.
,58,14,Indani ya waday bitil kediyen boble ta maagangan yaden ma-ma-idan moy pihhuna.
,58,15,Hay mo inat na ya nakimuttatyuh ohan taguh di ot hay ngununa ya mumpaptok hi babuy.
,58,16,"Namahig di inagang nan takon nin nan kanon di babuy ya kanona, yaden maid ahan di umidat ke hiya."
,58,17,"Indani nuppe ya nomnomnomonah tuwen punholholtapana ot kananah nomnom nay 'Dakol di muttatyun ama ya mahawwahawwal di kanon da, yaden deyak hitun mateyak hi inagang ku.'"
,58,18,"Mibangngadak kattog ke ama ta kanak ke hiyay 'Ama, muntutuyuwak hi numbahulak ke he-a ya hay nunliwatak ke Apu Dios."
,58,19,"Takon di adiyak mo mibilang an imbabalem, mu ta ibilangak kattog an muttatyum.' Hituwe moy ninomnom nan aton"
,58,20,ot mibangngad hi baleda.Handih nidawwi pay ya inimatunan amana ya maka-an-anlan nanibon hiya. Bintik amanan e dinamu ot awalona.
,58,21,"Kanan nan imbabale nay 'Ama, muntutuyuwak hi numbahulak ke he-a ya hay nunliwatak ke Apu Dios. Takon di adiyak mo mibilang an imbabalem.'"
,58,22,Mu hi amana ya inayagana nadan muttatyuna ot kananan diday 'Galgal-an yu ta eyu alan nan makakkaphod an bulwati ta ipabulwati yu tuh imbabalek. Ha-adan yuh takkalang di gamat na ya pun-apatuton yu.
,58,23,Alan yu bo nan katabtabaan an baka ta partiyon yu ta munhahamul taku ya mun-an-anla taku.
,58,24,"Te tun imbabalek ya kay nate, mu timmagu, nuntalak, mu deyan immanamut.' Ot munhahamul da."
,58,25,Hana ken panguluwan ya wadah payo kediye. Handih anamutanan manatong hi baleda ya dingngol nan munggangha da ya tinibonan manmannayo da.
,58,26,Inayaganay ohan muttatyu ot mahmahana hin nganney gapuna.
,58,27,Kanan nan muttatyuy 'Man-uke ya immanamut nan udidiyam ot deyan impipartin amam nan katabtabaan an bakat pun-an-anlaan taku te mataguh tulang mu.'
,58,28,Bimmobboh-ol nan panguluwan ya adina pinhod an humgop. Tinibon amana ot lumah-un ot ena al-alukon ta humgop.
,58,29,"Mu hinumang nah amanan kananay 'Nabayag an ingngunungunuwan daka ya maid di ek kinahing hi tugun mu, ya nganney indat mun ha-on? Maid, takon ot ni-moy impan di gulding ta hinamul min nadah gagayyum ku."
,58,30,Mu ad uwanin immanamut tun imbabalem an nangumah impaboltan mu te ena imbabbabai ya impartiyam bo udot hi makatabban baka.'
,58,31,Ya kanan amanay 'He-an imbabalek ya man-un he-a te wada kah tuh kad-ak ta nangamung ya am-in di limmuk ya bagim.
,58,32,"Maphod di mun-an-anla taku te tun tulang mu ya kay nate, mu timmagu, nuntalak, mu deyan immanamut.'"""
,59,1,"Wada boy ohan inab-abig Jesus nadah disipulosnan kananay ""Wada on kadangyan an indinol nah muttatyu nay kinadangyana. Indani ya waday nangidatdatong nah kadangyan an um-ummahon diyen muttatyuy udum nah pihhuna."
,59,2,Inayagan nan kadangyan hidiyen muttatyuna ot kananay 'Nganneh tuwen dingngol kun at-attom? Idat mun ha-on nan nitudkan am-in di limmuk te bokon mo he-ay pangidinolak ketuwen ngunu.'
,59,3,Kanan nan muttatyuh nomnom nay 'Nganne nin di atok an deyan kaanonak hi ngunuk? Adiyak gumlan munggaud ya bumainak an mungkodkoddoh mahapul ku.
,59,4,"Ah, inilak di atok. Deket makaanak ya wadadan tuy gagayyum kun mangayag ke ha-on hi nunhituwan da.'"
,59,5,Inayagana nadan immutang nah apuna ot hummanganona dida. Kanana nah namanguluy 'Kaatnay utang mu nah apuk?'
,59,6,Ya kalyon diyen immutang di 'Hinggatut an latan manteka.' Ya kanan nan muttatyu ke hiyay 'Teya tun nitudokan di utang mu. Umbun kat gal-am an hannotan ta hay nalima ya abuy itudok mu.'
,59,7,Kanana bo nah nikadwan immutang di 'Kaatnay inutang mu nah apuk?' Ya kananay 'Hinggatut an sakun wheat.' Ya kanan bon nan muttatyu ke hiyay 'Hay nawalun saku ya abuy itudok mu.'
,59,8,"Nainnilaan nan apu nah diyen am-in an inat na ot kananay 'Hiya bo peman an nakatallam.'"" Nagibbun inab-abig Jesus hituwe ot ahina kanan di ""Nalaing day adi mangulug an munnomnom hi aton da hin waday ligat da mu nadan mangulug."
,59,9,Mu hay kalyok ke dakayu ya deket waday pihhuyu ya baddangan yu nadan nungkawotwot te udum hi algo ya maid di hilbin di pihhuyu. Deket athituy aton yu ya waday midat ke dakayun gun-udon yun munnananong hi kad-an Apu Dios.
,59,10,Hanan tagun damanan nidinol hi takon di ittay di balol na ya damana bon hiyay pangidinolan hi nakaballol. Ya athidi bo hanah tagun inlappunan mangakoh ittay ya loktat ta ongal di akawona.
,59,11,Kinali deket athinan adi kayu midinol hi kinadangyan hi lutan mauma ya immam-ana mon adi kayu midinol hi kinadangyan hi langit an munnananong.
,59,12,Te deket mabalin an idinol ke dakayu nadan wada tuh lutan indat Apu Dios ya kon ena idat ke dakayu nan kiphodan hantuh mikadwan nitaguwan hi kad-ana?
,59,13,"Adinadaman hay tagu ya un-unudonay duwan ap-apu te hingitanay oha ya pohdonay oha, un-unudonay oha ya pihulonay oha. Niingngon tuwey kinadangyan ya hi Apu Dios an adinadaman eyu paka-un-unudon hi Apu Dios hin hay kinadangyan di gagamgaman yu."""
,59,14,Hanada ken Pharisee an hay pihhuy gagamgaman da ya pun-ibaag dah Jesus.
,59,15,"Mu kanan Jesus ke diday ""Dakayu ya ipatpatibo yuh tatagun makaphod kayu ta pangali yu ta matbal kayu, mu hi Apu Dios ya inilana damdamay wadah nomnom yu. Hay pangamgaman hi katbalan hi tagu ya adi pinhod Apu Dios."""
,59,16,"Kanan bon Jesus di ""Hanan Tugun Moses ya nan intudok handidan profetas ya nituttudu inggana dih wadah Juan an mumbonyag. Ot mipalpun diye ya nituttudu nan maphod mipanggep hi pun-ap-apuwan Apu Dios ya ihik di tatagun migappat."
,59,17,Mu adiyu nomnomon an niwalong di Tugun Moses te takon di mama-id tun luta ya kabunyan ya munnanong hidiyen Tugun an takon di ohan kali ya adi miwalong.
,59,18,"Hay lalakin ibolhe nay inayanat mumbintan ya maliwat te ihuyop nay udum an babain bokon nan namangulun inayana. Ya nan lalakin mangiine nah babain tinaynan di inayana ya maliwat bo damdama."""
,59,19,"Waday inab-abig Jesus an kananay ""Wada on kadangyan an nungkanginginan am-in di bulwatina ya wadan am-in di mahapul na ya mahawwahawwal di makan hi balena."
,59,20,Ya wada on tagun hi Lasarus di ngadanan makakkahmok te nakaggulid am-in di adol na an oggan da ie nah hoob nan balen diyen kadangyan ta e mibakbakilang hidi.
,59,21,Ta pangali dat wada key iwelen nan kadangyan hi hinawwal na ya hayudonat kanona ten naagangan. Ya deke on imme da nan aahu ta himhimmutan day gugulid na.
,59,22,Indanit nateh diyen makakkahmok an tagu ya inalan nadan anghel di linnawana ot ie dah kad-an Abraham. Nate damdama nan kadangyan ot ilubuk da.
,59,23,Hituwen kadangyan ya nahalman di punholholtapanah impiernon nangayana. Intangad na ya tinibo nah Abraham ya hi Lasarus an nipaldang.
,59,24,"Tinumkuk ot kananan Abraham di 'Ama, homkonak. Itud-ak mu ahan hi Lasarus ta takon kattog di nan udun di gamat nay itam-ol nah danum ta itottod na tuh dilak tedeyan munholholtapak hi atung di apuy hitu.'"
,59,25,"Mu kanan Abraham di 'He-an imbabalek ya nomnomom an handih wada kah luta ya immanan-anla ka te wadan am-in di mahapul mu, yaden hi ke kattog Lasarus ya makakkahmok. Mu ad uwani ya hi Lasarus ya maka-an-anla yaden he-a ke ya dekah nan munholholtap."
,59,26,Oha bo ya nakaiddawwiy numbattanan takut adinadaman e waday malpuh tun umalih na ya athidi bon adinadaman e waday malpuh nan umalih tu.'
,59,27,"Ot kanan nan kadangyan di 'Takon ama, mu ta itud-ak mu ni-moh Lasarus hi balen da ama"
,59,28,te wadaday limah tutulang kuh di ta ena tugunon didat adida umalih tu te nahalman di punholholtapan hitu.'
,59,29,Mu kanan Abraham di 'Adi mahapul te inila da nan Tugun Moses ya nan intuttudun handidan profetas an dadiyey un-unudon da.'
,59,30,"Kanan bon nan kadangyan di 'Ama Abraham, adida kulugon dadiye, mu deke nin ot ta waday nate ya timmagut hiyay e mangipainilan dida ya makulug an kulugon da ya muntutuyu dah liwat da.'"
,59,31,"Mu kanan Abraham ke hiyay 'Adi, te deket kahing dah Tugun Moses ya handidan profetas Apu Dios ya kahing da damdama nah ituttudun di tagun namahuwan.'"""
,60,1,"Kanan Jesus nadah disipulos nay ""Dakol di humlun hi punliwatan di tagu, mu makakkahmok nan tagun hiyay humlun hi punliwatan di ibbana te nahalhalman di kastiguna."
,60,2,"Kinali kudukdul nay tayunan di bagang nah ongal an batu ya inggah baybay, mu nan e hiyay humlun hi punliwatan ya pangiwalongan di ka-kulug na hi pangulug na."
,60,3,Kinali halipat-an yu ta nangamung di aton yu.Deket waday numbahul ke dakayu ya tugunon yu ta deket muntutuyu ya pakawanan yu.
,60,4,"Takon di mamimpitu nan tagun mumbahul ke dakayu hi hin-algo, mu mamimpitu an muntutuyuh ena numbahulan ya mahapul an pakawanan yu."""
,60,5,"Kanan nadan disipulos ke Apu Jesus di ""Paong-ongalom di pangulug mi."""
,60,6,"Hinumang Jesus ot kananay ""Bokon hay kinaongal di pangulug yuy mahapul, mu ta wada takon di ittay an umat hi kinaittay di buwan nan mustard muden ta nihamad. Ya damanan deket kanan yu nah kaiw di 'Mabagut kat mit-an ka dih gawwan di baybay,' ya un-unudonah diyen kalyon yu."""
,60,7,"Kanana boy ""Nungay ta waday ohan dakayun hay ngunun di muttatyuna ya munggaud weno mumpaptok hi kalnero, kon immanamut ken nalpuh ngununa ya kon kanan yuy 'Aga, maka ot ta mangan ka.'"
,60,8,"Inilak ot adiyu iathidi, mu kon ot kanan yuy 'Munhannot kah bulwatim ta idadaan muy kanok ta deket nagibbuwak ya ahika nangan.'"
,60,9,Ya inila yu bon adi mahapul an mumpasalamat kayu nah muttatyu te hidiye tuwaliy ngununa.
,60,10,"Umat boh din dakayun bokon hay kidayawan yuy nonomnomon yuh pangun-unudan yun Apu Dios te hay pangun-unudan ke hiya ya hidiye tuwaliy mahapul an aton."""
,60,11,Handih nangayan da Jesus ad Jerusalem ya indalan dah numbattanan di probinsian di Samaria ya Galilee.
,60,12,Handih manatong da nah boble ya dinamu day himpulun tatagun mungkangpuy adol dan nibata-an dan immohnong
,60,13,"ot itkuk day ""Apu Jesus, homkon dakami ahan."""
,60,14,"Handih tinibona dida ya kananay ""Ume kayu ta eyu ipatiboy adol yun nadah papadi."" Ya handih mange da ya nakaan hidiyen dogoda."
,60,15,Handih tinibon nan ohan didan pinumhod di adol na ya nibangngad hi kad-an Jesus an pun-itkuk nay pundayaw nan Apu Dios.
,60,16,Ot mundukkun hi hinangngab Jesus ot mumpasalamat ke hiya. Hidiyen tagu ya iSamaria an bokon Judyu.
,60,17,"Ya kanan Jesus di ""Kon bokon da himpulu nan tatagun nakaan di dogoda, daan da mo nan hiyam?"
,60,18,"Tipet tun bokon Judyu ya abuy immalin mumpasalamat ke Apu Dios?"""
,60,19,"Ot kanana nah taguy ""Tumaddog kat ume ka. Hay pangulug muy nangaan hi dogom."""
,60,20,"Waday naminghan an hinanhanan nadan Pharisee ke Jesus di ""Kakon-anay kilappuwan di pun-ap-apuwan Apu Dios?"" Kanan Jesus di ""Hay pun-ap-apuwan Apu Dios ya maid di panginilaan hi kilappuwana."
,60,21,"Kinali adinadaman kanan di 'Deyah tuy pun-ap-apuwan Apu Dios' weno 'Wadah diy pun-ap-apuwana.' Te hay pun-ap-apuwana ya wadan dakayu."""
,60,22,"Ot kanan Jesus nadah disipulos nay ""Inilak an wadan tuy algon ahi kayu umabtuh pun-ap-apuwak takon ni-moy hin-algo, mu adi mabalin."
,60,23,Kediye ya wadaday mangalin kanan day 'Wadah dih Kristo.' Ya kanan di udum di 'Wadah tu.' Mu adiyu kulugon dadiye
,60,24,te hay kibangngadak an Panguluwan di tagu ya umat hi kil-at an makattibon pat-alanay luta ya kabunyan.
,60,25,"Mu hay maat ya mahapul ni-an an kahingonak ya punholholtaponak hantudah tatagud uwani. 26,27,Hay atoaton di tatagu hantuh ahik aliyan ya umat hi inainat di tatagu handih tiempon Noah an abunay kakan, inum ya hay lahin di nonomnomon da. Mu indani ya nalbongan di luta ot mungkakate da te uggeda nundadaan ot abuna da Noah an ugge nate te hinumgop da nah bapor."
,60,28,"Athidi boy tatagu handih kawadan Lot an abunay kakan, hay inum, hay gattang, hay tanotanom ya hay mangapyah baley nonomnomon da."
,60,29,Mu handih tinaynan Lot ad Sodom ya impaalin Apu Dios di apuy ot maghob dan am-in di tataguh di ot abuna da Lot an timmagu.
,60,30,Athidi bo damdamay ahi atoaton di tatagu hantuh ahik aliyan.
,60,31,"Ta deyan kalyok ke dakayu an deket kediye ya nipaddin waday taguh dola ya mahapul an adi humgop an e mangalah ngunut na, mu bumtik ot ya abu. Athidi bo nah tagun wadah payo an mahapul an adi umanamut hi baleda, mu bumtik ot ya abu."
,60,32,Nomnomon yu ta adi kayu umat din inayan Lot an numbalin hi ahin te nunhalinduwa an mangun-unud hi kinalin Apu Dios.
,60,33,"Te hay tagun abunay nitaguwan tuh lutay nonomnomona ya adi midatan hi biyag an maid di poppog na, mu nan tagun paka-un-unudonak takon di humlun hi katayana ya hiyay midatan hi biyag an maid di poppog na."
,60,34,Kalyok bon dakayun nipaddi ken hilong di aliyak ya waday duwan tagun nahuyop hi ohan abok ya awitok di oha ya mabatiy oha.
,60,35,Athidi bo nadah duwan babain mumbayu an awitok di oha ya mabatiy oha.
,60,36,"Ya athidi bon hanadah duwan tagun wadah payon awitok di oha."""
,60,37,"Handih dingngol dah tuwe ya kanan day ""Apu, daanay ahi kaatan tuwe?"" Ya kanan Jesus di ""Hanah kawad-an di nate ya hidiy kawad-an nadan mangan hi nate."""
,61,1,Hituwey intuttudun Jesus nadah disipulos nat adida uminglen mundasal ta adi kumapuy di pangulug da ke Apu Dios. Hituwey inab-abig na.
,61,2,"Kananay ""Hanah ohan boble ya wada nan huwes an adi tumakut ke Apu Dios ya maid di pangibilang nah tagu."
,61,3,Kediyen boble ya wadah di on nabalun babai an nadandani on immen hiya ta ena ibaga an kananay 'Baddanganak ahan te nabahulan hantun ek indiklamu.'
,61,4,"Nakabayyag an ug-ugge hinangud nan huwes nan ibagabagan nan babai, mu kay ahan ya kananah nomnom nay 'Adiyak tumakut ke Apu Dios ya maid di pangibilang kuh tagu,"
,61,5,"mu gapu te deyan namahig an mangipaingle tun babain nadandani on immalin e mumbagah baddang ya agan di ahan ta baddangak.'"""
,61,6,"Indani ya kanan Apu Jesus di ""Dingngol yuh naen inat nan adi maphod an huwes, tibon yun takon di adi tumakut ke Apu Dios ya maid di pangibilang nah tatagu ya binaddangana nan babai."
,61,7,Ta hidiye nan namammam-an Apu Dios an ongal di homok na ya donglonat nangamung di dasal. Makulug an baddangana ya takdogana nadan pinilinan tataguna an dumasadasal ke hiyah mapat-al ya hilong.
,61,8,"Kalyok ke dakayun pakabbaddangana nadan tataguna. Mu kon nanongna nin an ahi wada day mangulug ke ha-on hantuh ahik aliyan an Panguluwan di tagu?"""
,61,9,"Waday inab-abig Jesus nadah tatagun dayawon day adol da an kanan day maphod da, mu pihulon day ibbada."
,61,10,"Kananay ""Wadada nan duwan tagun e nundasal nah Templo. Nan oha ya Pharisee, nan oha ya mun-amung hi buwis an dadiye nan mapihul an tatagu."
,61,11,"Hanan Pharisee ya timmaddog ot mundasal hi nomnom nan kananay 'Apu Dios, mumpasalamatak ke he-a te maphodak an adiyak umat nadah udum an tatagun natalam da ya gaga-ihoy pangi-eda ya ihuyop day bokon da inayan. Mumpasalamatak bo ta maphodak an adiyak umat kediyen tagun mun-amung hi buwis,"
,61,12,ya duway algo nah hinlingguwan di adik panganan an abunay dumasadasalak ya am-in di lumuwok ya iappitan daka.'
,61,13,"Hana ke damdaman mun-amung hi buwis ya e naappil ot iyuung na gapuh baina ot mundasal. Pungkulpig nay pagona gapuh puntutuyu nah liwat na an kananay 'Apu Dios, homkonak te naliwatak.'"""
,61,14,"Ot kanan Jesus di ""Kalyok ke dakayun nan mun-amung hi buwis ya immanamut an timbal Apu Dios di dasal na, mu nan Pharisee ya ugge timbal Apu Dios di dasal na. Te nan tagun mumpatag-e ya hiyay ahi mipababa, mu nan tagun mumpababa ya hiyay ahi mipatag-e."""
,61,15,"Wadaday tatagun nun-iali day imbabale dan eda ipadapan Jesus ta idasalana dida, mu handih tinibon nadan disipulos hidiye ya inhong-ak da dida."
,61,16,"Mu inayagan Jesus dadiyen tatagu ya nadan imbabaleda ot kanana nadah disipulos nay ""Adiyu iadiy aliyan di u-ungan ha-on. Hanadan migappat hi pun-ap-apuwan Apu Dios ya hay umat ke datuwen u-ungay pangi-eda."
,61,17,"Nomnomon yuh tuwe. Mahapul an idinol di tagun Apu Dios an umat hi pangidinol di u-ungah pamaptok di ammod dat ahi migappat hi pun-ap-apuwana."""
,61,18,"Wada on ap-apun kananan Jesus di ""Maphod an apu, nganney atok ta midatanak hi biyag an maid di poppog na?"""
,61,19,"Ya kanan Jesus di ""Tipet kanam di maphodak? Maid di udum hi maphod hin bokon hi Apu Dios ya abu."
,61,20,"Inilam nadan intugun Apu Dios an kananay 'Adim ihuyop di bokon mu inayan, adika pumate, adika mangako, adika munlangkak ya un-unudom da amam ke inam.'"""
,61,21,"Kananay ""Man-u danae te nipalpu tuwalih kaungak ya inun-unud ku."""
,61,22,"Dingngol Jesus hituwen kinalina ya kananan hiyay ""Mu waday ohah kudang mu. Ume kat em igattang am-in di limmum ta idat mu nan pihhun nunggattangam hanadah nawotwot ta waday ongal an kinadangyan muh langit. Hituwey atom ya ahika niunud ke ha-on."""
,61,23,Dingngol nan taguh diye ya u-umyung te kaddakaddangyan.
,61,24,"In-ang-ang Jesus ot kananay ""Naligat di kadangyan an migappat hi pun-ap-apuwan Apu Dios."
,61,25,"Ipidwak an kalyon ke dakayun naligat di kadangyan an migappat hi pun-ap-apuwan Apu Dios mu hay hogpan di kamel hi tolok di bilat."""
,61,26,"Kanan nadan nangngol di ""Dahdi nin moy mihwang?"""
,61,27,"Kanan Jesus di ""Hay tagu ya adina kabaelan an mangihwang hi adol na. Hi Apu Dios ya abuy mangihwang hi tagu te hiya ya kabaelanan am-in."""
,61,28,"Ya kanan Pedroy ""Apu, dakami ya tinaynan miy nunhituwan mi ot miunud kamin he-a."""
,61,29,"Kanan Jesus di ""Nomnomon yu tun kalyok. Hanan tagun tinayananay balena, inayana, tutulang na, aammod na ya imbabalena gapuh pangipainilaanah pun-ap-apuwan Apu Dios"
,61,30,"ya dakol di midat ke hiyad uwani ya hantuh kapoppogan di luta ya midatan hi biyag an maid di poppog na."""
,61,31,"Inayagan Jesus nadan himpulut duwan disipulosna ot handih ammuna da ya kananan diday ""Deyan ume takud Jerusalem te hidiy umannungan am-in di intudok handidan profetas mipanggep ke ha-on an Panguluwan di tagu."
,61,32,"Ahiyak alan hanadah tatagun bokon Judyu ta ahiyak taltalanggaan ya panadngolan ya ahiyak punhintutuppaan ke dida. Ahiyak punhoplat ya ipipateyak,"
,61,33,"mu mamahuwanak hi mikatlun algo."""
,61,34,Mu adida maawatan hituwen kinalin Jesus te uggeda inilay kibalinana ya hin nganney kalkalyona.
,61,35,Handih manatong da Jesus ad Jerico ya wada on nakulap an um-umbun nah pingngit di kalatan mungkodkoddo nadah mala-u.
,61,36,"Dingngol nan nakulap an mungkala-uy dakol an tatagu ya kananay ""Kon tipe, nganney ma-ma-at?"""
,61,37,"Kanan day ""Mungkala-uh Jesus an iNasaret."""
,61,38,"Indani ya tinumkuk an kananay ""Apu Jesus an holag David, homkonak anhan!"""
,61,39,"Ya inhong-ak nadan namangulun tatagu ta kanan dat umop-opya ot kuma. Mu muntukuk ot ya abu an kananay ""Apu an holag David, homkonak anhan!"""
,61,40,"Immohnong hi Jesus ot kalyana didat iali da nan nakulap hi kad-ana. Handih nih-up ya kanan Jesus ke hiyay 41""Nganney pinhod mun atok ke he-a?"" Ya kananay ""Apu, pinhod kun pakatibowak."""
,61,42,"Ya kanan Jesus di ""Nakaan moy kulap mu te hay pangulug mun ha-on."""
,61,43,Pinghanadi ya pakatibo ot miunud ke hiyan daydayawonah Apu Dios. Ya am-in da nan nanibon diye ya dinayaw da damdamah Apu Dios.
,62,1,Mungkala-u da Jesus ad Jerico
,62,2,ya wada on tagun hi Sakeyus di ngadanan kadangyan te hiyay ap-apun nadan mun-amung hi buwis.
,62,3,"Pinhod nan abun tibon hi Jesus, mu dakol di tagu yaden hiya ya naakhop bo udot, ta maid di innunan manibon hiya."
,62,4,Kinali hay mo inat na ya bintik na ot e kumayat nah kaiw an sycamore ta waday atonan manibon hiya hin mala-uh di.
,62,5,"Handih nipottok hi Jesus hi kad-an Sakeyus ya intangad na ot kananay ""Sakeyus, gal-am, duma-ul ka te umeyak ad uwanih baleyu."""
,62,6,Hi Sakeyus ya ginalgal-anan dimma-ul nah kaiw an maan-anlan mangikuyug ke Jesus hi baleda.
,62,7,"Am-in da nan tatagun nanibon Jesus an immeh balen da Sakeyus ya tumtumbukon dah Jesus an kanan day ""Tipe mo ahan ta e umeh balen di naliwat an tagu?"""
,62,8,"Hidih balena ya timmaddog hi Sakeyus ot kananan Apu Jesus di ""Apu, ad uwani ya idat kuy godwan di limmuk nadah nawotwot ya deket waday inalak hi ibbak an tagu te tinalam ku ya mamin-opat di kadakolnay bayadak ke hiya."""
,62,9,"Kanan Jesus ke hiyay ""Ad uwani ya mihwang am-in di tagu tuh nunhituwam te he-a ya holag daka tuwalin Abraham gapuh pangulug mu."
,62,10,"Te ha-oy an Panguluwan di tagu ya immaliyak hituh lutan mangihwang hi tatagun nihi-an ke Apu Dios ta mihayyup dan hiya."""
,62,11,Kediyen mundongdongngol nadan tatagu ya nun-ab-abig boh Jesus hi mipanggep hi datngan di pun-ap-apuwan Apu Dios. Gapu te nih-up dad Jerusalem ya kanan da nin on deket dumatong hi Jesus hidi ya tibon da moy kilappuwan di pun-ap-apuwan Apu Dios.
,62,12,"Kanan Jesus di ""Wada on kadangyan an ap-apun immeh nidawwin boblet ena dawaton di kalebbenganan mun-ap-apu ne ahi nibangngad."
,62,13,Handih e ume ya inayagana nadan himpulun muttatyuna ot ikap-ongana didah pihhu ot kananan diday 'Hituwey pumpuunnan yu ta wada key limmu yun tuwe ya nangamung hantuh ahik kibangngadan.'
,62,14,Mu wadaday kaboblayanan humihhingit ke hiya ot umitud-ak dah e mangalin adida pinhod an hiyay mun-ap-apu.
,62,15,Mu takon di athidi ya hiya metlaing di nun-ap-apu. Immanamut hi baleda ot ayagana nadan muttatyunan nangidatanah pihhu ot mahmahana hin kaatnay numbalinan nan pihhuna.
,62,16,"Hanan namangulun immalih kad-ana ya kananay 'Apu, nan pihhun indat mun ha-oy ya naminhimpulun dimmakol.'"
,62,17,"Ya kanan nan apu day 'Maphod kan muttatyu, maan-anlaak ke naen inat mun takon di ittay nan indat kun he-a ya impaongal mu. Ot gaput athina ya he-ay pumbalinok hi ap-apun di himpulun boble.'"
,62,18,"Immali nan nikadwa ya kananay 'Apu, nan pihhun indat mun ha-oy ya naminliman dimmakol.'"
,62,19,Kanan nan apuda ke hiyay 'He-ay mun-ap-apu hi liman boble.'
,62,20,Immali nan mikatlu ot kananay 'Dehtu nan pihhun indat mun ha-on. Handih nangidatam ya linibbutak ot italuk.
,62,21,"Timmakutak te inilak an he-a ke ya mabungot ka mipanggep hi pihhum, kinali abunay intaluk. Oha bo ya pakialam di limmun di udum an tatagun uggem nun-atuwan.'"
,62,22,Kanan nan apuda ke hiyay 'Gaga-iho kan muttatyu. Adi daka mabalin an pundinolan. Hanan kinalim di pangastiguwak ke he-a. Inilam tuwalin athidiyak
,62,23,ya tipet em intattalu tun pihhuk? Kudukdul nay inha-ad muh bangkot wada ot ni-moy ittay hi nid-um ad uwanin nibangngadak.'
,62,24,Ot kanana nadah udum an muttatyunan muntattaddog di 'Alan yu nan pihhun impabangngad nat idat yu nah dakdakol di pihhuna.'
,62,25,"Mu kanan nadan muttatyuy 'Apu, dakol bo tuwaliy pihhuna ya tipe bot e idat ke hiya?'"
,62,26,Kanan nan apu day 'Kalyok ke dakayun hay tagun ipaptok nay wadan hiya ya mad-uman. Mu hay tagun adina ipaptok di wadan hiya ya takon di ittay ya mama-id hidiyen wadan hiya.
,62,27,"Hanada ken tatagun adida pinhod an ha-oy di pun-ap-apu da ya iali yu ta patayon yu didah hinangngab ku.'"""
,62,28,Inab-abig Jesus hituwe ot ipangpangulu nan umed Jerusalem.
,62,29,Manatong dad Betpage ya Betania an wadada nah Bilid an Oliba ya impamangulunay duwan disipulosna.
,62,30,"Kananan diday ""Ekayun dih boble. Dumatong kayu keh di ya tibon yu on ka-ongal na an kabayu an ugge ni-an natakkayan. Ubadon yu ne in-ali yuh tu."
,62,31,"Deket waday kumalin kananay 'Antipet pun-ubad yu?' Ya kanan yuy 'Mahapul nan Ap-apu taku.'"""
,62,32,Imme da nan duwan intud-ak Jesus ya makulug nan kinalina.
,62,33,"Handih pun-ubad day gakod nan kabayu ya kanan nan kon kabayuy ""Antipet pun-ubad yu?"""
,62,34,"Kanan day ""Mahapul nan Ap-apu taku."""
,62,35,In-e da nan kabayuh kad-an Jesus ot iap-ap day bulwati dah odog nan kabayu ot mitakkeh Jesus.
,62,36,Handih mange da Jesus an nalpu da nah Bilid an Oliba ya kinaan nadan tataguy oddan di bulwati da ot pun-iap-ap da nah kalatan dalanonah pundayaw dan hiya.
,62,37,Am-in nadan tatagu an miunuunud ke hiya ya maka-an-anla dan itukutukuk day pundayaw dan Apu Dios gapu nadah tinibo dan inat nan milagro.
,62,38,"Kanan day ""Madayaw hantun ap-apun intud-ak Apu Dios. In-ali nay linggop Apu Dios. Madayaw hi Apu Dios an Katagtag-ayan."""
,62,39,"Wadada nadan udum an Pharisee an kanan dan Jesus di ""Apu, kaliyam hantudan niunud ke he-at umop-opya da."""
,62,40,"Himmumang ot kananay ""Kalyok ke dakayun deket umop-opya da ya hantudan batuy mangitkuk hi pundayaw dan Apu Dios."""
,62,41,Manatong da Jesus ad Jerusalem ot iang-ang nah di ya munluluwa gapuh homok na nadah bimmobleh di.
,62,42,"Kananay ""Gulat na ke ot ahan ta mangulug kayun ha-on an kalpuwan di linggop ya wada ot di linggop ke dakayu. Mu adi mo mabalin."
,62,43,Mahmok kayu te ahi dumatong di algon ahi aladan di buhul yuy bobleyu ya likkubon dakayu ta adinadaman ekayu bumtik.
,62,44,"Ahida dadagon tun boble yun Jerusalem ya pumpate dakayu ya nadan imbabale yu. Dadagon dan am-in, takon nadan binattun babale yu ya pumpai da. Athituy ahi maat te ha-oy an intud-ak Apu Dios an mangihwang ke dakayu ya uggeyak inabulut."""
,62,45,Hinumgop hi Jesus nah Templo ot pun-ipalah-una nadan munggattang nah bohongna
,62,46,"ot kananay ""Impitudok Apu Dios an kananay 'Hay balek ya pundasalan.' Mu deyan impumbalin yuh punggattangan ta pangakawan yuh pihhun nadan umalin mundasal."""
,62,47,"Ot nipalpun diye ya kabigabigat on hidi nah Temploy puntuttuduwan Jesus. Hanadan ap-apun di padi, nadan muntuttuduh Tugun Moses ya nadan ap-apun di Judyu ya numanomnom dah aton dan mamaten hiya."
,62,48,Mu maid di innun da te am-in da nan tatagu ya pakaddonglon day ituttuduna.
,63,1,"Ohan algon muntuttuduh Jesus nadah tatagun naamung nah dolan nan Templo mipanggep hi ongal an pamhod Apu Dios. Ya immalih kad-ana nadan ap-apun di padi, nadan muntuttuduh Tugun Moses ya nadan mangipangpanguluh Judyu."
,63,2,"Ot kanan dan hiyay ""Nganney lebbeng mun mangat am-in nah at-attom? Deket waday lebbeng mu, dahdiy nangidat?"""
,63,3,"Hinumang nan kananay ""Wada ni-an di ibagak ke dakayu."
,63,4,"Dahdiy nangitud-ak ke Juan an mumbonyag, hi Apu Dios weno hay tagu?"""
,63,5,"Kinalin Jesus hidiye ya munhuhummangan dan kanan day ""Nganney ihumang taku? Deket kalyon takuy 'Hi Apu Dios' ya ahina kalyon di 'Ya tipet uggeyu kinulug hi Juan?'"
,63,6,"Deket bot kalyon takuy 'Hay tagu' ya bumnal hantudan tatagu te kulugon dan hi Juan ya profetas."""
,63,7,"Ot kanan da mon hiyay ""Toan. Uggemi inila."""
,63,8,"Ot kanan Jesus ke diday ""Deket athina ya adik bo damdama kalyon ke dakayuy nangidat hi lebbeng ku."""
,63,9,"Nuntuttudu boh Jesus nadah tatagun impainnab-abig na. Kananay ""Waday ohan tagun nuntanom hi grapes hi laguntana. Impaabang na ot ahi umeh udum an boble ot mabayag hidi."
,63,10,Handih nadatong nan grapes ya intud-ak nay ohan muttatyunan e mangalah dowana. Mu nadan mun-abang ya binakdungan da nan muttatyu ot itud-ak dan maid di indat da.
,63,11,"Immitud-ak boh ohan muttatyuna, mu binanakdungan da bo ot pumba-inan da ot itud-ak da an maid boy indat da."
,63,12,Intud-ak bon nan kon lutay mikatlun muttatyuna ya liniputan da ot iwele da.
,63,13,Indani ya kanan nan kon lutay 'Nganne nin moy atok? Agat tun impakappinhod kun imbabalek di itud-ak ku. Wadan lispituwon da.'
,63,14,Mu tinibon nadan mun-abang nan imbabalen nan kon luta ya kanan day 'Tuwe nan imbabalenan mamoltan tuh lutana. Agat patayon takut ditakuy mangibagi tuh boltanona.'
,63,15,"Dimpap da ot iedah bah-el nan lagunta ot patayon da."" Ot kanan Jesus nadah tataguy ""Nganne nin moy aton nan kon luta nadah mun-abang?"
,63,16,"Kon adina e pumpate dida ta paabang nah udum nan laguntana?"" Ya kanan nadan mundongdongngol di ""Hana ot ahan ta adi maat."""
,63,17,"In-ang-ang Jesus ke dida ot kananay ""Nganne moy kibalinan nan nitudok an kananay'Hanan batun pinilin Apu Dios an binalon nadan mangapyah bale ya hidiye ot ahan di nahamad an ikapyah bale.'"
,63,18,"Am-in nadan tatagun mun-oga kediyen batu ya ahi mungkagi-uy gunit da ya nadan kag-ahan diyen batu ya magmik da."""
,63,19,"Hanadan muntuttuduh Tugun Moses ya nadan ap-apun di padi ya inila dan diday nangipadngolan Jesus nah ab-abig na, kinali eda ot dopapon kediye, mu tumakut da nadah tatagu."
,63,20,Indani ya halipat-an da moh Jesus ot umitud-ak dah e mundongdongngol hi kihallaan di kalyona ta waday pangigadulan dah ipabahul dan hiya ta eda ipahumalya nah gobernador.
,63,21,"Hanadan nitud-ak ya kahimbagbaga-on dan kanan day ""Apu, inila min makulug am-in di kalyom ya ituttudum nan makulug an pangi-en Apu Dios. Adika mihapitan hi kalin di tatagu ya adim hangudon di kinatagun di dahdih diye."
,63,22,"Kalyom ke dakami, kon miabulut hi Tugun Moses di pumbayadan takun Judyu hi buwis nah ap-apud Roma?"""
,63,23,"Mu inilan Jesus an manmannibo dah ipabahul dan hiya. Ot kananan diday 24""Ipatibo yun ha-oy on kalang."" Impatibo da ot kanan Jesus ke diday ""Dahdiy kon anga ya kon ngadan hi wada tuh kalang?"" Kanan day ""Hi Cesar."""
,63,25,"Ot kananay ""Idat yun Cesar di lebbeng nan midat ke hiya ya idat yun Apu Dios di lebbeng nan midat ke hiya."""
,63,26,Ot maid di eda pangigadulan hi eda pampapan ke hiya te maid di dingngol dah nihallan kinalinah hinangngab nadan tatagu. Oha bo ya namodwong dah inhumang na ot na-ala mo ot op-opya da.
,63,27,Wadada boy immalih Saducee hi kad-an Jesus an dadiye nadan mangalin adi mamahuwan di nate.
,63,28,"Kanan dan hiyay ""Apu, hay intudok Moses ya kananay deket nalahin di ohan lalaki ya naten maid di imbabaleda nah inayana ya mahapul an bintanon di ohan tulang nan lalaki nan nabalun babai, ta deket mun-imbabale da ya mibilang an imbabalen nan nate."
,63,29,"Ot nganney innun tuwe? Wadaday pitun hintutulang an linalaki. Nalahin nan panguluwan ya nate, mu maid di imbabaleda. 30-32,Binoltan nan nikadwa ya nate, mu maid boy imbabale da. Athidiy naat nah nikatlu. Numboboltanan dan am-in, mu nate dan maid di imbabale dan am-in. Indani ya nate mo nan babai."
,63,33,"Hantuh kamahuwan di nate, dahdi moy ahi kon inayan nah babai an deyan am-in da ya in-ine da?"""
,63,34,"Kanan Jesus di ""Hituh luta ya mun-iine day tatagu,"
,63,35,mu nadan mamahuwan an midatan hi biyag an maid di poppog na ya adida mun-iine
,63,36,ya adida mo mate te umat dah anghel. Diday imbabalen Apu Dios an ahina mahuwan.
,63,37,"Hay kamahuwan di nate ya makulug. Takon di hi Moses handih done ya inilanan makulug hidiye. Hay kitib-ana ya nan intudok na mipanggep hi nunhummanganan dan Apu Dios nah mundadalang an kakaiw an hay kinalin Apu Dios ya hiyay Dios da Abraham, hi Isaac ya hi Jacob."
,63,38,"Kinali hituwey panginilaan takun dadiyen aammod ya matagu da te hay mataguy mundayaw ke Apu Dios an bokon hay nate. Hi Apu Dios ya ibilang nan matagun am-in di mangulug takon nadan nate."""
,63,39,"Hanada ke damdaman udum an muntuttuduh Tugun Moses ya kanan day ""Apu, niptok kayah naen inhumang mu."""
,63,40,Waday oha mo on mun-ogon an mamagbagan hiya te bumain da.
,63,41,"Kanan bon Jesus ke diday ""Hay nituttudu ya malpuh holag David nan Kristo, mu tipet hi David ya kalyonay Apu nah Kristo? 42,43,Te hay kalyon David nah intudok nan liblu an Psalms ya kananay'Kanan Apu Dios nah Apuk di: Umbun kah winawwan ku inggana paka-apputok am-in nadan buhul mu.'"
,63,44,"Nomnomon yu ke, deket kanan David di hi Apu nah Kristo, nganney innunan hi Kristo ya holag David?"""
,63,45,"Mundongdongngol nadan tatagu ya kanan Jesus nadah disipulos nay 46""Nomnomon yu tun kalyok ta adiyu iun-unud nadah muntuttuduh Tugun Moses. Dida ya mumbulwati dah andukke ta imatunan di tatagu dida an mittulu da peman. Ya pinhod dan abun pitpitbal nah malkadun kawad-an di dakol an tatagu. Ya pinhod da bon umbun hi ubunan di madayaw an taguh simbaan ya nah waday hamul."
,63,47,"Ya deke bot mundasal da ya dukkadukkayon dat hay panibon di tatagun dida ya kay makakullug an makaphod da yaden deman ot an diday munhaul nadah nabalun binabai ta pun-ala day limmu da. Hidiyey gapunan nahalman di ahi pangastigun Apu Dios ke dida."""
,64,1,Handih mun-ang-ang-ang hi Jesus ya tinibona nadan kakadangyan an pun-iha-ad day pihhuda nah pangiamungan hi pihhun idat di tataguh Templo.
,64,2,Immali on nakawwotwot an nabalun babai ya dudduwan hepeng di inha-ad na.
,64,3,"Kanan Jesus di ""Nomnomon yu tun kalyok an hanan duwan hepeng an inha-ad nan babaiy nabalbalol mu nan inha-ad nadan kakadangyan."
,64,4,"Te nan inha-ad da ya hidiyey hinawwal da. Mu nan nawotwot an babai ya am-ammunah diyen pihhuna, mu inhanakul nan inha-ad hidiyen am-in."""
,64,5,Wada nadan udum an disipulos an punhuhummanganan day kaphod nan Templo te maphod nadan nikapyan batu ya nadan udum an nun-idat di tatagun in-appit dan Apu Dios.
,64,6,"Dingngol Jesus ya kananay ""Man-ut maphod dadiyen tibtibbon yu, mu udum hi algo ya mapa-in am-in danae ta maid di ohan batun e munnanong hi niha-adana."""
,64,7,"Ya kanan dan hiyay ""Apu, kakon-anay ahi kaatan datuwen kinalim ya nganney ahimi pangimatunan?"""
,64,8,"Ot ituttudun Jesus di mipanggep kediye. Kananay ""Halipat-an yu ta adi kayu mahaul te dakol di ahi umalin kanan day didah Kristo ya ahida bo kanan di nih-up di kapoppogan di luta, mu adiyu kaya kulugon."
,64,9,"Ya ahiyu donglon di gubat ya guluh kabobboble, mu adi kayu tumakut. Datuwey ahi ma-ma-at, mu bokon hidiyey kapoppogan di luta."
,64,10,Am-in di kabobboble ya ahida munggugubat
,64,11,"ya waday nakakkal-ot an kolyog. Waday bitil ya dogoh kabobboble, ya wadaday ahi maat an katatakut ya wadaday pangimatunan hi kabunyan an umipamodwong."
,64,12,Mu hay mamangulun maat ta ahi danae ya ahi kayu munholholtap. Ahi dakayu dopapon ta humalyaon dakayu nadah ap-apuh simbaan di Judyu ta edakayu ikalabut. Ya hay udum ke dakayu ya humalyaon dakayuh gobernador ya nadan natag-en ap-apu gapuh pangulug yun ha-on.
,64,13,Kediyey ahiyu pangipainilaan hi mipanggep ke ha-on.
,64,14,Mu adi kayu madanagan hi ahiyu ihumang
,64,15,te ha-oy di ahi nangamung an mangipanomnom hi ihumang yu ta adida pakaapput ke dakayu.
,64,16,"Waday udum ke dakayun ahi ipadpap di ammod yu, tutulang yu ya hay iiba yu ya ahida pipatey udum ke dakayu."
,64,17,Ahi dakayu hihingngitan am-in hi tatagu gapuh pangulug yun ha-on.
,64,18,Mu takon di athidi ya adinadaman ekayu miwalong te ipaptok dakayun Apu Dios.
,64,19,Hanan mangippol hi punholholtapana ya adina iwalong di pangulug nan ha-oy ya mihwang.
,64,20,"Deket tibon yun linikkub di tindaluy Jerusalem, ya hidiyey ahiyu pangimatunan an nih-up moy kadadagan diyen boble."
,64,21,Kediye ya nadan tataguh kabobbobled Judea ya ahida bumtik hi bilid. Takon nadan tatagud Jerusalem ya ahida bumtik. Ya nada ken tatagun nibata-an ya adida umeh di.
,64,22,Te hantuh algon kadadagan nan boblen Jerusalem ya hidiyey ahi umannungan di kalin handidan profetas Apu Dios mipanggep hi pangastiguwana nadah tatagun adi mangulug ke hiya.
,64,23,Kediye ya mahmok da nadan binabain himmiga ya nadan waday golang na. Ahi nahalman di punholholtapan nadan tataguh di te hidiyey kastiguda.
,64,24,"Hanadan udum an tataguh di ya ahi patayon nadan bokon Judyu ya nadan udum ya ibtik da didah udum an boblet miwahit dah kabobboble tuh luta, ta nadan bokon Judyuy mihannot ta diday mun-ap-apud Jerusalem ingganay madatngan di tiempon gintud Apu Dios an kapoppogan di pun-ap-apuwan da."
,64,25,"Wadaday ahiyu tibon hi kabunyan. Ahi malumman di algo, bulan, ya nadan bittuwon. Am-in di tataguh kabobboble tuh luta ya tumattakut da ya kumanol-o dah pangngolan da nah bungug di nakal-ot an dalluyun hi baybay."
,64,26,Ahida mungkahalangob di tataguh takut da gapuh ma-ma-at tuh luta ya ad kabunyan te maid di potok na.
,64,27,Deket magibbuh tuwe ya hantuh ahik aliyan an Panguluwan di tagu ya ahiyak tibon nah kulabut an matiboy ongal an kabaelak ya kidayawak.
,64,28,"Hantuh ahi kaatan datuwe ya adi kayu tumakut, mu mun-am-amlong kayu te nih-up moy kapoppogan di ligat yu."" 29,30,Impainnab-abig Jesus an nuntuddu mipanggep hi ahina kibangngadan an kananay ""Nomnomon yu ke nan kaiw an fig ya nadan udum an kaiw an deket mamuddal di tubuda ya nih-up di tialgo."
,64,31,Ahi athidih pun-ap-apuwan Apu Dios an deket ma-ma-at am-in tun kinalik ya inila yu mon nih-up di pun-ap-apuwan Apu Dios.
,64,32,Nomnomon yuh tuwe! Am-in datuwen kinalik an ahi maat ya ahi akhupan di udum ke dakayu te adida ni-an mate yaden maat datuwe.
,64,33,"Ahi mama-id di kabunyan ya luta, mu hay kalik ya munnananong ta nangamung."" 34,35,Ya kanan bon Jesus di ""Halipat-an yu ta bokon hay hamul ya butobutong di nonomnomon yu ya bokon ya abu hay kahapulan yud uwanin katagu yuy ikakagu yu te hingkakattang ya umaliyak an munhumalyah tatagu tuh luta ya maakhupan kayu."
,64,36,"Hay maphod ya mundadaan kayu ta nangamung. Mundasal kayun Apu Dios ta baddangan dakayun mangippol ke dadiyen holholtapon yu ta madinol kayun ahi tumaddog hi hinangngab kun Panguluwan di tagu."" 37,38,Kabigabigat on nuntuttuduh Jesus nah Templo ta dakol nadan tatagun humalaman an e mundongol hi ituttuduna. Mu deket nahilong on immen nah Bilid an Oliba ta e mun-iyan hidi."
,65,1,Mungkadatngan nan Piyestan di Tinapay an ugge naha-adan hi yeast an hidiye boy Piyestan di Nala-uwan di Anghel Apu Dios.
,65,2,Hanadan ap-apun di padi ya nadan muntuttuduh Tugun Moses ya ihuhummangan da hin nganney innun dan mangidalunun mampap ke Jesus ta pipate da. Man-u ket idalunu da ya tumakut da nadah tatagu.
,65,3,Indani ya nihkop hi Satanas ke Judas Iskariote an oha nadah himpulut duwan disipulos Jesus
,65,4,ot umeh kad-an dadiyen ap-apun di padi ya nadan ap-apun di tindalun mungguwalya nah Templo ot e makihummangan mipanggep hi pangipadpapana ke Jesus.
,65,5,Ya immamlong da ot kalyon day idatan dah pihhu.
,65,6,Katobatobal hi Judas ot nipalpun diye ya hahalipat-anay pangipadpapanan Jesus an maid di manginila.
,65,7,Nadatngan nan Piyestan di Tinapay an ugge naha-adan hi yeast ya kediyen algoy pangiappitan da nah kalneron hamulon dah panginomnoman dah Nala-uwan di Anghel Apu Dios.
,65,8,"Ot itud-ak Jesus da Pedro ke Juan an kananay ""Ume kayu ta eyu idadaan di panganan taku tuh piyesta."""
,65,9,"Kanan day ""Daanay emi pundadaanan?"""
,65,10,"Kanan Jesus di ""Ume kayuh di nah boblet deket tibon yu nan tagun nun-agtuh buwod ya unudon yu nah balen hogpana"
,65,11,ta kanan yu nah kon baley 'Kanan nan Ap-apu takuy daanay panganan min nadah disipulos ku hantuh piyesta?'
,65,12,"Ot ituddu nan dakayu nan ongal an kuwartu nah mikadwan gladun dehdin am-in di mahapul taku. Hidiy eyu pangidadaanan hi kanon taku."""
,65,13,Ot ume da nan duwa ad Jerusalem ya makulug peman nan kinalin Jesus ot idadaan day kanon da kediyen piyesta.
,65,14,Kediyen panganan da ya inumbun da Jesus ya nadan disipulosna.
,65,15,"Ya kanan Jesus di ""Nabayag an pinhod kun abun makikan ke dakayu ketuwen piyesta ta ahiyak munholholtap."
,65,16,"Adiyak mo makikan ketuwen piyesta ingganay umannung am-in di pinhod Apu Dios nah pun-ap-apuwana."""
,65,17,"Indani ya inalan Jesus nan basun natalwan hi mainum ot mumpasalamat ke Apu Dios ot kananay ""Alan yu tun basu ta uminum kayun am-in."
,65,18,"Kalyok ke dakayu an mipalpud uwani ya adiyak mo uminum hi athitun mainum inggana hantuh kadatngan di pun-ap-apuwan Apu Dios tuh luta."""
,65,19,"Inalana bo nan tinapay ot mumpasalamat ke Apu Dios. Pinani-ang na ot ikap-ong nan didan kananay ""Hituwey adol kun miappit hi kiphodan yu. Athituy aton yu ta panginomnoman yun ha-on."""
,65,20,"Nagibbu dan nangan ya inalana bo nan basu ot kananay ""Hituwen inumon yuy kipaannungan nan balun nakitobbalan Apu Dios an kiphodan yun boklaok hi katayak. 21,22,Ha-oy an Panguluwan di tagu ya mateyak tuwali te hidiyey ninomnom Apu Dios an maat, mu mahmok an abu nan tagun mangihdul ke ha-on an oha ke dakayun wadah tud uwani."""
,65,23,Kinalin Jesus hituwe ya waday ohan dida on munhin-aang-ang da ya munhimbabaggaan da hin dahdin diday ahi mangat kediye.
,65,24,Indani ya munhahannu nadan disipulos hin dahdin diday natagtag-ey saad na.
,65,25,"Ot kanan Jesus ke diday ""Hay pangi-en nadan ap-apu ya diday mumbaal hi tatagu on kanan day makabbaddang da."
,65,26,"Mu adi umat hidin dakayu. Hanadan natag-en umat hi panguluwan ya adida ipatag-ey adol da, mu miingngo dah udidiyan. Athidi bo nah ap-apun adina ipatag-ey adol na, mu miingngoh muttatyu."
,65,27,"Dahdiy natagtag-ey saad na? Hanan inumbun an idadaanan hi kanona weno nan mangidadaan. Man-u te makulug an hanan idadaanan hi kanonay natagtag-ey saad na, mu adi umat hidin ha-on te muttatyuwak ke dakayu takon di ha-oy di Apu yu."
,65,28,Dakayu ya uggeyak inwalong takon handih nunholholtapak.
,65,29,Kinali deyan kalyok an ahi dakayu pun-ap-apuwon umat ke ha-on an impun-ap-apuwak ke Ama.
,65,30,"Ahi kayu makikan ya makin-um ke ha-on hantuh ahik pun-ap-apuwan. Ya dakayu boy ahi pun-ap-apun nadan holag di himpulut duwan imbabalen Israel."""
,65,31,"Kimmalih Jesus ot kananay ""Simon Pedro, donglom tun kalyok. Imbagan Satanas ke Apu Dios an punholholtapon dakayu ta iwalong yuy pangulug yun ha-on."
,65,32,"Mu idasalan dakayu, namam-a ke he-a Simon, ta adim iwalong di pangulug mun ha-on. Ahi kumapuy di pangulug mu, mu deket muntutuyu ka ya mahapul an baddangam nadan ibbam ta mihamad di pangulug da."""
,65,33,"Mu kanan Pedro ke hiyay ""Apu, adik iwalong di pangulug kun he-a. Takon di makikalabutak ke he-a weno makikateyak ke he-a ya makakullug an adik iwalong di pangulug ku."""
,65,34,"Kanan Jesus di ""Kalyok hituwen he-a Pedro an mumpitlun ihaut mun kanam di uggeyak inilan he-at ahi tumalan-uy manuk."""
,65,35,"Kanan Jesus ke diday ""Handih nangitud-akak ke dakayuh eyu pangipainilaan hi mipanggep ke ha-on ya in-adik di pangitabinan yuh apatut yu ya hakbat yu ya in-adik di pumbalunan yuh pihhu, ot kon waday nungkudangan yuh mahapul yu?"" Ya kanan day ""Maid."""
,65,36,"Ya kanan Jesus di ""Mu ad uwani ya adi athidi. Dakayun waday pihhuna ya hakbat na ya mahapul an al-alan yu. Deket maid di ispada yu ya umigattang kayuh bulwatiyu ta gumatang kayu."
,65,37,"Athidiy aton yu te umannung nan nitudok mipanggep ke ha-on an kananay 'Milagat hi naat nadah gaga-ihon tatagu.'"""
,65,38,"Handih nangalyana ke didan mahapul day ispada ya kanan dan hiyay ""Apu, dehtu moy duwan ispada."" Ya kananay ""Damanah nae."""
,65,39,Limmah-un hi Jesus ot ume nah Bilid an Oliba an oggana tuwali pangayan ya niunud nadan disipulosna.
,65,40,"Dimmatong dah di ya kananan diday ""Mundasal kayu ta adi kayu mahaul an munliwat."""
,65,41,"Kinalinah tuwe ot ume-elen e mundasal. Kananan Apu Dios di 42""Ama, daan mo ahan ta adi maat hidiyen ek punholholtapan. Mu nangamung ka, hay pinhod muy maunud bokon hay pinhod ku."""
,65,43,Indani ya waday anghel Apu Dios an numpatibon nalpuh langit an mangipal-ot ke hiya.
,65,44,"Hi Jesus ya kumanol-o ot namahig di lingot nan kay dalan muntottod, mu taganay dasal."
,65,45,Indani ya timmaddog ot umeh kad-an nadan disipulosna ya nakahhuyop da te naatu da ya u-umyung da gapuh maat ke Jesus.
,65,46,"Kanan Jesus ke diday ""Tipe bot nahuyop kayu? Bumangun kayu ta mundasal kayu ta adi kayu mahaul an munliwat."""
,65,47,Pungkali nah tuwe ya immali day dakol an ingkuyug Judas an oha nadah himpulut duwan disipulosna. Immeh Judas ot awalona hi Jesus.
,65,48,"Ot kanan Jesus di ""Judas, kon inawalak ta ihdulak hi katayak an Panguluwan di tagu?"""
,65,49,"Handih tinibon nadan disipulos hidiyen ma-ma-at ya kanan day ""Apu, pinhod mu an pumpalang mi dida?"""
,65,50,Ot nan ohan dida ya inuknut nay ispada na ot palangonay wawwan an ingan nan muttatyun nan natag-en padi.
,65,51,"Mu kanan Jesus di ""Ammuna."" Ot ipabangngad nay ingan nan muttatyu ot mapoy-an."
,65,52,"Kanan Jesus nadah ap-apun di padi ya nadah ap-apun di guwalyan nan Templo ya nadah mangipangpanguluh Judyuy ""Tipet kah-in di ekayu mun-odon hi ispada ya bakdung an mampap ke ha-on? Kon nakabahhulanak?"
,65,53,"Tipet kabigabigat an wadaak nah Templon muntuttudu ya uggeyak dimpap? Mu takon te ad uwaniy pangiatan yu nah pinhod Satanas."""
,65,54,"Kediyen dimpap dah Jesus ot iedah balen nan natag-en padi ya niunud hi Pedro, mu ugge nih-up."
,65,55,Tinibonan nun-apuy da nah dola ot makianidu.
,65,56,"Indani ya totokkolon nan ohan babain muttatyuh Pedro ot kananay ""Hituwe ot di ohan ibban Jesus."""
,65,57,"Mu inhaut Pedro an kananay ""Bokonak! Uggek inilah diyen tagu."""
,65,58,"Indandani bo ya waday ohan tagun nanibon hiya ot kananay ""He-a ot di ohan ibban Jesus!"" Mu kanana boy ""Bokonak."""
,65,59,"Indani bo ya waday immalih ohan tagu ya kanana bo damdamay ""Takon ahan ot hituwey ohan ibban Jesus te iGalilee."""
,65,60,"Mu athidi bon kananay ""Toan, uggek pe inilah naen pungkalim."" Pungkalinah tuwe ya timmalan-uy manuk."
,65,61,"Nunwingih Apu Jesus ot iang-ang nan Pedro ya ninomnom Pedro nan kinalinan kananay ""Mumpitluy ahim pangalyan an kanam di uggeyak inila ta ahi tumalan-uy manuk."""
,65,62,Ot lumah-un hi Pedro ot mungkoga gapuh tutuyu nah nangihautana ke Jesus.
,65,63,Hanadan mungguwalyan hiya ya tinaltalanggaan da on nun-inhohoplatan da.
,65,64,"Hinaniyan day matanah luput ot punhindadaw-eyan da on kanan day ""Dahdi tuwaliy nundaw-en he-a?"""
,65,65,Ya pinanadngolan da.
,65,66,"Biggabiggatnah nabiggatana ya naamung dan am-in nadan mangipangpanguluh Judyu, nadan ap-apun di padi, ya nadan muntuttuduh Tugun Moses ot iedah Jesus ke dida. Ot kanan dan hiyay 67""Humangom tun ibaga mi. An he-ah Kriston mangipaptok am-in hi tagu?"" Kananan diday ""Takon di kanak di om, ya adiyu damdama kulugon."
,65,68,Ya deket waday ibagak ke dakayu ya adiyu humangon.
,65,69,"Mu mipalpud uwani ya ha-oy an Panguluwan di tagu ya umbunak hi winawwan Apu Dios an kabaelanan am-in."""
,65,70,"Am-in nadan tatagun wadah di ya kanan dan hiyay ""Ot he-a mo nan Imbabalen Apu Dios?"" Hinumang na didan kananay ""Om, makulug hinaen kinali yu."""
,65,71,"Ya kanan nadan ap-apuy ""Deyan dingngol takun am-in hinaen kinalina, kon kah-in pay di waday udum an muntistigu?"""
,66,1,"Ot tumaddog am-in nadan munhumalya ot iedah Jesus hi kad-an Pilatu an gobernador ot kanan day 2""Hituwen tagu ya itanuttudu na nadah ibbamin Judyuy pangahingan dah linteg di gubilnu. Ya iadi nay pumbayadan hi buwis nah gubilnun di Roma. Ya kanana boy hiyay Kristo an pinilin Apu Dios an mumpatul."""
,66,3,"Ot kanan Pilatu ke Jesus di ""Kon he-ay patul di Judyu?"" Hinumang nan kananay ""Deya ot an hinaey kanam."""
,66,4,"Kanan Pilatu nadah ap-apun di padi ya nadah udum an naamung di ""Maid di mahamak kuh bahul tuwen tagu."""
,66,5,"Mu ipapilit dan kanan day ""Huhhumlun di ituttudu nah pun-aawwitan am-in di tatagud Galilee ta deyan dimmatong hitud Judea."""
,66,6,Handih dingngol Pilatuh tuwe ya minahmahana hin iGalilee hi Jesus.
,66,7,Handi ininnilan Pilatu an iGalileeh Jesus ya impae nah kad-an Herod an ap-apud Galilee ta hiyay munhumalyan Jesus te kediye ya nipaddin wadah Herod ad Jerusalem.
,66,8,"Immamlong hi Herod hi nanib-anan Jesus te nabayag an pinhod nan tibon. Dakol di dingngol nan inat nah milagro ta pinhod na ot an tibon di udum an milagron atona, mu maid."
,66,9,"Dakol di minahmahan Herod ke hiya, mu adi humumang."
,66,10,Ot nadan ap-apun di padi ya nadan muntuttuduh Tugun Moses an muntattaddog hidi ya namahig an pun-itkuk da nan kanan dan bahul na.
,66,11,Hi Herod damdama ya nadan tindaluna ya tinaltalanggaan da ya numpadngolan da. Impabulwatin nadan tindalu nan bulwatin di patul ke Jesus ot pabangngadon dah kad-an Pilatu.
,66,12,Nipalpun diye ya nunggayyum uppe da Herod ke Pilatu yaden numbuhhulan da handi.
,66,13,"Impaayag Pilatu nadan ap-apun di padi, ya nadan ap-apun di Judyu ya nadan udum an tatagu ot"
,66,14,"kananan diday ""Kanan yuy ituttudun tuwen taguy pangahingan yuh linteg, mu dingngol kuy kalinah nunhumalyaak ke hiya ya maid di ena numbahulan ke danaen eyu ipabahul ke hiya."
,66,15,Takon hi Herod an nunhumalyan hiya ya kananay maid peman di bahul tuwen tagu ot pabangngadonah tu. Ta nganne moy gapunah e pamatayan ke hiya?
,66,16,"Hay ke ot pe kanak ya ipahoplat ku ya ahik impae."""
,66,17,[Katootoon on mahapul an waday ohan ipaen Pilatuh balud hin nadatngan nan Piyestan di Nala-uwan di Anghel Apu Dios.]
,66,18,"Mu am-in nadan tatagu ya muntukuk da an kanan day ""Patayon yuh naen tagu ta hi Barabbas di ipae yu."""
,66,19,Hi Barabbas an nibalud ya hiyay oha nadah nakigulu ad Jerusalem ya pimmate.
,66,20,"Impatnan bon Pilatu an kumali nadah tatagut hi Jesus ot di mipae,"
,66,21,"mu tagan day tukuk an kanan day ""Ipatak hi krus! Ipatak hi krus!"""
,66,22,"Impitlun Pilatun kimmali nadah tatagun kananay ""Tipe, kon nganney bahul tuwen tagu? Maid di gapunah e pamatayan ke hiya. Kinali abunay ipahoplat ku ta ahik ipae."""
,66,23,Mu namam-a ot ya abun pun-itkuk dan mipatak hi krus
,66,24,ot iunnud mon Pilatu nah pinhod dan maat.
,66,25,Hi Barabbas moy impaena yaden nabahulan te nakigulu ya pimmate ot hi Jesus moy ipipate na te hidiyey pinhod nadan tatagu.
,66,26,Pun-ie dah Jesus nah eda pangipatakan ke hiya ya dinamu dah Simon an iCyrene an manganamut. Impapilit nadan tindalun ipipah-on ke hiya nan krus an pinah-on Jesus ot pah-onona ot mituntun-ud ke hiya.
,66,27,Kediyen pun-ie dah Jesus ya dakkodakkol day tatagun miun-unnud ke hiya ya wadada nadan binabain kumogakoga te nan eda pamatayan ke hiya.
,66,28,"Inliggun Jesus ke dida ot kananay ""Dakayun binabain iJerusalem, bokon ha-oy di kog-an yu, mu hay adol yu ya nadan imbabale yu"
,66,29,"te ahi madatngan nan algon nahalman di ahiyu punholholtapan, ta hidiye nan wadaday tatagun ahida kanan di 'Kudukdul nadan binabain maid di golang dan mun-inum.'"
,66,30,Ya ahida bo kanan hanadah bilid di 'Magde kayu ta matab-unan kami.'
,66,31,"Te kediyen tiempo ya nahalman di holholtapon di tatagu. Tibon yun ha-on an maid di bahul ku yaden athituy aton dan ha-on an punholholtaponak, ot namam-a moy ahida aton hanadah tatagun waday bahul da."""
,66,32,Kediye wadada damdamay duwan balud an eda pakipate.
,66,33,Dimmatong da nah nangadanan hi Gunit di Ulu ot ipatak dah Jesus nah krus. Takon nadan duwan balud ya impatak da damdama dida. Hanan oha ya wadah winawwan Jesus ya na bon oha ya wadah iniggid na.
,66,34,"Kanan Jesus di ""Ama, pakawanam di liwat datuwen mangipipaten ha-on te uggeda inilay at-atton da.""Hanadan tindalu ya imbubunut da hin dahdin diday mangala nadah bulwatin Jesus."
,66,35,"Hanadan tatagu ya dehdi dan mun-ang-ang-ang yaden hanada ken aap-apu da ya taltalanggaan dan kanan day ""Binaddanganay udum ot tumagu da ya agat tibon taku hin baddanganay adol nat kitib-anan hiyay pinilin Apu Dios an Kristo an mangipaptok hi tagu."""
,66,36,Takon nadan tindalu ya taltalanggaan da damdama ot idatan dah mun-antam an mainum
,66,37,"ot kanan dan hiyay ""Deket he-ay patul di Judyu ya baddangam di adol mut adika mate."""
,66,38,"Kanan dah di te nan nitudok hi tap-on di uluna ya kananay ""Hituwey Patul di Judyu."""
,66,39,"Takon damdama nan ohan nipatak ya taltalanggaanah Jesus an kananay ""Kon bokon he-a nan pinilin Apu Dios an mangipaptok hi tagu? Daan bot baddangam di adol mu takon di dakami?"""
,66,40,"Mu kanan nan ohan nipatak di ""Antipet iathinam di kalim ke hiya? Kon adika tumakut ke Apu Dios yaden inilam an mate ka?"
,66,41,"Dita ke ya mate ta te hidiyey kastigu tah numbahulan ta, mu hiya ke ya maid gapunay pamatayan dan hiya te maid di bahul na."""
,66,42,"Ot kananan Jesus di ""Apu Jesus, ahiyak ahan nomnomon hantuh ahim pumpatulan."""
,66,43,"Ya kanan Jesus ke hiyay ""O, takon ad uwani ya maki-e kan ha-on nah kawad-an di linggop ya an-anla."""
,66,44,Indanit maal-algo ya himmilong am-in di boble hi tulun oras
,66,45,an nama-id di potang. Hanan kurtina nah Templo ya nahathat ot magodwa.
,66,46,"Indani ya tinumkuk hi Jesus an kananay ""Ama, nangamung kah linnawak."" Kinali nah tuwe ot mate."
,66,47,"Hanan ap-apun di tindalu ya tinibonan am-in nan na-na-at ot dayawonah Apu Dios an kananay ""Makulug peman tuwalin maid di bahul tuwen tagu."""
,66,48,Hanada ke damdaman tatagun nanibon diyen naat ya u-umyung da nuppen mumpanganamut.
,66,49,"Am-in nadan nun-ib-ibban Jesus takon nadan binabain niunuunud ke hiya an nalpud Galilee ya nibata-an dan mun-ang-ang-ang nah ma-ma-at. 50,51,Indani ya wada on ohan Judyu an hi Joseph di ngadana an iArimatea. Hiya ya madayaw te maphod di pangi-ena, kinali takon di hiyay oha nadah ap-apun di Judyu ya ad-adiyonah diyen eda inat ke Jesus. Hiyay oha nadah munho-ho-od hi datngan di pun-ap-apuwan Apu Dios."
,66,52,Handih nateh Jesus ya immeh kad-an Pilatu ot ena ibagat alanay adol Jesus.
,66,53,In-abulut Pilatu ot ena lokahon ot libbutanah luput ot ena ilubuk nah gungat an batun maid ni-an di nilubuk hidi.
,66,54,Ginalaanan e inlubuk te kediyey kilappuwan di ngilinon dan algo.
,66,55,Hanadan binabain niunud ke Jesus an iGalilee ya naki-e dan Joseph ot tibon da nan lubuk ya hay inat nan nangilubuk.
,66,56,Handih immanamut da ya indadaan day lana ya nadan udum an mihaad hi adol di nate. Mu kabigatanan diye ya Sabadun Tungo ot mun-iyatu da an miunnud nah Tugun Moses.
,67,1,Mungkabigat kediyen Linggu ya himmalaman nadan binabain immen nah gungat an in-e da nan indadaan dan mihaad hi adol di nate.
,67,2,Dimmatong da nah gungat ya tinibo dan nakaan nan batun nitangob
,67,3,"ot humgop da, mu maid nan adol Apu Jesus."
,67,4,Numanomnom da hin nganney naat nah adol na ya kal-inadi ya waday duwan anghel an timmaddog nah paldang dan humihhiliy bulwatida.
,67,5,"Ya timmattakut da ot iyuyuung da, mu kanan nadan anghel ke diday ""Tipet hituy eyu panamakan nah matagu?"
,67,6,Maid hitu te timmagu. Kon adiyu manomnom an hituwe din kinalinan dakayu handih kawada nad Galilee?
,67,7,"Kananay 'Nan Panguluwan di tagu ya ahi alan di gaga-ihon tatagu ta ipatak dah krus ta mate, mu hi mikatlun algo ya mamahuwan.'"""
,67,8,Ya ninomnom dah diyen kinalina.
,67,9,Ot taynan da nan gungat ot ume dah kad-an nadan himpulut ohan disipulos ya nadan udum an mangulug ot ipainila dan didan maid nan adol Jesus nah gungat.
,67,10,"Dadiyen binabai ya da Maria Magdalena, hi Juana, hi Maria an hi inan James ya nadan udum."
,67,11,Mu adi kulugon nadan disipulos te pangali da on adi makulug.
,67,12,"Mu hi ke Pedro ya bintik nan immeh di nah nilubukan Jesus. Ot idung-o na ya hiya peman an abuna nan libbut di adol Jesus an tinibo na, mu maid nan adol na. Ot handih mungkibangngad ya numanomnom."
,67,13,Kediye bo damdaman algo ya nadan duwan disipulos Jesus ya mange dad Emmaus an himpulut duway kilometroy kadawwinad Jerusalem.
,67,14,Mangmangnge da yaden ihumhummangan da nan na-na-at.
,67,15,Ya kal-inadi ya inakhupan Jesus dida ot maki-kien dida.
,67,16,"Tinibo da, mu ugge ni-an numpaimatun ke dida."
,67,17,"Kanan Jesus ke diday ""Kon nganneh diyen ihumhummangan yu yaden mangmangnge kayu?"" Immohnong da ya matiboh anga dan u-umyung da."
,67,18,"Hanan oha an hi Cleopas ya kananay ""Dahdi ka? Ya- oha ka nin an iJerusalem an ugge nanginilah na-na-at hantuh nala-un kaatnay algo an hiyah tuwe nan ihumhummangan mi."""
,67,19,"Kananan diday ""Nganney naat?"" Kanan day ""Hanan naat ke Jesus an iNasaret. Hidiye ya profetas Apu Dios ya tobalon min ongal di kabaelanan mangat hi milagro. Ya nalaing hi am-in takon nah puntuttuduna. Maid di udum hi umat ke hiyah hinangngab Apu Dios ya hi tagu."
,67,20,Mu hanada boppon aap-apun di padi ya nadan ap-apu taku ya eda impadpap ot iedah kad-an Pilatu ta mahumalya ot ahida pipatak hi krus ot mate.
,67,21,"Yaden pangali mi on hiyay mangihwang ke ditakun Judyu ta bokon mo nadan tatagud Roma di pun-ap-apu taku. Ot deyan ad uwaniy mikatlun algoh natayana. 22,23,Mu dih biggatna ya himmalaman da nan udum an ibbamin binabaih di nah nilubukana ya maid kanu nan adol na ot mibangngad dan kanan day tinibo da on duwan anghel an kanan da kanuy namahuwan hi Jesus, kinali namodwong kami."
,67,24,"Ta nada ke bo damdaman udum an ibbami ya imme da ot tibon da ya makulug peman di kinalin nadan binabai, mu ugge dah tiniboh Jesus."""
,67,25,"Kanan Jesus ke diday ""Tipe anhan ta makakuddang di nomnom yu! Tipet nakalligat di pangulugan yuh kinalin handidan profetas mipanggep ke Kristo?"
,67,26,"Kon ugge tuwali nitudok an kananay 'Hi Kristo an pinilin Apu Dios an mangipaptok hi tagu ya mahapul an mate ta ahi mun-ap-apu.'"""
,67,27,"Ya impainilanan diday kibalinan am-in nan nitudok mipanggep ke hiya, impalpuna nah nitudok an Tugun Moses ya nan intudok handidan profetas."
,67,28,"Loktat ya tuwen dumatong da nah boblen pangayan da ya e ot madaggah Jesus,"
,67,29,"mu kalyon dan hiyay ""Mun-iyan takuh tu te mahilngan kah dalan."" Ot tobalon Jesus."
,67,30,Handih eda mangan ya inalana nan tinapay ot mundasal ke Apu Dios ot pani-angona nan tinapay ot idatana didan duwa.
,67,31,"Kediyen in-athidina ya kay nadiyat di mata da ot imatunan dan hiyah Jesus, mu pinghanadi ya nama-id."
,67,32,"Nuntinnokkolan dan duwa ya waday oha on kananay ""Kinali tuwali ahan athidin makakkaphod di punggibok ku handih makihumhummangan ke dita nah dalan ya nah pangituttuduwana nah intudok handidan profetas."""
,67,33,Ot umga da ot mibabangngad dad Jerusalem ya wadada nan himpulut ohan disipulos ya nadan udum an mangulug an naamung da ya
,67,34,"hay namahuwan Jesus di anab-abigon dan kanan day ""Makulug an namahuwan nan Ap-apu taku te numpatibon Pedro."""
,67,35,Ot kalkalyon mo damdaman nadan duway nangakhupan Jesus ke didan nah dalan ya hay nuppe nangimatunan dan hiya ya nan namani-angana nah tinapay handih eda mangan.
,67,36,"Hituwey kalkalyon da ya numpatibo ot boh Jesus an timmaddog hi kad-an da an kananan diday ""Malinggop kayu kaya."""
,67,37,Ya kimmaynit da ya timmattakut da te kanan da pe on bokon hiya.
,67,38,"Kananan diday ""Antipet tumattakut kayu? Kon adi kayu mangulug an ha-on?"
,67,39,"Tibon yu tun liput hi taklek ya hukik handih nipatakak. Makulug an ha-on. Makayu ta dapaonak ta pangulugan yun bokonak banig te deket bokon tagu ya maid di adol na, mu tibon yun ha-on ke ya waday adol ku."""
,67,40,Pungkali nah tuwe ya pun-ipatibo nay taklena ya hukinan dida.
,67,41,"Man-ut imma-anla da, mu munhalinduwa da te nanongnan adida kulugon. Ta hidiye mo nan kanana bon diday ""An waday makan?"" 42,43,Ya wada udot on dolog ot idat da ot mangan."
,67,44,"Ot kanan bon Jesus di ""Immannung din kinalik handih kawada takun am-in an kanak di 'Mahapul an maat am-in nan nitudok mipanggep ke ha-on nah Tugun Moses ya nah Psalms an intudok handidan profetas Apu Dios.'"""
,67,45,Kinali nah tuwe ot ahina pat-alan di nomnom dan manginilah kibalinan nan nitudok an kalin Apu Dios.
,67,46,"Kananan diday ""Nitudok tuwali an hi Kristo ya ahi munholholtap ya mate, mu mamahuwan hi mikatlun algo."
,67,47,"Hay natayak di gapunan pakawanan Apu Dios di liwat di tagu hin muntutuyu da. Hituwey mahapul an mituttuduh kabobboble mipalpud Jerusalem."""
,67,48,"Kanan bon Jesus di ""Dakayuy intud-ak kun muntuttudu te dakayuy naniboh immannungan nan nitudok an kalin Apu Dios mipanggep ke ha-on."
,67,49,"Mu mahapul an mihaad kayu ni-an ketuwen boble ta had-on yu nan ahik itud-ak an Espiritun Apu Dios an mamaddang ke dakayu te hituwe tuwali din kinalin Ama."""
,67,50,Indani ya impanguluna dida ot ume dad Betania. Handih dimmatong dah di ya intagge nay taklena ta idasalana dida.
,67,51,Indasalana dida hi kipaphodan da ot ipayunan tumalakdang hi langit.
,67,52,Am-in da ya dinaydayaw dah Jesus ya maka-an-anla dan nibangngad ad Jerusalem.
,67,53,Ot nipalpun diye ya umeume da nah Templo an mundaydayaw ke Apu Dios.
,68,1,Handih maid ni-an am-in hantudan wadad uwani ya wada tuwali nan Kali an mangipainilan Apu Dios. Hiya ya wada ke Apu Dios te Dios tuwali.
,68,2,Wada tuwali ke Apu Dios ot ahi mawadan am-in tun wadad uwani.
,68,3,Ot gapu ke hiya ya naltun am-in ya maid di oha an uggena lintu.
,68,4,Hiyay nalpuwan di biyag ya hiyay dilag an mamat-al hi nomnom di tagu ta maawatan day pangi-en Apu Dios.
,68,5,"Hiyay mamat-al hi tapol an punnomnom di tagu. Ya hiya ya adinadaman mama-id, mu munnananong ta nangamung. 6,7,Wada nan tagun hi Juan di ngadanan pinilin Apu Dios an mangipainila mipanggep kediyen dilag ta kal-ina ot ya kulugon am-in di tagu."
,68,8,"Bokon hi Juan hidiyen dilag, mu immali ya abun mangipainila kediyen kanan dan dilag."
,68,9,Hidiyen dilag ya immali tuh luta te hiya ya abuy mamat-al hi nomnom di tagu.
,68,10,"Hiyay gapunah naltuwan am-in tun wadah luta, mu handih immali ya ugge inimatunan di tatagu."
,68,11,"Immali ot makiha-ad hi tataguna, mu dakol ke diday ugge nangabulut ke hiya."
,68,12,Wadaday nangabulut ke hiya ot diday indatanah kalebbengan an mibilang an imbabalen Apu Dios te nundinol dan hiya.
,68,13,"Hidiyen nibilangan dan imbabalen Apu Dios ya adi umat hi pangibilang di taguh imbabalenan mitungo, te hay nibilangan da ya gapuh kabaelan Apu Dios, ta hidiye nan hiya moy Ama da."
,68,14,Hidiyen Kali an mangipainilan Apu Dios ya numbalin hi tagu ot makiha-ad ni-an ke ditaku tuh luta. Tinibotibo mi ot inilaon min hiya nan binugtung an Imbabalen Apu Dios an kitib-an di dayaw Amana te makaulle tuwalin ditakun tatagu ya makulug am-in di kalyona.
,68,15,"Hiyay impainilan Juan an kananay ""Hiyah tuwe nan madayaw an tagun kinalik ke dakayun ahi umalin natag-en abu mu ha-on te hiya ya wada tuwali ot ahiyak mawada."""
,68,16,Gapuh ongal an ulenan ditakun tatagu ya dakkodakkol di kiphodan an dawaton taku.
,68,17,"Hanan Tugun Apu Dios ya hi Moses di nangipainila, mu nan ongal an ulen Apu Dios ya nan makulug an mipanggep ke hiya ya hi Jesu Kristoy nangipainila."
,68,18,"Maid di tagun nanibon Apu Dios, te abunah diyen binugtung an Imbabalenan wadat nangamung ke hiya. Ot hiyay nangipainilan Apu Dios."
,68,19,Hanadan ap-apun di Judyu an Pharisee ad Jerusalem ya intud-ak da nadan padi ya nadan bumadbaddang ke didah simbaan hi kad-an Juan ta eda mahmahan hin dahdi hiya.
,68,20,"Ya makulug di inhumang Juan an kananay ""Bokon ha-oy hi Kristo an tinuddun Apu Dios an mangipaptok hi tatagu."""
,68,21,"Kanan dan hiyay ""Kon he-a moh Elijah?"" Kanan Juan di ""Bokon."" Ot kanan da boy ""Kon he-a mo nan kanan Apu Dios an ahi umalin profetas?"" Kanan bon Juan di ""Bokon."""
,68,22,"Indani ya kanan dan hiyay ""Ot dahdi ka mo? Mahapul an humangom ta waday kalyon mi nadah nangitud-ak ke dakami mipanggep ke he-a. Nganney kalyom mipanggep hi adol mu?"""
,68,23,"Kanan Juan di ""Ha-oy nan inabig din hi Isaiah an profetas handih done an kananay'Wada nan tagun ahi muntuttudu nah adi maboblayan an kananay ""Iphod yuy dalanon nan Ap-apu taku."" '"" 24,25,Indani ya kanan bon nadan intud-ak di Phariseey ""Deket bokon he-ah Kristo weno hi Elijah ya bokon he-a nan profetas Apu Dios an umali, antipet bonyagam di tatagu?"""
,68,26,"Ya hinumang Juan an kananay ""Om, mumbonyagak hi tatagu, mu danum ya abuy pamonyag ku. Mu waday oha tuh kad-an takud uwani an uggeyu inila."
,68,27,"Hiya nan kanak an ahi umalin mihannot ke ha-on. Hiya ya natagtag-e mu ha-on, ta takon di hay mangubad hi gakod di apatut na ya nakababbaak an mangat kediye."""
,68,28,Hituwey naat ad Betania an dommang nan Wangwang an Jordan an numbonyagan Juan hi tatagu.
,68,29,"Handih nabiggatana ya tinibon Juan hi Jesus an mangalih kad-ana ot kanana nadah tataguy ""Deyan mangali nan mumpakawan hi liwat di tagu. Hiya nan kanan dan Kalneron miappit ke Apu Dios."
,68,30,Hituwe nan kanak an umalin natagtag-e mu ha-on te wada tuwali ot ahiyak mawada.
,68,31,"Ha-oy ya uggek ni-an inila, yaden hiyay gapunan pumbonyagak di tataguh tud Israel ta inilaon da hiya."""
,68,32,"Hituwey kanan Juan hi nanginilaanan Jesus: ""Tinibok nan Espiritun Apu Dios an kay paloman nalpuh langit ot umpan hiya ya inilak mon hiyah Kristo."
,68,33,Te handih nangitud-akan Apu Dios ke ha-on an e mamonyag hi tataguh danum ya kananay 'Hanan umaliyan di Espirituk an kay palomay ang-ang na ya hidiyeh Kristo. Hiyay mangibonyag hi Espirituk hi tatagu.'
,68,34,"Tinibok am-in datuwen naat, kinali ihadak kun hiya ya Imbabalen Apu Dios."" 35,36,Nabigat bon diyen muntattaddog da Juan ya nadan duwan ibbana ya mungkala-uh Jesus ot kanan Juan ke diday ""Hiyah tuwe nan mialig an Kalneron miappit ke Apu Dios."""
,68,37,Dingngol dah diyen kinalin Juan ya pinghanadi ya niunud dan Jesus.
,68,38,"Nunwingih Jesus ya tinibo nan mituntun-ud dan hiya ot kananan diday ""Nganney pinhod yu?"" Ya kanan dan hiyay ""Apu, daanay kiha-ha-adam?"""
,68,39,"Ya kananan diday ""Makayu ta eyu tibon."" Naki-e da ot makihumhummangan dan Jesus nipalpuh himbatangan ingganay mahilong."
,68,40,Hay ngadan nan oha an nangngol hi kinalin Juan ot miunud ke Jesus ya hi Andres an tulang Simon Pedro.
,68,41,"Hay namangulun inat Andres ya ena tiniboh tulang nan hi Simon ot kananan hiyay ""Tinibo mih Kriston tinuddun Apu Dios an mangipaptok hi tagu."""
,68,42,"Ot ikuyug Andres hi Simon hi kad-an Jesus ya kanan Jesus ke hiyay ""He-ah Simon an imbabalen Juan, mu ad uwani ya hannotak di ngadan mu ta he-a moh Pedro."" Hay kibalinan tuwen ngadan ya Batu."
,68,43,"Nabigat kediye ya ninomnom Jesus an umed Galilee. Tinibo nah Felipe ot kananan hiyay ""Mikuyug kan ha-on."""
,68,44,Hi Felipe an iBetsaida ya kaboblayana da Andres ke Pedro.
,68,45,"E tinibon Felipeh Nataniel ot kananan hiyay ""Tinibo mih Kristo an mipanggep ke hiyay intudok Moses ya handidan profetas. Hay ngadana ya hi Jesus an iNasaret an imbabalen Joseph."""
,68,46,"Mu kanan Nataniel di ""Kon waday maphod hi iNasaret?"" Ya kanan Felipe ke hiyay ""Makat em tibon."""
,68,47,"Inang-ang Jesus an mangali da Nataniel ot kananay ""Hituwey makulug an holag Israel an maandong di pangi-ena."""
,68,48,"Ya kanan Nataniel di ""Antipet inilaak ke he-a?"" Kanan Jesus di ""Man tinibo daka tuwali handih punhidhidummam nah puun di kaiw an fig ot ahi daka e awiton ke Felipe."""
,68,49,"Ot kanan Nataniel ke hiyay ""Apu, makulug an He-ay makulug an Ap-apun di holag Israel!"""
,68,50,"Kanan Jesus ke hiyay ""Wadan kinulugak te kanak di tinibo daka nah puun di kaiw. Mu wada pay di udum an namammam-an ahim kamodwongan mu hituwe."""
,68,51,"Kanan bon Jesus di, ""Donglonak ke dakayu te makulug an ahiyu tibon an mabukatan di kabunyan ya wadaday anghel Apu Dios an mumbinangngad an umalih kad-ak an Panguluwan di tagu."""
,69,1,Nala-uy duway algo ya waday kasal ad Kana ad Galilee ya wadah dih inan Jesus.
,69,2,Dahdi damdama da Jesus ya nadan disipulosna.
,69,3,"Indani ya nap-u nan mainum ot kanan inan Jesus ke hiyay ""Maid moy mainum."""
,69,4,"Ya kanan Jesus ke inanay ""Ina, nangamungak, adika madanagan te inilak di atok, mu ugge ni-an nadatngan di tiempon pangipatib-ak hi kabaelan Apu Dios."""
,69,5,"Mu takon di athidi ya immeh inana ot kanana nadah muttatyun mumpaptok di ""Un-unudon yuy kalyon Jesus ke dakayu."""
,69,6,Wada nan onom an angang an kiha-adan di danum an pun-ulan di tataguh pangun-unudan dah pangi-en di Judyu. Hay mihuduh ohan angang ya umeh tuluy pulun galon.
,69,7,"Kanan Jesus nadah muttatyuy ""Punuwon yuh danum nadan angang."" Ot un-unudon da."
,69,8,"Kanan bon Jesus ke diday ""Pamanguluwon yun itaugan nan mumpaptok tuh kasal."" Ot eda itaugan."
,69,9,"Tinamtaman nan mumpaptok nah kasal nan danum an numbalin hi mainum, mu uggena inilay nalpuwana. Abuna nadan muttatyun nanginila. Impaayag nan mumpaptok nah kasal nan lalakin mungkasal"
,69,10,"ot kananay ""Hay inilak hi pangi-e taku ya pamanguluwon takun ipainum nan makakkaphod an mainum ta deket nap-u ya ahi intun-ud di lagat ten wada. Mu antipet dakayu ke ya dehtuy eyu intaluh makakkaphod ta eyu pangudidiyon an itaug?"""
,69,11,Hidiyen inat Jesus ad Kana ad Galileey namangulun milagron nangipatib-anah kabaelana. Ta nadan disipulosna ya namammam-an nangulug dan hiya.
,69,12,Indani ya immeh Jesus ad Kapernaum an naki-eh inana ya nadan tutulang na ya nadan disipulosna ot miha-ad dah dih kaatnay algo.
,69,13,Mungkadatngan moy Piyestan di Nala-uwan di Anghel Apu Dios ot ume da Jesus ad Jerusalem.
,69,14,"Imme da nah Templo ya dakkodakkol day munggattang hi baka, kalnero ya paloma ya nadan munsilyuh pihhun inumbun dah kad-an di lamesaan da."
,69,15,Immalah Jesus hi linubid ot kapyaonah huplit ot pun-abul na nadan igattang dan babaka ya kakalnero ya nuntu-i nay lalamesaan nadan munsilyuh pihhu ot mungkiwahit nadan kalang.
,69,16,"Kanan Jesus nadah munggattang hi palomay ""Pungkaan yu hantudan paloma yu. Tipet pumbalinon yuh malkadu tun balen Ama?"""
,69,17,"Ninomnom nadan disipulosna nan nitudok an kananay ""Apu Dios, ongal di pangikaguk tuh balem, mahakit di nomnom ku ten nalgom di kiatana."""
,69,18,"Kanan nadan Judyu ke Jesus di ""Ipatibom di milagro ta kitib-anan waday kalebbengam an mangat nah inat mu."""
,69,19,"Ya kanan Jesus ke diday ""Pa-iyon yu tun Templo ot bohwatok hi tulun algo."""
,69,20,"Kanan nadan Judyuy ""Antipe udot ta nap-at ta onom di toon di namohwatan dan tuwe ya em kanan di bohwatom hi tulun algo?"""
,69,21,Mu hay nangialigan Jesus nah Templo ya hay adol na te nate ot handih mikatlun algo ya namahuwan.
,69,22,Handih namahuwanay nunnomnoman nadan disipulos na nah kinalinan kananay bohwatonah tulun algo nan Templo hin mapa-i. Hituwey gapunah nangulugan da nah impitudok Apu Dios mipanggep hi kamahuwan Jesus ya nan kinalin damdaman Jesus mipanggep kediyen kamahuwana.
,69,23,"Handih wadah Jesus ad Jerusalem kediyen piyestan di kanan dan Nala-uwan di Anghel Apu Dios ya inainat nay milagro ot dakol di tatagun nangulug ke hiya. 24,25,Mu adi madinol hi Jesus an nahamad di pangulug da te inila nay pangi-en di tagu takon di adida kalyon di wadah nomnom da."
,70,1,Wada on Pharisee an ap-apun di Judyu an hi Nikodemus di ngadana.
,70,2,"Nahilong ya immalih kad-an Jesus ot kananay ""Apu, inila min he-a nan mittulun intud-ak Apu Dios te adi mabalin an aton di tagu nadan atoatom hin adi idatan Apu Dios hi kabaelana."""
,70,3,"Inilan Jesus di mitun-ud an kalyon Nikodemus ke hiya ot kananay ""Hituwey kalyok ke he-a, makulug an adinadaman migappat di taguh pun-ap-apuwan Apu Dios hin adi mipidwan miimbabale."""
,70,4,"Kanan Nikodemus di ""Nganney atonan e miimbabale boy tagu yaden kat-agu mo? Kon ibangngad nah putun inanat ahi bo miimbabale?"""
,70,5,"Kanan Jesus di ""Donglonak te makulug an mahapul an hay danum ya hay Espiritun Apu Dios di mangipapidwah kiimbabaleyan di tagu ta ahi migappat hi pun-ap-apuwan Apu Dios. Hituwey pinhod kun kalyon an mahapul an mipidwan miimbabaley tagu."
,70,6,Hay in-imbabalen di tagu ya pangi-en di tagu ya abuy wadan hiya. Mu nan tagun mipidwan miimbabalet mawada nan Espiritun Apu Dios ke hiya ya kay mo damdama pangi-en Apu Dios di pangi-ena.
,70,7,Kinali adika mamodwong nah kinalik an mahapul an mipidwan miimbabaley tagu.
,70,8,"Hay tagun mipidwan miimbabalet wada moy Espiritun Apu Dios ke hiya ya mialig nah dibdib. Hay dibdib ya man-ut magibok ya madngol di bungug na, mu ugge inilay puluyona te adi matibo. Umat bo nah tagun waday Espiritun Apu Dios ke hiyan adi maawatan di at-atton nan Espiritun Apu Dios ke hiya, mu matibo takun nahannotan di pangi-enat maphod mo."""
,70,9,"Kanan Nikodemus di ""Kon mabalin an maat di athidi?"""
,70,10,"Kanan Jesus di ""Antipet he-a nan madayaw an mittulun di pangi-e takun Judyu yaden uggem inilah tuwe?"
,70,11,"Donglom te makulug an hituwen kalkalyon mi ya inila mi. Hituwen ituttudu mi ya makulug te tinibo mi, mu adiyu kulugon."
,70,12,"Kinalik ke dakayun am-in di mipanggep hi ma-ma-at hituh luta, yaden adiyu kulugon, ot namam-a mon adiyu kulugon hin nan ma-ma-at hi langit an kad-an Apu Dios di kalyok."
,70,13,"Maid di taguh immen e naniboh langit. Ohaak an Panguluwan di tagun nanibo te hidiy nalpuwak."" 14,15,Ya kanan bon Jesus di ""Handih kawadan da Moses nah adi maboblayan ya inalana nan gombang ot pandayonan kay ulog ot ipalat na ot itag-e nat hidiyey tangadon nadan kinalat di ulog ta adida mate. Athina damdamay maat ke ha-on an Panguluwan di tagun ahiyak mipatag-e ta hay tagun mangulug ke ha-on ya midatan hi biyag an maid di poppog na."""
,70,16,"Hi Apu Dios ya ongal di naminhod nan ditakun tatagu tuh luta, kinali uggena kinawwanan nan binugtung an Imbabalena, ot itud-ak na tuh luta ta am-in day mangulug ke hiya ya adida makastigun adida mihi-an ke Apu Dios, mu midatan dah biyag an maid di poppog na."
,70,17,"Ugge intud-ak Apu Dios nan Imbabalena tuh luta an e mangastiguh tatagu, mu intud-ak nan mangihwang ke dida."
,70,18,"Hay tagun mangulug kediyen binugtung an Imbabalen Apu Dios ya adi kastiguwon Apu Dios, mu nan adi mangulug ke hiya ya makastigu."
,70,19,"Hiya ya immalin mamat-al hi nomnom di tagu, mu adida pinhod te gaga-ihoy atoaton da, ta hidiyey gumapuh pangastiguwan Apu Dios ke dida."
,70,20,Hanadan tatagun gaga-ihoy atoaton da ya adida pinhod an mangulug nah dilag te deket mangulug da ya matiboy kinagaga-iho da.
,70,21,"Mu nadan tatagun mangun-unud nah inila dan niptok ya adida bumain an mangulug nah dilag, hidiyey kitib-anan hi Apu Dios di nangidat hi kabaelan dan mangat hi maphod."
,70,22,"Indani ya immeh Jesus ad Judea ot maki-e nadan disipulosna ke hiya. Niha-ha-ad dah di ot bonyagan da nadan tatagu. 23,24,Kediyen tiempon ugge ni-an nikalabut hi Juan ya tagana damdamah bonyag hi dakol an tatagud Aenon an nih-up ad Salim te dakol di danum hidi."
,70,25,Indani ya nakihannu nadan disipulos ke Juan nah ohan Judyu mipanggep hi bonyag.
,70,26,"Imme datuwen disipulos ke Juan hi kad-ana ot kanan dan hiyay ""Apu, kon manomnom mu nan tagun ibbam handi nah bah-el di wangwang an Jordan an itanuttudum di mipanggep ke hiya? Tagana udot kanuy bonyag ad uwani ya dakol day tatagun e mumpabonyag ke hiya."""
,70,27,"Hinumang Juan an kananay ""Adi kayu umamo te maid di kalebbengan di tagu hin adi idat Apu Dios."
,70,28,"Kinalik ke dakayu handi ot inila yun bokon ha-oy di tinuddun Apu Dios an mangipaptok hi tagu, mu intud-akak ke hiyan mangidadaan hi tatagun mangabulut ke hiya."
,70,29,Ha-oy ya mialigak nah munggawi an un-unudonay kalyon nan ena igawi an gayyum na te immaliyak an e mangipainila nah ahi umalin mangipaptok ke ditakun tatagu. Ya maka-am-amlongak te immali ya abuluton di tatagu.
,70,30,"Ta hidiye nan mahapul an hiyay madayaw, bokon ha-on."
,70,31,"Hi Jesus an nalpuh langit ya hiyay katagtag-ayan hi am-in. Hay nalpuh luta ya hay mipanggep tuh lutay maawatana ta hidiyey inilanan kalyon ya abu, hidiyey kudang ku te ha-oy ya nalpuwak hi luta. Hiya ke ya inila nan am-in te nalpuh langit ya hiyay katagtag-ayan."
,70,32,"Hay ituttuduna ya nadan tinibona ya dingngol nah langit, mu o-ohha day mangabulut kediye."
,70,33,Mu nadan mangabulut kediyen ituttuduna ya diday mangiuh-un makulug am-in di kalin Apu Dios.
,70,34,Am-in di kalyon Jesus ya nalpun Apu Dios an nangitud-ak ke hiya te indat nay Espiritunan hiya an hidiyey mangidat hi ongngal an kabaelana.
,70,35,"Hi Apu Dios ya impakappinhod nah tuwen Imbabalenan hi Jesus ot hiyay idinol nan mun-ap-apu hi am-in, nadan matibo ya nadan adi."
,70,36,"Am-in da nan tatagun mangulug nah Imbabalen Apu Dios ya waday biyag dan maid di poppog na. Mu nadan tatagun adi mangulug ke hiya ya maid hidiyen biyag da ya kastiguwon Apu Dios didat nangamung.""
1-3,Handih dingngol Jesus an ininnilan nadan Pharisee an dakdakol day mumpabonyag ke hiya mu hi Juan ya tinayanan day Judea ot mibangngad dad Galilee. Mu hay kakulugana ya ugge numbonyag hi Jesus te nadan disipulos nay oggan mumbonyag nadah tatagu. 4,5,Handih pangayan dad Galilee ya dinatngan day Saykar an bobled Samaria an nih-up nah lutan impaboltan din hi Jacob nah imbabale nan hi Joseph. 6-8,Dinatngan da nan bubun an kina-utan Jacob ot umbun hi Jesus te naatu. Hanadan disipulos na ya imme dan e gimmatang hi makan nah boble. Yaden hi Jesus ya nabati nah kad-an di bubun. Tuwen maal-algo ya immali on babain iSamaria an e humagob. Kanan Jesus ke hiyay ""An damana ahan an idatanak hi danum ta inumok?"""
,70,9,"Namodwong nan babai ot kananay ""Antipet eka mumbagan ha-on hi danum yaden iSamariaak ya he-a ke ya Judyu ka?"" Kinalin nan babaih tuwe ke Jesus te munhihinningit day Judyu ya iSamaria."
,70,10,"Kanan Jesus di ""Gulat na ot ta inilam nan idat Apu Dios ya inilam hin dahdiyak ya wadan mumbaga kan ha-on hi danum an kalpuwan di biyag."""
,70,11,"Kanan nan babaiy ""Deya ot an adallom tun bubun ya maid di panan-uk mu. Daanay pangalaam nah kanam an danum an kalpuwan di biyag?"
,70,12,"Kon natagtag-e ka mu hi Jacob an hi apu takun nanga-ut ketuwen bubun? Hituwen bubun di imminuinuman handin hi Jacob ya handidan imbabalena ya aaggayam da."""
,70,13,"Kanan Jesus ke hiyay ""Tun danum tuh bubun ya inumon di tagu, mu gagala on nauwo da."
,70,14,"Mu nan tagun manginum nah danum an idat ku ya adi mauwo te hidiye ya umat hi danum an mun-otbol an adi matduk. Ta hanan tagun mangabulut kediyen idat ku ya waday biyag nan munnananong."""
,70,15,"Ot kanan nan babaiy ""Apu, idatanak anhan kediyen danum ta ad-addiyak mauwo ta adiyak mo umalialih tun e humagob."""
,70,16,"Kanan Jesus ke hiyay ""Ume kat em ni-an awiton nan inayam."""
,70,17,"Hinumang nan babain kananay ""Man maid di inayak."" Ya kanan Jesus di ""Makulug an maid di inayam"
,70,18,"te man-ut naminlima kan nakiine, mu nan binalem ad uwani ya bokon mu inayan. Makulug di kinalim."""
,70,19,"Kanan nan babaiy ""Apu, maawatak mon profetas ka,"
,70,20,"kinali pinhod kun mahmahan ke he-a hin tipet handidan ammod mi ya hituh bilid di pundayawan dan Apu Dios, mu dakayu ken Judyu ya kanan yuy mahapul an hidid Jerusalem di pundayawan ke hiya?"""
,70,21,"Kanan Jesus di ""Kulugom tun kalyok an wadan tuy tiempon adi mahapul an hituh bilid weno ad Jerusalem di pundayawan ke Ama."
,70,22,"Dakayun iSamaria ya kanan yuy hi Apu Dios di daydayawon yu, mu adiyu maawatan di pangi-ena, mu dakami ken Judyu ya adimi ya abu daydayawon, mu hiya ya impakainnila mi te dakamin Judyuy nalpuwan nan tinuddun Apu Dios an mangihwang hi tagu."
,70,23,"Athidiy ine-ena, mu ad uwani ya takon di dahdi ya damanan mihayyup ke Apu Dios. Hay kitib-an tuwe ya wadada mo nadan mundayaw ke Apu Dios hi nomnom da ya impakainnila da hiya. Hay umat ke diday pinhod Apu Dios an mundayaw ke hiya."
,70,24,"Hi Apu Dios ya Espiritu, kinali nan tagun mundayaw ke hiya ya mahapul an hay pundayaw na ya malpuh maphod an punnomnom ya nahamad an pangulug."""
,70,25,"Kanan nan babaiy ""Inilak an ahi umali nan tinuddun Apu Dios an hi Kristo an ahi mangipaptok am-in hi tagu. Hantuh aliyana ya ipainila nan am-in ke ditaku nadan adi taku maawatan."""
,70,26,"Ya kanan Jesus ke hiyay ""Ha-oy nan kanam an hi Kristo."""
,70,27,"Pungkali nah tuwe ya dimmatong nadan disipulos. Ya namodwong da te makihumhummangan hi Jesus nah babai, mu maid ke diday nunmahma hin nganney ibagan nan babai weno tipet munhumhummangan da."
,70,28,"Tinayanan nan babai nan ena ihagob ot mibangngad nah boble ot kanana nadah tataguy 29""Makayu ke. Dehdi nan tagun inila nan am-in nadan inat ku. Hiya nin hi Kristo an tinuddun Apu Dios an mangipaptok am-in hi tagu."""
,70,30,Ot umalin am-in nadan tatagu nah boblen nanibon Jesus.
,70,31,"Uggeda ni-an dimmatong ya kanan nadan disipulos Jesus di ""Apu, mangan ka mo."""
,70,32,"Mu kanan Jesus di ""Wadan ha-on nan makan an uggeyu inila."""
,70,33,"Ot munhinmamahma dan kanan day ""Kon waday immialih kanona?"""
,70,34,"Kanan Jesus di ""Hay umanhan ke ha-on ya hay pangatak hi pinhod Apu Dios an nangitud-ak ke ha-on ya hay pangibbuwak nah ngunun indinol nan ha-on, kinali kayak adi maagangan."""
,70,35,"Kanan bon Jesus di ""Wada nan oggan yu kalyon an kanan yuy 'Deket nitanom di page ya mala-uy opat di bulan on ahi inani.' Mu kalyok ke dakayun ad uwani moy pun-aniyan te nat-ong. Tibon yu nadan dakol an tatagun nidadaan an mangulug ke ha-on. Diday mialig nah nat-ong an pagen maani."
,70,36,Hanadan mun-ani an mialig nadah muntuttuduh pangi-ek ya waday gun-udon da. Hay mialig hi aniyon da ya nadan mangulug hi ituttudu da an dadiye nadan midatan hi biyag an maid di poppog na. Hituwen maphod an maani ya hituwey pumbalinan di ngunun di muntanom ya mun-ani. Hituwey gapu nan mun-am-amlong dan duwa.
,70,37,Makulug nan kali an kananay 'Waday muntanom ya waday mun-ani.'
,70,38,"Dakayu ya mialig kayu nadah mun-ani te pinili dakayun muntuttuduh pangi-ek. Wadada damdama nadan nialig hi nuntanom te diday namangulun nangituttuduh pangi-ek ot midadaan nadan tatagun mangulug ke ha-on. Athidiy ine-ena te ad uwani ya dakayuy mangituluy kediyen ngunudan hituwey kialigana an dakayuy mangani hi intanom di udum."""
,70,39,Dakol da moy iSamaria an nangulug ke Jesus gapuh nangalyan nan babaih nanginilaan Jesus nadah inat na.
,70,40,Ot kediye ya inayagan nadan iSamariah Jesus an makiha-ad ni-an hi boble da. Timbal na ot makiha-ad ke didah duway algon ibbana nadan disipulos na.
,70,41,Handih niha-adan da Jesus hidi ya dakol day nid-um an nangulug te hay intuttudu na.
,70,42,"Kanan nadan tatagu nah babaiy ""Bokon nan kinalim ya abuy gapunah nangulugan mi, mu dingngol miy intuttudu na ot kulugon min hiya nan hadhad-on takun umalin mangihwang hi tagu."""
,70,43,Nala-uy duwan algoh niha-adan dahdi ot ume dad Galilee.
,70,44,"Waday kinalin Jesus handin kananay ""Hay profetas ya adi dayawon di kaboblayana."""
,70,45,Mu handih dimmatong da Jesus ad Galilee ya mun-am-amlong nadan tatagu te tinibo da nadan inat nad Jerusalem handih Piyestan di Nala-uwan di Anghel Apu Dios.
,70,46,Indani ya imme bo da Jesus ad Kana ad Galilee an nangatan Jesus hi milagron impumbalinay danum hi mainum. Wadad Kapernaum on ohan ap-apun di gubilnu an mundogoy imbabalena.
,70,47,Dingngol nan dimmatong da Jesus ad Galilee an nalpu dad Judea ya immalin mangayag ke hiya ta kaanonay dogon nan imbabalenan mungkatkate.
,70,48,"Kanan Jesus nah ap-apuy ""Kon kah-in di waday atok hi milagro ta ahi kayu mangulug ke ha-on?"""
,70,49,"Kanan nan ap-apuy ""Maka ahan te mungkatkate nan imbabalek."""
,70,50,"Kanan Jesus di ""Umanamut ka ot ya abu. Takon di adiyak maki-e ot pumhod kaya nan imbabalem."" Kinulug nan ap-apuh diyen kinalin Jesus ot ume."
,70,51,Handih nabiggatana ya nundadammu dah dalan hanadah muttatyuna ot kalyon dan hiya an pinumhod mo nan imbabalena.
,70,52,"Minahmahana ke dida hin kakon-anay nakaanan nan dogona ya kanan day ""Handih ala una ad nakugab."""
,70,53,"Inilanan kediyen oras di nangalyan Jesus an nakaan di dogon nan imbabalena. Ot kediye ya am-in dan himpamilya, takon di nadan nidkop ke dida ya nangulug da mon Jesus."
,70,54,Hidiyey mikadwah nangipatib-an Jesus hi kabaelan Apu Dios dih nibangngadan dad Galilee hi nalpuwan dad Judea.
,71,1,Gagala ya nadatngan di piyestan di Judyu ad Jerusalem ot ume da Jesus.
,71,2,Wada nan lobong ad Jerusalem an kanan dah kalin di Judyuy Betesda an nih-up nah hoob an hogpan di kalnero. Hanah pingngit diyen lobong ya waday liman ab-abbung an punhiduman.
,71,3,"Dadiyen liman ab-abbung ya napnuh tatagun mundogo. Wadaday nakulap, napilay ya naparalyze."
,71,4,"[Miha-ha-ad dah di te halipat-an day kumibyayyongan nan danum nah lobong te waday anghel an oggan umalin mangihal nah danum. Ta nan mamangulun gumawa hin kimmibyayyong nan danum ya makaan di dogona, takon di nganneh diyen dogo.]"
,71,5,Wadah di on tagun nundogoh tuluy pulut walun toon.
,71,6,"Tinibon Jesus ya inilanan nabayag an nundogo ot kananan hiyay ""Kon pinhod mun makaan di dogom?"""
,71,7,"Ya kanan diyen mundogoy ""Om, mu deket kimmibyayyong nan danum ta kanak ot di mamanguluwak an gumawa on waday namangulu. Maunnaanak ta nangamung te maid di bumaddang ke ha-on."""
,71,8,"Ot kanan Jesus ke hiyay ""Tumaddog ka! Alam nan abok mut umanamut ka mo."""
,71,9,Ya pinghanadi ya nakaan di dogon nan tagu ot alana nan abok na ot mange.Hidiyen algo ya Sabadun Tungo.
,71,10,"Wadaday Judyun nangang-ang nah tagu ot kanan dan hiyay ""Antipet Sabadun Tungod uwani yaden em ihanawwangan nan abok mu?"""
,71,11,"Ya kananan diday ""Kinalin ot tuwalin nan nangaan hi dogok di 'Alam nan abok mut umanamut ka.'"""
,71,12,"Kanan nadan Judyuy ""Dahdi ni-boh diyen nangalin he-a?"""
,71,13,Ugge inilan nan tagu hin dahdih diyen nangaan hi dogona te pinghanadi ya tinayanan Jesus ot mikamo nadah dakol an tatagu nah pingngit di lobong.
,71,14,"Indani ya dinatngan Jesus hidiyen tagu nah Templo ot kanan Jesus ke hiyay ""Deyan pinumhod ka, itikod mu mon munliwat ta adika midatan hi dogom nahalhalman mu nan dinggom."""
,71,15,Inilan mon nan tagu an hi Jesus hidiyen nangaan hi dogona ot ena kalyon hanadah Judyu.
,71,16,Hidiyey gapunan bumobboh-ol nadan Judyu ke Jesus te inat nah tuwe yaden Sabadun Tungo.
,71,17,"Mu kanan Jesus ke diday ""Kanan yuy panion ditakun Judyuy mungngunuh Sabadu. Mu hi Aman hi Apu Dios ya mungngunungunuh kiphodan di tagu takon di ngannen algo. Kinali hidiye damdamay atok."""
,71,18,"Dingngol nadan Judyuh diyen kinalin Jesus ya namam-an pinhod dan patayon te bokon ya abu hay ena nungngohayan hi pangi-e da mipanggep hi Sabadun Tungo, mu gapuh nangalyanan Amanah Apu Dios ta kay na mo in-ingngoy adol na ke Apu Dios."
,71,19,"Kanan Jesus ke diday ""Donglon yu tun kalyok ke dakayu, makulug an adik ipadayaw di adol ku te adi mabalin an na-ala on ek inat di pinhod ku te kah-in di tobalon Ama. Ha-oy an Imbabalena ya atok ya abu nadan tibok an atona, ta hidiye nan am-in nadan atona ya hidiye damdamay atok."
,71,20,"Hi Aman hi Apu Dios ya impakappinhodak an Imbabalena, kinali am-in di atona ya ituttudu nan ha-on. Bokon ya abuh nae, mu waday ipaat nan ha-on an namammam-an umipamodwong."
,71,21,"Mahuwan bon Amay nate ya idat nay biyag da, athidi bon ha-on an Imbabalenan idat kuy biyag nah tagun pinhod kun pangidatan."
,71,22,Bokon hi Amay munhumalyah tagu te indinol nan ha-on an Imbabalenay mangat kediye
,71,23,ta ha-oy an Imbabalena ya dayawonak hi tatagu umat hi pundaydayaw dan hiya. Hanan tagun adi mundayaw ke ha-on ya adina damdama dayawon hi Ama an nangitud-ak ke ha-on.
,71,24,Donglonak te makulug an hay tagun kulugonay kalik ya kulugonah Apu Dios an nangitud-ak ke ha-on ya adi makastigu. Hidiyen tagu ya wada moy biyag nan maid di poppog nah kad-an Apu Dios.
,71,25,"Kalyok bo ke dakayu, makulug an mipalpud uwani ya nadan paddungnay nate gapuh liwat da ya donglon day kalyok an Imbabalen Apu Dios. Ya nadan mangabulut kediye ya idatak didah biyag an maid di poppog na"
,71,26,"te hi Ama ya wada tuwalin hiyah diyen biyag, kinali damanan umidat kediye ya athidi bon ha-on an Imbabalenan wadah diyen biyag te indinol nan ha-on."
,71,27,"Ya indat na bon ha-on di kalebbengak an munhumalyah tagu te ha-oy di Panguluwan. 28,29,Adi kayu mamodwong tuh kalyok te makulug an ahi madatngan nan tiempon am-in di nate ya donglon day kalik ya bumudal da. Hanadan impunnanong dan inainat di maphod gapuh nangulugan dan ha-on ya midatan dah biyag an maid di poppog na. Mu nadan gaga-ihoy inainat da ya makastigu dat nangamung di tagu."""
,71,30,"Intuluy bon Jesus an kananay ""Gulat nat ugge indat Apu Dios di kalebbengak an mangat hi nganneh diye ya maid di kabaelak an mangat ke datuwen atoatok. Adi na-ala on inat kuy pinhod ku, te hay atok ya miunnud nah pinhod Ama an nangitud-ak ke ha-on. Ta hidiye nan hay punhumalyak hi tagu ya maandong te deket munhumalyaak ya miunnud hi intuttudun Aman ha-on."
,71,31,Gulat nat ohaak an mangalkalih mipanggep hi adol ku ya adi ot makulug nadan kanalyok.
,71,32,Mu wadah Aman mangiuh-u hi kakulugana hin dahdiyak. Ya inilak an adi mihallay kalyona mipanggep ke ha-on.
,71,33,Wada handiy intud-ak yuh kad-an Juan an mumbonyag an e nunmahmah mipanggep ke ha-on ot kalyonay makulug.
,71,34,"Adi mahapul an waday tagun mangiuh-uh mipanggep ke ha-on, mu ipanomnom kuh diyet mangulug kayu ta mihwang kayu."
,71,35,"Handin hi Juan ya mialig hi makaddilag an dilag te nuntuttudu mipanggep ke ha-on. Ot mun-am-amlong kayu, mu nakatang ya abu."
,71,36,"Makulug am-in di kinalin Juan mipanggep ke ha-on, mu waday nahamad an pangitib-an an intud-akak ke Ama an dadiye nadan atoatok an adi kabaelan di tagu an indinol Aman ha-on an gibbuwok. 37-38,Hi Aman nangitud-ak ke ha-on ya impainila na boy mipanggep ke ha-on, mu adi kayu pakaawat hi ipainilana ya ipatibona ya adiyu un-unudon di kalina te adiyak kulugon ke dakayu. 39,40,Adaadalon yu nadan impitudok na te kanan yu on hidiyey mangidat hi biyag an maid di poppog na, mu kalyok ke dakayun am-in dadiyen impitudok Apu Dios ya iuh-unay mipanggep ke ha-on yaden adiyak kulugon ke dakayu. Gulat nat kulugonak ke dakayu ya mawadah diyen biyag ke dakayu."
,71,41,"Adik gamgaman di pundayawan di tagun ha-on,"
,71,42,mu inilak ot maid di impaminhod yun Apu Dios te
,71,43,"intud-akak an mangipainilah mipanggep ke hiya, mu adiyak kulugon ke dakayu. Mu gulat na nin ta hay udum di umalin muntuttudun dakayu ya inilak ot kulugon yu takon di ugge intud-ak Apu Dios."
,71,44,"Gagamgaman yuy pundayaw di ibbayu, mu adiyu gamgaman di pundayaw Apu Dios ke dakayu, kinali adinadaman ekayu mangulug ke ha-on."
,71,45,"Indani ya pangali yuy ha-oy di mangali ke Aman makastigu kayu, mu hay kakulugana ya adi mahapul an kalyok te nunna-ud an makastigu kayu te adiyu un-unudon nan Tugun Moses yaden hidiyey nangidinolan yun tobalon dakayun Apu Dios."
,71,46,Gulat nat paka-un-unudon yuy Tugun Moses ya wada ot an kulugonak te hidiyen intudok na ya mipanggep ke ha-on.
,71,47,"Mu deyan uggeyu kinulug dadiyen Tugun Moses, kinali immam-anan adi kayu mangulug hantudah kanalyok ke dakayu."""
,72,1,Nala-uy kaatnan algo ya nun-agwat da Jesus nah dommang nan baybay an Galilee an Tiberias di oha bon ngadana.
,72,2,Niunud day dakkodakkol an tatagu gapu te tinibo da nadan inat nan milagro hi nangaananah dogon nadan tatagu.
,72,3,Nuntikid da Jesus nah bilid ot ena tuttuduwan nadan disipulos na.
,72,4,Kediye ya tuwen madatngan nan piyestan di Judyun Nala-uwan di Anghel Apu Dios.
,72,5,"Indanit um-umbun da ya mangali day dakol an tatagu ot kanan Jesus ke Felipey ""Daana nin di etaku pangal-an hi pakan taku hantudah tatagu?"""
,72,6,"Inilan Jesus di atona, mu kahimbaggaonan Felipe hin nganne tuwaliy ihumang na."
,72,7,"Kanan Felipey ""Takon nin di ongal di igattang hi kanon da ya makakuddang te dakkodakkol da."""
,72,8,"Kimmali bo nan ohan disipulos Jesus an hi Andres an tulang Simon Pedro ot kananay 9""Dehtu on unga an waday balunan liman tinapay ya duwan dolog, mu kon gumlan ipakan ke datuwen tatagu?"""
,72,10,"Ya kanan Jesus ke diday ""Takombo, pab-unon yu dida."" Ot pab-unon da nadan tatagu nah maholok. Hay uyap nadan linalakin naamung ya umeh limay libu, mu ugge nakiuyap nadan binabai."
,72,11,Inalan Jesus hidiyen liman tinapay ya duwan dolog ot mumpasalamat ke Apu Dios ot ipakap-ong na nadah tatagu.
,72,12,"Nabhug da ot kanan Jesus ke diday ""Amungon yuy tindaan dat adi kumawa."""
,72,13,Inamung da ya napnuy himpulut duwan kabah natdaan nah liman tinapay an impadakol Jesus.
,72,14,"Handih tinibon nadan tataguh tuwen milagro an inat na ya kanan day ""Makulug an hiya nan profetas an hadhad-on takun umali."""
,72,15,"Inilan Jesus an piliton nadan tatagun hiyay mun-ap-apu, mu adina pinhod ot tayanana dida an imme nah bilid ot e maoh-ohhah di."
,72,16,Handih mungkahilong ya imme nadan disipulos Jesus nah pingngit di baybay
,72,17,ot mumbangka da ot mange dad Kapernaum. Nakahillong mo yaden ma-ma-id hi Jesus an dumatong.
,72,18,Nahalman di dalluyun handih wadada nah baybay te nal-ot di dibdib.
,72,19,"Lina-uwan day liman kilometro ya ahida nuppe tiniboh Jesus an tuwen mundallanan nah tap-on di danum an mangalih kad-an da. Timmattakut da,"
,72,20,"mu kimmalin kananay ""Man ha-oy, adi kayu tumakut."""
,72,21,Imma-amlong da ot paghopon da ya kal-inadi ya dimmatong dad Kapernaum.
,72,22,Handih nabiggatana ya nanongnan dehdi nadan tatagu nah pingngit di baybay. Kanan da on dehdih Jesus te tinibo dan ugge nakilugan hanadah disipulos na nah bangka hi nangayan dad Kapernaum; oha bo ya abunah diyen bangka an maid di udum.
,72,23,Indani ya wadaday bangkan nalpud Tiberias an immali nah pingngit di baybay an nih-up nah numpakanan Apu Jesus nadah tatagu handih numpasalamatanan Apu Dios.
,72,24,Handih ininnilan dadiyen tatagun maid da Jesus ya numpumbangka da ot ume dad Kapernaum an e manamak ke hiya.
,72,25,"Handih inakhupan dah Jesus ya kanan dan hiyay ""Apu, kakon-anay dinatngam hitu?"""
,72,26,"Ya kanan Jesus di ""Kalyok ke dakayu, inilak an hay gapunah panamahamakan yun ha-oy ya bokon gapuh nanib-an yu nadah milagron inat ku, mu gapu te nakabhug kayu nah tinapay an indat kud nakugab."
,72,27,"Bokon ot hay makan di gagamgaman yu te hay makan ya map-u. Hay ot gamgaman yu ya nan makan an umidat hi biyag an maid di poppog na. Maid di udum hi mangidat kediye hin bokon ha-oy an Panguluwan di tagu te ha-oy di nangidinolan Aman hi Apu Dios."""
,72,28,"Ya kanan nadan tatagu ke hiyay ""Nganney aton mit hay pinhod Apu Dios di un-unudon mi?"""
,72,29,"Hinumang Jesus an kananay ""Hay pinhod Apu Dios ya mangulug kayun ha-on an intud-ak na."""
,72,30,"Ya kanan bon nadan tataguy ""Nganne ni-boy milagron ipatibom ke dakamit pangulugan min intud-ak dakan Apu Dios?"
,72,31,"Hi ke peman Moses ya impakapakana nan mannan nalpuh langit handidah aammod taku handih kawada da nah adi maboblayan. Hituwey impitudok Apu Dios an kananay 'Indatana dida nah tinapay an nalpuh langit.'"""
,72,32,"Kanan Jesus ke diday ""Donglon yu tun kalyok, kanan yu nin on hidiyen makan an indat Moses di makulug an makan, mu bokon te hay makulug an makan ya nan malpuh langit an idat Ama ke dakayu."
,72,33,"Hidiyen kanak an makan an idat Apu Dios an malpuh langit ya hidiyey umidat hi tagu hi biyag an maid di poppog na."""
,72,34,"Kanan dan hiyay ""Apu, idatan dakamih kabigabigat nah kanam an makan."""
,72,35,"Kanan Jesus di ""Ha-oy di kialigan diyen makan an umidat hi biyag an maid di poppog na. Hanan tagun mangulug ya mundinol ke ha-on ya adi maagangan ya adi mauwo."
,72,36,Kinalik tuwalin dakayun takon di tibotibon yuy atoatok ya adi kayu mangulug ke ha-on.
,72,37,Mu nadan tatagun indinol Ama ke ha-on ya kulugonak ya mun-am-amlongak an mangabulut ke dida
,72,38,"te ha-oy ya intud-akak ke Ama tuh lutat atok di pinhod na, bokon hay pinhod ku."
,72,39,Hay pinhod nan atok ya ipaptok kun am-in nadan tatagun indinol nan ha-on ta mahuwak didan am-in tuh udidin di algot maid di ohan mihi-an ke hiya.
,72,40,"Man-uke ya pinhod Aman am-in nadan tatagun mangulug ya mangabulut an ha-oy di Imbabalena ya mahuwak didah udidin di algot mawadan diday biyag an maid di poppog na."""
,72,41,Hanadan Judyu ya mungngudu da te hay kinalin Jesus an kananay hiya nan makan an nalpuh langit.
,72,42,"Ot kanan day ""Tipe udot ta ena kanan di hiya ya nalpuh langit? Kon bokon hiya nan imbabalen din hi Joseph? Kon ugge taku inilah amana ya hi inana?"" 43,44,Kimmalih Jesus ot kananay ""Itikod yun ngumudungudu te adi mabalin an na-ala on nangulug di ohan tagu ke ha-on, te kah-in di baddangan Aman nangitud-ak ke ha-on. Dadiyen mangulug ke ha-on ya ahik mahuwan dida hantuh udidin di algo."
,72,45,Intudok handidan profetas Apu Dios an kanan day 'Tuttuduwan Apu Dios didan am-in.' Ta nan tagun mangngol ta un-unudonay ituttudun Apu Dios ya kulugonak ke hiya.
,72,46,Maid di nanibon Apu Dios mu ha-oy ya abu. Tinibok hi Aman hi Apu Dios te nalpuwak ke hiya.
,72,47,"Donglon yu tun kalyok ke dakayu, hay tagun mangulug ke ha-on ya mawadan hiyay biyag an maid di poppog na."
,72,48,Ha-oy di kialigan nan makan an umidat kediyen biyag.
,72,49,"Man-u te kinakinan handidan aammod taku nan makan an manna handih kawada da nah adi maboblayan, mu nate da metlaing."
,72,50,Mu tun makan an kalkalyok an nalpuh langit ya adi matey mangan ketuwe.
,72,51,"Ha-oy hidiyen makan an nalpuh langit ya nan tagun mangan ketuwe ya waday biyag nan maid di poppog na. Hidiyen kanak an makan ya hantun adol kun ahik iappit ta mihwang di tagu."""
,72,52,"Gapu kediye ya muntututut nadan Judyu. Kanan day ""Nganne ni-boy aton tun tagun mangipakan hi adol nan ditaku?"""
,72,53,"Kanan Jesus ke diday ""Makulug an deket adiyu kanon di adol ku, ya adiyu inumon di dalak an Panguluwan di tagu, ya adi kayu midatan hi biyag an maid di poppog na."
,72,54,Hay tagun mangan hi adol ku ya manginum hi dalak ya mawadan hiyay biyag an maid di poppog na ya ahik mahuwan hi udidin di algo
,72,55,te hay adol kuy makulug an makan ya hay dalak di makulug an mainum.
,72,56,Hay tagun mangan hi adol ku ya manginum hi dalak ya wadaak ta nangamung ke hiya ya wada damdaman ha-on ta nangamung.
,72,57,"Hi Ama an makulug an Dios di nangitud-ak ke ha-on ya hiyay kalpuwan di biyag, kinali wadan ha-on nan biyag an nalpun hiya. Athidi bo nah tagun mangan hi adol kun wadan hiyay biyag an nalpun ha-on."
,72,58,"Ha-oy nan makan an nalpuh langit, adi umat nah makan an manna an kinakinan handidan aammod taku, mu nate da. Mu nan tagun mangan ketuwen makan an nalpuh langit ya mawadan hiyay biyag an maid di poppog na."""
,72,59,Hituwey intuttudun Jesus nah simbaan di Judyu ad Kapernaum.
,72,60,"Dingngol nadan miunuunud ke Jesus hituwen intuttuduna ya kanan day ""Naligat an maawatan hituwen intuttudu na, dahdi nuppe ahan di mangulug kediye?"""
,72,61,"Inilan Jesus hituwen kalkalyon da ot kananay ""Kon balawon yuh tuwen intuttuduk?"
,72,62,Nganney punnomnom yu hin tibonak an Panguluwan di tagun manalakdang hi langit an kawad-ak tuwali?
,72,63,"Hay Espiritun Apu Dios di mangidat hi biyag an maid poppog na, bokon hay kabaelan di tagu. Hidiyen intuttuduk ke dakayu ya hidiyey ituttudun nan Espiritun Apu Dios, kinali hay tagun mangabulut ketuwe ya dawatonah diyen biyag."
,72,64,"Mu waday udum ke dakayun adi mangulug ke ha-on."" Kinalin Jesus hituwe te inila na tuwali nadan adi mangulug ke hiya ya inila na bo nan ahi mangihdul ke hiya."
,72,65,"Kanana boy ""Hituwey gapunan kanak handiy adi mabalin an na-ala on kulugonak hi tagu, kah-in di baddangan Ama."""
,72,66,Nipalpun diye ya dakol nadah miunuunud ke Jesus di adi mo mangun-unud ke hiya ot tayanan da.
,72,67,"Kanan Jesus nadah himpulut duwan disipulos nay ""Kon takon di dakayu ya tayananak damdama?"""
,72,68,"Kanan Simon Pedroy ""Apu, tayanan daka ke ya dahdi moy kiunudan mi? Inila min hay ituttudum ya abuy mangidat hi taguh biyag an maid di poppog na."
,72,69,"Ya inila mi ya kulugon min he-a nan intud-ak Apu Dios an mangipaptok hi tagu."""
,72,70,"Ya kanan Jesus ke diday ""Ha-oy di namilin dakayun himpulut duwan disipulos ku, mu waday ohan dakayun umat ke Satanas di nomnom na."""
,72,71,"Hidiyen kanan Jesus an umat ke Satanas di nomnom na ya hi Judas an imbabalen Simon Iskariot te inila nan hiyay ahi mangihdul ke hiya, takon di hiyay oha nadah disipulos na."
,73,1,"Nagibbuh diye ot ume da Jesus hi kabobbobled Galilee, mu uggeda immed Judea te inila dan pinhod nadan ap-apun di Judyuh din patayon hi Jesus."
,73,2,Kediyen tiempo ya tuwen madatngan nan piyestan di Judyun kanan dan Piyestan di Kampu.
,73,3,"Ta hidiye nan kanan nadan tutulang Jesus ke hiyay ""Tayanam hituwen boblet ume kad Judea ta tibon nadan mangulug ke he-a nadan milagron at-attom."
,73,4,"Hay tagun pinhod nan mumpainilah katagutagu ya adina italuy atona. Kinali gulat na ya ipatibom hi tatagu hin makulug an milagro nan at-attom."""
,73,5,Hituwey kinalin nadan tutulang Jesus ke hiya te takon di dida ya adida mangulug ke hiya.
,73,6,"Hinumang Jesus an kananay ""Ugge ni-an nadatngan di tiempon pangipatib-ak hi kabaelak, adi umat ke dakayun tatagu an nalgom on impatibo yuy nganneh diyen kabaelan yu."
,73,7,"Te dakayu ke ya adi dakayu hingitan hanadah adi mangulug, mu ha-oy ke ya hingitanak te ipainilak di gaga-ihon at-atton da."
,73,8,"Takon di mamangulu kayun ume nah piyesta. Adiyak maki-e te ugge ni-an nadatngan di algon pangipatib-ak hi kabaelak."""
,73,9,Ot mihdi ni-an ad Galilee.
,73,10,Mu handih imme nadan tutulang na ya uggena impainila ot miunud ke dida.
,73,11,"Hanadan ap-apun di Judyu ya hahalipat-an dah Jesus nah piyesta. Waday ohan dida on kananay ""Antipet ma-ma-id hi Jesus?"""
,73,12,"Am-in nadan tatagu ya hay mipanggep ke Jesus di kalkalyon da. Hanadan udum ya kanan day maphod hi Jesus, mu nadan udum ya kanan day hauhaulonay tatagu."
,73,13,Adi padpadngol nadan tataguy kalkalyon da te tumakut da nadah ap-apun di Judyu.
,73,14,Handih nungkaginawway piyestan nadan Judyu ya e nuntuttuduh Jesus nah Templo.
,73,15,"Namodwong nadan ap-apun di Judyu hi nangngolan dah ituttudun Jesus ot kanan day ""Antipet nalaing hituwen tagu yaden ugge nun-adal?"""
,73,16,"Inilan Jesus hidiyen kalkalyon da ot kananan diday ""Hituwen ituttuduk ya ugge nalpuh nomnom ku, mu nalpun Apu Dios an nangitud-ak ke ha-on."
,73,17,Hanan tagun naminhod an mangat hi pinhod Apu Dios ya inilaona hin nalpun Apu Dios hantudan ituttuduk weno nomnom ku ya abu.
,73,18,"Oha bo ya hay tagun abunay adol nay kalkalyona ya gamgamanay pundayawan di tagun hiya. Mu ha-oy ya adi athidi te hay gamgamak ya hay kidayawan Apu Dios an nangitud-ak ke ha-on, hituwey kitib-anan adiyak humaul."
,73,19,"Dakayu ya abuluton yun Tugun Apu Dios nan indat Moses ke dakayu, mu adiyu un-unudon. Gulat nat un-unudon yuh diyen Tugun ya tipet pinhod yun patayonak?"""
,73,20,"Kanan nadan tataguy ""Ya nahikpan kah diyablu! Kon dahdiy mamaten he-a?"""
,73,21,"Kanan Jesus ke diday ""Bumobboh-ol kayun ha-on te kinaan kuy dogon nan ohan tagu yaden Sabadun Tungo. 22,23,Yaden dakayu ke ya kugiton yuy golang hi algon di Sabadu gapu te hanah Tugun Moses ya kananay pakugit yuy imbabale yun linalaki. Hay kakulugana ya handidan aammod taku handih doney nangilappun mungkugit ot ahi wada nan Tugun. Paka-un-unudon yuh diyen Tugunat takon di Sabadun Tungo ya mungkugit kayu. Ya tipet bumoh-ol kayuh nangaananak hi dogon nan ohan tagu hi Sabadu?"
,73,24,"Hay maphod ya pakannomnomon yu on ahi kayu kimmali ta adi na-ala on kanan yuy nibahhoy inat di ohan tagu."""
,73,25,"Ya kanan nadan udum an iJerusalem an nangngol nah kinalin Jesus di ""Kon bokon hiya nan kanan nadan ap-apu takun Judyu an eda patayon?"
,73,26,Deya ot kayan dehtun taganan muntuttudu yaden maid di mangipatikod ke hiya. Kon inilan nin nadan ap-apu an hiya hi Kristo an intud-ak Apu Dios?
,73,27,"Mu nganney innunan e hiyah Kristo yaden nan kanan dan hi Kristo ya adi mainilay kalpuwana? Yaden hituwe ken tagu ya inila takuy nalpuwana."""
,73,28,"Kediyen muntuttuduh Jesus nah Templo ya inlot nay kalina. Kananay ""Kanan yuy inilaak te inila yu nan boblen nalpuwak, mu hay kakulugana ya uggeyak inilan dakayu. Gulat nat inilaak ya inila yu ot nan nangitud-ak ke ha-on. Hay immaliyak ya bokon ha-oy di kon nomnom, mu gapu te hidiyey pinhod nan nangitud-ak ke ha-on. Hiya ya uggeyu inila,"
,73,29,"mu ha-oy ke ya inilak te nalpuwak ke hiya ya hiyay nangitud-ak ke ha-on."""
,73,30,"Ya gapu kediyen kinalin Jesus ya namam-an ihik dan dopapon, mu uggeda te ugge ni-an nadatngan di algon gintud Apu Dios an pampapan dan hiya."
,73,31,"Mu dakol nadah tataguy nangulug ke Jesus. Kanan day ""Hituwe man ahan nan tinuddun Apu Dios an umalin mangipaptok hi tagu, te kon waday udum hi umalin ong-ongal di kabaelanan mangat hi milagro mu hiya?"""
,73,32,Dingngol nadan Phariseey kalkalyon nadan tatagu mipanggep ke Jesus ot dida ya nadan ap-apun di padi ya immitud-ak dah guwalyan e mampap ke Jesus.
,73,33,"Kimmalih Jesus ot kananay ""Adiyak mabayag an makiha-ad ke dakayu ya mibangngadak nah nangitud-ak ke ha-on."
,73,34,"Ahiyak e hamahamakon ke dakayu, mu adi kayu pakahamak ke ha-on te adinadaman ekayu miunud nah pangayak."""
,73,35,"Dingngol nadan Judyuh diyen kinalin Jesus ya waday oha on kananay ""Daana ni-boy pangayanat etaku adi pakahamak ke hiya? Wadan umeh kad-an nadan ibba takun Judyuh boblen nadan bokon Judyu. Wada nin an e muntuttudu nadah hingitan takun bokon Judyu."
,73,36,"Te tipet ena kanan di ahi taku e hamahamakon, mu adi taku pakahamak ya ena bo kanan di adinadaman etaku miunud nah pangayana? Nganne nin di pinhod nan kalyon?"""
,73,37,"Kediyen udidin di algon nan piyestan hidiyen abuy importanten algo nah piyestan di Judyu ya timmaddog hi Jesus hi hinangngab nadan katagutagu ot oltonan kumalin kananay ""Wadah na key nauwo ya umalih kad-ak ta uminum."
,73,38,"Te kananah impitudok Apu Dios an nan tagun mangidinol ke ha-on ya mawadan hiya nan danum an kalpuwan di biyag an kay ob-ob an adi matduk."""
,73,39,Hidiyen kanan Jesus an danum an kalpuwan di biyag ya nan Espiritun Apu Dios an mawada nah tagun mangulug ke hiya. Handih kinalin Jesus hituwe ya maid ni-an di Espiritun Apu Dios hi tatagu te ugge ni-an nibangngad hi Jesus hi langit an kidayawana.
,73,40,"Dingngol nadan tataguh tuwen kinalina ya kanan di udum di ""Makulug an hituwe nan profetas an kinalin Apu Dios an ipaalinan ditaku."""
,73,41,"Hanadan udum ya kanan day ""Hiya nan Kriston tinuddun Apu Dios an mangipaptok hi tagu."" Mu kanan di udum di ""Bokon man ahan te bokon ad Galileey kalpuwan Kristo."
,73,42,"Hay bo nitudok nah kalin Apu Dios ya kananay hana ken Kristo ya holag David ya mitungod Betlehem an boblen David."""
,73,43,Adi mun-uunnud di punnomnom nadan tatagu mipanggep ke Jesus.
,73,44,"Wadada nadan udum an pinhod dan dopapon hi Jesus, mu maid di nangipatna."
,73,45,"Nibangngad nadan intud-ak da ot kanan nadan ap-apun di padi ya nadan Pharisee ke diday ""Tipe bot uggeyu in-alih Jesus?"""
,73,46,"Kanan day ""Uggemi te handih dingngol miy panuttudu na ya inila min maid di miingngon hiya."""
,73,47,"Kanan nadan Phariseey ""Kon nihapitan kayu damdamah langkak na?"
,73,48,Maid di ohan dakamin Pharisee ya nadan ap-apu takuy nangulug ke hiya.
,73,49,"Hanada ken nangulug ke hiya ya uggeda naawatan di Tugun Moses, ya nunna-ud an ahi kastiguwon Apu Dios dida."" 50,51,Kimmalih Nikodemus an oha nadah ap-apuh din kananay ""Hay linteg takun Judyu ya adinadaman kastiguwon di ohan tagu hin ugge ni-an nahumalya te ugge ni-an nainila hin nganney bahul na."" Hituwen hi Nikodemus ya hiya nan e nakihumhummangan ke Jesus handi."
,73,52,"Kanan dan hiyay ""Antipet pakaihakkit muh Jesus, kon iGalilee ka damdama? Pakabbidbidom ke nan impitudok Apu Dios, maid di kananah malpud Galileen profetas."""
,73,53,Nagibbuh diyen inhanumhummangan da ot mumpanganamut da.
,74,1,Hi Jesus ke ya imme nah Bilid an Oliba.
,74,2,Nabigat ya humalaman bon imme nah Templo. Indani ya mungkaamung day tatagu ot umbun an muntuttudu.
,74,3,Kediyen muntuttudu ya in-alin nadan muntuttuduh Tugun Moses ya nadan Pharisee on babain naakhupan an nakihuyop hi bokona inayan. Impataddog dah diyen babaih gawwan nadan naamung an tatagu
,74,4,"ot kanan dan Jesus di ""Hituwen babai ya inakhupan min makihkihhuyop hi bokona inayan."
,74,5,"Hay Tugun Moses ya kananay nan tagun umat hidi ya mahapul an tugmilan ta mate, nganney damdamay kanam ketuwe?"""
,74,6,Man-uket kinali dah tuwe ya pinhod dan patnaan hi Jesus ta deket mihallay kalyona ya waday pangigadulan dan mangidiklamun hiya. Nunyuung hi Jesus an pun-ikul-it nay gamat na nah luta.
,74,7,"Mu tagan day mahman hiya ot tumaddog ot kananay ""Deket waday ohan dakayun maid di liwat na ya hiyay mamangulun manugmil tuh babai."""
,74,8,Ya nunyuung boh Jesus an pun-ikul-it nay gamat na nah luta.
,74,9,Dingngol dah diyen kinalina ya namangulu nadan nungkaam-aman aap-apun naohha-ohhan imme ot loktat ya nama-id dan am-in. Hi Jesus ya nan babai ya abuy wadah di.
,74,10,"Timmaddog moh Jesus ot kanana nah babaiy ""Daan da bo? An imme da nan manugmil ke he-a?"""
,74,11,"Kanan nan babaiy ""Apu, imme dan am-in."" Ot kanan Jesus di ""Takombo, umanamut ka, mu itikod mu mo tuwalin munliwat. Adi daka kastiguwon ke ha-on."""
,74,12,"Indani ya e bo nuntuttuduh Jesus nah Templo. Kananay ""Ha-oy di mamat-al hi nomnom di tagu. Kinali nan tagun mangidinol ke ha-on ta un-unudonak ya paddungnay adi tumapol di nomnom na. Man-uke ya wada moh diyen tagu nah pat-al an umidat hi biyag an maid di poppogna."""
,74,13,"Ya kanan nadan Pharisee ke hiyay ""Langkak muh nae. He-a pe on kalkalyom di mipanggep hi adol mu."""
,74,14,"Kanan Jesus di ""Takon di kalkalyok di mipanggep hi adol ku, mu makulug am-in te inilak di nalpuwak ya inilak di ahik pangayan. Dakayu ya uggeyu inilay nalpuwak ya nan ahik pangayan. 15,16,Athinay kalyon yu te nipuun hi punnomnom di taguy punnomnom yu. Mu adi athidin ha-on, te ha-oy ke ya niptok di punnomnom ku te bokon ha-oy ya abuy kon nomnom, mu nomnom min Ama an nangitud-ak ke ha-on."
,74,17,Takon nan nitudok an Tugun Moses ya kananay 'Hay iuh-un di duwan tagu ya makulug.'
,74,18,"Deket athidi ya makulug di kanalyok mipanggep hi adol ku te wadah Aman nangitud-ak ke ha-on an mangiuh-u."""
,74,19,"Ya kanan nadan Pharisee ke Jesus di ""Daanay kad-an amam?"" Kananay ""Uggeyak inilan dakayu, ta hidiye nan uggeyu damdama inilah Ama. Gulat nat inilaak ya inila yu damdamah Ama."""
,74,20,"Datuwey kinalin Jesus handih nuntuttuduwana nah Templo hi kad-an nan kahon an pangiamungan hi pihhun idat di tatagu, yaden maid di e nampap ke hiya te ugge ni-an nadatngan di tiempona."
,74,21,"Kanan bon Jesus di ""Umeyak ta ahiyak hamahamakon ke dakayu, mu maid di hilbina. Mate kayun ugge nakaan di liwat yu, ta hidiye nan adinadaman ekayu umali nah pangayak."""
,74,22,"Munhuhummangan nadan Judyun kanan day ""Kon nin mumpate, antipet kananay adinadaman etaku ume nah pangayana?"""
,74,23,"Kanan Jesus ke diday ""Dakayu ya tagu kayu ya abu, kinali hay punnomnom di wada tuh lutay punnomnom yu. Mu adi athidin ha-on te nalpuwak hi langit."
,74,24,"Kinalik ke dakayu an mate kayun ugge nakaan di liwat yu ya makulug an athidiy maat ke dakayu hin adiyu kulugon an ha-oy ya abuy Kristo an tinuddun Apu Dios an mangipaptok hi tagu."""
,74,25,"Ya kanan nadan Judyuy ""Kon dahdi ka?"" Ya kanan Jesus di ""Kinalik tuwali ke dakayu handi, takon ad uwani, mu adiyu kulugon."
,74,26,"Kalyok ot am-in di kinagaga-iho yu, mu kalyok ya abu nan dingngol ku nah nangitud-ak ke ha-on an makulug am-in di kalyona."""
,74,27,Am-in da nan nangngol ketuwe ya uggeda naawatan an hi Apu Dios di kalkalyon Jesus.
,74,28,"Kanan Jesus ke diday ""Hantuh ahiyu pangipatag-ayan ke ha-on an Panguluwan di tagu nah kaiw di ahiyu panginilaan hi kakulugana hin dahdiyak ya inilaon yu bon am-in nadan atok ya kalkalyok ya intuttudun Ama."
,74,29,"Hanan nangitud-ak ke ha-on ya wadan ha-on ta nangamung an adiyak taynan te atok am-in di pinhod na."""
,74,30,Kinalinah tuwe ya dakol day tatagun nangulug ke hiya.
,74,31,"Kanan Jesus nadah Judyun nangulug ke hiyay ""Deket itultuluy yun mangun-unud hi ituttuduk ya dakayuy makulug an mangulug ke ha-on"
,74,32,"ya inilaon yuy makulug mipanggep ke ha-on ya mapoppog di nihbutan yu."""
,74,33,"Kanan nadan udum an Judyu ke hiyay ""Dakamin holag Abraham ya maid di e nihbut ke dakami ot nangamung. Nganney pinhod mun kalyon nah kanam di mapoppog di kihbutan mi?"""
,74,34,"Hinumang Jesus an kananay ""Donglon yu tun kalyok, makulug an hay tagun gaga-ihoy at-attona ya hidiyey ininghaana te hiya ya himbut di liwat."
,74,35,"Hanan tagun himbut ya adi mibilang nah pamilyan kiha-ha-adana te hiya ya baalon ya abu ta takon di ngannen algo ya damanan palah-unon da nah bale, adi umat hi imbabale tuwalin nabalol ta nangamung nah pamilya."
,74,36,Ha-oy an Imbabalen Apu Dios ya kabaelak an bumaddang ke dakayu ta adiyu aton di gaga-iho ta hay maphod di aton yu. Kinali deket kulugonak ya mapoppog di nihbutan yu.
,74,37,"Inilak an holag dakayun Abraham, mu adi kayu umat ke hiya te dakayu ya pinhod yun patayonak te adiyu abuluton di ituttuduk."
,74,38,"Hay kalkalyok ya nadan tinibok ke Ama, mu dakayu ya un-unudon yuh amayu, ta hidiye nan gaga-ihoy at-atton yu."""
,74,39,"Kanan da boy ""Maid di udum hi ammod mi hin bokon hi Abraham."" Ya kanan Jesus di ""Gulat nat hi Abraham di ammod yu ya maphod ot di at-atton yun umat nadah inat na."
,74,40,"Mu adi, te dakayu ya pinhod yun patayonak te ipainilak di dingngol ku ke Aman hi Apu Dios. Hi Abraham ya maid di inat nah athidi."
,74,41,"Am-in kayu ya atoaton yuy umat hi atoaton amayu."" Ya kanan dan hiyay ""Kon pangalim on inlaglag-a kami? Man bokon kami inlaglag-a te wadah Apu Dios an hi Amami."""
,74,42,"Kanan Jesus di ""Gulat nat hi Apu Dios di Amayu ya pinhodak ot ke dakayu te hiyay nalpuwak. Immaliyak tuh luta te intud-akak ke hiya, adi gapu te pinhod ku."
,74,43,Adiyu maawatan di ituttuduk te adiyu pinhod an donglon.
,74,44,"Imbabale dakayu tut-uwa ahan ke Satanas te pinpinhod yun aton nadan pinhod na. Hiyay hinumlun hi katayan di tagu, ta hidiye nan ingganad uwani ya matey tagu. Adina pinhod di makulug te maid di makulug ke hiya. Hiyay kalpuwan di haul ya langkak te abunay hauhaul ya langkak an wadan hiya."
,74,45,Hidiye mo nan adiyak kulugon hi pangalyak hi makulug.
,74,46,Dahdin dakayuy mangalin waday liwat ku? Maid. Ya antipet takon di makulug di kalkalyok ya adiyu kulugon?
,74,47,"Hay makulug an tagun Apu Dios ya un-unudonay tuguna. Mu dakayu ya bokon dakayu tagun Apu Dios, kinali adiyu un-unudon di tuguna."""
,74,48,"Kanan nadan Judyu ke Jesus di ""Tibom! Makulug nan kanan min iSamaria ka an gaga-ihon tagu ya makulug bo an nahikpan kah diyablu."""
,74,49,"Hinumang Jesus an kananay ""Uggeyak nahikpan. Ha-oy ya daydayawok hi Ama yaden pihulonak ke dakayu."
,74,50,Mu takon di pihulonak ot bokon hay kidayawak di gamgamak te waday ohan naminhod an midayawak ya hiyay nanginila hin maphod di tagu weno adi.
,74,51,"Nomnomon yu tun kalyok, hay tagun un-unudonay ituttuduk ya adi mate."" 52,53,Kanan bon nadan Judyu ke Jesus di ""Ya- kon makulug an nahikpan ka! Kon uggem inilan hi apu Abraham ya handidan profetas ya man-u te natag-e saad da, mu nate da damdama? Kon pangalim on natagtag-e ka mu dida? Antipet kanam di adi mate nan tagun mangun-unud hi ituttudum, dahdi ka ni-bo?"""
,74,54,"Hinumang Jesus an kananay ""Deket ha-oy di mangipadayaw hi adol ku ya maid di hilbina, mu nan mangipadayaw ke ha-on ya hi Ama an hi Apu Dios an kanan yuy Dios yu."
,74,55,"Hay kakulugana ya uggeyu inilah Apu Dios, mu ha-oy ke ya inilak. Deket kanak di uggek inila ya umatak mon dakayun makallangkak. Mu ha-oy ke nimpe ya inilak, kinali paka-un-unudok di kalyona."
,74,56,"Hi Abraham an ammod taku ya nahalman di amlong na te ininnila nay algon aliyak tuh luta ot handih immannung ya ongal di amlong na."""
,74,57,"Kanan nadan Judyuy ""Makudang hi nalimay toon mu yaden tipet kanam di tinibom hi Abraham an nateh done?"""
,74,58,"Mu kanan Jesus di ""Makulug tun kalyok an wadaak tuwali ot ahi mitungoh Abraham."""
,74,59,"Kinalinah tuwe ya kahiaala nadan Judyuh batun panugmil dan hiya, mu nundalunu ot tumayan nah Templo."
,75,1,Mundaldallanan da Jesus ya waday tinibo dah tagun nakulap tuwali handih nitungowana.
,75,2,"Kanan nadan disipulosna ke Jesus di ""Apu, nganney gapunat nakulap an nitungo, kon gapuh liwat di ammod na weno hay liwat na?"""
,75,3,"Kanan Jesus di ""Bokon hinaey gapuna, mu nakulap ta mipatiboy ongal an kabaelan Apu Dios nah kakaanan di kulap na."
,75,4,Ad uwanin mapat-al ni-an ya aton taku nan ngunun indinol nan nangitud-ak ke ha-on te gagala ya mahilong ta maid moy aton takun mungngunu.
,75,5,"Ad uwanin wadaak tuh luta ya pat-alak di nomnom di tagu ta inilaon day makulug."""
,75,6,Handih kinali nah tuwe ya timmuppa nah luta ot umala nah tinuppaana ot idan-i nah matan nan nakulap
,75,7,"ot kananay ""Ume kat eka mun-ihu nah lobong ad Siloam."" (Hay kibalinan di Siloam ""Nitud-ak"".) Imme nan tagu ot e mun-ihu ya pakatibo nuppe ot umanamut."
,75,8,"Hanadan hinag-ona ya nadan nanibon hiya handih mungkodkoddo ya kanan day ""Kon bokon hiya nan tagun uumbun handi an mungkodkoddo?"""
,75,9,"Kanan di udum di ""Hiya ot."" Kanan bon di udum di ""Bokon hiya, mu hay ang-ang na ya kay hiya."" Ya kanan nan taguy ""Ha-oy hidiye."""
,75,10,"Kanan dan hiyay ""Nganney naat ta pakatibo ka mo?"""
,75,11,"Kananay ""Hanan tagun kanan dan hi Jesus ya timmuppa nah luta ot umala nah tinuppaana ot idan-i nah matak ot ahina kanan di eyak mun-ihu ad Siloam. Immeyak ot mun-ihuwak ya pakatibowak mo."""
,75,12,"Kanan dan hiyay ""Daan hidiyen tagu?"" Kananay ""Uggek inila."""
,75,13,In-e dah diyen nakaan di kulap na hi kad-an nadan Pharisee
,75,14,te kediyen nangiapuwapan Jesus hi pitok nah matan diyen tagu ot makaan di kulap na ya Sabadun Tungo.
,75,15,"Ot mahmahan bon nadan Pharisee ke hiya hin nganney innun di kulap nan nakaan ya kananan diday ""Timmuppah Jesus nah luta ot umala ot idan-i nah matak. Nun-ihuwak ya maid maptok ya pakatibowak mo."""
,75,16,"Hanadan udum an Pharisee ya kanan day ""Bokon hi Apu Dios di nangitud-ak ketuwen tagu te adina un-unudon di tugun an mipanggep hi Sabadun Tungo."" Mu kanan nadan udum di ""Nganney innunan nangat hi milagro hin makulug an naliwat?"" Hidiyey hinumlun hi nagodwaan nadan Pharisee mipanggep ke Jesus."
,75,17,"Kanan da bo nah nakaan di kulap nay ""Nganney pangalim mipanggep nah tagun nangaan hi kulap mu?"" Ya kananay ""Hiya ya profetas Apu Dios."""
,75,18,Hanadan Judyu ya adida kulugon an nan tagu ya nakulap tuwali handih nitungo ot ipaayag da nadan aammod na ot mahmahan da.
,75,19,"Kanan dan diday ""Kon imbabale yuh tuwe? Kon nakulap tuwali handih nitungowana? Nganney innunat pakatibo mo?"""
,75,20,"Kanan nadan aammod nay ""Om, hiya ya imbabale min nakulap tuwali handih nitungowana."
,75,21,"Mu uggemi inila hin nganney innunan e nakaan di kulap na ya dahdiy nangaan. Mahmahan yun hiya ot kat-agun inila nan humumang."""
,75,22,Hituwey kinalin nadan ammod na te tumakut da nadah ap-apun di Judyu te kanan day hana ken tagun mangalin hi Jesus di tinuddun Apu Dios an Kriston mangipaptok hi tagu ya adida paghopon nah simbaan ta adi mo mabalin an mundayaw hidi.
,75,23,"Kinali kanan nadan ammod nay ""Hiyay punmahmahan yu ot kat-agu."""
,75,24,"Impaayag da bo nan nakaan di kulap na ot kanan dan hiyay ""Hi Apu Dios di dayawom te hiyay nangaan hi kulap mu, bokon hi Jesus te inila min hiya ya naliwat."""
,75,25,"Kanan nan taguy ""Uggek inila hin naliwat weno ugge. Hay inilak ya abu ya nakulapak ni-an, mu ad uwani ya pakatibowak."""
,75,26,"Kanan dan hiyay ""Nganney inat nan he-a? Nganney innunan nangaan hi kulap mu?"""
,75,27,"Ya kananan diday ""Kinalik ot bon dakayu, mu adiyu donglon. Kon tipe-, pinhod yu bon donglon? Kon pinhod yu damdaman mangun-unud ke hiya?"""
,75,28,"Pinadngolan da ot kanan day ""He-a pe ya abuy mangun-unud ke hiya, te dakami ke pe ya hay Tugun Moses di un-unudon mi."
,75,29,"Inila min nakihummangan hi Apu Dios ke Moses, mu nan kanam an tagun nangaan hi kulap mu ya uggemi inila."""
,75,30,"Kanan nan nakaan di kulap nay ""Ag-agam kayu! Kanan yuy uggeyu inila yaden hiyay nangaan hi kulap ku."
,75,31,"Inila takun hi Apu Dios ya adina donglon di dasal di naliwat an tagu, mu nadan tatagun manaydayaw ke hiya ya mangat hi pinhod na ya donglonay dasal da."
,75,32,Nipalpu handih naltuwan di luta ingganad uwani ya maid di etaku dingngol hi tagun ena kinaan di kulap di ohan nakulap nipalpuh nitungowana.
,75,33,"Ta hidiye nan gulat nat bokon hi Apu Dios di nangitud-ak ke hiya ya maid ot kumay kabaelana."""
,75,34,"Ya bimmoh-ol nadan Pharisee ot kanan dan hiyay ""Nakaliwwat ka tuwali handih nitungowam, kon tuttuduwan dakamin he-a?"" Ot palah-unon da nah simbaan."
,75,35,"Dingngol Jesus di nangipalah-unan dan diyen tagu ot handih dinatngana ya kananan hiyay ""Kon kulugom nan Panguluwan di tagu?"""
,75,36,"Ya kananay ""Apu, dahdih diyen kanam? Kalyom ke ha-on ta kulugok."""
,75,37,"Kanan Jesus di ""Tinibom te hiyah tuwen makihumhummangan ke he-a."""
,75,38,"Ya kananay ""Apu, kulugon dakan ha-on."" Ya nundukkun ot dayawonah Jesus."
,75,39,"Ot kanan Jesus di ""Immaliyak hituh lutan e mangipainilan Apu Dios ta mainila nadan nakulap ya nadan ugge nakulap. Ta nadan nakulap an pinhod dan inilaon di mipanggep ke hiya ya makaan di kulap da, mu nadan kalyon day inila dah Apu Dios, mu hi kakulugana ya ugge da, ya diday makulug an nakulap."""
,75,40,"Hanadan udum an Pharisee an wadah kad-ana ya kanan day ""Kon hay kanam ya nakulap kami damdama?"""
,75,41,"Kanan Jesus ke diday ""Gulat na ot ta abuluton yun makulug an nakulap kayu ya makaan ot di liwat yu. Mu gaput kanan yuy ugge kayu nakulap ya munnanong di liwat yu."""
,76,1,"2,Intuluy Jesus an kananay ""Donglon yu tun kalyok ke dakayu. Hanan tagun mumpaptok hi kalnero ya idalanah hoob di pukungan, adi umat nah mangakon idalanah hinnatkon."
,76,3,Deket nan mumpaptok di humgop ya ibughulan nan mungguwalya nah hoob nan pukungan. Hanadan kalnerona ya imatunan day kalina te ohhaohhaona didan ngadanon on ahina impalah-un.
,76,4,Ta ipanguluna didan e ipattol ya miunud dan hiya te ininghaan day kalina.
,76,5,"Mu deket hay udum an tagun uggeda inila ya adida un-unudon, mu bumtik da te uggeda impainghay kalina."""
,76,6,Hituwen inab-abig Jesus ya ugge naawatan nadan tatagu.
,76,7,"Ot kanan mon Jesus di ""Kalyok ke dakayu, makulug an ha-oy di kialigan diyen hoob an pangidalanan nadan kalneron ume nah pukungan da."
,76,8,"Am-in nadan namangulu mu ha-on an kanan day dida nan hoob ya umat da nah mangako, kinali ugge inun-unud nadan kalnero dida."
,76,9,Ha-oy nimpey mialig an hoob di pukungan di kalnero ta hanan mangidalan ke ha-on ya mihwang te ipaptok ku didan umat hi pamaptok di mumpattol hi kalneron deke on impalah-una didat ena dida impattol on ahina bo impaghop dida.
,76,10,"Hanan mangako ya umali ya abun e mangako, pumate ya dumadag, mu ha-oy ke ya immaliyak an mangidat hi biyag an maid di kudang na."
,76,11,"Ha-oy ya umatak nah maphod an tagun mumpaptok hi kalneron ikate nay pamaptok na nadah kalnerona. 12,13,Mu nan matangdanan an mumpaptok hi kalnero ya adi miingngo nah kon kalneroy pangikaguna nadah kalnero. Man-uke ya bokon hiyay kon kalnero. Te gulat nat waday umalih ahun mangan hi kalnero ya bumtik hituwen mumpaptok ta pungkan mon di ahuy udum ya pumpudug nay udum ta mahiyak da."
,76,14,Ha-oy di kialigan nan maphod an tagun mumpaptok hi kalnero. Impakainnilak nadan tataguk an mialig an kalnerok ya impakainnilaak damdaman dida.
,76,15,Umat ke dakamin Aman impakainnilaak ke hiya ya athidi bon ha-oy an impakainnilak hiya. Umatak nah tagun pakaippaptok nay kalnerona te ha-oy ya ikatek di pamaptok kuh tataguk.
,76,16,"Wadaday udum an tatagun adida mangulug ke ha-on ad uwani, mu hi udum hi algo ya pangulugok didat am-in nadan ahi mangulug ke ha-on ya mun-uunnud da ta ha-oy ya abuy ahi mumpaptok ke didan am-in ta kay da ohan halun an kalneron ohay mumpaptok."
,76,17,Impakappinhodak ke Ama te ikatek di kiphodan di tatagut miunnud nah pinhod na. Ahiyak mateyak ta waday atok an mamahuwan.
,76,18,"Hi Amay nangidat hi kabaelak an mangiwalak ya mamangngad hi biyag ku, kinali adinadaman patayonak hin adik pinhod, mu mateyak hin pinhod ku."""
,76,19,Dingngol nadan Judyuh tuwen kinalin Jesus ya nagodwa da.
,76,20,"Kanan di udum ke diday ""Antipet etaku dongdonglon di kalina yaden mun-ango te nahikpan hi dimonyo?"""
,76,21,"Mu kanan di udum di ""Adi mabalin an athinay pungkalkallin di nahikpan. Oha bo ya kon waday kabaelan di dimonyon mangaan hi kulap?"""
,76,22,Indani ya nadatngan bo nan piyestad Jerusalem an panginomnoman nadan Judyuh niphodan nan Templo da. Kediyen tiempo ya ahi kotolan.
,76,23,Hi Jesus ya e nundaldallanan nah kanan dan balkon Solomon nah Templo.
,76,24,"Wadada boy Judyun naamung hi kad-ana ot kanan dan hiyay ""Kalyom ke dakamiy makulug hin he-a nan tinuddun Apu Dios an Kriston mangipaptok hi tagu weno bokon, ta adi kami munhalinduwa."""
,76,25,"Ot kanan Jesus di ""Kinalik ke dakayu, mu adiyu kulugon. Hanadan milagron atoatok gapuh ongal an kabaelak an indat Aman ha-oy ya dadiyey pangitib-an yun intud-akak ke hiya,"
,76,26,mu adi kayu mangulug te ugge kayu tuwali nibilang an taguk.
,76,27,Hanadan tataguk ya donglon day kalik ya un-unudonak an umat nadah kalneron madinol da nah mangipaptok ke dida.
,76,28,Dadiyen tataguy idatak hi biyag an maid di poppog nat adida mihi-an ke Apu Dios. Ya adinadaman waday e mamlon dida ke ha-on.
,76,29,"Te hi Aman nangipangulug ke didan ha-on ya ongal an kabaelanan maid di miingngon hiya, kinali maid di ohan kabaelanan e mamlon dida ke hiya."
,76,30,"Dakamin Ama ya oha kami."""
,76,31,Ya kahiaala nadan Judyuh batun panugmil dan Jesus.
,76,32,"Ot kananan diday ""Inainat kuy maphod an kinalin Aman atok, mu ngannen dadiyey lummuh eyu panugmilan ke ha-on?"""
,76,33,"Ya kanan nadan Judyuy ""Bokon nadan maphod an inainat muy emi panugmilan ke he-a, mu gapu te hay panaltalanggaam ke Apu Dios an kanam di he-a ya hi Apu Dios ya oha kayu. He-a ya tagu ka ya abu, mu kanam di he-ah Apu Dios."""
,76,34,"Mu kanan Jesus ke diday ""Wada nan nitudok an kalin Apu Dios an kananay 'Dakayu ken tatagu ya dios kayu damdama.'"
,76,35,Adinadaman etaku iwalong di kalin Apu Dios ya nomnomon takun handidan profetas an nangitanuttuduh kalina ya tobalona didan kananay kay da dios damdama.
,76,36,"Ne deket athidi, tipet kanan yuy taltalanggaak hi Apu Dios hi pangalyak an ha-oy di Imbabalena? Makulug an ha-oy di tinudduna ya intud-ak nan umali tuh luta."
,76,37,Deket adi mainila nadah atoatok an hi Amay nangipangunu ke dadiye ya takomboy adiyak kulugon ke dakayu.
,76,38,"Ya takon di adiyak kulugon, mu kulugonak ni-mo gapu nadah milagron inat ku ta inilaon yu ya maawatan yun hi Ama ya wadan ha-oy ya athidi bon wadaak ke hiya."""
,76,39,"Gapu ketuwen kinalin Jesus ya eda ot bo dopapon, mu na-ala ya mange."
,76,40,Ot ume bon nah Wangwang an Jordan ot mihmihdi nah kad-an di numbonyagan Juan hi tatagu.
,76,41,"Indani ya dakol day immalih kad-ana ya munhimbabaggaan dan kanan day ""Maid di inat Juan hi milagro, mu am-in nan kinalikalinan mipanggep ketuwen tagu ya makulug."""
,76,42,Ot dakol nadah tataguh diy nangulug ke Jesus.
,77,1,Wada nan mundogod Betania an hi Lasarus. Waday duwan binabain tulangna an da Maria ke Marta.
,77,2,Hi Maria ya hiyay nunlanah hukin Jesus ot dan-iyanah buuk na.
,77,3,"Immitud-ak dadiyen tulang Lasarus hi e mangipainilan Jesus an kanan day ""Apu, mundogo nan gayyum mun impakappinhod mu."""
,77,4,"Dingngol Jesus ya kananay ""Adina ikateh diyen dogona, mu hidiyey kitib-an di ongal an kabaelan Apu Dios ta kidayawana ya kidayawak damdaman Imbabalena."""
,77,5,"Takon di ongal di impaminhod Jesus nadah hintutulang an da Maria, hi Marta ya hi Lasarus"
,77,6,ya hin-od na ni-an di duway algo ot ahi umen e nanibon Lasarus.
,77,7,"Nagibbuh diyen duwan algo ya kananan hanadah disipulos nay ""Mibangngad taku bod Judea."""
,77,8,"Mu kanan dan hiyay ""Apu, ihik nadan Judyuh din patayon daka ta nganne boy etaku kibangngadan hidi?"""
,77,9,"Ya kanan Jesus di ""Hay algo ya nagodwa, waday mapat-al ya waday hilong. Hay tagun mundallanan hi mapat-al ya adi mun-oga te matiboy dalan."
,77,10,"Mu nan tagun mundallanan hi hilong ya mun-oga te tapol an adi matibo."""
,77,11,"Ya kanana boy ""Hi Lasarus an gayyum taku ya nahuyop, mu umeyak ta ek bangunon."""
,77,12,"Ot kanan dan hiyay ""Apu, maphod hin nahuyop ta waday atonan pumhod."""
,77,13,"Mu hay pinhod Jesus an kalyon ya nateh Lasarus, yaden kanan da pe on hay kanana ya nahuyop ya abu."
,77,14,"Ot kalyon mon Jesus di ""Nateh Lasarus."
,77,15,"Mu maphod ta maidak hidi handih natayanat waday aton yun maniboh atok ta mihamad di pangulug yun ha-on, kinali makayu ta ume taku."""
,77,16,"Hi Tomas an kanan dan hi Dappil, ya kananan hanadah ibba nay ""Maki-e takun am-in ta makikate takun Jesus."""
,77,17,Handih dimmatong da Jesus hidid Betania ya dingngol dan opat di algoy nala-uh nilubukan Lasarus.
,77,18,Hidiyen bobled Betania ya nih-up ad Jerusalem an tulun kilometroy nundinnawwiyan da.
,77,19,Kinali dakol day Judyun iJerusalem an immen e mangal-alubyag ke Marta ya hi Maria mipanggep hi natayan tulang da.
,77,20,"Handih dingngol Martan mangali da Jesus ya immen e manamun dida, mu hi ke Maria ya nibatih baleda."
,77,21,"Handih nundadammu da ya kanan Marta ke Jesus di ""Gulat nat immal-aliyan ka ya ugge ot nateh tulang ku."
,77,22,"Mu takon, inilak an takon di nganney ibagam ke Apu Dios ya atona."""
,77,23,"Kanan Jesus di ""Tumaguh tulang mu."""
,77,24,"Kanan Martay ""Inilak an ahi tumagu hantuh kamahuwan am-in di nate hantuh udidin di algo."""
,77,25,"Ya kanan Jesus ke hiyay ""Ha-oy di munmahuh nate ya ha-oy di kalpuwan di biyag. Hanan tagun mangulug ke ha-on ya takon di nate ya nanongnay biyag nah kad-an Apu Dios ya tumaguh ohan algo."
,77,26,"Ta hidiye nan am-in di tagun mangulug ke ha-on ya adida mate te waday biyag dan maid di poppognan malpun ha-on. Kon kulugom?"""
,77,27,"Kanan Marta ke hiyay ""Om, Apu, kulugok an he-ah Kriston tinuddun Apu Dios an mangipaptok hi tagu ya kulugok an Imbabale dakan Apu Dios. He-a nan hinhin-od min umali tuh luta."""
,77,28,"Kinalin Martah tuwe ot umen e mangayag ke tulang nan hi Maria. Ingkutyam nan kananay ""Immali nan Ap-apu takun pun-ibaga daka."""
,77,29,Handih dingngol Maria ya nangintataddog ot ena damuwon hi Jesus.
,77,30,Ugge ni-an dimmatong da Jesus nah boble te nanongnan dehdi da nah e nanamuwan Martan dida.
,77,31,Handih tinibon nadan Judyun immen e mangal-alubyag an limmah-un hi Maria ya niunud dan hiya te kanan da nin on umen e kumga nah lubuk tulang na.
,77,32,"Dimmatong hi Mariah kad-an da Jesus ya nundukkun hi hinangngab na ya mungkogan kananan hiyay ""Gulat nat immal-aliyan ka ya ugge ot nateh tulang ku."""
,77,33,Handih tinibon Jesus an mungkogah Maria ya nadan Judyun niunud ke Maria ya namahig di homok nan dida.
,77,34,"Ot kananay ""Daanay nangilubukan yun hiya?"" Kanan day ""Apu, ume takut etaku tibon."""
,77,35,Ya takon hi Jesus ya munluluwa.
,77,36,"Ot kanan nadan Judyuy ""Impakappinhod nan abu nan nate."""
,77,37,"Ya kanan bon di udum di ""Hiyay nangaan hi kulap nan ohan tagu ya gulat na ot ta wadah tu ya kinaana damdamay dogon Lasarus ta ugge ot nate."""
,77,38,Nanongnan namahig di homok Jesus ke dida ot handih dimmatong da nah gungat an liyang an natangoban hi batu
,77,39,"ya kananay ""Kaanon yu nan batu."" Kanan Marta an tulang nan natey ""Apu, adi te makahammuy mo pe, man-uke ya opat di algoy nala-uh natayana."""
,77,40,"Kanan Jesus ke hiyay ""Kinalik ke he-an deket waday pangulug mu ya maawatam di kinatag-en Apu Dios."""
,77,41,"Kinaan da nan batu ot itangad Jesus hi kabunyan ot kananay ""Ama, mumpasalamatak te dingngolak ke he-a."
,77,42,"Inilak an donglonak ta nangamung ke he-a, mu impadngol kuh tuwen kalik hantudah tatagut kulugon dan intud-akak ke he-a."""
,77,43,"Indani ya inlot Jesus di kalinan kananay ""Lasarus, bumudal ka."""
,77,44,"Ya bimmudal hi Lasarus an nanongnan nalibbutan di hukina ya taklena ya hinnatkon bo tuwaliy libbut di uluna. Kanan Jesus ke diday ""Kaanon yuy libbut nat waday innunan umanamut."""
,77,45,Dakol nadah Judyun naki-ki-en Mariay nangulug mon Jesus gapu tinibo dan inat na.
,77,46,Mu imme day udum an e nangidatdatong hi inat Jesus nadah Pharisee.
,77,47,"Ot maamung nadan ap-apun di padi, nadan Pharisee ya nadan ap-apun di Judyu ot kanan day ""Nganney aton taku, deyan tagan diyen taguy patiboh milagro?"
,77,48,"Adi taku ke ipatikod ya loktat ta mangulug dan am-in di tatagun hiya ya bumoh-ol nadan ap-apud Roma ta immam-anan kaanon day lebbeng takun mangat nadah pangi-e takun Judyu ya pa-iyon da nan Templo taku."""
,77,49,"Kediye ya hi Kaypas di natuddun natag-en padi. Kanana nadah ibbanay ""Ya kon maid di inila yu."
,77,50,"Kon uggeyu inilan kudukdul nay mateh tuwen ohan tagut kiphodan am-in di tagu mu nan etaku madadag am-in?"""
,77,51,"Hituwen kinalin Kaypas an mateh Jesus hi kiphodan di Judyu ya ugge nalpuh nomnom na, mu impainilan Apu Dios ke hiya te hiyay natuddun natag-en padi kediyen toon."
,77,52,"Hay katayan Jesus ya bokon kiphodan ya abun nadan Judyu, mu kiphodan damdaman am-in di tagun Apu Dios an nihinap hi kabobboblet miohha dan mangulug ke hiya."
,77,53,Nipalpun diyen algo ya humanuhummangan nadan ap-apun di Judyu hi aton dan mamaten Jesus.
,77,54,Ta hidiye nan intikod mon Jesus an e muntuttudu nadah Judyu ot tayanan day Judea ot maki-e nadan disipulosnan hiyad Eplaim an nih-up nah adi maboblayan ot miha-ad da ni-an hidi.
,77,55,Tuwen madatngan nan Piyestan Nala-uwan di Anghel Apu Dios ya dakol day Judyuh kabobboblen immed Jerusalem ta eda aton di pangi-e dah pundadaanan dan makipiyesta.
,77,56,"Hamahamakon dah Jesus ot handih naamung da nah Templo ya waday oha on kananay ""Nganne nin, umalin makipiyestah Jesus weno adi?"""
,77,57,"Man-uke ya kanan nadan ap-apun di padi ya nadan Pharisee nadah tataguy ""Wada ken dakayuy nanginilah kad-an Jesus ya umalih kad-an min mangipainilat emi dopapon."""
,78,1,Waday onom an algot ahi madatngan nan Piyestan di Nala-uwan di Anghel Apu Dios ya imme da Jesus ad Betania an boblen Lasarus an minahuwan Jesus.
,78,2,Hanadan bimmoble ya nundadaan dah makan hi ipakan dah datngan da Jesus ya hi Martay nangipaptok hi kanon da. Ot mangan da ya hi Lasarus ke ya nakihayuyung ke dida.
,78,3,Hi Maria ya inalana on butilyan naha-adan hi nakangnginan bangbanglun lanan nard ot umiduyag hi hukin Jesus ot dan-iyanah buuk na. Ot mapnu nan bohongnan di baleh hamuy na.
,78,4,"Hi Judas Iscariote an disipulos Jesus an hiyay mangihdul ke hiya ya tinomyo na nan inat Maria an kananay 5""Ayyokah naen bangbanglun lana! Gulat nat nigattang ya ongal ot an pihhun midat nadah nawotwot."""
,78,6,"Kay hanan ikakagu na nadan nawotwot nah kalina, mu adi kaya te hiya ya makangngako. Hay ngununa ya hiyay mangmangdon hi pihhun oggan idat di tatagun didan disipulos, mu oggana italuy udum."
,78,7,"Kanan Jesus di ""Nangamung pen hiya te hinaen lana ya induddulina tuwalin miusal ke ha-on an mialig an pundadaana hantuh kilubukak."
,78,8,"Hanadan nungkawotwot an pangidatan yuh baddang yu ya wadadat nangamung, mu ha-oy ke ya adiyak makihkihtun dakayu ta nangamung."""
,78,9,"Indani ya ininnilan di dakol an Judyun wadah Jesus ad Betania ya mangali dan am-in hidi. Bokon hiya ya abuy eda tibon, mu pinhod da damdaman tibon hi Lasarus an minahuwana."
,78,10,Ta hidiye nan inhuhummangan nadan ap-apun di papadin pipate da damdamah Lasarus
,78,11,gapuh nunmahuwan Jesus ke hiyay hinumlun hi dakol day nangiwalong hi pangi-en di Judyu ta hi Jesus moy kulugon da.
,78,12,Nabigat ya dingngol nadan dakol an tatagun e makipiyestad Jerusalem di aliyan Jesus hidi
,78,13,"ot eda mangalah tubun di palma ot eda damuwon hi Jesus. Kahitutukuk dan kanan day ""Madayaw hi Apu Dios! Madayaw hantun intud-ak na! Hiyay Patul di Israel."""
,78,14,"Tinibon Jesus on ka-ongalnan donkey ot hidiyey puntakkayana. Hituwey immannungan nan impitudok Apu Dios an kananay 15""Adi kayu tumakut an iJerusalem te mangali nan Patul yun nuntakkeh ka-ongalnan donkey."""
,78,16,Hanadan disipulos Jesus ya adida ni-an maawatan datuwen ma-ma-at. Handi nuppeh namahuwan ot tumalakdang hi langit di nun-awatan dan am-in ke dadiyen na-na-at ya hidiyey immannungan am-in nan nitudok mipanggep ke hiya.
,78,17,Am-in da nan tatagun naniboh nunmahuwan Jesus ke Lasarus ya eda kinalih katagutagu.
,78,18,Hidiyen milagron inat nay gapunah dakol day immen e nanamun hiya.
,78,19,"Wada moy oha nadah Pharisee on kananay ""Daan ot hinat etaku impatikod hi Jesus? Tibon yu ke, am-in di tagu ya hiya moy daydayawon da."""
,78,20,Wadaday Greek an immalid Jerusalem an nakipiyesta.
,78,21,"Imme dah kad-an Felipe an iBetsaidad Galilee ot kanan dan hiyay ""Apu, pinhod min makihummangan ke Jesus."""
,78,22,E kinalin Felipe ke Andres ot ume dan duwah kad-an Jesus ot eda kalyon ke hiya.
,78,23,"Kanan Jesus ke diday ""Nadatngan moy gintud Apu Dios hi kipatib-an di kidayawak an Panguluwan di tagu."
,78,24,Donglon yu tun kalyok ke dakayu. Hay buwa ya mahapul an mitanom ta ahi dumakol.
,78,25,Hay tagun hay nitaguwana tuh luta ya abuy nonomnomona ya mihi-an ke Apu Dios ta nangamung ya maid di biyag nan munnananong. Mu nan tagun bokon hay nitaguwana tuh lutay nonomnomona ya waday biyag nan maid di poppog na.
,78,26,"Hay tagun naminhod an munhilbin ha-on ya mahapul an un-unudonak ke hiya ta takon di daanay kad-ak ya dehdi damdama ya hiyay ipadayaw Aman hi Apu Dios."""
,78,27,"Ya kanan bon Jesus di ""Mabulunak nah ahik punholholtapak, mu takon di athidi ya adik ibaga ke Amat ihwangak hi kate te hituwey gapunah immaliyak hituh luta."""
,78,28,"Nagibbun kinali nah diye ya mundasal an kananay ""Ama, ipatibom di kinatag-em."" Ya waday kimmalih langit an kananay ""Impatibok tuwali handiy kinatag-ek nadah inat mu, mu ipatibok bo."""
,78,29,Dingngol nadan naamung hidiyen kali ya kanan di udum on kidul. Hanadan udum ya kanan day anghel Apu Dios an nakihummangan ke hiya.
,78,30,"Ya kanan Jesus di ""Hidiyen dingngol yu ya bokon ha-on, mu dakayuy gapunah nangipadngolan Apu Dios kediye ta inilaon yun dingngol na nan kinalik ke hiya."
,78,31,Tuwen madatngan di kahumalyaan nadan adi mangulug ke ha-on ta makastigu da. Ya gapuh maat ke ha-on ya mainilay kaapputan Satanas an ap-apun tuh luta.
,78,32,"Hantuh ahik kipatag-ayan ya pangulugok di tatagu."""
,78,33,Kinali nah tuwet ipainila nah tataguy ine-en di ahina katayan.
,78,34,"Ya kanan nadan naamung di ""Hanah Tugun Moses ya kananay adi mateh Kristo, mu antipet kanam di ahi mate nan Panguluwan di tagu? Dahdih diyen kanam an Panguluwan di tagu?"""
,78,35,"Kanan Jesus ke diday ""Ha-oy di mamat-al hi nomnom yu ta maawatan yuy makulug, mu adi mabayag di pakiha-adak ke dakayu. Kinali ad uwanin wadaak ni-an ya un-unudon yuy ituttuduk ta adi kayu kay wadah tapol. Hanan tagun mundallanan hi tapol ya uggena inilay pangayana."
,78,36,"Ta hidiye nan kanak di ad uwanin wadaak ni-an an mamat-al ke dakayu ya mangulug kayun ha-on ta mapat-alan kayu.""Kinalin Jesus hituwe ot tumayan ot ugge numpatibon dida."
,78,37,Takon di tinibotibon nadan Judyu datuwen dakol an milagron inat Jesus ya hiya damdaman adida mangulug ke hiya.
,78,38,"Hituwey immannungan din kinalin Isaiah an profetas an kananay""Apu Dios, an dahdiy mangulug nadah ipainila mi? Ya dahdi da moy nangipatib-am hi ongal an kabaelam?"" 39,40,Hituwe boy kinalin Isaiah mipanggep hi adida pangulugan, kananay""Hi Apu Dios ya kinulap na dida ya impakulhi na boy nomnom da, ta hidiye nan adida pakatibo, adida pakaawat hi pangi-ena ya adida muntutuyuh liwat da. Gulat nat adida athidi ya maawatan day mituttudun didat muntutuyu dah liwat dat paphodona dida."""
,78,41,Datuwey kinalin din hi Isaiah mipanggep ke Jesus te tinibo nah in-inop nay dayaw Jesus.
,78,42,"Takon di athidin dakol day adi mangulug ke Jesus ya dakol da damdama nadah ap-apun di Judyuy nangulug ke hiya, mu adida ipainila te tumakut dah pangaanan nadan Pharisee ke dida nah simbaan da."
,78,43,Te dida ya hay pambalan di ibbadan taguy gagamgaman dan bokon hay pambalan Apu Dios ke dida.
,78,44,"Inlot Jesus di kalinan kananay ""Hay tagun mangulug ke ha-on ya mangulug damdaman Apu Dios an nangitud-ak ke ha-on."
,78,45,Athidi bon nan tagun manginilah kakulugana hin dahdiyak ya inilaona damdama nan nangitud-ak ke ha-on.
,78,46,Te ha-oy ya immaliyak hituh luta ta pat-alak di nomnom di tagut inilaon dah Apu Dios ta am-in da nan mangulug ke ha-on ya adida mo kay wadah tapol.
,78,47,"Hanan tagun mangngol hi kalyok, mu adina un-unudon, ya adik humalyaon te hay immaliyak tuh luta ya mangihwang hi tagu, bokon hay munhumalya."
,78,48,Nangamung hantuh kadatngan di algon kahumalyaan di taguy ahi kakastiguwan nadan tatagun kahing ke ha-on ya adi mangulug hi kanalyok. Dadiyen kinalik di kipuunan di kahumalyaan da
,78,49,"te dadiye ya ugge nalpuh nomnom ku ya abu, mu nalpun Aman nangitud-ak ke ha-on."
,78,50,"Ya deket kulugon di tagu dadiyen kalin Ama ya waday biyag dan maid di poppog na. Kinali am-in nadan kinalin Aman ha-on ya dadiyey kalyok."""
,79,1,Kediyen hilong an hi kabigatana ya hidiyey kilappuwan di Piyestan di Nala-uwan di Anghel Apu Dios ya inilan Jesus an hidiyen hilong moy udidin di pakiha-adana tuh luta te mibangngad moh kad-an Amanah langit. Impakappinhod nay tataguna tuh luta ya ad uwani moy pangipatib-ana ke diyen ongal an impaminhod nan dida.
,79,2,Handih mangan da Jesus ya impanomnom Satanas ke Judas Iscariote an imbabalen Simon di atonan mangihdul ke Jesus.
,79,3,Hi Jesus ya inila nan indat Amanan am-in di kabaelanan hiya ya inila nan hiyay nalpuwana ya inila bon ahi mibangngad ke Amana.
,79,4,Indani ya timmaddog ot kaanonay bulwatina ot alana nan tuwalya ot iawako nah gitang na.
,79,5,Immiduyag hi danum nah palanggana ot pun-ulahanay hukin nadan disipulosna on dinan-iyana nah tuwalyan in-awako na.
,79,6,"Indanit nadatngan hi Simon Pedro ya kananay ""Apu, tipe mo ahan ta he-ay mangulah hukik?"""
,79,7,"Kanan Jesus ke hiyay ""Adim ni-an maawatan tun at-attok, mu indani ot maawatam."""
,79,8,"Kanan Pedro ke hiyay ""Adi mabalin an ek paula uppe ahan di hukik ke he-a."" Ya kanan Jesus ke hiyay ""Deket adi daka ulahan ya bokon daka mo disipulos."""
,79,9,"Ot kanan Simon Pedroy ""Deket athina ne pakiulam boh moy taklek ya hay uluk."""
,79,10,"Mu kanan Jesus di ""Hanan tagun nun-amo ya malini ta ammunay hukinan ulahan te hidiyey nahuhupuk hi ena nundanallanan. Dakayu ya malini kayu, mu waday ohan adi."""
,79,11,"Man-uket kinalinah tuwe ya inilana nan ahi mangihdul ke hiya, kinali kananay adida malinin am-in."
,79,12,"Nagibbun inulahan Jesus di hukida ya numbulwati bo ot umbun ot kananan diday ""Kon inila yuy gapunah nangulahak hi hukiyu?"
,79,13,Kanan yuy ha-oy di mittuluyu ya Apu yu ya makulug hinaen kinali yu.
,79,14,"Takon di ha-oy di mittuluyu ya Apu yu ya kayak muttatyun dakayu te ulahak di hukiyu, athidi damdamay aton yuh ibbayu."
,79,15,Hituwen inat kuy pangiun-unudan yu.
,79,16,"Donglon yu tun kalyok ke dakayu, makulug an hay muttatyu ya adi natagtag-e mu hay apuna. Ya athidi bo nan nitud-ak an adi natagtag-e mu nan nangitud-ak ke hiya."
,79,17,Deket naawatan yu datuwen kinalik ya aton yu ta umamlong kayu.
,79,18,Mu bokon dakayun am-in di pangalyak ketuwe. Ha-oy ya impakainnilak di hin-oh-an dakayun pinilik. Mu ahi umannung nan impitudok Apu Dios an kananay 'Hanan ohan disipulos an nakikakikan ke ha-on ya hiya ot ya abuy ahi mangihdul ke ha-on.'
,79,19,Kalyok hituwed uwanin ugge ni-an naat ta deket umannung ya ahiyu kulugon an ha-oy ya abuy Kristo an tinuddun Apu Dios an mangipaptok hi tagu.
,79,20,"Kalyok ke dakayun makulug an hay tagun mangabulut hi intud-ak ku ya abulutonak damdama. Ya hay tagun mangabulut ke ha-on ya abulutona damdamah Apu Dios an nangitud-ak ke ha-on."""
,79,21,"Kinalin Jesus hituwe ya mahakit di nomnom na ot kananay ""Hituwey kalyok, waday ohan dakayun ahi mangihdul ke ha-on."""
,79,22,Munhintotokkolan da te uggeda inila hin dahdin diday kanan Jesus.
,79,23,Nihag-on ke Jesus nan oha nadah himpulut duwan disipulosnan impakappinhod na ot hiyay
,79,24,"pangikutyaman Simon Pedron kananay ""Ibagam ya- ke hiya hin dahdin ditaku nan kanana."""
,79,25,"Ot ibagan tuwen nangikutyaman Pedro ke Jesus an kananay ""Apu, dahdin dakami nan kanam?"""
,79,26,"Ya kanan Jesus di ""Itam-ol ku tun tinapay ta nan tagun pangidatak ya hiyah diye."" Ot itam-ol na nan tinapay ya hi Judas Iscariote an imbabalen Simon di nangidatana."
,79,27,"Handih dinawat Judas nan tinapay ya nihkop hi Satanas ke hiya ot kanan Jesus ke Judas di ""Gal-am ta atom mo nan nomnomnomom an aton."""
,79,28,Maid nadah nakikan ke Jesus di nun-awat ketuwen kinalinan Judas.
,79,29,Hanadan udum an ibbada ya kanan da pe on kinalin Jesus hituwe te pinhod nan e gumatang hi Judas hi mahapul da nah piyesta weno ena idat nan pihhu nadah nawotwot te hiyay mangmangdon hi pihhuda.
,79,30,Kinan Judas nan tinapay an indat Jesus ya limmah-un ot tayanana dida yaden nahilong mon diye.
,79,31,"Imme moh Judas ya kanan Jesus di ""Nadatngan moy kipatib-an di kidayawak an Panguluwan di tagu. Ad uwani moy pangipatib-ak hi dayaw Apu Dios."
,79,32,Deket midayaw hi Apu Dios gapu ke ha-on ya athidi bon ipadayawak ke hiya ya maid uhup ya atonah tuwe.
,79,33,"Kalyok ke dakayun iibban nakatang mo ya abuy pakiha-adak ke dakayu. Indanit maidak ya eyak hamahamakon ke dakayu, mu kalyok bon dakayu nan kinalik nadah Judyu an adinadaman ekayu miunud nah pangayak."
,79,34,Ya hay balun itugun kun dakayu ya munhimpopohhodan kayu. Munhimpopohhodan kayu umat hi impaminhod kun dakayu.
,79,35,"Deket munhimpopohhodan kayu ya hidiyey panginilaan am-in di tagun dakayuy disipulos ku."""
,79,36,"Kanan Simon Pedro ke hiyay ""Apu, daanay pangayam?"" Kanan Jesus di ""Hanah pangayak ya adi mabalin an eka maki-eh did uwani, mu hi udum an algo ya ahika miunud."""
,79,37,"Ya kanan bon Pedroy ""Antipet adi mabalin an eyak maki-en he-ad uwani? Ha-oy ya adiyak tumakut an mangikaten he-a."""
,79,38,"Kanan Jesus di ""Kon makulug an ikateyak? Donglom te kalyok ke he-an mumpitluy pangihautam an kanam di uggeyak inilan he-a ta ahi tumalan-uy manuk."""
,80,1,"Kanan Jesus nadah disipulos di ""Adi kayu madanagan. Idinol yun Apu Dios ya idinol yu damdaman ha-on."
,80,2,"Hi kad-an Ama ya dakol di kiha-adan, kinali umanamutak ta ek idadaan di kiha-adan yu. Adik kalyon hituwe ten adi makulug."
,80,3,Ta deket indadaan ku mo ya mibangngadak an mangikuyug ke dakayut makiha-ad kayuh kad-ak ta nangamung.
,80,4,"Ya inila yu nan dalan an ume nah pangayak."""
,80,5,"Kanan Tomas ke hiyay ""Apu, uggemi inilay pangayam ta nganney panginilaan mih dalan?"""
,80,6,"Kanan Jesus ke hiyay ""Ha-oy ya abuy dalanon di tagun umeh kad-an Ama. Ha-oy di makulug an maunud ya ha-oy boy kalpuwan di biyag. Maid di mabalin an umeh kad-an Ama hin adida idalan ke ha-on."
,80,7,"Deket makulug an inilaak ke dakayu ya inila yu ot boh Ama. Ad uwani ya inila yu ya tinibo yu moh Ama."""
,80,8,"Kanan Felipe ke hiyay ""Ipatibom ke dakamih Amam ta adi kami munhalinduwa."""
,80,9,"Kanan Jesus ke Felipey ""Nakabayyag di nakikuyukuyugak ke dakayu yaden uggeyak pay inila? Antipet kanam di ipatibok hi Aman dakayu? Hay tagun nanibon ha-oy ya tinibo na damdamah Ama."
,80,10,"Kon adim kulugon an ha-oy ya wadaak ke Ama ya athidi bon Aman wadan ha-on? Am-in di kanalyok ya bokon ha-oy di kon nomnom, mu nalpun Ama. Ya am-in di atoatok ya hi Aman wadan ha-oy di mangat."
,80,11,Mahapul an kulugon yun ha-on ya wadaak ke Ama ya hiya ya wada damdaman ha-on. Mu deket bokon tun kinalik di pangulugan yun ha-on ya nada ni-mon tinibotibo yun inat kun adi kabaelan di taguy pangulugan yun ha-on.
,80,12,"Kalyok ke dakayuy makulug, hay tagun mangulug ke ha-on ya damanan atona damdama nadan inat ku. Ya nan pumbalinan di atona ya ong-ongal mu nadan inat ku te ha-oy ya mibangngadak ke Ama ta waday atok an bumaddang ke dakayu."
,80,13,Takon di nganney ibaga yun Ama ya atok gapuh nangulugan yun ha-on ta midayaw hi Ama gapun ha-on an Imbabalena.
,80,14,Am-in di ibaga yun Ama ya atok gapuh pangulug yun ha-on.
,80,15,Deket pinhodak ke dakayu ya un-unudon yuy tugun ku.
,80,16,Ahik ibagan Amat ipaalinan dakayu nan ahi mihannot ke ha-on an bumaddang ke dakayun ahi miha-ad ta nangamung ke dakayu.
,80,17,Hidiyen ipaalina ya nan Espiritunan mangipainilah makulug. Hidiyen Espirituna ya adinadaman ume nadah adi mangulug ke ha-on te uggeda inila ya adida pakaawat ke hiya. Mu dakayun mangulug ke ha-on ya inilaon yu te miha-ad ta nangamung ke dakayu.
,80,18,Takon di tayanan dakayu ya adi dakayu iwalong te ahiyak bo mibangngad ke dakayu.
,80,19,"Gagala mo ya adiyak tibon hanadah adi mangulug ke ha-on, mu dakayu ke ya ahiyak bo tibon. Ahi waday biyag yun maid di poppog na te mataguwak ya mitagu kayun ha-on ta nangamung."
,80,20,Ahiyu inilaon kediyen ha-oy ya wadaak ke Ama ya wadaak ke dakayu ya athidi bon wada kayun ha-on.
,80,21,"Hay tagun un-unudonay tugun ku ya hidiyey kitib-anan pinhodak ke hiya. Hanan tagun naminhod ke ha-on ya hiyay pinhod min Ama ya hiyay pangipaawatak hi mipanggep ke ha-on."""
,80,22,"Hi Judas an bokon nan hi Judas Iskariote, ya kananan Jesus di ""Apu, tipet dakami ya abuy pangipainilaam hi mipanggep ke he-an bokon am-in hi tatagu?"" 23,24,Himmumang hi Jesus an kananay ""Om, te hay tagun maid di pamhod nan ha-oy ya adina un-unudon di tugun ku, mu hay tagun waday pamhod nan ha-oy ya un-unudonay tugun ku. Ya hi Ama ya pohdona hiya ya mawada kamin duwa ke hiya. Ya hituwen kalyok ya ugge nalpuh nomnom ku ya abu, mu nalpu damdaman Aman nangitud-ak ke ha-on."
,80,25,"Kinalik datuwed uwanin wadaak ni-an an makiha-ha-ad ke dakayu,"
,80,26,mu ahi umali nan itud-ak Apu Dios an mihannot ke ha-on an bumaddang ke dakayun hidiye nan Espiritunat ituluy na tun ngunuk ta pakaawwatan yuy mipanggep ke ha-on. Ya hiya boy mangipanomnom hanadah intuttuduk ke dakayu.
,80,27,"Takon di tayanan dakayu ya itayan kun dakayuy linggop an adi umat hi linggop nadan adi mangulug, kinali adi kayu madanagan ya adi kayu tumakut."
,80,28,"Dingngol yu nan kinalik an kanak di umeyak, mu ahiyak bo mibangngad ke dakayu ta deket makulug an pinhodak ya umamlong kayuh pangayak hi kad-an Ama an natagtag-e mu ha-on."
,80,29,Kalyok datuwed uwanin ugge ni-an naat ta deket umannung an maat ya ahi kayu mangulug ke ha-on.
,80,30,"Adi mo mabayag di pakihumhummanganak ke dakayu te tuwen madatngan di aliyan Satanas an ap-apun tuh lutan ipatibonay kabaelana, mu maid di kabaelanan ha-on."
,80,31,"Mu takon di waday maat ke ha-on ya abulutok hidiyen maat ta panginilaan di tagun ongal di impaminhod kun Ama, ya un-unudok am-in di itugunan ha-on."" Nagibbuh diyen kinalin Jesus ya kananay ""Makayu ta ume taku."""
,81,1,"Wada nan in-alig Jesus an kananay ""Ha-oy di makulug an wakal ya hi Amay mumpaptok."
,81,2,Dakayun mangulug ke ha-on an mialig nah bumungan haping di wakal ya ipaptok dakayun Ama te umat nah mumpaptok an ipaptok na ya puttutana nadan bumungan haping ta dumakol di bunga da. Mu nadan adi mangulug ke ha-on an dida nan mialig nah adi bumungan haping ya kaanon Ama didah kad-ak te umat nah mumpaptok an kohatona nadan adi bumungan haping ta iwele na.
,81,3,Dakayu ya umat kayun nah haping an naputtutan te inabulut yuy intuttuduk ke dakayu.
,81,4,Mahapul an punnanongon yuy pangulug yun ha-on ta nanongnan wadaak ke dakayu te hay haping di wakal ya adi bumunga ten nakhat di adol na. Mahapul an munnanong nah adol nan adi makhat ta ahi bumunga. Athidin dakayun kah-in di punnanongon yuy pangulug yun ha-on ta ahi maphod di kiatan yu.
,81,5,Ha-oy di mialig nah wakal ya dakayu damdamay mialig nah haping na. Hay tagun punnanongonay pangulug nan ha-on ta nanongnan wadaak ke hiya ya atonay maphod ta kay dakol di bungana. Te makulug an kah-in di baddangak di tagu ta ahina kabaelan an aton di maphod.
,81,6,Hanan tagun adina punnanongon di pangulug nan ha-oy ya maid di hilbin di biyag na te umat nah haping an maid di ibunganan kohaton ta miwele ne deket namag-anan ya inapuyan.
,81,7,Deket punnanongon yuy pangulug yun ha-on ya iha-ad yuh nomnom yu nadan intuttuduk ya takon di nganney ibaga yu ya atok.
,81,8,Hay kidayawan Ama ya nadan dakol an ibunga yun dadiye nadan maphod an aton yun hidiyey kitib-anan paka-un-unudonak ke dakayu.
,81,9,"Hay naminhod Aman ha-on ya athidiy naminhod kun dakayu, kinali mundinol kayuh impaminhod kun dakayu."
,81,10,Deket un-unudon yuy tugun ku ya munnanong kayun madinol hi naminhod kun dakayu. Ha-oy ya inun-unud kuy tugun Ama ya madinolak hi naminhod nan ha-on.
,81,11,Kinalik datuwen dakayu ta nan amlong an wadan ha-on ya mawada damdaman dakayu ta maid di pungkudangan di amlong yu.
,81,12,Hay umanhan an itugun kun dakayu ya munhimpopohhodan kayu umat hi impaminhod kun dakayu.
,81,13,"Hay tagun ikate nay kiphodan di ibbana ya hidiyey kitib-anan ongal di impaminhod na, maid di pakaingngon diyen pamhod."
,81,14,Ya dakayuy makulug an gayyum ku hin un-unudon yuy tugun ku.
,81,15,"Adi dakayu mo ibilang an muttatyun ha-on te hay muttatyu ya uggena inilay wadah nomnom di apuna, mu ibilang dakayun gayyum ku te am-in di dingngol kun Aman hi Apu Dios ya impainilak ke dakayu."
,81,16,"Uggeyak pinilin dakayu, mu ha-oy di namilin dakayun mangituttuduh mipanggep ke ha-on ta dumakol di mangulug ke ha-on an hidiyey kay yu bungan maphod an munnananong. Ot idat Amay nganneh diyen ibaga yun hiya hin idinol yun ha-on."
,81,17,Pidwaok bon itugun ke dakayun munhimpopohhodan kayu.
,81,18,Deket hingitan dakayu nadah adi mangulug ya nomnomon yun ha-oy di namangulun hiningitan da.
,81,19,Gulat nat umat kayu nadah adi mangulug ya adi dakayu ot hingitan ke dida. Mu adi kayu umat ke dida te pinili dakayun ha-on ta hay pangi-ek di un-unudon yu. Hituwey gapunan hingitan dakayu.
,81,20,"Nomnomon yu din kinalik ke dakayu handin hay muttatyu ya adi natagtag-e mu hay apuna, paddungnan dakayu ya ha-on. Impunholholtapak nadah adi mangulug ya makulug an punholholtapon dakayu damdama. Ya athidi bon gulat nat inun-unud day intuttuduk ya wada ot an un-unudon day ituttudu yu."
,81,21,Ahi dakayu hingitan ya punholholtapon gapuh pangun-unudan yun ha-on te uggeda inilah Apu Dios an nangitud-ak ke ha-on.
,81,22,"Gulat nat uggeyak immali tuh lutan muntuttudu ya ugge ot nainilay liwat dah pangahingan dan ha-on. Mu immaliyak an nuntuttudu ya kapyanan adiyak kulugon, kinali maid di pangigadulan dan eda adi makastigu da."
,81,23,Hay tagun humihhingit ke ha-on ya hingitana damdamah Ama.
,81,24,Gulat na bot uggek impatiboy milagron adi kabaelan di tagu ya ugge ot nainilay liwat dah pangahingan dan ha-on. Takon di tinibotibo da dadiye ya kapyanan humihhingit da ke dakamin Ama.
,81,25,Hituwey immannungan din nitudok an Tugun Moses an kananay 'Hihingngitanak hi maid gapuna.'
,81,26,"Mu takon, itud-ak ku nan bumaddang ke dakayun malpun Ama an hidiye nan Espirituna ta ituttudu nay makulug. Hantuh aliyana ya ipainila nay mipanggep ke ha-on."
,81,27,"Takon di dakayu ya eyu ipainilay mipanggep ke ha-on te nikuyukuyug kayun ha-on dih lappunah nuntuttuduwak ingganad uwani."""
,82,1,"Kanan bon Jesus nadah disipulos nay ""Kinalik hituwen dakayu ta takon di waday punligatan yu ya adiyu iwalong di pangulug yun ha-on"
,82,2,te udum hi algo ya ahi dakayu palah-unon hanadah simbaan di Judyu te adi dakayu ibilang hidi. Ya ahi madatngan nan tiempon nadan mamaten dakayu ya pangali da on hidiyey pangun-unud dan Apu Dios.
,82,3,Athidiy aton da te uggeyak inilan dida ya uggeda damdama inilah Ama.
,82,4,Kalyok ke dakayud uwanih tuwe ta deket umannung ya ahiyu nomnomon an namangulun kinalik. Handih lappunah nuntuttuduwak ya uggek kinali datuwen dakayu te wadaak ni-an ke dakayu.
,82,5,"Ad uwani ya mibangngadak hi kad-an nan nangitud-ak ke ha-on, yaden maid di ohan dakayuy munmahma hin daanay pangayak."
,82,6,Ya deyan u-umyung kayu ot ya abu te kinalik.
,82,7,"Mu kalyok ke dakayuy makulug an kiphodan yuy panayanak ke dakayu te deket adiyak ume ya adi umali nan Espiritun Apu Dios an bumaddang ke dakayu, kinali mahapul an umeyak ta ipaalik ke dakayu."
,82,8,"Ya hantuh aliyana ya ipainilana nadah adi mangulug di liwat da, hay kaphod ku ya hay ine-en di punhumalyan Apu Dios."
,82,9,Hay naliwatan da ya hay adida pangulugan ke ha-on.
,82,10,Takon di adida mangulug ke ha-on ya ipainilan nan Espiritun Apu Dios ke didan maphod am-in di atok. Hay kitib-an di kaphod ku ya hay ek pumbangngadan hi kad-an Ama ta adiyak mo tibon.
,82,11,Hanan ine-en di punhumalyan Apu Dios ya matibon nah nunhumalyanan Satanas an ap-apun tuh luta ot kastiguwona.
,82,12,"Dakol ot di pinhod kun kalyon ke dakayu, mu adiyu damdama ni-an maawatan ad uwani."
,82,13,Mu hantuh aliyan nan Espiritun Apu Dios an mangipainilan am-in hi makulug ya ahina ituddun dakayu nan makulug an un-unudon yu. Hay ipainilana ya abuna nan pinhod Apu Dios ya nadan ahi maat hi udum hi algo.
,82,14,Ya ipadayawak ke hiya te nan tugun kuy ahina ipainilan dakayu.
,82,15,"Am-in di kidayawan Ama ya kidayawak damdama, kinali kanak di nan tugun kuy ahi ipainilan nan Espiritunan dakayu."
,82,16,"Gagala mo ya adiyak tibon ke dakayu, mu adi mabayag ya tibonak bo."""
,82,17,"Wadaday udum hanadah disipulos di nangalin kanan day ""Antipet kananay gagala mo ya adi taku tibon, mu adi mabayag ya tibon taku bo? Ya antipet ena kanan di mibangngad hi kad-an Amana?"
,82,18,"Nganne nin di pinhod nan kalyon? Antipet adi maawatan datuwen kalkalyona?"""
,82,19,"Hi Jesus ya inilana nan pinhod dan abun inilaon ot kananay ""Kon hay pinhod yun mahmahan ya hay kibalinan nan kanak an gagala mo ya adiyak tibon ke dakayu, mu adi mabayag ya tibonak bo?"
,82,20,"Kalyok ke dakayun makulug an ahi kayu u-umyung gapu nah ahi maat ke ha-on, mu nadan adi mangulug ya mun-am-amlong da. Mu hidiyen u-umyungan yu ya ahi mumbalin hi amlong."
,82,21,"Umat nah babain muntungon holholtaponay puntungawana, mu deket bimmuddu nan golang ya kal-iwanay hakit na te mun-am-amlong an wada moy imbabalena."
,82,22,"Paddungnan dakayun u-umyung kayud uwani, mu indanit tibonak bo ya mun-am-amlong kayu ya maid di e pakakaan kediyen amlong yu."
,82,23,Kediye ya bokon mo ha-oy di pumbagaan yuh mahapul yu te hay kakulugana ya am-in di ibaga yun Ama ya idat na gapuh pangulug yun ha-on.
,82,24,"Maid ni-an di nangipatnaan yun mumbaga ke Amah mahapul yu gapuh pangulug yun ha-on. Mumbaga kayu ot idat nay ibaga yu ta maid di kudang di pun-amlongan yu."""
,82,25,"Kanan bon Jesus di ""Am-in nadan intuttuduk ke dakayu ya impainnab-abig ku, kinali naligat yun maawatan, mu hi udum hi algo ya adi mo athidi te napintok moy panuttuduk mipanggep ke Amat nalakan maawatan. 26,27,Kediyen algo ya damana mon ina-ud yun Aman hi Apu Dios di ngannen ibaga yu. Adi mahapul an ha-oy di mangibagan hiya nadah pinhod yu te ongal di naminhod nan dakayu te pinhodak ke dakayu ya kulugon yu an hiyay nangitud-ak ke ha-on."
,82,28,"Nalpuwak hi kad-an Amah langit ot umaliyak tuh luta, mu ad uwani ya tayanan dakayu ta mibangngadak boh kad-ana."""
,82,29,"Kanan nadan disipulos nay ""Maawatan nuppey kalkalyom ad uwani te napintok mon adim painnab-abig."
,82,30,"Inila mi mon he-a ya inilam am-in, takon di nomnom di tagu. Inilam di pinhod di tagun mahmahan takon di uggena imbaga, kinali mangulug kamin nalpu kan Apu Dios."""
,82,31,"Kanan Jesus ke diday ""Mangulug kayu nupped uwani."
,82,32,Mu ahiyak tayanan ke dakayun waday oha on umanamut hi balenat o-ohhaak. Mu adiyak maoh-ohha te wadah Aman ibbak.
,82,33,"Kinalik ke dakayuh tuwe ta mundinol kayun ha-on ta luminggop di nomnom yu. Hanadan adi mangulug ya punholholtapon dakayu ta maligligatan kayu, mu adi kayu tumakut te inapput ku nan ap-apun am-in di gaga-iho tuh luta."""
,83,1,"Handih nagibbun kinalin Jesus am-in datuwe ya intangad nah kabunyan ot mundasal an kananay ""Ama, nadatngan moy pangipatib-am hi dayaw kun Imbabalem ta kidayawam damdama. 2,3,Indat muy kabaelak an mun-ap-apuh am-in hi tagu ta idat kuy biyag an maid di poppog na nadah impangulug mun ha-on an dadiye nadan nanginilan he-a ya abuy makulug an Dios ya ha-oy hi Jesu Kriston intud-ak mun immali tuh luta."
,83,4,Impatibok di kidayawam nah ginibbuk an ngunun indinol mun ha-on.
,83,5,"Ya ad uwani Ama, ya ipatibom di dayaw ku hantuh pumbangngadak hinah langit an umat hi dayaw ku tuwali handih wadaak hi kad-am ot ahi maltu tun luta."
,83,6,"Impainilak am-in di mipanggep ke he-a nadah tatagun impangulug mun ha-on. Adida ni-an mangulug, mu pintok mu didan mangulug ke ha-on. Dida ya tagum tuwali, kinali nangulug dan ha-on ya impaka-un-unud day tugun mu."
,83,7,Inila da mon am-in nadan inat ku ya nadan intuttuduk ya nalpun he-a.
,83,8,Intuttuduk ke dida nan tugun an indinol mun ha-on ot un-unudon da. Inila da mon nalpuwak ke he-a ya kulugon dan intud-akak ke he-a.
,83,9,"Ama, idasalak dida ta baddangam dida. Bokon nadan adi mangulug ke ha-on di idasalak, mu nadan tatagun impangulug mun ha-on te tagum dida."
,83,10,Maid di tagum an bokon ku tagu. Athidi boh tataguk an tagum damdama dida. Ya hay dayaw ku ya mipatibon dida.
,83,11,"Aman makaphod ya ongal di kabaelana, gagala moy panayanak ke dida te mibangngadak moh kad-am, kinali ipaptok mu datuwen impangulug mun ha-on ta miohha dat umat hi niohhaan ta."
,83,12,"Handih wadaak ke dida ya impapaptok ku dida ot gapuh kabaelam an indat mun ha-on ya maid ke diday nihi-an ke he-a, ammuna nan ohan tagu te hidiye pe kattog di gahat na. Mu naat hidiyet umannung nan impitudok mu."
,83,13,Umaliyak mo ya ipadngol kun dida datuwen kalkalyok ta uma-amlong dan umat ke ha-on.
,83,14,Impainilak am-in di tugun mun dida ot un-unudon da. Ta hidiye nan hingitan nadan adi mangulug dida te hinnatkon moy pangi-e dan umat hi pangi-ek.
,83,15,"Adik ibaga an appilom nadan mangulug nadah adi mangulug, mu hay ibagak ya baddangam nadan mangulug ta adida mahaul ke Satanas."
,83,16,Dida ya uggeda niingngo nadah adi mangulug te umat dan ha-on an hinnatkon di pangi-ek.
,83,17,Baddangam didan mangun-unud nah tugun mu te makulug am-in di tugun mu.
,83,18,"Itud-ak ku didan e muntuttudu nadah ugge nanginilan he-a, umat hi nangitud-akam ke ha-on tuh lutan muntuttudu mipanggep ke he-a."
,83,19,Gapun dida ya idawat kuy adol kut miong-ong ke he-at hay pinhod muy un-unudok ta athidi damdaman didan hay pinhod muy un-unudon da.
,83,20,"Bokon ya abu hantudan disipulos kuy idasalak, te takon nadan ahi mangulug ke ha-on hi udum hi algo gapuh ituttudu da."
,83,21,"Ama, idasalak didat miohha dan am-in umat hi niohhaan ta. Ya migappat dan dita ta miohha takun am-in ta inilaon nadan adi mangulug an he-ay nangitud-ak ke ha-on tuh luta."
,83,22,Impadayaw ku dida umat hi nangipadayawam ke ha-on ta miohha dan umat ke dita.
,83,23,"Pinhod kun nanongnan wadaak ke dida umat hi kawadam ke ha-on, ta miohha dan am-in ta panginilaan nadan adi mangulug an intud-akak ke he-a, ya inilaon da bon impakappinhod mu nadan mangulug, umat hi impaminhod mun ha-on."
,83,24,"Ama, pinhod kun datuwen pintok mun mangulug ke ha-on ya makiha-ad dan ha-on hi langit ta tibon day dayaw kun indat mu gapuh ongal an naminhod mun ha-on handi tuwali uggem lintuy luta."
,83,25,"He-a Aman makaphod, ugge daka inila nadah adi mangulug ke ha-on, mu inila dakan ha-on. Ya hantudan impangulug mun ha-oy ya inila dan intud-akak ke he-a."
,83,26,"Impainilak ke diday mipanggep ke he-a ya itultuluy kuh diye ta pohdon day ibbadan tagu umat hi naminhod mun ha-on ya ha-oy di ahida pun-ibbat nangamung."""
,84,1,Nagibbuh diyen dasal Jesus ot ume da. Inagwat da nan wa-el an Kidron ot dumatong da nah laguntan natanoman hi kaiw an oliba.
,84,2,Hi Judas an nangihdul ke Jesus ya inila nah diyen nangayan da te hidi tuwaliy oggan da pangayan ke da Jesus.
,84,3,"Ena ingkuyug nadan tindalu, nadan guwalyan di Templo an intud-ak nadan Pharisee ya nadan ap-apun di padi ot ipanguluna didah kad-an da Jesus an numpun-odon dah dilag ya ispada."
,84,4,"Mu inilan Jesus di maat ke hiya ot ena damuwon dida ot kananay ""Dahdiy eyu hamakon?"""
,84,5,"Ya kanan day ""Hi Jesus an iNasaret."" Ot kanan Jesus ke diday ""Ha-oy hidiye."" Hi ke Judas an nangihdul ke hiya ya makitattaddog nadah tindalu."
,84,6,"Handih kanan Jesus di ""Ha-oy hidiye"" ya inhunod da ot matu-i da."
,84,7,"Impidwan bon Jesus an kananay ""Dahdiy eyu hamakon?"" Ya kalyon da boy ""Hi Jesus an iNasaret."""
,84,8,"Ya kananay ""Kanak boy ha-oy hidiye, deket ha-oy di eyu hamakon ya adiyu ilagat hantudan iibbak ta ume da."""
,84,9,"Hituwey immannungan di kinalina handih kananay ""Ama, maid di e mihi-an ke he-a hantudah tatagun impangulug mun ha-on."""
,84,10,Hi Pedro an nunhikot ya inuknut nay ispada na ot palangonay wawwan an ingan Malkus an muttatyun nan natag-en padi.
,84,11,"Kinalyan Jesus hi Pedro an kananay ""Ipabangngad mu nan ispada nah hikot mu. Abulutok hituwen punholholtapak te hituwey pinhod Aman maat ke ha-on."""
,84,12,"Kinali nah diye ya imme nadan tindalu, nan ap-apuda ya nadan guwalyan di Templo ot baludon dah Jesus."
,84,13,Hay namangulun nangiayan dan hiya ya hi kad-an Annas an aman nan ahawan Kaypas an natuddun natag-en padi kediyen toon.
,84,14,"Hi Kaypas handin nangali nadah ibbanan ap-apun di Judyun kananay ""Kudukdul nay mateh naen ohan tagu mu nan etaku maten am-in."""
,84,15,"Hi Simon Pedro ya nan oha nadah disipulos Jesus ya niunud dan hiya. Hituwen kadwan Pedro ya inilan nan natag-en padi, kinali hiya ke ya naki-en Jesus nah dolan di balen diyen padi."
,84,16,Mu hi ke Pedro ya niha-ad nah hoob di alad diyen bale te ugge inilan nan padi. Ot mibangngad hidiyen ohan disipulos nah hoob ot e makihummangan nah babain mun-adug hi hoob ta pahgoponah Pedro.
,84,17,"Kanan nan babai ke Pedroy ""Kon bokon he-ay oha nadah disipulos Jesus?"" Ya kanan Pedroy ""Bokon!"""
,84,18,Hanadan muttatyu ya guwalyan di Templo ya nun-apuy da ot e makianiduh Pedron dida te kottokottol.
,84,19,Hi ke Jesus ya dehdin punhumalyan nan natag-en padi an manahmahanay mipanggep nadah disipulosna ya hay intuttudu nan dida.
,84,20,"Ya kanan Jesus ke hiyay ""Am-in di intuttuduk ya dingngol di katagutagu te nuntuttuduwak nah Templo ya nadah simbaan an kaam-amungan di Judyu ya am-in di intuttuduk ya impadngol ku."
,84,21,"Antipet ha-oy di punmahmaham hi mipanggep hi intuttuduk an bokon nadan tatagun nangngol? Mahmaham ke dida ot inila da."""
,84,22,"Handih kinalin Jesus hituwe ya inapap nan ohan guwalyan nihag-on ke hiya ot kananan hiyay ""Kon athinay panumang hi natag-en padi?"""
,84,23,"Kanan Jesus ke hiyay ""Deket nihallay kinalik ya kalyom di nihallaak. Tipet apaponak hi pangalyak hi makulug?"""
,84,24,Ot ipien Annas hi Jesus an nanongnan nabalud hi kad-an Kaypas an natag-en padi.
,84,25,"Hi ke Simon Pedro ya wadan nah dolan makian-annidu ya waday kimmalin hiyan kananay ""Kon bokon he-ay ohan disipulos diyen tagu?"" Inhaut Pedro an kananay ""Bokon."""
,84,26,"Kanan bon nan ohan muttatyun nan natag-en padiy ""Kon bokon he-a nan tinibok nah lagunta an ibban Jesus?"" Hidiyen muttatyu ya iban nan muttatyun pinalang Pedroy ingana."
,84,27,Ya inhaut bon Pedro ya pinghanadi ya timmalan-uy manuk.
,84,28,Nagibbuh mungkabigat di nunhumalyaan dan Jesus hi kad-an Kaypas ot ahida ieh balen nan gobernador an hi Pilatu. Hanadan ap-apun di Judyun nangien Jesus ya uggeda nakihgop te panio ke diday humgop hi balen di bokon Judyu te deket aton dah diye ya panio moy pakihamulan da nah Piyestan di Nala-uwan di Anghel Apu Dios an mungkadatngan bo udot.
,84,29,"Hidiyey gapunan limmah-un hi Pilatuh kad-an da ot kananay ""Kon nganney kanan yuh bahul tun tagu?"""
,84,30,"Kanan dan hiyay ""Gulat nat maid di bahul na ya uggemi ot in-ali tuh kad-am."""
,84,31,"Kanan Pilatu ke diday ""Awiton yu pe ta eyu humalyaon mipuun hi linteg yu."" Ya kanan nadan Judyun hiyay ""Nganney aton min e mamaten hiyan miadin dakami pe on pinate miy tagu te hidiyey olden yun iRoma ke dakami?"""
,84,32,Hituwey immannungan din kinalin Jesus mipanggep hi ine-en di katayana.
,84,33,"Hinumgop hi Pilatu nah punhumalyaana ot ipaayag nah Jesus ot kananan hiyay ""Kon he-ay patul di Judyu?"""
,84,34,"Ya kanan Jesus di ""Kon nalpuh nomnom muh naen kinalim weno dingngol muh udum an tatagu?"""
,84,35,"Kanan Pilatuy ""Bokonak Judyu, kinali uggek inilay mipanggep ke he-a. Nganne tuwaliy inat mut edaka in-ali hantudah iibbam an Judyu ya nadan ap-apun di padi? Kon makulug peman an waday inat muh gaga-iho?"""
,84,36,"Kanan Jesus di ""Hay kinapatul ku ya adi umat hi pumpatulan di taguh luta. Te gulat nat athidi ya wadan nakipatte nadan tataguk ta uggeyak ot in-alih tu nadah Judyu. Hinaey kitib-anan hay kinapatul ku ya adi umat hi pumpatulan di tagu tuh luta."""
,84,37,"Ya kanan Pilatuy ""Ta patul ka mo?"" Kanan Jesus di ""Om, makulug hinaen kinalim. Hituwey gapunah nangaliyak hituh luta ot mitungowak hi tagu ta waday atok an mangituttuduh makulug. Ta nadan mangabulut kediye ya diday mangun-unud ke ha-on."""
,84,38,"Ya kanan Pilatuy ""Kon nganney makulug?""Kinali nah tuwe ya limmah-un boh kad-an nadan Judyu ot kananay ""Maid di mahamak kuh bahul na,"
,84,39,"mu hi katootoon ya wada nah ine-eyu an deket Piyestan di Nala-uwan di Anghel Apu Dios ya waday ohah potkon yu nadah nikalabut an mipae. Ad uwanin toon, kon pinhod yun ipaek nan patul yun Judyu?"""
,84,40,"Ya kahitutukuk nadan tatagun kanan day ""Bokon hiyay ipaem. Hi Barabbas di ipaem."" Hituwen hi Barabbas ya nundingngol an pimmate."
,85,1,Nibangngad moh Pilatu ot ena pahoplat hi Jesus nadah tindaluna.
,85,2,Immala nadan tindaluh hubit ot kumapya dah pongot ot ipapngot dan Jesus. Ya impumbulwati dah maingit an umat hi bulwatin di patul.
,85,3,"Imme dah kad-ana on tinaltalanggaan dan kanan day ""Dayawon taku peman tun patul di Judyu!"" on nunhin-aappapan da."
,85,4,"Limmah-un boh Pilatu ot kanana nadah Judyuy ""Ipalah-un kut panginilaan yun maid di mahamak kuh bahul na."""
,85,5,"Ot lumah-un hi Jesus an nanongna nan impabulwati dan maingit ya nan impapngot dan hubit ke hiya. Ot kanan Pilatu ke diday ""Teya tun tagu."""
,85,6,"Handih tinibon nadan ap-apun di padi ya nadan guwalyah Jesus ya kahitutukuk da ot ya abun kanan day ""Ipatak hi krus! Ipatak hi krus!"" Ot kanan Pilatuy ""Dakayu pe ya eyu impatak hi krus te maid di mahamak kuh bahul na."""
,85,7,"Kanan nadan Judyu ke hiyay ""Waday bahul na te nginohe nay linteg min kananay hiyay Imbabalen Apu Dios, kinali mahapul an mate."""
,85,8,Dingngol Pilatuh diye ya namam-an timmakut.
,85,9,"Impaghop bon Pilatu hi Jesus nah punhumalyaan ot kananan hiyay ""Kon daanay nalpuwam?"" Mu adi humumang."
,85,10,"Kanana boy ""Antipet adika humumang? Kon uggem inilan waday kalebbengak an mangipaen he-a ya mangipipatak ke he-ah krus?"""
,85,11,"Ya kanan Jesus ke hiyay ""Gulat nat ugge in-abulut Apu Dios ya maid ot di kalebbengam an mangat hi nganneh diyen ha-on. Kinali ong-ongal di bahul nadan tatagun nangialin ha-on hituh kad-am mu he-a."""
,85,12,"Pinhod ot Pilatun ipaeh Jesus, mu muntutukuk nadan Judyun kanan day ""Ipaem keh naen tagun kananay hiyay patul ya ad-adiyon dakan Cesar an ap-apu takud Roma. Te nan tagun kananay hiyay patul ya makibuhul ke Cesar."""
,85,13,Dingngol Pilatuh diye ya impalah-una boh Jesus. Inumbun hi Pilatu nah punhumalyaan an waday natping hi taddogan. Hay ngadan diyen punhumalyaan hi hapit an Hebrew ya Gabbata.
,85,14,"Tuwen maal-algo kediyen algon pundadaanan dah Piyestan di Nala-uwan di Anghel Apu Dios ya kanan Pilatu nadah Judyuy ""Teya tun patul yu."""
,85,15,"Mu muntutukuk da ot ya abun kanan day ""Mahapul an mate! Mahapul an mate! Pipatak muh krus!"" Ot kanan Pilatuy ""Kon pinhod yun pipatak kuh krus tun patul yu?"" Ya kanan nadan ap-apun di padiy ""Maid di udum hi patul mi hin bokon hi Cesar ya abu."""
,85,16,Ot iabulut mon Pilatun alan dah Jesus ta eda pipatak hi krus. Hanadan tindalun iRoma ya impipah-on dan Jesus
,85,17,nan krus an kipatakana ot ieda nah kanan di Judyun Golgota an hay kibalinana ya gunit di ulu.
,85,18,Ot ipatak dah Jesus ya wada boy duwan nipatak an numbinah-elan dah Jesus.
,85,19,"Waday impitudok Pilatu ot ipatak dah tap-on di ulun Jesus nah krus an kananay ""Hituweh Jesus an iNasaret an Patul di Judyu."""
,85,20,"Hidiye ya nitudok hi tulun kali an Aramaic an kalin di Judyu, Latin ya Greek. Ya dakol di namidbid te nan eda nangipatakan ke Jesus ya nih-up ad Jerusalem."
,85,21,"Kanan nadan ap-apun di padi ke Pilatuy ""Kudukdul nay hannotan hidiyen nitudok an kananay 'Patul di Judyu' ta kanan di 'Hituwen tagu ya kananay ha-oy di patul di Judyu.'"""
,85,22,"Mu kanan Pilatuy ""Adinadama, nan nitudok ya hiyah diye."""
,85,23,Handih nagibbun impatak nadan opat an tindaluh Jesus ya inala day bulwatina ot ikap-ong da. Inlagat da nan naabol an bulwati nan niohhan maid di kugut na.
,85,24,"Ot ihuhummangan dan kanan day ""Adi taku bik-iyon hituwe, mu ibubunut takut nangamung ke ditakuy mangala."" Hituwey immannungan nan impitudok Apu Dios an kananay""Ingkap-ong day bulwatik ya imbubunut day mangalan nah bulwatik an naabol.""Hituwey inat nadan tindalu."
,85,25,"Wadadah di da inan Jesus, hi tulang inana, hi Maria an ahawan Clopas ya nan ohan hi Maria Magdalena an muntattaddog nah kad-an di krus an nipatakan Jesus."
,85,26,"Wada boh din makitadtaddog nan impakappinhod Jesus an disipulosna. Handih tinibon Jesus dida ya kananan inanay ""Ina, ad uwani ya ibilang muh naen imbabalem."""
,85,27,"Ya kanana bo kediyen disipulos nay ""Ibilang mu hiya an hi inam."" Ot nipalpun diye ya inawit diyen disipulos hi inan Jesus ot makiha-ad hi baleda."
,85,28,"Inilan Jesus an ginibbu nan am-in di pinhod Apu Dios an atona ot kananay ""Nauwoak."" Ketuwen kinalina ya immannung nan impitudok Apu Dios."
,85,29,Wadah di on immantam an mainum ot itam-ol dah diy kapo ot ipalat dah paul ta idutum dah tokon Jesus.
,85,30,"Timmitip hi Jesus ya kananay ""Nagibbu moy ngunuk."" Ot iyuung na ot mate."
,85,31,Adi pinhod nadan ap-apun di Judyun munnanong nadan nipatak hi krus inggana mabigat te hi kabigatana ya Sabadun hidiye nan pakangillinon dah panginomnoman dah Nala-uwan di Anghel Apu Dios. Ot eda mo ibagan Pilatu hin damanan gi-uwon day hukin nadan nipatak ta gagala dan mate ta eda ilubuk dida.
,85,32,Ot umitud-ak hi Pilatuh tindalu ot gi-uwon day hukin nadan duwan ibban Jesus an nipatak.
,85,33,Mu handih imme dah kad-an Jesus ya tinibo dan nate ot adida mo gi-uwon di hukina.
,85,34,Mu hinudpak nan ohan tindaluy taglang nah pahul na ya nibughak di dala ya danum.
,85,35,"Am-in hituwen na-na-at ya makulug te tinibok, kinali intudok kut mangulug kayu."
,85,36,"Hanan ugge nagi-uwan di hukin Jesus di immannungan nan impitudok Apu Dios an kananay ""Maid di magi-uh gunit na."""
,85,37,"Immannung bo nan impitudok Apu Dios an kananay ""Ahi totokkolon di tatagu nan hinudpak dah pahul."""
,85,38,"Wada nan hi Joseph an iArimatea an imme ot ena ibagan Pilatu ta alanay adol Jesus ta ena ilubuk. In-abulut Pilatu ot ume moh Joseph ot alana nan adol Jesus. Hiya ya oha nadah mangulug ke Jesus, mu uggena impainila te tumakut nadah Judyu."
,85,39,Hay ibban Joseph ya hi Nikodemus an hiya nan nakihummangan ke Jesus handi ohan hilong. Waday inal-alanah umeh nap-at ta limay kilon bangbanglu an mira ya aloes di nakapyaana. Hidiye nan iha-ad dah adol di nate ta adi mabuluk.
,85,40,Hina-adan day adol Jesus kediye ot ahida libbutan hi mumbobolan luput te hidiyey pangat nadan Judyuh pamaptok dah adol di nate.
,85,41,Hanah e-elen nan nangipatakan dan Jesus ya waday laguntan wada on ka-apyan gungat an maid di nilubuk hidi.
,85,42,Gapu te nih-up hidiyen gungat ya hidi moy nangilubukan dan Jesus. Ginalgal-an dan inlubuk te hi kabigatana ya Sabadun Tungo.
,86,1,Handih mungkabigat kediyen Linggu ya immeh Maria Magdalena nah gungat Jesus ya tinibonan nakaan nan ongal an batun nitangob nah lubuk.
,86,2,"Ot butikonan immeh kad-an Pedro ya nan impakappinhod Jesus ot kanana diday ""Inala day adol nan Ap-apu taku nah gungat, toan di nangiayan da."""
,86,3,Ot butikon dan imme nah gungat.
,86,4,"Linah-iyan nan ohan disipulos hi Pedro ot mamangulun dumatong,"
,86,5,"mu ugge hinumgop. Indung-ona nah gungat ya abuna nan libbut di adol Jesus an tinibona, mu maid nan adol na."
,86,6,Indani ya dimmatong hi Pedro ot ipayunan humgop ot tibona damdama nan libbut di adol Jesus
,86,7,ya nan libbut di uluna. Hidiyen libbut di uluna ya naappil an naluddun.
,86,8,Ot humgop damdama nan ohan disipulos ot tibona ya kinulug nan namahuwan hi Jesus.
,86,9,Te ingganan diye ya uggeda naawatan nan impitudok Apu Dios an kananay mahapul an mamahuwan hi Jesus.
,86,10,Ot umanamut da.
,86,11,Tinaynan dah Maria nah gungat an mungkoga. Indung-o na nah gungat
,86,12,ya tinibo nay duwan anghel an mabayak di bulwati dan inumbun da nah niha-adan ni-an di adol Jesus. Inumbun di oha nah nangiulluwana ya nan oha ya nah nangiuyyadana.
,86,13,"Kanan nadan anghel ke Mariay ""Tipet mungkoga ka?"" Ya kanan Mariay ""Te inala da nan adol Apu Jesus ya uggek inilay nangiayan da."""
,86,14,"Kinalin Mariah tuwe ot munliggu ya tinibona on tagun muntattaddog. Hi Jesus hidiye, mu uggena inimatunan."
,86,15,"Kanan Jesus ke hiyay ""Tipet mungkoga ka? Dahdiy hamakom?"" Kanan Maria pe on hiya nan mumpaptok nah lagunta ot kananan hiyay ""Apu, deket he-ay nangalah adol Apu Jesus ya ituddum di nangiayam ta ek alan."""
,86,16,"Kanan Jesus di ""Maria."" Ya inimatunan nuppen Mariay kalin Jesus ot kananay ""Rabboni."" Hituwe ya kalin di Judyu an hay kibalinana ya ""Mittulu."""
,86,17,"Kanan Jesus ke hiyay ""Adiyak oodnan te uggeyak ni-an numbangngad hi kad-an Ama. Ume ka ot ya abu ta em kalyon hanadah mibilang an tutulang ku an mibangngadak hi kad-an Aman hi Apu Dios an hi Amayu ya Dios yu damdama."""
,86,18,"Ot umalih Maria Magdalenah kad-an nadan disipulos Jesus ot kananay ""Tinibok hi Apu Jesus."" Ot kalkalyonan diday kinalin Jesus."
,86,19,"Mahmahdom kediyen Linggu ya naamung nadan disipulos Jesus nah ohan bale. Impattit dan am-in di panto te hay takut da nadah Judyu. Mu maid maptok ya wadah Jesus an timmaddog hi kad-an da ya kananay ""Maphod kaya, malinggop kayu."""
,86,20,Ot ipatibo nan dida nan liput di taklenan napatak ya nan nahudpak nah taglang na. Imma-amlong dah nanib-an dan Apu Jesus.
,86,21,"Kanan bon Jesus ke diday ""Maphod kaya, malinggop kayu."" Ot ahina kanan di ""Itud-ak dakayu umat hi nangitud-akan Ama ke ha-on ta ekayu muntuttuduh tatagu."""
,86,22,"Kinali nah tuwe ya inhap-ud nan dida ot kananay ""Dawaton yu nan Espiritun Apu Dios."
,86,23,"Hanan tagun muntutuyuh liwat na ya kanan yun hiyay 'Kal-iwan Apu Dios di liwat mu' ya makulug an kal-iwana. Mu nan tagun adi muntutuyuh liwat na, ya kanan yun hiyay 'Adi kal-iwan Apu Dios di liwat mu' ya makulug an uggena kinal-iwan."""
,86,24,"Hi Tomas an kanan dan hi Dappil, an oha nadah disipulos Jesus, ya hiya ya abuy maid kediyen immaliyan Jesus."
,86,25,"Kanan dan hiyay ""Tinibo mih Apu Jesus."" Mu kanan Tomas di ""Kah-in di tibok ya dapaok nan liput di taklenan napatak ya dapaok nan nahudpak hi taglang nat ahik kulugon an namahuwan."""
,86,26,"Nala-uy hinlingguwan ot maamung da bo nadan disipulos Jesus nah balen naamungan da handi ya wada nuppeh Tomas kediye. Ya athidi bon impattit da nadan panto, mu kal-inadi bo ya wadah Jesus an timmaddog nah kad-an da ot kanana bon diday ""Maphod kaya, malinggop kayu."""
,86,27,"Ot kananan Tomas di ""Tibom tun tapayak ya dapaom nan liput na. Dapaom bo tun nahudpak hi taglang kut adika mo munhalinduwa, mu kulugom an namahuwanak."""
,86,28,"Ya kanan Tomas ke hiyay ""Apu, kulugok mo an Dios ka!"""
,86,29,"Ot kanan Jesus ke hiyay ""Inilak an mangulug ka nuppe gapu te tinibowak ke he-a. Mu kudukdul nan tagun takon di uggeyak tinibo ya kulugonak."""
,86,30,Dakol di udum an umipamodwong an inainat Jesus an tinibotibon nadan disipulos an ugge nitudok ketuwen liblu.
,86,31,Mu tun udum ya intudok kut kulugon yun hi Jesus ya Imbabalen Apu Dios ya hiyay tinuddunan Kristo ta midatan kayuh biyag an munnananong gapun hiya.
,87,1,Indani bo ya numpatibo boh Jesus nadah disipulosna nah baybay an Tiberias.
,87,2,"Athituy naat: Wadah di da Simon Pedro, hi Tomas an kanan dan hi Dappil, hi Nataniel an iKana ad Galilee, nadan duwan hintulang an imbabalen Sebedi ya nadan duwa bon ibba dan disipulos Jesus."
,87,3,"Ya kanan Pedroy umen e muntabukul ot maki-e dan hiya. Numbangka da ot ihihilong dan muntabukul, mu ma-ma-idan di tinabukul da."
,87,4,"Mungkabigat kediye ya wadah Jesus an muntattaddog nah pingngit di baybay, mu uggeda inimatunan an hiyah Jesus."
,87,5,"Ya kimmalin didan kananay ""An waday tinabukul yun iibbak?"" Kanan day ""Ma-ma-idan."""
,87,6,"Kanana bon diday ""Ibka yu nan tabukul nah nangappit hi winawwan nan bangka ot waday alan yu."" Inibka da nan tabukul hidi ya dakol peman di naala ya adida pakaiguyud nah tabukul te madam-ot."
,87,7,"Hanan disipulos an impakappinhod Jesus ya kananan Pedroy ""Hiya ot hi Apu Jesus!"" Dingngol Pedro ya nangimbubulwati te numbolad ot dumop-a ot umeh kad-an Jesus."
,87,8,Mu nadan udum ya wadada nah bangkan pun-idakal da nan tabukul an napnuh dolog te nih-up da nah pingngit di baybay an wada nin di hinggatut di metro ya abuy kadawwina.
,87,9,Handih dimmakal da ya tinibo day mumbabalan uling an waday nihongban dolog hidi ya wadah di boy tinapay.
,87,10,"Kanan Jesus di ""Umiali kayuh tinabukul yu."""
,87,11,"Immeh Pedro nah bangka ot ena idakal nan tabukul. Napnu nan tabukul hi o-ongal an dolog an immeh hinggatut ta nalimat tuluy ngam-ut na. Madam-ot nan tabukul te napnuh dolog, mu ugge nabik-i."
,87,12,"Indanit nalutu nan kanon da ya kanan Jesus ke diday ""Makayu ta mangan taku."" Mun-ogon dan munmahma hin dahdi hiya te inila da mon hiyah Apu Jesus."
,87,13,Inalana nan tinapay ya nan dolog ot ikap-ong nan dida.
,87,14,Hituwey pitlunah numpatib-an Jesus nadah disipulosna nipalpun handih namahuwana.
,87,15,"Handih nagibbu dan nangan ya kanan Jesus ke Simon Pedroy ""Simon an imbabalen Juan, kon ong-ongal di impaminhod mun ha-on mu hantudan iibbam?"" Kanan Pedroy ""Om, Apu. Inilam an impakappinhod dakan ha-on."" Kanan Jesus ke hiyay ""Ipaptok mu nadan mangulug ke ha-on umat hi pamaptok di mun-adug hi impan di kalnero."""
,87,16,"Ya impidwan bon Jesus an kananay ""Simon an imbabalen Juan, kon pinhodak ke he-a?"" Kanan bon Pedroy ""Om, Apu. Inilam an impakappinhod dakan ha-on."" Kanan Jesus ke hiyay ""Ipaptok mu nadan mangulug ke ha-on te diday kay ku kalnero."""
,87,17,"Ya impitlun bon Jesus an kananay ""Simon an imbabalen Juan, kon pinhodak ke he-a?"" Ya mahakit mo ahan di punnomnoman Simon Pedroh nangipanidwaan Jesus kediyen kinalina ot kananay ""Apu, he-a ya inilam am-in, ot nunna-ud an inilam an impakappinhod dakan ha-on."" Kanan bon Jesus ke hiyay ""Ipaptok mu nadan mangulug ke ha-on te diday kay ku kalnero."
,87,18,"Donglom tun kalyok. Handih kaungam ya he-a pe on iniktom muy balikis mu ya he-ay nangamung hi pinhod mun pangayan. Mu deket maam-ama ka ya adi athidi te na-ala on idawawam di taklem ta bobodan dat ie daka nah adim pinhod an pangiayan dan he-a."""
,87,19,"Kinalin Jesus hituwe te pinhod nan inilaon Pedroy ine-en di ahina katayan ta kidayawan Apu Dios. Ya kanana bon Pedroy ""Un-unudonak."""
,87,20,Nunligguh Pedro ya tinibowak an mituntun-ud ke hiya. Ha-oy nan impakappinhod Jesus an disipulos ya ha-oy di nihag-on ke hiya handih nanganan mi ot mahmahak hin dahdin dakamiy ahi mangihdul ke hiya.
,87,21,"Handih tinibowak ke Pedro ya kananan Jesus di ""Hiya ya- nganney ahi maat ke hiya?"""
,87,22,"Ya kanan Jesus ke hiyay ""Kon kanak key nanongnan matagu tuh kibangngadak ya nganneh diyen he-a? He-a ke ya miunud kan ha-on."""
,87,23,"Gapu kediyen kinalin Jesus ya nihinap nadah mangulug an adiyak mate. Mu adi athidi te abunay kananay ""Kon kanak key nanongnan matagu tuh kibangngadak ya nganneh diyen he-a?"""
,87,24,Ha-oy an disipulos Jesus ya inang-ang kun am-in datuwen na-na-at ot itudok ku ya inila mi an makulug am-in datuwe.
,87,25,Dakol di udum an inat Jesus an uggek intudok hitu te gulat nat itudok kun am-in ya kumudang di libluh kitudkana te dakkodakkol.
