Book,Chapter,Verse,Text
,1,1,"Inin ēn meꞌ kapapuꞌan Isa Almasihin. Isa Almasi inin tubuꞌ si Daꞌud duk si Daꞌud tubuꞌ Ibrahim. 2-6,aAmban Ibrahim sampay pī pu Sultan Daꞌud, inin meꞌ kapapuꞌan talistahin: Ibrahim sama si Isahak, Isahak sama si Yakub, si Yakub sama si Yuda duk meꞌ pungtinaꞌinen. Si Yuda sama si Peres duk Sera, (saꞌiden si Tamar). Si Peres sama si Hesdon, si Hesdon sama si Aram. Si Aram sama Amminadab, Amminadab sama si Nasson, si Nasson sama si Salmon, si Salmon sama si Bowas (saꞌinen si Rahab), si Bowas sama si Obed (saꞌinen si Rut), si Obed sama si Jesse, si Jesse sama si Sultan Daꞌud."
,1,6,"b-11,Amban si Daꞌud pī si masa pamatahalaꞌ meꞌ aꞌa Israꞌil pī hap lahat Babilonin, inin meꞌ kapapuꞌan talistahin: Si Daꞌud sama si Sulaiman (saꞌinen bakas anda si Uriya), si Sulaiman sama si Robowam, Robowam sama si Abiya, si Abiya sama si Asa, si Asa sama si Josapat. Josapat sama si Joram, si Joram sama si Usiyas, si Usiyas sama si Jotam, si Jotam sama si Ahas, si Ahas sama si Hijikiya, si Hijikiya sama si Manasse, Manasse sama si Amon, si Amon sama si Josiya, si Josiya sama si Jekoniya duk meꞌ pungtinaꞌinen. 12-16,Amban masa pamatahalaꞌ meꞌ aꞌa Israꞌil hap Babilonin, pī si panganak pu si Isahin, inin meꞌ kapapuꞌan talistahin: Jekoniya sama Salati, Salati sama Serubbabel, Serubbabel sama si Abiyud, Abiyud sama si Eliyakim, Eliyakim sama si Asor, si Asor sama si Sadok, si Sadok sama si Akim, si Akim sama si Eliyud, Eliyud sama si Eleyasar, Eleyasar sama si Mattan, si Mattan sama si Yakub, si Yakub sama si Yusup ella si Mariyamin. Si Mariyam saꞌi si Isa inēnan Almasihin."
,1,17,"Manjari niyaꞌ sampuk-ampat pangkat amban Ibrahim sampay si Sultan Daꞌud, duk sampuk-ampat pangkat amban Sultan Daꞌud sampay masa pamatahalaꞌ siye tudju Babilonin duk sampuk-ampat pangkat amban pamatahalaꞌ siye tudju Babilonin sampay panganak pu Almasihin."
,1,18,"Manjari sa inin panganak pu si Isa Almasihin. Saꞌinen Mariyam, taga tunang inēnan si Yusup. Gaꞌ pe siye takawin betteng Mariyam weꞌ balakat Niyawa Tuhanin."
,1,19,"Tunangnen, si Yusup, bentel hinangannen. Hangkan pagkataꞌuhanne weꞌ betteng Mariyam, gaꞌi iye bayaꞌ weꞌ iyaꞌ Mariyam. Hangkan tapikilne magbutas ne hadja siye saguwaꞌ gaꞌi pinabawag."
,1,20,"Sasangne mamikil-mikil inin, paguwaꞌ pu si Yusup malaꞌikat Tuhanin pataginep si iye. Paꞌin malaꞌikatin, ""O Yusup, tubuꞌ Sultan Daꞌud, daꞌa kew magalang-alang ngawinan Mariyam, peggeꞌ puꞌunne betteng weꞌ balakat Niyawa Tuhanin."
,1,21,"Nganak iye iyan lella duk ēnanun iye si Isa (maꞌananen manimbulin) peggeꞌ iye manimbul meꞌ bangsanen amban meꞌ duseden."""
,1,22,"Na, kēmon inin pinalabey supaya tuman bakas pinaꞌin Tuhan pu si Nabi Isaya awwalley, paꞌinne, 23""Niyaꞌ iyan budjang betteng duk nganak iye lella duk inēnan du iye Immanuel."" (Maꞌana Immanuelin - Tuhanin palamud si kite bi.)"
,1,24,"Pagngape si Yusup, tinuhut weꞌ ne pangandaꞌakan malaꞌikatin. Kinawinan weꞌ ne Mariyam."
,1,25,"Saguwaꞌ gaꞌ siye magulid samantaꞌan gaꞌ pe ubus nganak Mariyam. Pagnganak ne Mariyam, lella anaknen duk inēnan iye weꞌ si Yusup si Isa."
,2,1,"Inanakan si Isa si puweblo Betlehem si lahat Yahudiya masa si Herod sultanin. Gaꞌ tiggel, niyaꞌ meꞌ aꞌa tekka pī si puweblo Awrusalam amban lahat silangan. Meꞌ aꞌa inin inadjiꞌan weꞌ de meꞌ poteꞌanin."
,2,2,"Pagtekkade laꞌi magtilew siye, paꞌinde, ""Ingge nakanak baꞌahu inanakanin, iye ujud manjari sultan meꞌ Yahudihin? Peggeꞌ niyaꞌ takite kami poteꞌan paguwaꞌ laꞌi si silangan duk poteꞌan miyaꞌan tandaꞌ weꞌ inanakan ne iye duk pitu kami mudji iye."""
,2,3,"Pagtakale weꞌ Sultan Herod inin, sasew teꞌed pikilannen duk sampay kēmon aꞌa si Awrusalamin sasew du isab."
,2,4,"Dinaꞌak weꞌ sultanin magtipun kēmon meꞌ nakuraꞌ imamin duk meꞌ guru si saraꞌ āgamahin. Manjari tinilew siye weꞌ ne, paꞌinne, ""Antag lahat panganakan pu Almasihin?"""
,2,5,"Paꞌinde, ""Si puweblo Betlehem laꞌi si Yahudiya, peggeꞌ bakas tasulat weꞌ Nabi Mika dem kitab sa inin, 6'O meꞌ aꞌa Betlehem luꞌu si lahat Yahudiya, bisan dikiꞌ lahatbin gaꞌi du kaꞌam diniyawaꞌan si matahan meꞌ nakuraꞌ Yahudihin, peggeꞌ billuꞌu paluwas du dambuwaꞌ nakuraꞌ mangantan meꞌ aꞌakun bangsa Israꞌilin.' """
,2,7,"Pagtakale si Herod inin, pinasan weꞌ ne dinaꞌak pī meꞌ lella amban silangan miyaꞌan, bu binoꞌo siye weꞌ ne magbissā, siye-siye hadja. Tinilew siye weꞌ ne bang sumiyan pangitede paguwaꞌ poteꞌanin. Inakahan iye weꞌ de."
,2,8,"Manjari dinaꞌak ne siye hap Betlehem weꞌ si Herod, paꞌinne, ""Pī kaꞌam, pihahun bi teꞌed nakanakin. Bang takasuwaꞌbi ne nakanakin, akahanun bi ku duk ku isab tapī mudji iye."" 9-10,Manjari, pagubus sultanin missā, lumengngan ne meꞌ aꞌa amban silangan miyaꞌan. Sābude maglengnganin, takitede balik poteꞌan bakas takitede si lahat silanganin. Pagkitede poteꞌanin sinna teꞌed siye manamal. Patuhut siye si poteꞌanin, ubus bu pahali poteꞌanin si atag palaꞌihan nakanakin."
,2,11,"Ubus padiyalem siye si lumaꞌ miyaꞌan duk takitede nakanakin duk saꞌinen Mariyam. Pasujud siye duk pinudji weꞌ de nakanakin. Lukade pangisihanden duk urungande iye bulawan, kamanyan duk isellan bengngi inēnan mira."
,2,12,"Ubus inin inakahan siye weꞌ Tuhanin diyalem taginepde, gaꞌi siye dinaꞌak balik pī pu si Herod. Manjari moleꞌ siye, nuhut lān seddili."
,2,13,"Manjari paglumikut ne siye, paguwaꞌ malaꞌikat Tuhanin pu si Yusup diyalem taginepne, paꞌinne, ""Iyuꞌ sōng daꞌak si Herod piniha nakanakin dinaꞌak pinapatey. Dongaꞌ kew, eddoꞌun nakanakin duk Mariyam, saꞌinen, bu lahi kaꞌam hap lahat Misil. Patennaꞌ kaꞌam laꞌi samantaꞌan gaꞌi pe kaꞌam daꞌakku tahalaꞌ billaꞌi."""
,2,14,"Manjari dongaꞌ ne si Yusup, ineddoꞌ weꞌ ne nakanakin duk Mariyam bu tahalaꞌ ne siye hap lahat Misil sangem miyaꞌan."
,2,15,"Patennaꞌ siye laꞌi sampay matey si Herod. Tuman ne lapal Tuhan tasulat Nabi Hosea dem kitabin, pinaꞌin, ""Daꞌakku pitu anakkun amban lahat Misil."""
,2,16,"Manjari pagkataꞌuhan si Herod weꞌ inakkalan hatiꞌ iye weꞌ meꞌ aꞌa amban silanganin, astel iye manamal. Daꞌakne pinapatey kēmon nakanak lella duwen tahun sampay pe kulang amban duwen tahun umulden laꞌi si lahat Betlehem duk si meꞌ kalahatan matapit si Betlehemin, peggeꞌ bakas inakahan iye weꞌ meꞌ aꞌa amban silanganin bang sumiyan paguwaꞌ poteꞌanin. Ubus pinapatey ne meꞌ mākanakin."
,2,17,"Na, tuman bakas pinaꞌin Nabi Jeremiyahin, paꞌinne, 18""Niyaꞌ suwala takale si lahat Rama magmatey. Nāring teꞌed si Rakel sabab meꞌ anaknen. Gaꞌi iye ngatu pinahemokan peggeꞌ matey ne meꞌ anaknen."""
,2,19,"Manjari pagubus ne matey si Herod, paguwaꞌ ne isab malaꞌikat Tuhanin pu si Yusup pataginep si iye laꞌi si lahat Misil. Paꞌin malaꞌikatin, 20""Dongaꞌ kew, eddoꞌun nakanakin duk Mariyam, saꞌinen, duk balik kaꞌam pī si lahat Israꞌil, peggeꞌ ubus ne matey meꞌ mabayaꞌ mapatey nakanakin."""
,2,21,"Manjari dongaꞌ ne iye ngeddoꞌ nakanakin duk Mariyam, duk balik ne siye pī si lahat Israꞌil."
,2,22,"Saguwaꞌ pagkale si Yusup weꞌ pagantiꞌ magsultan laꞌi si lahat Yahudiya anak si Herodin inēnan Alkilas, tinalew iye hap pī. Inakahan iye balik dem taginepne, dinaꞌak siye pī hap lahat Jalil."
,2,23,"Hangkan hep pī siye laꞌi duk patennaꞌ siye si puweblo inēnan Nasaret. Na, tuman binissā meꞌ kanabihanin sabab Almasi, paꞌinde, ""Inēnan iye aꞌa Nasaret."""
,3,1,"Manjari, masa miyaꞌan tekka Yahiya magpandi-pandi aꞌahin si lahat makagindew-gindew si Yahudiya. Ekka aꞌa hap pī si iye duk magmahalayak iye, paꞌinne, 2""Pagsusunanun bi dusebin duk lebbahanun bi ne, peggeꞌ sōng pitu Tuhanin magbayaꞌ si kite bi."""
,3,3,"Bakas inaka weꞌ Nabi Isaya sabab Yahiya inin, paꞌinne,""Niyaꞌ aꞌa maglingan dem lahat makagindew-gindew. Iye inin pinaꞌinnen, 'Sōng tekka ne Panuhutanin. Palanuꞌun bi lān palabeyannen. Pabentelun bi lān tinuhutnen.' """
,3,4,Semmek Yahiyahin bulu untaꞌ tinennun duk kanditnen kuwit sapiꞌ. Kinakannen meꞌ dulu duk boheꞌ buwani.
,3,5,Hap pī si iye meꞌ aꞌahin amban Awrusalam duk amban tibuꞌukan lahat Yahudiya duk amban meꞌ kalahatan si bihing boheꞌ Jordan.
,3,6,Magbennal siye si meꞌ duseden duk pinandi siye weꞌ Yahiya dem boheꞌ Jordan.
,3,7,"Niyaꞌ isab meꞌ Pariseo duk meꞌ Sadduseo hap pī, meꞌ nakuraꞌ āgama siye. Pagkitene ekka Pariseo duk meꞌ Sadduseo pī makipandi si iye, paꞌinne, ""Kaꞌam iyan, addatbin kuweꞌ addat sawe pangakkal. Kannalbi hatu weꞌ gaꞌi kaꞌam tewwaꞌ mulkaꞌ Tuhan sōng matekkahin bang kaꞌam pinandi."
,3,8,Hinangun bi hinangan mahāpin duk takite weꞌ tayikutanbi ne dusebin.
,3,9,"Daꞌa kaꞌam ngandel weꞌ gaꞌi kaꞌam legga Tuhanin sewukat ne kaꞌam tubuꞌ Apuꞌ Ibrahim. Akahante kaꞌam, bisan meꞌ batu inin tahinang Tuhanin du meꞌ tubuꞌ Apuꞌ Ibrahim."
,3,10,Kuweꞌ dalil kayu kaꞌam sōng tinebbengan si gamutne. Kēmon kayu manggaꞌi magbuwaꞌ mahāpin tinebbengan duk ilakasan dem ebbut ineggas.
,3,11,"Pinandi kaꞌam weꞌ ku duk boheꞌ duk takite weꞌ magsusun ne kaꞌam duk lebbahanbi dusebin. Saguwaꞌ niyaꞌ paturul pitu si aku, balakatan pe iye amban aku. Gaꞌi ku bisan pataꞌ moꞌo tehompaꞌnen. Iye inin seddili pamandine kaꞌamin. Niyaꞌ kaꞌam papīhanne Niyawa Sutsihin duk sinduwehin pandine duk ebbut."
,3,12,"Pagpaꞌilne meꞌ aꞌa mahāpin duk meꞌ aꞌa malaꞌatin. Kuweꞌ iye dalil aꞌa magpalid paley, pagpaꞌilne linggasin duk apahin. Meꞌ linggasin ennaꞌne pinadem lukung saguwaꞌ apahin eggasne dem ebbut gaꞌ niyaꞌ kapalemne."""
,3,13,"Manjari lumengngan si Isa amban lahat Jalil hap boheꞌ Jordan, duk makipandi iye pu si Yahiya."
,3,14,"Saguwaꞌ gaꞌi mabayaꞌ si Yahiya, paꞌinne, ""Weꞌey kew pitu makipandi si aku? Subey kaꞌu mamandi akuhin."""
,3,15,"Saguwaꞌ nambung si Isa, paꞌinne, ""Pīhun ne, pandihun ne ku kuweꞌitu peggeꞌ subey teꞌed tuhutte kēmon pangandaꞌakan Tuhanin."" Ubus sinulut ne si Isa weꞌ Yahiya."
,3,16,Pagubus si Isa pinandi paguwaꞌ iye amban dem boheꞌ. Manjari paluka langitin duk takitene Niyawa Tuhanin kuweꞌ bantuk assang duwaꞌi amban surgaꞌ duk padapuꞌ si iye.
,3,17,"Niyaꞌ isab suwala amban surgaꞌ missā, paꞌinne, ""Inin Anakku kalasahanku. Asal kasulutan ku teꞌed si iye."""
,4,1,Manjari binoꞌo si Isa weꞌ Niyawa Sutsihin hap lahat makagindew-gindew supaya iye tasassat weꞌ nakuraꞌ seyitanin.
,4,2,Paglaꞌi si Isa gaꞌ iye mangan ampatpūꞌ ellew duk ampatpūꞌ sangem. Pagpuwas miyaꞌan inusan ne iye.
,4,3,"Manjari tekka nakuraꞌ seyitanin duk paꞌinne pu si Isa, ""Bang bennal kew teꞌed Anak Tuhanin, daꞌakun meꞌ batu inin manjari kinakan."""
,4,4,"Nambung si Isa, paꞌinne, ""Tasulat dem kitab, pinaꞌin, 'Dumaꞌin hadja kinakan makaꞌellum manusiyaꞌin saguwaꞌ iye makaꞌellum manusiyaꞌin meꞌ bissā Tuhanin.' """
,4,5,Ubus miyaꞌan binoꞌo iye weꞌ nakuraꞌ seyitanin hap Awrusalam duk pinatengge iye diyataꞌ būngan langgal hadjehin.
,4,6,"Paꞌin nakuraꞌ seyitanin, ""Bang bennal kew teꞌed Anak Tuhanin, palaboꞌ kew bittuꞌu, peggeꞌ tasulat du dem kitab pinaꞌin,'Daꞌak Tuhanin kew inipat si meꞌ malaꞌikatnen duk tayakde kew supaya bisan bettisnun gaꞌi peddiꞌan weꞌ batu.' """
,4,7,"Paꞌin si Isa, ""Niyaꞌ isab tasulat sa inin, 'Daꞌa suleyanun Tuhanin, Panuhutannun.' """
,4,8,"Pagubus miyaꞌan, binoꞌo iye weꞌ nakuraꞌ seyitanin diyataꞌ punu langkew manamal. Pinakitehan si iye weꞌ nakuraꞌ seyitanin kēmon kalahatan dem dunyahin duk alataꞌden duk balakat nakuraꞌden."
,4,9,"Paꞌin nakuraꞌ seyitanin pu si Isa, ""Kēmon inin pangurungku kaꞌu bang kew pasujud duk nambahayang si aku."""
,4,10,"Paꞌin si Isa, ""Tahalaꞌ kew, seyitan, peggeꞌ tasulat dem kitab, pinaꞌin, 'Subey kaꞌam pasujud si Tuhan Panuhutanbin duk subey hadja iye dendangan sinambahayangbin.' """
,4,11,Ubus miyaꞌan tahalaꞌ ne nakuraꞌ seyitanin duk tekka meꞌ malaꞌikatin ngahatul iye.
,4,12,"Manjari inin, pagkale si Isa weꞌ kinalabusu Yahiya, pī iye si lahat Jalil."
,4,13,"Gaꞌ iye patennaꞌ si Nasaret, saguwaꞌ pī iye patennaꞌ si Kapernaum, puweblo si bihing lamew Jalil laꞌi si lahat Sebulun duk Naptali."
,4,14,"Tuman ne binissā Nabi Isaya dem kitabin, paꞌinne, 15""Lahat Sebulunin duk lahat Naptalihin tudju seddepan duk si dambiyaꞌ boheꞌ Jordan inēnan isab lahat Jalil, magsewusaget meꞌ kabangsahan malaꞌihin."
,4,16,"Meꞌ aꞌa mapatennaꞌ dem kalindemanin makakite dantaꞌ sahaya manamal. Tekka ne dantaꞌin si meꞌ aꞌa dem kalindemanin, meꞌ matinalew mamateyin."""
,4,17,"Manjari inin, magtagnaꞌ ne si Isa magmahalayak, paꞌinne, ""Pagsusunanun bi dusebin duk lebbahanun bi ne, peggeꞌ sōng pitu Tuhanin magbayaꞌ si kite bi."""
,4,18,"Manjari lumengngan-lengngan si Isa laꞌi si susulan lamew Jalil. Sasangne malumengnganin, niyaꞌ takitene duwangan magpungtinaꞌi. Dambuwaꞌin si Simon, inēnan isab iye Petros duk dambuwaꞌin inēnan Andariyas. Magpokot siye laꞌi dem lamew, peggeꞌ siye meꞌ aꞌa magkenna."
,4,19,"Manjari paꞌin si Isa si siye, ""Dayiꞌ kaꞌam nuhut aku. Bahanbin mageddoꞌ-eddoꞌ kenna. Saguwaꞌ bang kaꞌam nuhut aku, toloꞌante kaꞌam mageddoꞌ-eddoꞌ aꞌa pinatuhut si aku."""
,4,20,Magtawus inambanan weꞌ de meꞌ pokotden duk nuhut siye si Isa.
,4,21,"Palanjal ne si Isa. Niyaꞌ isab takitene duwangan magpungtinaꞌi disi Yakub duk Yahiya, meꞌ anak si Sebedehin. Dem bangkaꞌ siye duk samaden, maghatul pokotden. Ilinganan siye weꞌ si Isa duk binoꞌo weꞌ ne."
,4,22,Magtawus du isab siye nuhut. Inambanan weꞌ de samaden duk bangkaꞌden.
,4,23,Manjari ilatag weꞌ si Isa lahat Jalilin duk magusihat iye si meꞌ kalanggal-langgalan duk magmahalayak aka-aka hāp sabab pagbayaꞌ Tuhanin. Pinakoleꞌ weꞌ ne meꞌ aꞌa masakihin. Bisan ine-ine sakiden pinakawuliꞌ weꞌ ne.
,4,24,"Manjari bawag ne si Isa si kēmon kalahatan si Siriya. Hangkan binoꞌo isab weꞌ meꞌ aꞌahin pī pu si Isa kēmon aꞌa masakihin, meꞌ mapeddiꞌanin duk meꞌ aꞌa pasayedan seyitanin, meꞌ binabuy-babuyin duk meꞌ aꞌa mamatey barannen. Kawuliꞌan siye kēmon weꞌ si Isa."
,4,25,"Tungan-tunganne, ekka aꞌa nuhut iye, meꞌ aꞌa amban lahat Jalil, amban meꞌ sampūꞌ puweblo, amban Awrusalam duk Yahudiya duk amban dambiyaꞌ boheꞌ Jordan."
,5,1,"Manjari pagkite si Isa meꞌ aꞌa mabanesin, pataked iye diyataꞌ kūd duk ningkoloꞌ iye. Patapit si iye meꞌ tindegnen."
,5,2,"Magusihat iye si siye, paꞌinne, 3""Hāp pe meꞌ aꞌa mangataꞌuhan weꞌ gaꞌi kasulutan Tuhanin si siye bang gaꞌi siye ngandel si iye, peggeꞌ pagbayaꞌan du siye weꞌ Tuhanin."
,5,4,"Hāp pe meꞌ aꞌa madukkahin, peggeꞌ pinahemokan du siye weꞌ Tuhanin."
,5,5,Hāp pe meꞌ aꞌa madiyawaꞌ ateynen peggeꞌ tasangkade du kahāpan pananggup Tuhanin.
,5,6,"Hāp pe meꞌ aꞌa mamabayaꞌ manuhut kabayaꞌan Tuhanin, peggeꞌ dinuhulan du siye."
,5,7,"Hāp pe meꞌ aꞌa mamaꞌaseꞌ si saweꞌden, peggeꞌ kinaꞌaseꞌan du isab siye weꞌ Tuhanin."
,5,8,"Hāp pe meꞌ aꞌa mabentel dem ateyden, peggeꞌ magkite du siye duk Tuhanin."
,5,9,"Hāp pe meꞌ aꞌa maghāp saweꞌden, peggeꞌ inēnan du siye anak Tuhanin."
,5,10,"Hāp pe meꞌ aꞌa bininasa sabab panuhutde pangandaꞌakan Tuhanin, peggeꞌ pagbayaꞌan siye weꞌ Tuhanin. 11""Hāp pe kaꞌam bang kaꞌam binissā-bissāhan, duk pinapeddiꞌan duk ilimutan bu gaꞌi toꞌo peggeꞌ nuhut kaꞌam aku."
,5,12,"Magkēg kaꞌam manamal peggeꞌ hadje panumbas kaꞌamin si surgaꞌ. Peggeꞌ sa miyaꞌan du hep isab paminasa si meꞌ kanabihan matuꞌuley."" 13""Kaꞌam manuhut akuhin, kuweꞌ asin du kaꞌam si kēmon manusiyaꞌ. Saguwaꞌ bang asinin gaꞌ ne niyaꞌ lessane, gaꞌi ne maꞌasin balik. Gaꞌ ne niyaꞌ gunane. Ubus ilakasan hadja duk diꞌik-diꞌikan aꞌa. 14""Kaꞌam manuhut akuhin, kuweꞌ dantaꞌ du kaꞌam si kēmon manusiyaꞌ. Bang puweblohin diyataꞌ kūd, takite du weꞌ meꞌ aꞌahin."
,5,15,Gaꞌ niyaꞌ mekketan payitaꞌan bu lekkebanne duk palanggana saguwaꞌ bettadne diyataꞌ tengenanne duk dantaꞌ kēmon dem lumaꞌin.
,5,16,"Damikkiyan isab kaꞌam subey ngurung dantaꞌ si manusiyaꞌ. Hātinen maghinang kaꞌam hāp, supaya takite meꞌ aꞌahin meꞌ hinanganbi mahāpin duk pudjide du Samabi si surgaꞌin."" 17""Daꞌa kaꞌam magpikil weꞌ hangkan ku pitu supaya gaꞌi ne binali saraꞌ si Musahin duk meꞌ panoloꞌ kanabihanin. Gaꞌi ku pitu ngānan saraꞌin duk meꞌ panoloꞌ kanabihanin saguwaꞌ supaya tapahāti teꞌed bang ine hātinen."
,5,18,"Sabennal akahante kaꞌam, samantaꞌan tuꞌu pe dunyahin duk langitin, gaꞌ niyaꞌ bisan dambuwaꞌ batang duk dambuwaꞌ balis inānan amban saraꞌin. Gaꞌi makajari weꞌ gaꞌi binali saraꞌin samantaꞌan gaꞌ pe kiyamat."
,5,19,"Hangkan sine-sine ngalanggalan saraꞌin, bisan meꞌ saraꞌ gaꞌ niyaꞌ tantu baline, duk toloꞌanne isab sinduwehin ngalanggalanne, iye du madiyawaꞌ teꞌed dem pagbayaꞌan Tuhanin. Saguwaꞌ sine-sine nuhut saraꞌin duk toloꞌanne isab sinduwehin nuhut saraꞌin, langkew iye si pagbayaꞌan Tuhanin."
,5,20,"Akahante kaꞌam, bang pagtuyuꞌbi manuhut pangandaꞌakan Tuhanin gaꞌi palabi amban pagtuyuꞌ meꞌ guru si saraꞌ āgamahin duk meꞌ Pariseohin, gaꞌi du kaꞌam tapī dem pagbayaꞌan Tuhanin."" 21""Bakas takalebi sabab panoloꞌ si meꞌ aꞌa dehelluhin, pinaꞌin, 'Daꞌa kew mapatey. Sine-sine mapatey subey hinukum.'"
,5,22,"Saguwaꞌ aku, paꞌinku: sine-sine astel si saweꞌnen subey hinukum, duk sine-sine magpaꞌin si saweꞌne, 'Babbal kew!' subey binoꞌo si huwis, duk sine-sine magpaꞌin si saweꞌne, 'Dupang kew teꞌed, gaꞌ niyaꞌ kagunahannu!' siya-siya iye hinukum pinadem ebbut narkaꞌ."
,5,23,"Bang kew laꞌi si langgal sōng nambahayang bu taꞌessebnu weꞌ peddiꞌ atey saweꞌnun si kaꞌu,"
,5,24,"pī kew dahuꞌ maghāp duk saweꞌnun, meke kew pī balik nambahayang. 25""Bang niyaꞌ aꞌa nuntutan kaꞌu, boꞌohun ne iye maghāp sasangbi pe si lān hap pī si paghukuman. Peggeꞌ bang laꞌi ne kaꞌam si paghukuman, kaw kew daꞌak hukumin ineddoꞌ si pulis bu pinadem kalabusu kew."
,5,26,"Sabennal akahante kew, weꞌ gaꞌi teꞌed kew lumuwas billaꞌi samantaꞌan gaꞌi tapuwasannu kēmon pinamulta si kaꞌuhin. Bisan dambuwaꞌ sīn gaꞌi kakulangan."" 27""Bakas takalebi isab panoloꞌ inin, pinaꞌin, 'Daꞌa kew magjina.'"
,5,28,"Saguwaꞌ aku, paꞌinku: sine-sine mayam si dende bu tapikilnen laꞌat, kapagjina ne iye duk dendehin dem ateyne."
,5,29,"Bang matanu kanawanin mamoꞌo kaꞌu magdusehin, lebbahanun pagdusenun. Dalilnen kuweꞌ du ugitannu matanun bu ngalakasanne. Hāp pe bang gaꞌ niyaꞌ matanu dambiyaꞌ, amban kēmon barannun tinimanan pī dem narkaꞌ."
,5,30,"Duk bang tangannu kanawanin mamoꞌo kaꞌu magdusehin, lebbahanun pagdusenun. Dalilnen kuweꞌ du putukannu tangannun bu ngalakasanne. Hāp pe bang putuk tangannu dambiyaꞌin, amban kēmon barannun pinadem narkaꞌ."" 31""Niyaꞌ isab panoloꞌ, pinaꞌin, 'Sine-sine nimanan andanen subey niyaꞌ sulat pagpilmahande duk kataꞌuhan weꞌ magbutas ne siye.'"
,5,32,"Saguwaꞌ aku, paꞌinku: bang lellahin nimanan andanen, bu gaꞌ bakas magjina andanen, lellahin jānnen hangkan magjina dendehin bang magella iye balik. Duk sine-sine maganda si iye magjina du isab."" 33""Bakas takalebi isab sabab panoloꞌ si meꞌ aꞌa dehelluhin, pinaꞌin, 'Daꞌa kaꞌam napa bang gaꞌi toꞌo. Duk subey tumananbi bang niyaꞌ sanggupbi si pakalehan Tuhanin.' 34-35,Saguwaꞌ aku, paꞌinku: bang kaꞌam nanggup ine-ine, daꞌa kaꞌam napa nabbut surgaꞌin, peggeꞌ laꞌi paningkoloꞌan Tuhanin. Daꞌa kaꞌam napa nabbut dunyahin, peggeꞌ inin pahalihan bettis Tuhanin. Daꞌa kaꞌam napa nabbut puweblo Awrusalamin, peggeꞌ inin puweblo inantanan Sultan Mabalakatanin."
,5,36,"Daꞌa kaꞌam napa, kuweꞌ upama paꞌinbi, 'Muwekkaꞌ kōkkun bang gaꞌi toꞌo!' peggeꞌ dumaꞌin kaꞌam mangahinang baranbin. Bisan da lamba kōkbin, gaꞌi du kaꞌam taꞌu matomoꞌne pinaꞌittem atawa pinapoteꞌ."
,5,37,"Paꞌinun bi hadja, 'Aweꞌ' atawa, 'Gaꞌi.' Ine-ine panambabi supaya kaꞌam kinahagad, iyan amban nakuraꞌ seyitanin ne."" 38""Bakas takalebi panoloꞌ inin, pinaꞌin, 'Bang niyaꞌ aꞌa makapagkaꞌat mata saweꞌne, subey isab pinagkaꞌat matanen, duk bang niyaꞌ aꞌa makalupuꞌ impen saweꞌne, subey isab ilupuꞌ impennen.'"
,5,39,"Saguwaꞌ aku, paꞌinku: daꞌa kaꞌam males bang niyaꞌ aꞌa taga sāꞌ si kaꞌam. Bang niyaꞌ aꞌa nampak luwenu dambiyaꞌin patampalun isab pī si iye dambiyaꞌin, ambat sampakne."
,5,40,"Bang niyaꞌ aꞌa nuntutan kaꞌu supaya taꞌeddoꞌne badjuꞌnun, pangurungun du isab iye ōsnun."
,5,41,"Bang niyaꞌ aꞌa nganggagahan kaꞌu moꞌo binoꞌonen da kilumetro, boꞌohun duwe kilumetro."
,5,42,"Sine-sine mākuhan kaꞌu, urunganun, duk sine-sine ngindam amban kaꞌu, paꞌindamanun."" 43""Bakas takalebi panoloꞌ inin, pinaꞌin, 'Kalasahanun bagaynun duk kabunsihanun bantanun.'"
,5,44,"Saguwaꞌ aku, paꞌinku: kalasahanun bi bantabin duk māku-māku kaꞌam si Tuhan para si meꞌ mangalaꞌat kaꞌamin"
,5,45,"supaya addatbin neppu addat Tuhanin, Samabi si surgaꞌin. Peggeꞌ Tuhanin pasilakne ellewin si meꞌ aꞌa mahāpin duk meꞌ aꞌa malaꞌatin saliꞌ-saliꞌ. Duk urunganne ulan meꞌ aꞌa mabentelin duk meꞌ aꞌa maghinangan malaꞌatin."
,5,46,"Daꞌa kaꞌam ngase-ngase weꞌ tumbasan Tuhanin kaꞌam bang iye hadja kinalasahanbin meꞌ mamalasa si kaꞌamin. Peggeꞌ bisan du meꞌ aꞌa magpāku-pāku sukey mangalibahin, kalasahande du isab mamalasa si siyehin."
,5,47,"Bang iye hadja inasipbin meꞌ bagaybin, na, gaꞌ du niyaꞌ tahinangbi pasōng hāpnen amban tahinang meꞌ sinduwehin. Bisan meꞌ aꞌa manggaꞌi mangataꞌuhan Tuhanin sa iyan du isab addatden."
,5,48,"Hangkan kaꞌam, subey kaꞌam hāp kuweꞌ hāpan Samabi si surgaꞌin.""
1""Pahatul-hatul kaꞌam, daꞌa kaꞌam maghinang hāp supaya hadja kaꞌam takite weꞌ aꞌa. Peggeꞌ bang hinangbi inin supaya hadja kaꞌam takite weꞌ aꞌa, gaꞌ niyaꞌ tumbasbi amban Tuhanin, Samabi si surgaꞌin."
,5,2,"Hangkan bang kaꞌam ngurung si meꞌ aꞌa miskin, daꞌa kaꞌam magpabawag kuweꞌ meꞌ aꞌa mangurung dem langgalin duk si meꞌ lānin supaya siye pinudji weꞌ aꞌa sinduwehin. Sabennal akahante kaꞌam, bang siye pudji aꞌa, katumbasan ne siye, duk iye miyaꞌan tumbas si siyehin."
,5,3,"Saguwaꞌ kaꞌam, bang kaꞌam ngurung si meꞌ aꞌa miskin, daꞌa kaꞌam magaka-aka bisan si bagaybi manamalin"
,5,4,"duk gaꞌi kataꞌuhan pangurungbin. Samabi si surgaꞌin kataꞌuhanne hininangbin bisan sipuk duk tumbasanne du kaꞌam."" 5""Bang kaꞌam ngampun si Tuhanin daꞌa kaꞌam kuweꞌ meꞌ aꞌa magmā-māhin. Peggeꞌ sinna siye ngampun si Tuhan si langgal duk si bihing lān supaya siye takite weꞌ aꞌa. Akahante kaꞌam, bang siye pudji aꞌa, katumbasan ne siye, duk iye miyaꞌan tumbas si siyehin."
,5,6,"Saguwaꞌ bang kew ngampun, pī kew dem bilik duk tambelun gawangin duk ngampun kew si Tuhan, iye Samanu gaꞌi takitehin. Samanu inin, takitene du hininangnun duk tumbasanne du kew. 7""Bang kaꞌam ngampun, daꞌa kaꞌam missā pinatahaꞌ duk binalik-balik kuweꞌ meꞌ aꞌa manggaꞌi mangataꞌuhan Tuhanin, peggeꞌ paꞌinde weꞌ takale Tuhanin siye bang ekka bissāde."
,5,8,Daꞌa be kaꞌam kuweꞌ siyehin peggeꞌ kataꞌuhan Samabi Tuhanin du andang bang ine meꞌ sukalbin.
,5,9,"Bang kaꞌam ngampun subey kuweꞌ inin:'O Ammaꞌ, kaꞌu sama kami si surgaꞌin, karayaw pinagaddatan ēnnun weꞌ kēmon manusiyaꞌin."
,5,10,Karayaw weꞌ gaꞌi tiggel magbayaꞌ ne kew si kēmon manusiyaꞌ.Karayaw tinuhut kinabayaꞌannun tuꞌu si dunya sa maluꞌu si surgaꞌin.
,5,11,Urunganun kami kinakan ellew inin.
,5,12,Ampunun meꞌ duse kamihin kuweꞌ du isab pangampun kami meꞌ makaduse si kamihin.
,5,13,"Patalahun kami amban sassat duk elliganun kami amban nakuraꞌ seyitanin.' 14""Peggeꞌ bang ampunbi duse saweꞌbin, inampun isab kaꞌam weꞌ Samabi si surgaꞌin."
,5,15,"Saguwaꞌ bang gaꞌi ampunbi duse saweꞌbin gaꞌi isab dusebin ampun Tuhanin."" 16""Bang kaꞌam muwase, daꞌa kaꞌam kuweꞌ bantuk suse kuweꞌ meꞌ aꞌa magmā-māhin hadja. Peggeꞌ bang siye muwase, gaꞌi siye ngulaꞌup atawa magsugley supaya takite weꞌ aꞌa weꞌ magpuwase siye. Sabennal akahante kaꞌam, bang siye pudji aꞌa, katumbasan ne siye duk iye miyaꞌan tumbas si siyehin."
,5,17,"Saguwaꞌ bang kaꞌam muwase, ngulaꞌup kaꞌam duk maglanuꞌ-lanuꞌ kaꞌam"
,5,18,"supaya gaꞌi kataꞌuhan sinduwehin weꞌ muwase kaꞌam. Samabi gaꞌi takitehin, takitene du hininangbin duk tumbasanne du kaꞌam."" 19""Daꞌa kaꞌam magtipun alataꞌ tuꞌu si dunya peggeꞌ mura magkaꞌat. Makajari kakan mellek atawa ginahaꞌ, atawa tinangkew bang ilangkat lumaꞌin."
,5,20,"Saguwaꞌ maghinang kaꞌam hāp supaya niyaꞌ katekkahanbi si surgaꞌ. Duk alataꞌbi iyan gaꞌi takakan mellek, gaꞌi ginahaꞌ duk gaꞌi tatangkew."
,5,21,"Peggeꞌ antag-antag pangennaꞌanbi alataꞌbin, laꞌi isab patetegan ateybin."" 22""Mataten dalil payitaꞌan si barante. Bang pastiꞌ pamayamten, hātinen, bentel hinanganten, kuweꞌ dantaꞌ tibuꞌukan baranten."
,5,23,"Saguwaꞌ bang labut pamayamten, hātinen laꞌat hinanganten, kuweꞌ lindem tibuꞌukan baranten. Bang paꞌinte weꞌ dantaꞌ dem baranten bu lindem hatiꞌ, asal lindem manamal."" 24""Gaꞌ niyaꞌ daraꞌakan makajari magbanyagaꞌ si duwe amu, peggeꞌ kabunsihanne iyan dambuwaꞌin duk kalasahanne dambuwaꞌin, atawa tuhutne teꞌed dambuwaꞌin duk gaꞌi asipne dambuwaꞌin. Bang pilakin mamahalgaꞌ si kaꞌamin, gaꞌi kaꞌam makajari maghinang isab si Tuhan. 25""Hangkan hep paꞌinku si kaꞌam: daꞌa kaꞌam magsuse sabab kaꞌellumanbin bang ine kinakanbin duk bang ine ininumbin supaya kaꞌam ellum, atawa sabab baranbin bang ine panemmekbin. Mahalgaꞌ pe hep umulin amban kinakan, duk mahalgaꞌ pe hep baranin amban semmek."
,5,26,"Payamanun bi meꞌ manuk-manuk mapalayangin. Gaꞌi siye magtanem atawa magpagani duk gaꞌi siye magennaꞌ saguwaꞌ pakan Tuhanin siye. Bu kaꞌam, pasōng teꞌed kaꞌam mahalgaꞌ amban meꞌ manuk-manukin."
,5,27,Sine kaꞌam tapatahaꞌbi umulbin bisan da ora bang kaꞌam magsuse?
,5,28,"Weꞌey pe pagsusehanbi sabab semmekbin? Payamanun bi meꞌ sumpingin bang saꞌingge panuligden. Gaꞌi siye maghinang, gaꞌi siye magtennun."
,5,29,"Bu paꞌin, akahante kaꞌam, bisan Sultan Sulaiman madayahan awwalley, gaꞌ du makapagsemmek hāpnen kuweꞌ dambuwaꞌ meꞌ sumping inin."
,5,30,"Bang Tuhanin tapasemmekanne pahāp-hāp meꞌ sumping sabetin bu gaꞌi du siye natas, ellum siye kuweꞌitu, pagsumu ineggas, na, kaꞌam pe gaꞌi tapasemmekanne? Asal kulang sandelbi si Tuhanin."
,5,31,"Hangkan daꞌa kaꞌam magsuse. Daꞌa kaꞌam magpaꞌin, 'Ine kinakanten bi, ine ininumten bi, ine panemmekten bi.'"
,5,32,"Meꞌ aꞌa manggaꞌi mangataꞌuhan Tuhanin, iye hep inin luwal pinikilden. Saguwaꞌ kaꞌam, subey kaꞌam gaꞌi magsuse peggeꞌ kataꞌuhan Samabi Tuhanin weꞌ iye inin meꞌ sukalbin."
,5,33,Saguwaꞌ iye subey pikilun bi sabab pagbayaꞌan Tuhanin duk sabab panuhut kinabayaꞌannen. Manjari urunganne du kaꞌam kēmon sukalbi inin.
,5,34,"Hangkan hep daꞌa kaꞌam magsuse sabab sumuhin, peggeꞌ ngaꞌekka hadja kasusehanbin. Sarang ne susebi sabab ellew inin.""
1""Daꞌa kaꞌam ngandiyawaꞌan saweꞌbi duk kaꞌam gaꞌi hukum Tuhanin,"
,5,2,"peggeꞌ bang kaꞌam kuweꞌ bantuk ngahukum saweꞌbi, damikkiyan du isab kaꞌam hukum Tuhanin. Duk bang saꞌingge kaꞌam nakesan saweꞌbi, kuweꞌ miyaꞌan du isab takesan si kaꞌamin."
,5,3,"Kaꞌu, mangandiyawaꞌan saweꞌnun, weꞌey iye tatīknun hapak-hapak dem mata saweꞌnun, bu kaꞌu batang kayu dem matanun, bu gaꞌi tatīknu."
,5,4,"Saꞌingge kapagpaꞌinnu si saweꞌnun, 'Bagay, tuhun koꞌ, ānante hapak-hapak dem matanu lu,' bang niyaꞌ batang kayu dem di matanun."
,5,5,"Kaꞌu iyan magmā-mā hadja. Ānanun dahuꞌ batang kayuhin amban dem matanu iyan, ubus pastiꞌ ne pamayamnun ngānan hapak-hapak dem mata saweꞌnun. 6""Daꞌa kaꞌam ngurung ine-ine sutsi si meꞌ asu, kaw kaꞌam balikde kinekkeb. Daꞌa lakasanun bi meꞌ mutsaꞌbin si bawi, kaw hadja diꞌik-diꞌikande."" 7""Māku-māku kaꞌam ubus inurungan du kaꞌam; miha kaꞌam ubus ngasuwaꞌ du kaꞌam; makipadiyalem kaꞌam ubus ilukahan du kaꞌam."
,5,8,"Peggeꞌ kēmon mamākuhin inurungan du, mamihahin ngasuwaꞌ du, duk makipadiyalemin ilukahan du."
,5,9,"Sine kaꞌam tuꞌu, bang anakbin māku kinakan si kaꞌam, urunganbi ke iye batu?"
,5,10,"Atawa bang māku iye kenna, urunganbi ke iye sawe?"
,5,11,"Kaꞌam, bisan kaꞌam dusehan, taꞌu du kaꞌam ngurungan anakbin meꞌ bayuꞌ-bayuꞌan mahāpin. Pasōng pe teꞌed Tuhanin, Samabi si surgaꞌin, pangurungne du si kaꞌam meꞌ bayuꞌ-bayuꞌan mahāpin bang kaꞌam māku si iye. 12""Ine-ine kabayaꞌanbi hinang aꞌa si kaꞌam, damikkiyan isab hinangun bi si siye, peggeꞌ iyan hāti saraꞌ si Musahin duk panoloꞌ meꞌ kanabihanin."" 13""Paꞌasek kaꞌam amban tarangka makiputin. Luha tarangkahin duk mura tinuhut lān hap narkaꞌin. Ekka aꞌa nuhut lān miyaꞌan."
,5,14,"Saguwaꞌ kiput tarangkahin duk hunit tinuhut lān tudju surgaꞌin. Kulang aꞌa mangasuwaꞌ iyehin."" 15""Pahatul-hatul kaꞌam, kaw kaꞌam taboꞌo weꞌ meꞌ nabi gaꞌi bennal. Si luwasan hāp addatden, saguwaꞌ dem ateyde, laꞌatan siye kuweꞌ dalil asu bingis."
,5,16,"Takilalebi siye si meꞌ hinanganden, kuweꞌ kayuhin kataꞌuhan si buwaꞌne. Gaꞌi kite bi ngeddoꞌ buwaꞌ ubas amban puhung atawa buwaꞌ biyabas amban sampinit."
,5,17,Kayu mahāpin hāp buwaꞌnen saguwaꞌ kayu manggaꞌi mahāpin gaꞌi isab hāp buwaꞌnen.
,5,18,Kayu mahāpin gaꞌi buwaꞌ gaꞌi hāp duk kayu manggaꞌi mahāpin gaꞌi buwaꞌ hāp.
,5,19,Kēmon kayu manggaꞌi magbuwaꞌ mahāpin tinebbengan duk ilakasan dem ebbut ineggas.
,5,20,"Sa iyan du isab takilalebi meꞌ nabi manggaꞌi mabennalin si meꞌ hinanganden."" 21""Dumaꞌin kēmon luwal manabbut ēnkun tapī si pagbayaꞌan Tuhanin, saguwaꞌ luwal hadja meꞌ aꞌa manuhut kabayaꞌan Samaku si surgaꞌin."
,5,22,"Bang taꞌabut ne ellew pangahukum manusiyaꞌin, ekka iyan aꞌa magpaꞌin si aku, 'Kaꞌu Panuhutan kamihin, peggeꞌ bakas kami magpalataꞌ bissā Tuhanin weꞌ balakat ēnnun, duk bakas kami magpaluwas meꞌ seyitan duk bakas kami maghinang ekka hinangan makaꞌulaliꞌ weꞌ balakat ēnnun.'"
,5,23,"Ubus paꞌinku iyan si siye, 'Gaꞌi kaꞌam takilaleku. Tahalaꞌ kaꞌam amban aku, kēmon kaꞌam maghinangan malaꞌatin.' "" 24""Manjari, sasuku pakale si meꞌ bissāku miyaꞌan duk tuhutne, kuweꞌ iye aꞌa pandey teꞌed mikil ngahinang lumaꞌne diyataꞌ batu."
,5,25,Manjari tekka ulanin duk dunuk boheꞌin duk tewwaꞌ lumaꞌin weꞌ baliyu mabasagin. Saguwaꞌ gaꞌ hebbaꞌ lumaꞌin peggeꞌ hininang diyataꞌ batu.
,5,26,"Duk sasuku pakale si meꞌ bissāku miyaꞌan bu gaꞌi du tuhutne, kuweꞌ iye aꞌa dupang maghinang lumaꞌ diyataꞌ umus."
,5,27,"Manjari tekka ulanin duk dunuk boheꞌin duk tewwaꞌ lumaꞌin weꞌ baliyu mabasagin. Magtawus hebbaꞌ lumaꞌin duk jadjag teꞌed."""
,5,28,"Pagubus inin bissā si Isa, ulaliꞌ meꞌ aꞌahin pagkalede usihatnen,"
,5,29,peggeꞌ magbiddaꞌ teꞌed usihat si Isahin duk usihat meꞌ guru si saraꞌ āgamahin. Peggeꞌ taga balakat si Isa bang iye missā.
,6,1,"Pagdurul si Isa amban diyataꞌ kūd, asal banes manamal aꞌa nuhut iye."
,6,2,"Manjari, niyaꞌ pī pu si Isa dambuwaꞌ aꞌa inipul. Nengge aꞌahin duk tuꞌutne magpadiyawaꞌ pu si Isa duk paꞌinne, ""O Tuwan, bang kew mabayaꞌ tapakawuliꞌnu ku."""
,6,3,"Pinasōng weꞌ si Isa tangannen duk inantan weꞌ ne aꞌa inipulin, duk paꞌinne, ""Asal mabayaꞌ ku. Kawuliꞌan ne kew."" Magtawus kawuliꞌan ipulnen."
,6,4,"Paꞌin si Isa si iye, ""Pakale kew, daꞌa kew magaka-aka bisan pu sine. Saguwaꞌ pī kew, pakitehanun barannun si imamin duk magkuluban kew sa pangandaꞌakan si Musahin, hinang tandaꞌ si meꞌ aꞌahin weꞌ asal kawuliꞌan ne kew."""
,6,5,"Pagsakaliꞌ si Isa padiyalem si puweblo Kapernaum, niyaꞌ dambuwaꞌ kapitan si armi bangsa Roma pasampang si iye māku tabang, paꞌinne, 6""O Tuwan, niyaꞌ dambuwaꞌ daraꞌakanku si lumaꞌ. Saki teꞌed iye, gaꞌi umusaꞌ duk peddiꞌan teꞌed manamal."""
,6,7,"Paꞌin si Isa, ""Aweꞌ, nuhut ku kaꞌu makoleꞌ iye."""
,6,8,"Saguwaꞌ nambung kapitanin, paꞌinne, ""Tuwan, daꞌa ne. Gaꞌi ku pataꞌ papituhannu si lumaꞌku peggeꞌ bangsahan kew teꞌed. Missā kew hadja duk koleꞌ du daraꞌakankun."
,6,9,"Kataꞌuhanku, peggeꞌ bisan aku, pagbayaꞌan ku weꞌ malangkew amban akuhin duk magbayaꞌ ku si meꞌ sundalukun. Bang paꞌinku si dangan, 'Pī kew,' na, pī iye. Bang paꞌinku si seddili, 'Pitu kew,' pitu iye. Duk bang paꞌinku si daraꞌakankun, 'Hinangun inin,' hinangne ne."""
,6,10,"Pagkale si Isa inin, ulaliꞌ iye si binissā kapitanin. Manjari paꞌinne si meꞌ aꞌa mapatuhut si iyehin, ""Sabennal akahante kaꞌam, bisan si bangsa Israꞌil gaꞌ ku bakas makadugpak aꞌa kuweꞌ kapitan inin asal sandel manamal."
,6,11,"Pakale kaꞌam, si pasōngan ekka iyan aꞌa bayuꞌ-bayuꞌan bangsa amban meꞌ lahat silangan duk seddepan ningkoloꞌ magkakanan duk disi Ibrahim, Isahak duk si Yakub laꞌi dem pagbayaꞌan Tuhanin."
,6,12,"Saguwaꞌ meꞌ aꞌa bangsa Israꞌilin, siye subey meꞌ maꞌumasek dem pagbayaꞌan Tuhanin, gaꞌi siye umasek. Pinapī siye si luwasan dem kalindeman, pinatahalaꞌ amban Tuhan. Magmatey siye laꞌi duk magtageꞌot meꞌ impenden hawal pagsusunden."""
,6,13,"Ubus paꞌin si Isa si kapitanin, ""Pī ne kew hap lumaꞌ. Tahinang ne si kaꞌu sa kinahagadnun."" Manjari magtawus kawuliꞌan daraꞌakannen laꞌi si lumaꞌ."
,6,14,"Ubus hap pī si Isa padiyalem si lumaꞌ si Petros. Takitene matoꞌa si Petros dendehin pabāk laꞌi, saki, ilemmun."
,6,15,"Inantanan weꞌ ne tangan dendehin, manjari kawuliꞌan ne iye. Ubus dongaꞌ iye duk pinakan siye weꞌ ne."
,6,16,"Pagseddep ne ellewin, binoꞌo weꞌ meꞌ aꞌahin ekka meꞌ aꞌa pasayedan seyitan pu si Isa. Pinaluwas weꞌ ne meꞌ seyitanin amban pangandaꞌakanne hadja. Duk pinakawuliꞌ weꞌ ne kēmon aꞌa masakihin."
,6,17,"Hinangne inin duk tuman bissā Nabi Isaya dem kitabin, pinaꞌin, ""Iye mangānan peddiꞌten bi duk iye mangānan sakiten bi."""
,6,18,"Pagkite si Isa meꞌ aꞌa mabanes mapaliput si iyehin, paꞌinne si meꞌ tindegnen, ""Sūng kite bi palipag pī si dambiyaꞌ lamew."""
,6,19,"Gaꞌ pe siye tumahalaꞌ, niyaꞌ tekka guru si saraꞌ āgama pī pu si Isa, paꞌinne, ""Tuwan, mabayaꞌ ku nuhut kaꞌu tungan-tungan papīhannu."""
,6,20,"Nambung si Isa, paꞌinne, ""Gam pe meꞌ pāhangin niyaꞌ lowangde, duk meꞌ manuk-manukin niyaꞌ sabakande. Saguwaꞌ aku, Anak Manusiyaꞌin, gaꞌ niyaꞌ pahalihanku."""
,6,21,"Niyaꞌ isab dambuwaꞌ meꞌ manuhut si Isahin missā, paꞌinne, ""Tuwan, pī ku dahuꞌ hap lumaꞌ. Pagubus kubulku samakun, balik saꞌ ku pitu nuhut kaꞌu."""
,6,22,"Saguwaꞌ paꞌin si Isa si iye, ""Ambat mamateyin kinubul weꞌ meꞌ aꞌa manggaꞌ niyaꞌ umulde salama-lamahin."""
,6,23,"Ubus miyaꞌan, pasakey si Isa dem bangkaꞌ duk nuhut du isab meꞌ tindegnen."
,6,24,"Manjari bessuwang nihup baliyu mabasagin hangkan piligdu teꞌed bangkaꞌin palenneb, saguwaꞌ sasang tuli si Isa."
,6,25,"Pī meꞌ tindegnen mangun si Isa, paꞌinde, ""Timbulun kite bi, Tuwan; matey kite bi inin."""
,6,26,"Paꞌinne si siye, ""Weꞌey kaꞌam tinalew? Kulang sandelbi si akuhin."" Manjari dongaꞌ si Isa duk daꞌakne padeheng baliyuhin duk goyakin. Magtawus lamewin teddoꞌ ne teꞌed."
,6,27,"Ulaliꞌ teꞌed siye. ""Aꞌahey inin?"" paꞌinde. ""Bisan baliyuhin duk goyakin nuhut pangandaꞌakannen."""
,6,28,"Pagtekka disi Isa laꞌi si dambiyaꞌ lamew, laꞌi si lahat meꞌ aꞌa Gadara, niyaꞌ pasampang si iye duwe aꞌa pasayedan meꞌ seyitan. Paguwaꞌ siye amban meꞌ lingab pagkubulan. Laꞌatan siye manamal, hangkan gaꞌ niyaꞌ bahani palabey billaꞌi."
,6,29,"Magtawus maggasud siye, paꞌinde, ""O Anak Tuhan, gaꞌ niyaꞌ lamudnu si kami. Pitu ke kew minasa kami bu gaꞌ pe taꞌabut janjiꞌ kamihin?"""
,6,30,Niyaꞌ tala-tala billaꞌi panenan bawi magsungkal.
,6,31,"Pabuyuꞌ-buyuꞌ meꞌ seyitanin pu si Isa, paꞌinde, ""Bang daꞌaknu kami tahalaꞌ, padiyalemun kami magdem baran meꞌ bawi miyaꞌan."""
,6,32,"Paꞌin si Isa, ""Pī ne kaꞌam."" Manjari paluwas meꞌ seyitanin amban aꞌahin duk padiyalem siye pī magdem baran meꞌ bawihin. Magtawus panenan bawihin magubas padurul pī si pampang magdem lamew duk lambo siye kēmon."
,6,33,"Manjari meꞌ aꞌa magipat meꞌ bawihin, magubas pī si puweblo, magaka-aka si meꞌ aꞌa malaꞌihin sabab bakas hininang si Isa si meꞌ aꞌa pasayedan seyitanin."
,6,34,Manjari pī meꞌ aꞌa puweblo miyaꞌan pu si Isa. Buyuꞌ-buyuꞌde si Isa dinaꞌak tahalaꞌ amban lahatde.
,7,1,"Pasakey si Isa magdem bangkaꞌ duk palipag siye pī si dambiyaꞌ lamew, pī balik si puweblone."
,7,2,"Niyaꞌ meꞌ aꞌa pī si iye moꞌo aꞌa matey barannen. Pabāk iye diyataꞌ pabākanne. Pagtakite si Isa weꞌ sandel teꞌed siye si iye, paꞌinne si aꞌa mamatey barannen, ""Pahāpun ateynun, bagay, taꞌampun ne meꞌ dusenun."""
,7,3,"Niyaꞌ laꞌi meꞌ guru si saraꞌ āgama. Paꞌinde dem ateyde, ""Missā aꞌa inin kuweꞌ Tuhanin iye."""
,7,4,"Saguwaꞌ kataꞌuhan si Isa bang ine pinikilden duk paꞌinne si siye, ""Weꞌey teꞌ laꞌat tapikilbin?"
,7,5,"Ine mamurahin, pinaꞌin, 'Inampun ne dusenun,' atawa, 'Dongaꞌ kew bu nu ne lumengngan.'"
,7,6,"Pakoleꞌku aꞌa inin supaya kataꞌuhanbi weꞌ aku, Anak Manusiyaꞌin, taga kapatut tuꞌu si dunya ngampun meꞌ duse."" Manjari paꞌin si Isa si aꞌa mamatey barannen, ""Dongaꞌ kew, boꞌohun pabākannun bu nu ne hap lumaꞌ."""
,7,7,Manjari dongaꞌ aꞌa masakihin duk hap lumaꞌ ne iye.
,7,8,"Pagkite meꞌ aꞌahin miyaꞌan, asekan talew siye. Pinudji weꞌ de Tuhanin peggeꞌ ngurung iye kapatut si manusiyaꞌ ngahinang kuweꞌ miyaꞌan."
,7,9,"Palanjal ne si Isa billaꞌi. Na, paglanjalne, ngite iye dambuwaꞌ aꞌa inēnan Mateo ningkoloꞌ laꞌi si upisinane pagbayed-bayedan sukeyin. Paꞌin si Isa si iye, ""Dayiꞌ kew, nuhut kew aku."" Manjari kuwat si Mateo duk nuhut ne iye si Isa."
,7,10,Manjari mangan si Isa laꞌi si lumaꞌ Mateo. Ekka isab meꞌ aꞌa magpāku-pāku sukey duk meꞌ aꞌa dusehan sinduwehin hap pī duk ningkoloꞌ siye mangan pasumbayaꞌ pu si Isa duk meꞌ tindegnen.
,7,11,"Niyaꞌ meꞌ Pariseo laꞌi. Pagkitede inin, paꞌinde si meꞌ tindeg si Isahin, ""Weꞌey gurubin palamud magkakanan duk meꞌ aꞌa magpāku-pāku sukey duk meꞌ aꞌa dusehan sinduwehin?"""
,7,12,"Pagkale si Isa inin, paꞌinne si siye, ""Meꞌ aꞌa saki hep hap doktolin. Bang meꞌ makoleꞌin, gaꞌ niyaꞌ gunane hap doktol."
,7,13,"Hapalun bi bang ine hāti bissā inin tasulat dem kitab, pinaꞌin, 'Gaꞌi mahalgaꞌ si aku kulubanin. Saguwaꞌ iye kabayaꞌankun weꞌ maꞌaseꞌ kaꞌam si saweꞌbi.' "" Paꞌin si Isa pe, ""Dumaꞌin ku pitu miha meꞌ aꞌa mabentelin, saguwaꞌ pitu ku miha meꞌ aꞌa dusehanin."""
,7,14,"Manjari hap pī meꞌ tindeg Yahiyahin pu si Isa duk paꞌinde, ""Saꞌingge iyan, kami duk meꞌ Pariseohin magpuwase. Weꞌey gaꞌi magpuwase meꞌ tindegnun?"""
,7,15,"Sambungan si Isa siye si dalilan. Pasaliꞌne meꞌ tindegnen si meꞌ aꞌa si pagkawinan. Paꞌinne, ""Suse ke meꞌ aꞌa si pagkawinanin samantaꞌan laꞌi pe si siye pangantin lellahin? Gaꞌi. Saguwaꞌ si sinōng inin, bang ineddoꞌ ne amban siye pangantin lellahin, meke ne siye muwase."""
,7,16,"Manjari magdalilan si Isa sabab panoloꞌ matuꞌuhin duk panoloꞌnen. Paꞌinne, ""Gaꞌ niyaꞌ aꞌa matopak tela baꞌahu, gaꞌ pe kadekdakan, pī si semmek andang. Peggeꞌ bang sa īꞌne, garet balik semmek maꞌandangin duk namba ngaluha garetnen."""
,7,17,"Pinasaliꞌ isab weꞌ si Isa toloꞌnen si boheꞌ ubas baꞌahu inisi dem puyuꞌ kuwit kambing. Paꞌinne, ""Gaꞌ du isab niyaꞌ ngisi boheꞌ ubas baꞌahu, mukal-mukal pe, dem puyuꞌ andang. Peggeꞌ bang sa īꞌne, buslad puyuꞌin. Manjari buꞌus boheꞌ ubasin duk magkaꞌat puyuꞌin. Saguwaꞌ subey inisi boheꞌ ubas baꞌahuhin dem puyuꞌ baꞌahu. Manjari saliꞌ-saliꞌ siye gaꞌi magkaꞌat."""
,7,18,"Sasangne pe mamissā si siyehin, niyaꞌ tekka pī dambuwaꞌ nakuraꞌ si langgal. Pasujud iye pu si Isa duk paꞌinne, ""Bahu matey du anakku dende-dendehin. Saguwaꞌ bisan sa īꞌen, dayiꞌ kew bettadun tangannun si iye duk ellum du iye."""
,7,19,Manjari pī ne si Isa nuhut duk meꞌ tindegnen.
,7,20,"Manjari, niyaꞌ laꞌi dende saki, luwal paguwaꞌan lahaꞌ. Sampūꞌ duk duwen tahun ne kemuwe kasakinen. Pī iye patapit si bukutan si Isa bu pī inantan weꞌ ne tuggu badjuꞌ si Isahin."
,7,21,"Paꞌinne dem pikilanne, ""Bang hadja taꞌantanku badjuꞌnen asal kawuliꞌan ku."""
,7,22,"Manjari padeheng si Isa duk hinarap weꞌ ne meꞌ aꞌa si dambulihannen. Pagkitene dendehin, paꞌinne si iye, ""Pahāpun ateynun, dende. Kawuliꞌan ne kew peggeꞌ sandel kew si aku."" Duk magtawus kawuliꞌan dendehin."
,7,23,"Pagtekka si Isa laꞌi si lumaꞌ nakuraꞌin, ngite iye meꞌ aꞌa magsuling duk banes aꞌa magmatey."
,7,24,"Paꞌinne si siye, ""Pī kaꞌam tahalaꞌ. Dumaꞌin hep matey dendehin, saguwaꞌ tuli hadja."" Pinagsayehan iye weꞌ de."
,7,25,"Pagubus ne dinaꞌak pabukut meꞌ aꞌahin, padiyalem si Isa si bilik dendehin duk inantan weꞌ ne tangannen duk dongaꞌ ne dendehin."
,7,26,"Manjari, aka-aka sabab inin ngabawag si tibuꞌukan lahat miyaꞌan."
,7,27,"Palanjal ne si Isa billaꞌi. Sasangne si lānin, niyaꞌ duwe aꞌa pessek paturul si iye. Ngalingan siye papales, paꞌinde, ""O tubuꞌ Sultan Daꞌud, maꞌaseꞌ ne kew si kami."""
,7,28,"Manjari pagdiyalem si Isa dem lumaꞌ, patapit pī si iye meꞌ aꞌa pessek miyaꞌan. Paꞌin si Isa si siye, ""Kahagad ke kaꞌam weꞌ tapakawuliꞌku kaꞌam?"" ""Aweꞌ, Tuwan,"" paꞌinde."
,7,29,"Manjari inantan weꞌ si Isa mataden. Paꞌinne, ""Tahinang ne si kaꞌam sa kinahagadbin."""
,7,30,Manjari ngite ne siye. Sinessaꞌan siye weꞌ si Isa gaꞌi dinaꞌak magaka-aka bisan pu sine.
,7,31,Saguwaꞌ tahalaꞌ siye duk magaka-aka siye sabab si Isa si meꞌ kalahat-lahatan laꞌi.
,7,32,"Pagtahalaꞌ meꞌ aꞌa miyaꞌan, niyaꞌ ne isab meꞌ aꞌa tekka pī duk niyaꞌ aꞌa umew binoꞌo weꞌ de. Puꞌunne umew peggeꞌ pasayedan seyitan iye."
,7,33,"Pagubus pinaluwas weꞌ si Isa seyitanin, kapamissā ne aꞌa maꞌumewin. Ulaliꞌ teꞌed meꞌ aꞌa mabanesin. Paꞌinde, ""Gaꞌ pe kite bi bakas ngite sa inin si kēmon lahat Israꞌil."""
,7,34,"Saguwaꞌ paꞌin meꞌ Pariseohin, ""Kaꞌurungan iye balakat weꞌ nakuraꞌ meꞌ seyitanin hangkan iye kapagpaluwas meꞌ seyitan."""
,7,35,Manjari lumengngan si Isa ngalatag kēmon meꞌ puweblohin duk meꞌ kalumaꞌanin. Magtoloꞌ iye dem meꞌ langgal duk magmahalayak iye aka-aka hāp sabab pagbayaꞌ Tuhan si meꞌ aꞌahin. Pinakoleꞌ weꞌ ne meꞌ aꞌahin bisan ine bayuꞌan sakiden.
,7,36,"Pagkitene meꞌ aꞌa mabanesin, maꞌaseꞌ iye manamal si siye, peggeꞌ sasew siye bu gaꞌ niyaꞌ nabang siye. Kuweꞌ siye meꞌ bili-bili gaꞌ niyaꞌ ngipat siye."
,7,37,"Manjari paꞌinne si meꞌ tindegnen, ""Meꞌ aꞌahin kuweꞌ dalil tanaꞌ sarang ne pinagani. Luha tanaꞌin saguwaꞌ kulang mamaganihin."
,7,38,"Hangkan subey kaꞌam māku-māku si Tuhan, iye dapuꞌ tanaꞌin, supaya iye ngandaꞌak meꞌ aꞌa pī maganine."""
,8,1,Manjari ilinganan weꞌ ne tindegne sampūꞌ duk duwehin pī si iye duk inurungan siye weꞌ ne kapatut magpaluwas meꞌ seyitan duk magpakawuliꞌ kēmon bayuꞌ-bayuꞌan saki.
,8,2,"Inin ēn meꞌ sampuk-duwe tindegne kawakilannen: kaꞌissaꞌ si Simon inēnan isab si Petros duk pungtinaꞌinen si Andariyas, ubus si Yakub duk pungtinaꞌinen si Yahiya, meꞌ anak Sebedehin."
,8,3,"Si Pilip duk Bartolome, si Tomas duk Mateo magpāku-pāku sukeyin, duk si Yakub anak Alpahin. Sinduwehin si Taddeo duk"
,8,4,"si Simon, iye aꞌa pangangatuhin, duk si Judas Iskariyot. Si Judas inin iye mamuddihan si Isahin."
,8,5,"Dinaꞌak weꞌ si Isa tindegne sampuk-duwe miyaꞌan lumengngan. Sinessaꞌan siye weꞌ ne, paꞌinne, ""Daꞌa kaꞌam pī si lahat bangsa seddili atawa si meꞌ puweblo bangsa Samariya."
,8,6,Saguwaꞌ pī kaꞌam si meꞌ aꞌa bangsa Israꞌil hadja. Iyuꞌ siye kuweꞌ meꞌ bili-bili lepas.
,8,7,Pī kaꞌam magmahalayak weꞌ tapit ne waktu pagbayaꞌ Tuhanin.
,8,8,"Pakoleꞌun bi meꞌ masakihin, pakellumun bi bang niyaꞌ aꞌa matey, pakoleꞌun bi meꞌ aꞌa inipulin, paluwasun bi meꞌ seyitanin. Inurungan kaꞌam kapatut weꞌ ku gaꞌ kaꞌam magbayed, hangkan nabang kaꞌam gaꞌi subey binayedan."
,8,9,"Daꞌa kaꞌam magboꞌo sīn, bisan sinsilyu dem sabitanbi."
,8,10,"Daꞌa kaꞌam magboꞌo bāg atawa badjuꞌ pagsayinanbi atawa tehompaꞌ atawa tungkud. Aꞌa maghinangin subey tinabang sukalnen. 11""Pagtekka kaꞌam si puweblo atawa kalumaꞌan, miha kaꞌam aꞌa hāp addatnen. Laꞌi kaꞌam patennaꞌ si iye tiggelanbi laꞌi si lahat miyaꞌan."
,8,12,"Bang kaꞌam manaꞌik si lumaꞌ, paꞌinun bi, 'Karayaw urungan Tuhanin kaꞌam kasanyangan.'"
,8,13,"Bang kaꞌam inaddatan weꞌ aꞌa lumaꞌin, paꞌamban du kasanyangan pinākubin si iye. Saguwaꞌ bang gaꞌi kaꞌam inaddatan, gaꞌ du niyaꞌ kaꞌujudan pinaꞌinbi miyaꞌan."
,8,14,"Bang meꞌ aꞌahin gaꞌi ngaddatan kaꞌam duk gaꞌi mabayaꞌ pakale si kaꞌam, tahalaꞌ kaꞌam amban lumaꞌ miyaꞌan atawa puweblo miyaꞌan. Pagpaganun bi dahuꞌ leppug bettisbin tandaꞌ weꞌ muwas ne kaꞌam si siye, ubus bu tahalaꞌ ne kaꞌam."
,8,15,"Sabennal akahante kaꞌam weꞌ pagtaꞌabut ellew pangahukum Tuhan manusiyaꞌin, pasōng teꞌed bohat hukuman si meꞌ aꞌa si puweblo miyaꞌan amban hukuman si meꞌ lahat Sodom duk Gomorahin, meꞌ lahat mabawag sabab duse meꞌ aꞌanen."" 16""Pahatul-hatul kaꞌam peggeꞌ palengngante kaꞌam pī si meꞌ aꞌa laꞌatan. Kuweꞌ kaꞌam dalil meꞌ anak bili-bili pī dem kaꞌekkahan asu bingis. Hangkan subey lalem akkalbin duk hāp hadja dem ateybin."
,8,17,Papateng-pateng kaꞌam peggeꞌ niyaꞌ iyan meꞌ aꞌa niggew kaꞌam. Sōngande du kaꞌam si meꞌ hukum duk paglubakande kaꞌam dem meꞌ langgalde.
,8,18,Boꞌode kaꞌam si harapan meꞌ gubnul duk meꞌ sultan peggeꞌ nuhut kaꞌam aku duk kaꞌam makapagaka aka-aka mahāpin si siye duk si meꞌ aꞌa bangsa seddili.
,8,19,"Bang kaꞌam boꞌode hinukum, daꞌa kaꞌam magsuse bang ine binissābin. Pinangurung du si kaꞌam waktu miyaꞌan bang ine binissābin."
,8,20,"Peggeꞌ dumaꞌin amban kaꞌam binissābin saguwaꞌ iye mamissāhin, Niyawa Samabi Tuhanin maluꞌu diyalem baranbin. 21""Si pasōngan, niyaꞌ iyan meꞌ aꞌa, sōngan meꞌ pungtinaꞌiden siye dinaꞌak pinapatey. Niyaꞌ isab iyan meꞌ anak sōngan samaden siye dinaꞌak pinapatey. Duk meꞌ anakin bantahande matettoꞌaden duk daꞌakde matettoꞌaden pinapatey."
,8,22,"Duk kaꞌam, meꞌ tindegkun,"" paꞌin si Isa, ""kabunsihan du kaꞌam weꞌ kēmon aꞌa peggeꞌ nuhut kaꞌam aku. Saguwaꞌ sine-sine nandal sampay si tamanan kabinasahan inin, taga umul du si surgaꞌ gaꞌ niyaꞌ tamananne."
,8,23,"Bang kaꞌam bininasa si puweblo dambuwaꞌ, lahi kaꞌam pī si puweblo seddili. Akahante kaꞌam, gaꞌi pe talatagbi magmahalayak si kēmon kalahat-lahatan si Israꞌilin, pitu ne ku balik, aku Anak Manusiyaꞌin. 24""Mulidin gaꞌi langkew amban gurunen. Duk daraꞌakanin gaꞌi langkew amban amunen."
,8,25,"Hangkan mulidin subey magsukul bang saliꞌ ne iye duk gurunen, duk daraꞌakanin subey magsukul bang saliꞌ ne iye duk amunen. Bang aku, panuhutanbin ēnande nakuraꞌ seyitanin, pasōng pe laꞌat pangēnde kaꞌamin, meꞌ tindegkun."" 26""Daꞌa kaꞌam tinalew si aꞌa. Gaꞌ niyaꞌ dinebbunan weꞌ gaꞌi ujud paguwaꞌ, gaꞌ niyaꞌ tinapukan weꞌ gaꞌi ujud kataꞌuhan."
,8,27,"Ine-ine akaku si kaꞌam sangem, akahun bi bang ellew, duk ine-ine takalebi bang kaꞌam hadja, palataꞌun bi si meꞌ aꞌa si tabuꞌan."
,8,28,"Daꞌa kaꞌam tinalew si meꞌ makapapatey baranin bu bang niyawahin gaꞌi du tapapateyde. Saguwaꞌ iye subey katalewanbin, Tuhanin, peggeꞌ dumaꞌin hadja baran saguwaꞌ sampay niyawa makajari pakaꞌatanne dem narkaꞌ."
,8,29,"Niyaꞌ meꞌ manuk-manuk dikiꞌ tabellite duwek kayuꞌ dambuwaꞌ sīn. Bisan mura halgaꞌden, gaꞌ niyaꞌ siye laboꞌ si bulak bang gaꞌi amban kabayaꞌan Tuhan."
,8,30,"Na, pasōng ne kaꞌam, gaꞌi kaꞌam takayipat weꞌ Tuhanin. Bisan kōkbin kataꞌuhanne bang piye lamba ekkahannen."
,8,31,"Hangkan daꞌa kaꞌam tinalew. Mahalgaꞌ pe kaꞌam amban meꞌ manuk-manuk maꞌekkahin."" 32""Sine-sine magbennal si harapan aꞌa weꞌ patuhut iye si aku, asal magbennal du ku isab si harapan Tuhan, Samaku si surgaꞌin, weꞌ patuhut iye si aku."
,8,33,"Saguwaꞌ sine-sine masuwey si harapan aꞌa weꞌ gaꞌi iye patuhut si aku, masuwey du ku isab si harapan Samaku si surgaꞌin weꞌ gaꞌi iye patuhut si aku."" 34""Weꞌ kannalbi pitu ku moꞌo kasanyangan si dunya? Gaꞌi ku pitu moꞌo kasanyangan saguwaꞌ pitu ku moꞌo jān pagsaggaꞌan."
,8,35,Sababku anak lellahin nguntarahan samanen duk anak dendehin nguntarahan saꞌinen duk eyuꞌan dendehin nguntarahan matoꞌane dendehin.
,8,36,"Aꞌahin, iye bantane teꞌedin meꞌ usbanen."
,8,37,"Bang aꞌahin kalasahanne saꞌi-samanen pasōng amban aku, gaꞌi iye pataꞌ manjari tindegku, duk bang aꞌahin kalasahanne anaknen pasōng amban aku, gaꞌi iye pataꞌ manjari tindegku."
,8,38,"Bang aꞌahin gaꞌi nuhut aku duk moꞌo olom pamapateyan iyehin, hātinen gaꞌi iye maglillaꞌ nandal kabinasahan duk bisan pe matey, gaꞌi iye pataꞌ manjari tindegku."
,8,39,"Bang aꞌahin ellegne umulnen, gaꞌ niyaꞌ umulne salama-lama. Saguwaꞌ bang aꞌahin gaꞌi ellegne umulnen duk maglillaꞌ pe iye matey hawal tuyuꞌne manuhut akuhin, taga umul du iye salama-lama."" 40""Bang niyaꞌ aꞌa ngaddatan kaꞌam, aku inaddatannen. Duk bang niyaꞌ ngaddatan aku, addatanne isab Tuhanin, mamapitu aku si dunyahin."
,8,41,"Bang niyaꞌ ngaddatan aꞌa magpalataꞌ bissā Tuhanin peggeꞌ magpalataꞌ hep iye bissā Tuhanin, tinumbasan du iye kuweꞌ panumbas si aꞌa magpalataꞌ bissā Tuhanin. Bang niyaꞌ ngaddatan aꞌa bentel peggeꞌ aꞌa bentel iye, tinumbasan du iye kuweꞌ panumbas si aꞌa bentelin."
,8,42,"Duk sine-sine ngurungan dambuwaꞌ meꞌ manuhut aku madiyawaꞌ pagaꞌanen bisan da sawan boheꞌ peggeꞌ nuhut aku iye, sabennal akahante kaꞌam, asal tinumbasan teꞌed iye hāp."""
,9,1,"Pagubus inin tinoloꞌan weꞌ si Isa si meꞌ tindegne sampuk-duwehin, tahalaꞌ iye billaꞌi duk hap pī iye si meꞌ puweblo matapitin magtoloꞌ duk magusihat laꞌi."
,9,2,Yahiya magpandi-pandi aꞌahin kinalabusu ne. Kaꞌakahan Yahiya sabab meꞌ hinangan Almasihin ubus bu daꞌakne meꞌ tindegnen hap pī pu si Isa.
,9,3,"Paglaꞌi ne siye, tilewde si Isa bang iye ne ke bakas pinaꞌal mapitu si dunyahin atawa bang niyaꞌ pe ke seddili subey ase-asede pitu."
,9,4,"Manjari sambungan si Isa meꞌ tindeg Yahiyahin, paꞌinne, ""Pī ne kaꞌam duk akahanun bi Yahiya meꞌ bakas takalebi binissākun duk takitebi hininangkun."
,9,5,"Akahanun bi iye weꞌ ngite ne meꞌ mapessekin, lumengngan ne meꞌ makukuꞌin, kawuliꞌan ne meꞌ inipulin, makakale ne meꞌ mabisuhin, ellum ne balik meꞌ mamateyin duk minahalayak ne aka-aka mahāpin si meꞌ aꞌa makaꞌaseꞌ-aseꞌin."
,9,6,"Duk kēgan du sasuku gaꞌi magduwe-duwe si akuhin."""
,9,7,"Paglumikut ne meꞌ dinaꞌak Yahiyahin, missā si Isa si meꞌ aꞌa mabanesin sabab Yahiya. Paꞌinne, ""Ine teꞌ bakas kabayaꞌanbi pinayamanin papībi pu si Yahiya si lahat makagindew-gindewin? Kabayaꞌanbi ke pinayamanin aꞌa gaꞌi teteg pamikilnen kuweꞌ dalil udjung-udjung magpalehan weꞌ baliyu?"
,9,8,"Dumaꞌin? Na, weꞌey kaꞌam hap pī? Mayaman aꞌa magsemmek mahalgaꞌ? Meꞌ aꞌa magsemmek mamahalgaꞌin laꞌi patennaꞌanden dem meꞌ astanaꞌ."
,9,9,"Na, weꞌey teꞌ kaꞌam hap pī? Mayaman nabi? Aweꞌ, akahante kaꞌam nabi takitebin pasōng amban nabi sinduwehin."
,9,10,"Si Yahiya hep inin aꞌa sinulat dem kitabin, pinaꞌin laꞌi, 'Paꞌin Tuhanin, daꞌakku pī pamasanankun dehellu amban kaꞌu duk memesne lānnun.'"
,9,11,"Sabennal, akahante kaꞌam,"" paꞌin si Isa, ""gaꞌ niyaꞌ aꞌa bakas inanakan tuꞌu si dunya bangsahan amban Yahiya magpandi-pandi aꞌahin. Saguwaꞌ dem pagbayaꞌan Tuhanin bisan aꞌahin diyawaꞌ teꞌed pagaꞌanen, bangsahan pe iye amban Yahiya."
,9,12,"Kemuwe tagnaꞌ magmahalayak si Yahiya sampay maꞌin, basag pagmahalayak sabab pagbayaꞌan Tuhanin, duk meꞌ aꞌahin magtuyuꞌ teꞌed duk siye umasek pī si pagbayaꞌan Tuhanin."
,9,13,Meꞌ kanabihanin duk saraꞌ si Musahin magaka sabab pagbayaꞌan Tuhanin ngeregseꞌ katekka Yahiyahin.
,9,14,"Bakas pinaꞌal hep weꞌ pitu balik si dunya Nabi Eliyas. Bang kaꞌam mabayaꞌ kahagad si bissā meꞌ kanabihanin, si Yahiya ne hep si Nabi Eliyas."
,9,15,"Amey-amey pakalehun bi bang niyaꞌ pinaꞌin si kaꞌam. 16""Manjari,"" paꞌin si Isa, ""ine pangandalilanku meꞌ aꞌa ellum kuweꞌitu inin? Kuweꞌ siye mākanak magtingkoloꞌ si tabuꞌan magdagey magkawin duk magkubul. Maglingan siye si meꞌ saweꞌden, paꞌinde, 17'Magtambul kami si kaꞌam, saguwaꞌ gaꞌ du kaꞌam mansak. Magmatey kami saguwaꞌ gaꞌ du kaꞌam magtangis.'"
,9,18,"Kuweꞌ kaꞌam mākanak miyaꞌan. Peggeꞌ pitu Yahiya bu daran iye muwase duk gaꞌi iye nginum makalango, na, paꞌin meꞌ aꞌahin weꞌ pasayedan seyitan iye."
,9,19,"Ubus aku, Anak Manusiyaꞌin, pitu ku bu mangan ku duk nginum, na, paꞌin meꞌ aꞌahin, 'Payamanun bi aꞌa iyan, dahagaꞌ teꞌed duk palalango. Meꞌ bagaynen meꞌ aꞌa magpāku-pāku sukey duk meꞌ aꞌa dusehan sinduwehin.' Saguwaꞌ,"" paꞌin si Isa, ""meꞌ hinangan Tuhanin naksiꞌ weꞌ lalem teꞌed kataꞌu Tuhanin."""
,9,20,"Manjari nagnaꞌ inamāhan weꞌ si Isa meꞌ aꞌa si meꞌ puweblo bakas pangahinanganne meꞌ hinanganne maꞌekka makaꞌulaliꞌin, peggeꞌ gaꞌ pindahande ateyden."
,9,21,"Paꞌinne, ""Kaꞌaseꞌ-aseꞌ kaꞌam meꞌ aꞌa Korasinin. Kaꞌaseꞌ-aseꞌ kaꞌam meꞌ aꞌa Betsaidahin. Peggeꞌ bang laꞌi miyaꞌan si lahat Tiros duk Sidon pangahinanganku meꞌ hinangan makaꞌulaliꞌ tahinangku luꞌu si kaꞌamin, tiggel ne miyaꞌan meꞌ aꞌa malaꞌihin magsusun duk lebbahande duseden duk sa addatden magsemmek karut siye duk mandi duk abu pamakitede pagsusunden."
,9,22,"Akahante kaꞌam, pagtaꞌabut ellew pangahukum Tuhan manusiyaꞌin, pasōng teꞌed bohat hukuman si kaꞌamin amban hukuman si meꞌ aꞌa Tiros duk Sidonin."
,9,23,"Duk kaꞌam, meꞌ aꞌa Kapernaumin,"" paꞌin si Isa, ""kannalbi pinalangkew kaꞌam pī si surgaꞌ? Pinadiyawaꞌ du kaꞌam pī dem narkaꞌ. Bang meꞌ aꞌa si Sodomin takitede meꞌ hinangan makaꞌulaliꞌ takitebin, tuꞌu pe siꞌ lahatden ngeregseꞌ kuweꞌitu."
,9,24,"Akahante kaꞌam,"" paꞌin si Isa, ""weꞌ pagtaꞌabut ellew pangahukum Tuhan manusiyaꞌin, pasōng teꞌed bohat hukuman si kaꞌamin amban hukuman si lahat Sodomin, lahat mabawag sabab duse meꞌ aꞌanen."""
,9,25,"Manjari, waktu miyaꞌan paꞌin si Isa, ""O Ammaꞌ, kaꞌu magbayaꞌ si langit duk bulakin. Pudjite kew teꞌed peggeꞌ urungannu kataꞌu meꞌ aꞌa maꞌawamin duk tapukannu kataꞌu inin amban meꞌ aꞌa malangkew pangadjiꞌnen duk amban meꞌ makasabutin."
,9,26,"Aweꞌ, Ammaꞌ, asal pudjite kew peggeꞌ kuweꞌ inin kinabayaꞌannun."""
,9,27,"Duk paꞌin si Isa pe, ""Bakas pinangandel ne si aku kēmon-kēmonin weꞌ Samaku Tuhanin. Gaꞌ niyaꞌ ngataꞌuhan bang sine ku, aku Anak Tuhanin, luwal hadja Samaku Tuhanin. Duk gaꞌ isab niyaꞌ ngataꞌuhan bang sine Samakun, luwal hadja aku, Anaknen duk sine-sine pineneꞌku pamakilalehanku Samakun."
,9,28,"Pitu kaꞌam si aku, sine-sine kaꞌam pekkeng duk kabohatan supaya kaꞌam humali."
,9,29,"Tayimaꞌun bi panoloꞌkun duk ngaya kaꞌam amban aku, peggeꞌ hāp ku duk diyawaꞌ ateykun, manjari humali ne dem ateybin."
,9,30,"Peggeꞌ pangandaꞌakankun mura tinuhut duk gaꞌi hunit hininang."""
,10,1,"Dambuwaꞌ Sabtuꞌ, ellew liꞌi meꞌ Yahudihin, pabutas disi Isa dem tanaꞌ. Peggeꞌ inusan meꞌ tindegnen, ngalupuꞌ siye buwaꞌ tanaꞌin bu inintaꞌ weꞌ de."
,10,2,"Pagkite meꞌ Pariseohin miyaꞌan, paꞌinde pu si Isa, ""Payamanun be. Meꞌ tindegnun hinangde tinaggahan saraꞌ si ellew liꞌihin."""
,10,3,"Paꞌin si Isa si siye, ""Gaꞌ ke bakas tabatsabi bang ine hininang Sultan Daꞌudin masaley paginusan iye duk meꞌ saweꞌnen?"
,10,4,"Padiyalem hep iye pī si lumaꞌ Tuhanin duk ineddoꞌ weꞌ ne pan binettad laꞌi pangurung si Tuhanin duk kinakan weꞌ ne duk meꞌ saweꞌnen. Bu tinaggahan hep weꞌ saraꞌ kinakan pan miyaꞌan, luwal hadja para si meꞌ imam."
,10,5,Duk gaꞌ ke isab tabatsabi dem kitab Tawrat weꞌ meꞌ imam si langgal hadjehin maghinang kahabaꞌ ellew liꞌi bisan tinaggahan maghinangin weꞌ saraꞌ? Saguwaꞌ gaꞌi du siye magduse.
,10,6,"Akahante kaꞌam, niyaꞌ ne tuꞌu pasōng kapatutnen amban saraꞌ si langgal hadjehin."
,10,7,"Niyaꞌ tasulat dem kitab, pinaꞌin, 'Gaꞌi mahalgaꞌ si aku kulubanin saguwaꞌ iye kabayaꞌankun weꞌ maꞌaseꞌ kaꞌam si saweꞌbi.' Bang tasabutbi teꞌed hātine inin, gaꞌi laboꞌanbi hukuman aꞌa manggaꞌ niyaꞌ dusenen."
,10,8,"Aku, Anak Manusiyaꞌin, taga kapatut ku magpaꞌin bang ine-ine mapatut hininang si ellew liꞌihin."""
,10,9,Manjari palanjal si Isa billaꞌi duk padiyalem iye dem langgalde.
,10,10,"Laꞌi dem langgal niyaꞌ aꞌa sapik tangannen. Niyaꞌ isab laꞌi meꞌ aꞌa batang miha duse si Isa supaya iye katuntutande. Hangkan tilewde iye, paꞌinde, ""Ngalanggalan saraꞌ ke magpakoleꞌ si ellew liꞌihin?"""
,10,11,"Nambung si Isa, paꞌinne, ""Ine hinangbi bang upama niyaꞌ bili-bilibi dambuwaꞌ du bu laboꞌ pe dem kupung baytu ellew liꞌi? Gaꞌi ke eddoꞌbi maluwas bisan ne ellew liꞌi?"
,10,12,"Pasōng hep mahalgaꞌ aꞌahin amban bili-bili. Hangkan patut maghinang makahāp si ellew liꞌi."""
,10,13,"Manjari paꞌinne si aꞌa masapik tangannen, ""Pahintengun tangannun."" Na, pinahinteng weꞌ ne, manjari kawuliꞌan ne tangannen kuweꞌ tanganne dambuwaꞌin."
,10,14,Manjari paluwas meꞌ Pariseohin amban langgal duk magisun siye bang saꞌingge si Isa tapapateyde.
,10,15,"Pagkataꞌuhan si Isa sabab isun meꞌ Pariseohin, tahalaꞌ iye amban lahat miyaꞌan. Ekka aꞌa paturul si iye. Pinakawuliꞌ weꞌ ne kēmon meꞌ aꞌa masakihin"
,10,16,duk sinessaꞌan siye weꞌ ne gaꞌi dinaꞌak magaka-aka sabab iye.
,10,17,"Sabab inin, tuman ne bissā Tuhan sinulat weꞌ Nabi Isayahin, pinaꞌin, 18""Inin daraꞌakanku bakas pineneꞌkun. Kalasahanku iye duk kasulutan ku teꞌed si iye. Papīku Niyawakun si iye duk magmahalayak du iye sabab hukumanku mabentelin si kēmon bangsa."
,10,19,Gaꞌi iye iyan magsasaꞌ atawa maggasud duk gaꞌi iye missā papales si meꞌ lān.
,10,20,Asigne meꞌ makulang sandelnen duk tabangne meꞌ aꞌa gaꞌ ne teꞌed niyaꞌ ase-asede. Gaꞌi iye padeheng samantaꞌan gaꞌi tadaꞌag kēmon malaꞌatin.
,10,21,"Iye pangandelan kēmon kabangsahan si dunyahin."""
,10,22,"Manjari, niyaꞌ binoꞌo pī pu si Isa dambuwaꞌ aꞌa pessek duk umew peggeꞌ pasayedan seyitan iye. Kawuliꞌan iye weꞌ si Isa, hangkan kapamissā ne iye duk ngite ne iye."
,10,23,"Kēmon aꞌahin ulaliꞌ duk paꞌinde, ""Inin ne enteꞌ tubuꞌ Sultan Daꞌudin?"""
,10,24,"Pagkale meꞌ Pariseohin inin, paꞌinde, ""Kaꞌurungan iye balakat weꞌ Belsebul, nakuraꞌ meꞌ seyitanin, hangkan iye kapagpaluwas meꞌ seyitan."""
,10,25,"Kataꞌuhan si Isa bang ine dem pikilanden, hangkan paꞌinne si siye, ""Bang niyaꞌ pagsultanan bu magbonoꞌ meꞌ aꞌanen, magkaꞌat pagsultanan miyaꞌan. Duk bang meꞌ aꞌa si dambuwaꞌ puweblohin atawa meꞌ magtewtey-anakin gaꞌi magtuhut pikilan saguwaꞌ luwal magsasaꞌ, ujudnen magkanat-kanat siye."
,10,26,"Hangkan bang nakuraꞌ seyitanin maluwas tindegne seyitanin, hātinen weꞌ magkuntara ne siye duk gaꞌi layun pagbayaꞌan seyitanin."
,10,27,"Paꞌinbi weꞌ magpaluwas ku seyitan peggeꞌ kaꞌurungan ku balakat weꞌ Belsebul, nakuraꞌ seyitanin. Bang bennal inin, na, meꞌ tindegbin, amban balakat sine pagpaluwasde seyitanin? Siye ne iyan magpaꞌinin weꞌ salaꞌ pamikilbin."
,10,28,"Saguwaꞌ iye matoꞌohin, asal amban Niyawa Tuhanin balakatku magpaluwas seyitanin. Hātine inin, Tuhanin magbayaꞌ ne tuꞌu si kaꞌam. 29""Nakuraꞌ seyitanin, dalilnen aꞌa basag. Gaꞌ niyaꞌ tapī ngahawas si lumaꞌ aꞌa basag bang gaꞌi dahuꞌ ingketanne aꞌa mabasag miyaꞌan, ubus meke ne iye tapangahawas."""
,10,30,"Paꞌin si Isa pe, ""Manggaꞌi mamēbbegan akuhin nguntarahan aku. Duk manggaꞌi manabangan aku magtipunin, nganat-nganat du."
,10,31,"Hangkan hep akahante kaꞌam,"" paꞌin si Isa, ""ampun Tuhanin du kēmon duse aꞌahin duk meꞌ bissāde kupul si Tuhanin. Saguwaꞌ bang missā siye kupul si Niyawa Sutsihin, asal gaꞌi teꞌed siye inampun."
,10,32,"Sine-sine missāhan aku, Anak Manusiyaꞌin laꞌat, makajari du iye inampun, saguwaꞌ bang Niyawa Sutsihin binissā-bissāhannen, asal gaꞌi teꞌed iye inampun bisan sumiyan-sumiyan."" 33""Bang upama hāp kayuhin, hāp isab buwaꞌnen. Damikkiyan bang gaꞌi hāp kayuhin, gaꞌi hāp buwaꞌnen. Kayuhin kataꞌuhan si buwaꞌne."
,10,34,"Kaꞌam iyan meꞌ aꞌa pangakkal. Gaꞌi kaꞌam makabissā hāp peggeꞌ laꞌat dem ateybin. Ine-ine dem atey manusiyaꞌ, iye miyaꞌan mapaluwas amban behenen."
,10,35,"Aꞌa mahāpin, hāp kawul-piꞌilnen duk hāp bissānen peggeꞌ hāp dem ateynen. Saguwaꞌ aꞌa malaꞌatin, peggeꞌ laꞌat dem ateynen hangkan gaꞌi hāp kawul-piꞌilnen duk bissānen."
,10,36,"Akahante kaꞌam, bang tekka ne ellew pangahukum Tuhan manusiyaꞌin, subey ne meꞌ aꞌahin magaka sabab kēmon bakas binissāde manggaꞌ niyaꞌ gunanen."
,10,37,"Amban meꞌ bissānun kataꞌuhan bang ine hukuman si kaꞌuhin, bang inampun ke kew atawa ilegga."""
,10,38,"Manjari, niyaꞌ meꞌ guru si saraꞌ āgama duk meꞌ Pariseo laꞌi duk paꞌinde pu si Isa, ""Tuwan, mabayaꞌ kami ngite tandaꞌ balakatnun."""
,10,39,"Saguwaꞌ sambunganne siye, paꞌinne, ""Kaꞌam meꞌ aꞌa maꞌellum kuweꞌitu inin laꞌat kaꞌam duk gaꞌi kaꞌam nuhut Tuhan. Makapakite tandaꞌ hatiꞌ kaꞌam. Saguwaꞌ gaꞌ niyaꞌ tandaꞌ pinakitehan si kaꞌam luwal hadja tandaꞌ Nabi Yunus awwalley."
,10,40,"Peggeꞌ kuweꞌ Nabi Yunusin laꞌi dem betteng kenna mahadjehin tellu ellew duk tellu sangem, damikkiyan aku, Anak Manusiyaꞌin, si sinōng laꞌi ku dem bulak tellu ellew duk tellu sangem."
,10,41,"Bang tekka ellew pangahukum Tuhan meꞌ manusiyaꞌin, pī iyan nengge meꞌ aꞌa si lahat Niniba awwalley duk taksilde kaꞌam. Peggeꞌ siye, pagsusunande duk lebbahande duseden sakaliꞌ takalede usihat Nabi Yunusin. Akahante kaꞌam, kuweꞌitu niyaꞌ tuꞌu si kaꞌam pasōng langkew amban Nabi Yunus, saguwaꞌ gaꞌi tayimaꞌbi panoloꞌnen duk gaꞌi pagsusunanbi dusebin."
,10,42,"Bang tekka ellew pangahukum Tuhan meꞌ manusiyaꞌin, pī iyan nengge sultan dende amban lahat Seba masa awwalley duk taksilne kaꞌam. Peggeꞌ iye, pitu iye amban higad dunya peggeꞌ bayaꞌ pakalene meꞌ bissā Sultan Sulaimanin, aꞌa lalem teꞌed kataꞌunen masaley. Akahante kaꞌam, kuweꞌitu niyaꞌ tuꞌu si kaꞌam pasōng kataꞌunen amban Sulaiman, saguwaꞌ gaꞌi tayimaꞌbi panoloꞌnen."" 43""Bang niyaꞌ seyitan,"" paꞌin si Isa, ""paluwas amban aꞌa, maglengngan-lengngan iye dem lahat makagindew-gindew miha pahalihanne, saguwaꞌ gaꞌi iye ngasuwaꞌ."
,10,44,"Manjari paꞌinne dem pikilanne, 'Tiyaꞌ ku balik pī si bakas patennaꞌankun.' Pagtekkane laꞌi takitene weꞌ gaꞌ niyaꞌ patennaꞌ laꞌi duk bakas pinahidan ne duk memes ne."
,10,45,"Ubus pī iye ngeddoꞌ pituꞌ meꞌ seyitan seddili, pasōng pe laꞌatden amban iye, duk paꞌasek siye kēmon pī dem baran aꞌahin patennaꞌ laꞌi. Kaꞌujudan aꞌa miyaꞌan, pasōng pe laꞌatan maꞌumantag si iye kuweꞌituhin amban tagnaꞌin. Kuweꞌ iyan du isab maꞌumantag si meꞌ aꞌa malaꞌat kuweꞌitu inin."""
,10,46,"Sasang si Isa pe mamissā si meꞌ aꞌahin, tekka saꞌinen duk meꞌ pungtinaꞌine lellahin laꞌi si bukut. Batang boꞌode si Isa magbissā."
,10,47,"Manjari niyaꞌ ngakahan iye, paꞌinne, ""Tuwan, īꞌ laꞌi saꞌinun duk meꞌ pungtinaꞌinun si bukut miha kaꞌu."""
,10,48,"Saguwaꞌ paꞌin si Isa si mangakahan iyehin, ""Sine saꞌikun duk sine meꞌ pungtinaꞌikun?"""
,10,49,"Manjari tinoloꞌ weꞌ ne meꞌ tindegnen, paꞌinne, ""Siye inin saꞌikun duk meꞌ pungtinaꞌikun."
,10,50,"Peggeꞌ sasuku maghinang kinabayaꞌan Samaku malaꞌi si surgaꞌin, iye iyan pungtinaꞌiku lella duk pungtinaꞌiku dende duk saꞌiku."""
,11,1,Ellew miyaꞌan hap pī si Isa si higad lamew Jalil ningkoloꞌ magtoloꞌ.
,11,2,Banes aꞌa patipun si iye laꞌi. Hangkan pasakey iye duk ningkoloꞌ iye dem bangkaꞌ. Meꞌ aꞌa mabanesin nengge laꞌi si higad lamew.
,11,3,"Magusihat iye si meꞌ aꞌahin duk ekka usihatne si dalilan. Paꞌinne, ""Niyaꞌ aꞌa pī si tanaꞌne magsabulak binihiꞌ."
,11,4,"Pagsabulakne, niyaꞌ binihiꞌ tapisik si lān. Manjari pī meꞌ manuk-manukin manganne."
,11,5,"Meꞌ binihiꞌ sinduwehin laboꞌ diyataꞌ batu pānas, gaꞌi lalem bulaknen. Mura tomoꞌ binihiꞌin peggeꞌ gaꞌi lalem bulaknen."
,11,6,"Pagsilak ellewin magtawus ngingking duk peggeꞌ gaꞌi lalem gamutnen, manjari lanes."
,11,7,Laboꞌ binihiꞌ sinduwehin dem kasampinitan. Samet nulig sampinitin duk katalungan tinanemin.
,11,8,"Na, binihiꞌ sinduwehin laboꞌ si kahāpan bulak duk moꞌo buwaꞌne. Jarinen niyaꞌ ne ekka manamal, niyaꞌ ne ekka, duk niyaꞌ isab sarang-sarang."
,11,9,"Amey-amey pakalehun bi bang niyaꞌ pinaꞌin si kaꞌam."""
,11,10,"Manjari hap pī si iye meꞌ tindegnen duk paꞌinde, ""Weꞌey kew magdalilan bang kew magtoloꞌ?"""
,11,11,"Sambungan si Isa siye, paꞌinne, ""Kaꞌurungan ne kaꞌam kataꞌu supaya tahātibi meꞌ tinapukan Tuhan dem pikilannen sabab bang saꞌingge pagbayaꞌne si meꞌ aꞌanen. Saguwaꞌ meꞌ aꞌa sinduwehin gaꞌ kaꞌurungan."
,11,12,"Peggeꞌ aꞌahin, bang pakale pahāp-hāp, pasōng pangahātinen. Saguwaꞌ bang aꞌahin gaꞌi pakale pahāp-hāp, bisan niyaꞌ kataꞌuhanne kuweꞌahat, ujud tahalaꞌ du amban iye."
,11,13,"Inin sababnen hangkan ku magdalilan bang ku magtoloꞌ si siye, peggeꞌ mayam siye saguwaꞌ gaꞌi takitede, duk pakale siye saguwaꞌ gaꞌi takalede teꞌed duk gaꞌi tasabutde."
,11,14,"Na, tuman ne tasulat Nabi Isaya dem kitabin, pinaꞌin,'Asal pakale du kaꞌam saguwaꞌ gaꞌi tahātibi. Asal mayam du kaꞌam saguwaꞌ gaꞌi takilalebi."
,11,15,"Peggeꞌ ngatuwas ne atey meꞌ aꞌa inin. Tampengde tayingeden duk pakeddemde mataden. Bang dumaꞌin hinanganden sa iyan, takitede siꞌ duk matade, takalede siꞌ duk tayingede, tasabutde siꞌ dem ateyde duk pabalik siꞌ siye si aku, paꞌin Tuhanin, duk ampunku siꞌ meꞌ duseden.'"
,11,16,"Saguwaꞌ bang kaꞌam, asal hāp pe kaꞌam,"" paꞌin si Isa, ""peggeꞌ takilalebi takitebin duk tahātibi takalebin."
,11,17,"Sabennal akahante kaꞌam, ekka meꞌ nabi duk meꞌ aꞌa sukuꞌ si Tuhan awwalley mabayaꞌ teꞌed ngite takitebi kuweꞌitu inin, saguwaꞌ gaꞌ inin takitede. Mabayaꞌ teꞌed isab takalede meꞌ takalebi kuweꞌitu inin, saguwaꞌ gaꞌ takalede."" 18""Kuweꞌitu pakale teꞌed kaꞌam duk tasabutbi bang ine hāti dalilan sabab aꞌa magsabulak binihiꞌin."
,11,19,Meꞌ binihiꞌ tapisik si lānin dalil meꞌ aꞌa makakale lapal sabab pagbayaꞌan Tuhanin bu gaꞌ tasabutde. Manjari pī nakuraꞌ seyitanin ngagew lapalin amban dem pikilan meꞌ aꞌa miyaꞌan.
,11,20,Meꞌ binihiꞌ malaboꞌ diyataꞌ batu pānasin dalil meꞌ aꞌa makakale lapal Tuhanin duk magtawus kinahagad weꞌ de duk kēgan siye.
,11,21,"Saguwaꞌ gaꞌ nganggamut palalem lapal Tuhanin dem ateyde. Hangkan gaꞌ siye makatatas tiggel. Pagtekka kasusehanin atawa bang bininasa siye sabab panuhutde lapalin, gaꞌi ne siye kahagad."
,11,22,"Duk meꞌ binihiꞌ malaboꞌ dem kasampinitanin dalil meꞌ aꞌa makakale lapal Tuhanin, saguwaꞌ luwal siye mikil sabab kasusehande si dunyahin. Iye mamahalgaꞌ si siyehin meꞌ pangalataꞌden. Hangkan bang dalil tinanemin, katalungan lapal Tuhan bakas takaleden duk gaꞌ magbuwaꞌ."
,11,23,"Duk meꞌ sinabulakan dem bulak mahāpin, siye dalil meꞌ aꞌa makakale lapal Tuhanin duk kinahagad weꞌ de. Bang dalil tinanemin, lapal Tuhan bakas takaleden magbuwaꞌ diyalem ateyde. Sinduwehin buwaꞌnen ekka manamal, sinduwehin ekka, duk sinduwehin sarang-sarang."""
,11,24,"Manjari magdalilan ne isab si Isa si meꞌ aꞌahin, paꞌinne, ""Pagbayaꞌ Tuhan si meꞌ aꞌanen kuweꞌ dalil binihiꞌ sabulakan aꞌa dem tanaꞌne."
,11,25,"Dambuwaꞌ sangem sasang tuli ne kēmon aꞌahin, hap pī bantanen bu binubudan weꞌ ne bigi sabet pinaturul si binihiꞌin, ubus bu tahalaꞌ iye."
,11,26,"Manjari pagtomoꞌ ne binihiꞌin duk nagnaꞌ ne buwaꞌ, takite isab meꞌ sabetin."
,11,27,"Meꞌ daraꞌakannen pī si dapuꞌ tanaꞌin duk paꞌinde, 'O Tuwan, hāp hep meꞌ binihiꞌ tinanemnu si tanaꞌnun. Amban meꞌ sabet miyaꞌan?'"
,11,28,"Nambung dapuꞌ tanaꞌin, paꞌinne, 'Hinangan bantakun iyan.' Paꞌin meꞌ daraꞌakannen, 'Mabayaꞌ ke kew bang kami harap pī meddutan meꞌ sabet miyaꞌan?' 29'Daꞌa,' paꞌinne, 'peggeꞌ bang beddutbi sabetin, kaw tabeddut tinanemin isab."
,11,30,"Ambat siye nulig kaduwe sampay pagani. Manjari pagtaꞌabut ne pinagani, paꞌinku saꞌ si meꞌ mamaganihin: Beddutun bi dahuꞌ meꞌ sabet iyan duk pekkesun bi bu bi ne ngeggasne. Ubus bu paganihun bi ne buwaꞌ tanaꞌin duk ennaꞌun bi dem kamaligku.' """
,11,31,"Ubus magdalilan iye balik si siye, paꞌinne, ""Pagbayaꞌ Tuhan si meꞌ aꞌanen kuweꞌ dalil da bayuꞌ bigi dikiꞌ-dikiꞌ tinanem weꞌ aꞌa si tanaꞌne."
,11,32,"Nahut manamal bigi inin saguwaꞌ bang nulig ne, ngahadje amban kēmon jambangan duk manjari kayu ne. Hangkan makajari meꞌ manuk-manukin pī ngahinang sabakande diyataꞌ meꞌ pangene."""
,11,33,"Magdalilan pe iye seddili, paꞌinne, ""Pagbayaꞌ Tuhan si meꞌ aꞌanen kuweꞌ dalil pasulig ineddoꞌ weꞌ dende bu pinasaget weꞌ ne dem tirigu duwempuk-lime kilu. Ubus inaddun weꞌ ne. Ubus nulig ne kēmon addunin."""
,11,34,"Kahabaꞌ si Isa magtoloꞌ si meꞌ aꞌa mabanesin, magdalilan hadja iye. Gaꞌ iye missā si siye bang dumaꞌin si dalilan."
,11,35,"Na, tuman ne sinulat dambuwaꞌ nabi dem kitabin, pinaꞌin,""Magdalilan ku bang ku magtoloꞌ si siye. Akahanku siye sabab meꞌ manggaꞌ kinataꞌuhan kemuwe tagnaꞌ pinapanjari dunyahin."""
,11,36,"Manjari inambanan weꞌ si Isa meꞌ aꞌa mabanesin duk padiyalem iye dem lumaꞌ. Hap pī isab meꞌ tindegnen duk paꞌinde si iye, ""Pahātihanun koꞌ kami dalilan sabab sabet si tanaꞌin."""
,11,37,"Nambung iye, paꞌinne, ""Aku, Anak Manusiyaꞌin, dalil aꞌa magsabulak binihiꞌ mahāpin."
,11,38,"Tanaꞌin dunyahin. Hāti binihiꞌ mahāpin, meꞌ aꞌa manuhut pagbayaꞌan Tuhanin. Sabetin meꞌ aꞌa manuhut nakuraꞌ seyitanin."
,11,39,"Banta aꞌahin, bakas mamubudan sabetin, iye nakuraꞌ seyitanin. Waktu pagpaganihin, hātinen bang kiyamat ne dunyahin. Mamaganihin meꞌ malaꞌikatin."
,11,40,"Na, bang sabetin, tinipun du hadja duk ineggas. Kuweꞌ miyaꞌan du isab maꞌumantagin bang taꞌabut ne ellew kiyamat."
,11,41,"Aku, Anak Manusiyaꞌin, daꞌakku du meꞌ malaꞌikatkun pitu dem dunya nipun kēmon meꞌ aꞌa makapaduse saweꞌden duk kēmon meꞌ aꞌa maghinangan malaꞌatin."
,11,42,Duk ilakasan du siye dem ebbut narkaꞌ. Magmatey siye iyan laꞌi duk magtageꞌot meꞌ impenden hawal pagsusunden.
,11,43,"Saguwaꞌ meꞌ aꞌa sukuꞌ si Tuhanin sahaya kuweꞌ mata ellewin laꞌi si pagbayaꞌan Samade Tuhanin. Amey-amey pakalehun bi bang niyaꞌ pinaꞌin si kaꞌam."""
,11,44,"Magdalilan ne isab si Isa, paꞌinne, ""Pagbayaꞌ Tuhan si meꞌ aꞌanen kuweꞌ dalil alataꞌ tinapukan dem bulak bu takasuwaꞌ weꞌ dambuwaꞌ aꞌa. Dinebbunan balik weꞌ ne duk kēgan iye manamal hangkan pinabellihan weꞌ ne kēmon-kēmonnen. Ubus bu binelli weꞌ ne bulak palaꞌihan alataꞌ takasuwaꞌne miyaꞌan."" 45""Damikkiyan,"" paꞌin si Isa, ""pagbayaꞌ Tuhan si meꞌ aꞌanen kuweꞌ dalil aꞌa magpiha, batang melli meꞌ mutsaꞌ hāp."
,11,46,"Bang iye ngasuwaꞌ dambuwaꞌ mutsaꞌ mahalgaꞌ manamal, pabellihanne kēmon-kēmonnen duk belline mutsaꞌ dambuwaꞌ miyaꞌan."" 47""Damikkiyan,"" paꞌin si Isa, ""pagbayaꞌ Tuhan si meꞌ aꞌanen kuweꞌ dalil pokot tineppadan dem tahik duk makaꞌeddoꞌ ekka bayuꞌ-bayuꞌan kenna."
,11,48,"Pagpennoꞌ ne pokotin, onot meꞌ aꞌahin ne tudju higad tahik ubus ningkoloꞌ siye bu peneꞌde kennahin. Meꞌ kenna mahāpin pinadem pangisihande duk meꞌ manggaꞌi mahāpin ilakasan hadja."
,11,49,Sa iyan du isab bang kiyamat ne. Paguwaꞌ meꞌ malaꞌikatin duk paseddilide meꞌ aꞌa malaꞌatin amban meꞌ aꞌa mabentelin.
,11,50,"Meꞌ aꞌa malaꞌatin laboꞌde dem ebbut narkaꞌ. Magmatey siye iyan laꞌi duk magtageꞌot meꞌ impenden hawal pagsusunden."""
,11,51,"Tinilew weꞌ si Isa meꞌ tindegnen, paꞌinne, ""Tasabutbi ke kēmon binissāku si kaꞌam miyaꞌan?"" ""Aweꞌ,"" paꞌinde."
,11,52,"Manjari paꞌin si Isa, ""Bang niyaꞌ guru si saraꞌ āgama bu nuhut ne iye pagbayaꞌan Tuhanin, kuweꞌ dalil aꞌa dayahan iye, ekka alataꞌne magbaꞌahu-andang peggeꞌ taꞌu ne iye manoloꞌ toloꞌ matuꞌuhin duk toloꞌ baꞌahuhin."""
,11,53,"Pagubus si Isa magdalilan inin, tahalaꞌ iye amban lahat miyaꞌan."
,11,54,"Hap pī iye balik si lahatne duk magusihat iye laꞌi dem langgal. Ulaliꞌ meꞌ aꞌahin, paꞌinde, ""Amban taꞌeddoꞌ aꞌa inin kataꞌunen duk balakatne paghinangne meꞌ hinangan makaꞌulaliꞌin?"
,11,55,Takilalete bi hep aꞌa inin; iye inin anak kalpenterohin. Saꞌinen si Mariyam. Pungtinaꞌine hep disi Yakub duk si Yoses duk si Simon duk si Judas.
,11,56,"Duk meꞌ pungtinaꞌine dendehin tiyaꞌ du hep tuꞌu si lahatte bi. Amban enteꞌ taꞌeddoꞌne meꞌ kataꞌune inin?"""
,11,57,"Duk peddiꞌ ateyde pu si Isa. Manjari paꞌin si Isa si siye, ""Pagaddatan nabihin antag-antag. Saguwaꞌ bang si lahatne duk si lumaꞌne gaꞌi iye pagaddatan."""
,11,58,Gaꞌi du ekka hinangan makaꞌulaliꞌ hininang si Isa si lahatnen peggeꞌ meꞌ aꞌa malaꞌihin gaꞌi kahagad si iye.
,12,1,Masa miyaꞌan Sultan Herod magbayaꞌ si lahat Jalilin. Manjari takalene sabab meꞌ hinangan si Isahin.
,12,2,"Paꞌin si Herod si meꞌ bagellalnen, ""Aꞌa miyaꞌan asal iye ne teꞌed si Yahiya magpandi-pandi meꞌ aꞌahin. Ellum iye balik. Hangkan hep tahinangne meꞌ hinangan balakatan miyaꞌ an."" 3-4,Peggeꞌ bakas dinaꞌak hep weꞌ Sultan Herod siniggew si Yahiya duk iningketan duk kinalabusu. Kuweꞌ inin kahalanne miyaꞌan: Si Sultan Herod inin magkabayaꞌ duk ipalnen Herodiyas, bu ellum pe salinen si Pilip, ella Herodiyasin. Manjari sakaliꞌ ne siye magdambuwaꞌ, inamāhan sultanin weꞌ si Yahiya. Paꞌin Yahiya si iye, ""Gaꞌi halal bang kew magdambuwaꞌ duk anda pungtinaꞌinun. Magduse kew."""
,12,5,"Kemuwe miyaꞌan mabayaꞌ papatey si Herod Yahiya, saguwaꞌ tinalew iye si meꞌ aꞌahin peggeꞌ kahagad meꞌ aꞌahin weꞌ nabi si Yahiya."
,12,6,Manjari dambuwaꞌ ellew ngahinang si Herod pagjamu-jamuhan panābu ellew panganak si iyehin. Mansak anak Herodiyas dendehin duk mayam meꞌ aꞌa malaꞌihin. Sinna manamal si Herod
,12,7,"hangkan paꞌinne si dendehin, ""Sapahanku ine-ine pākunu, asal pangurungku teꞌed kaꞌu."""
,12,8,"Peggeꞌ bakas sinessaꞌan andang weꞌ saꞌinen dendehin, hangkan paꞌinne si sultanin, ""Pangurungun aku kuweꞌitu kōk Yahiya magpandi-pandi aꞌahin binettad diyataꞌ talam."""
,12,9,"Magsusun teꞌed sultanin, saguwaꞌ peggeꞌ bakas iye napa si panaꞌanan meꞌ bisitanen, hangkan dinaꞌak ne weꞌ ne pinangurung si dendehin pinākunen."
,12,10,Dinaꞌak weꞌ ne dambuwaꞌ sundalunen munggelan Yahiya laꞌi dem kalabusu.
,12,11,Ubus binoꞌo ne kōknen diyataꞌ talam duk pinangurung si budjangin. Manjari binoꞌo weꞌ budjangin pī si saꞌinen.
,12,12,"Pagubus miyaꞌan, tekka meꞌ tindeg Yahiyahin ngeddoꞌ bangkeynen duk kinubul weꞌ de. Ubus hap pī siye ngakahan si Isa."
,12,13,"Pagkale si Isa aka-aka sabab Yahiyahin, tahalaꞌ iye magbangkaꞌ pī si lahat makagindew-gindew, iye dendangan. Sakaliꞌ inin takale weꞌ meꞌ aꞌa mabanesin, tahalaꞌ siye amban meꞌ kalumaꞌanin duk paturul siye amban higad lamew."
,12,14,"Pagtakas si Isa, banes teꞌed aꞌa kitene duk maꞌaseꞌ iye si siye duk pinakoleꞌ weꞌ ne meꞌ masakihin."
,12,15,"Pagkohap ne, pī meꞌ tindegnen si iye duk paꞌinde, ""Lahat gaꞌi hep inin tantu papituhan aꞌa bu iyuꞌ ne kohap teꞌed. Daꞌakun meꞌ aꞌa inin pī si meꞌ kalumaꞌan duk siye makabelli kinakande."""
,12,16,"Paꞌin si Isa, ""Gaꞌi siye subey tahalaꞌ. Kaꞌam ne mamakan siyehin."""
,12,17,"Paꞌin meꞌ tindegnen, ""Luwal maniyaꞌ si kamitu, lime kayuꞌ pan duk duwe kenna."""
,12,18,"Paꞌin si Isa, ""Boꞌohun bi pitu si aku."""
,12,19,Manjari dinaꞌak weꞌ si Isa meꞌ aꞌahin ningkoloꞌ diyataꞌ balili. Ubus miyaꞌan ineddoꞌ weꞌ ne pan lime kayuꞌin duk kenna duwehin duk mayam iye magdiyataꞌ langit magpasalamat si Tuhan. Ubus bu binahagiꞌ-bahagiꞌ weꞌ ne panin duk pinangurung weꞌ ne si meꞌ tindegnen duk pangurungde isab si meꞌ aꞌahin.
,12,20,"Mangan siye kēmon duk esso siye. Pagubus siye mangan tinipun weꞌ meꞌ tindeg si Isahin lukasden, sampūꞌ duk duwe bakaꞌ pennoꞌ."
,12,21,Meꞌ aꞌa bakas mamanganin niyaꞌ siye lime ngibu lellahin bukut meꞌ dendehin duk meꞌ mākanakin.
,12,22,Puwas miyaꞌan dinaꞌak weꞌ si Isa meꞌ tindegnen pasakey dem bangkaꞌ. Pinadehellu siye weꞌ ne pī si dambiyaꞌ lamew sābune pe mapoleꞌ meꞌ aꞌahin.
,12,23,"Pagubus ne siye patahalaꞌne, pī iye si punu dendang-dendangan missā si Tuhan. Pagsangem ne, laꞌi iye dendangan."
,12,24,"Na, bangkaꞌin tala ne amban higad bu tewwaꞌ weꞌ goyak peggeꞌ pasumbal si siye baliyuhin."
,12,25,"Pagdayiꞌ ellew ne, pī si Isa si siye lumengngan diyataꞌ kuwit-kuwit lamewin."
,12,26,"Pagkite meꞌ tindegnen iye lumengngan diyataꞌ kuwit-kuwit lamewin, kadahitan siye manamal peggeꞌ kannalde weꞌ panyataꞌ iye. Magkilahap teꞌed siye peggeꞌ kaꞌumagadan siye."
,12,27,"Saguwaꞌ magtawus missā si Isa si siye, paꞌ inne, ""Pahagetun bi ateybin. Aku hep ituꞌ. Daꞌa kaꞌam tinalew."""
,12,28,"Manjari ngalingan si Petros, paꞌinne, ""Tuwan, bang kaꞌu iyan, daꞌakun ku piyu si kaꞌu lumengngan diyataꞌ boheꞌ."""
,12,29,"Paꞌin si Isa, ""Pitu ne kew."" Hangkan duwaꞌi si Petros amban bangkaꞌ bu lumengngan diyataꞌ boheꞌ hap pī pu si Isa."
,12,30,"Saguwaꞌ pagkitene goyak mahadjehin, tinalew iye duk palenneb ne iye. Magtawus iye ngalingan, paꞌinne, ""Tuwan, timbulun ku."""
,12,31,"Manjari magtawus iye inantan weꞌ si Isa bu inonot. Ubus paꞌin si Isa, ""Gaꞌi kew tantu sandel si aku. Weꞌey magduwe-duwe pikilannun?"""
,12,32,"Manjari pagdiyalemde dem bangkaꞌ, padeheng ne baliyuhin."
,12,33,"Pasujud si iye meꞌ lella dem bangkaꞌin duk paꞌinde, ""Bennal Anak Tuhanin kew."""
,12,34,"Pagsakaliꞌ ne siye lumipag, tekka siye si lahat Gennesaret."
,12,35,"Takilale si Isa weꞌ meꞌ aꞌa lahat miyaꞌan, hangkan pinasan weꞌ de meꞌ aꞌa masaki si meꞌ kalahatan mapaliputin duk binoꞌo weꞌ de pu si Isa."
,12,36,"Pabuyuꞌ-buyuꞌ siye pu si Isa bang makajari antan meꞌ masakihin bisan hadja tuggu semmeknen. Na, kēmon makaꞌantan iyehin kawuliꞌan."
,13,1,"Manjari niyaꞌ meꞌ Pariseo duk meꞌ guru si saraꞌ āgama amban Awrusalam hap pī pu si Isa duk paꞌinde, 2""Weꞌey meꞌ tindegnun gaꞌi nuhut biꞌat-biꞌatan meꞌ kapapuꞌanten bi? Mangan siye bisan siye gaꞌ bakas ngosoꞌ tangan makasutsi."""
,13,3,"Nambung si Isa, paꞌinne, ""Na, kaꞌam, weꞌey gaꞌi tuhutbi pangandaꞌakan Tuhanin supaya iye tatuhutbin meꞌ biꞌat-biꞌatan kapapuꞌanbin?"
,13,4,"Peggeꞌ bakas ngandaꞌak Tuhanin, paꞌinne, 'Pagaddatanun bi saꞌi-samabin,' duk 'Sine-sine missāhan saꞌinen atawa samanen laꞌatan, subey teꞌed iye pinapatey.'"
,13,5,"Saguwaꞌ kaꞌam,"" paꞌin si Isa, ""si saraꞌ hininang-hinangbin hadja, paꞌinbi weꞌ bang niyaꞌ aꞌa magpaꞌin si saꞌi-samanen, 'Gaꞌ ne niyaꞌ panabangku kaꞌam, Ammaꞌ atawa Inaꞌ; tapangurungku ne alataꞌkun si Tuhan,'"
,13,6,makajari ne bisan gaꞌi tabangne matettoꞌanen. Sa hinanganbi iyan gaꞌi pinagmasi weꞌ bi pangandaꞌakan Tuhanin peggeꞌ iye tinuhutbin meꞌ biꞌat-biꞌatan kapapuꞌanbin.
,13,7,"Kaꞌam iyan magmā-mā nuhut Tuhan bu gaꞌi du. Asal bennal teꞌed sinulat Nabi Isaya sabab kaꞌamin, paꞌinne, 8'Meꞌ aꞌa inin, pahadjede ku duk behede saguwaꞌ ateyden gaꞌi nuhut aku."
,13,9,"Gaꞌ gunane pagsambahayangde si akuhin peggeꞌ meꞌ pamanoloꞌden hinang-hinang aꞌa hadja bu paꞌinde amban aku,' paꞌin Tuhanin."""
,13,10,"Puwas miyaꞌan, ilinganan ne isab weꞌ si Isa meꞌ aꞌahin pī si iye duk paꞌinne si siye, ""Pakale kaꞌam duk tahātibi bissāku inin:"
,13,11,"Dumaꞌin kinakan mapadiyalem dem behe aꞌahin makaharam iyehin, saguwaꞌ iye makaharam iyehin meꞌ bissā laꞌatan mapaguwaꞌ amban behenen."""
,13,12,"Manjari hap pī meꞌ tindegnen si iye duk paꞌinde, ""Kataꞌuhannu ke weꞌ laꞌat atey meꞌ Pariseohin sabab binissānu miyaꞌan?"""
,13,13,"Nambung iye, paꞌinne, ""Kēmon jambangan gaꞌ tinanem weꞌ Samaku si surgaꞌin bineddutan du."
,13,14,"Daꞌa kaꞌam suse sabab siye. Meꞌ nakuraꞌ siye saguwaꞌ kuweꞌ siye meꞌ aꞌa pessek. Bang aꞌa pessekin nundan aꞌa pessek du isab, na, laboꞌ siye kaduwangan dem lowang."""
,13,15,"Manjari missā si Petros, paꞌinne, ""Pahātihanun kami bang ine hāti binissānu miyaꞌan."""
,13,16,"Paꞌin si Isa, ""Sampay kaꞌam isab, gaꞌi pe tahātibi?"
,13,17,"Gaꞌi ke tahātibi weꞌ bisan kinakan ine padiyalem dem behe, pī dem betteng ubus bu pinaluwas du?"
,13,18,"Saguwaꞌ mapaluwas amban dem behe aꞌahin, paguwaꞌ amban dem ateyne, duk iye iyan makaharam aꞌahin."
,13,19,"Peggeꞌ amban dem ateyin paguwaꞌ meꞌ pikilan malaꞌatanin kuweꞌ mapatey, magjina, duk maghinangan laꞌat seddili, magtangkew, magdustaꞌ, duk maglimut."
,13,20,"Kēmon iyan makaharam aꞌahin, dumaꞌin bang mangan iye bu gaꞌ bakas ngosoꞌ tangan sa pangandaꞌakan meꞌ Pariseohin."""
,13,21,Manjari tahalaꞌ si Isa billaꞌi duk hap pī iye si antag puweblo Tiros duk Sidon.
,13,22,"Niyaꞌ dende bangsa Kanaꞌan patennaꞌ laꞌi si lahat miyaꞌan. Hap pī iye pu si Isa duk ngalingan iye, paꞌinne, ""O Tuwan, tubuꞌ si Daꞌud, maꞌaseꞌ kew si aku, peggeꞌ anakku dende-dendehin pasayedan seyitan duk tiniksaꞌ teꞌed iye weꞌ seyitanin."""
,13,23,"Saguwaꞌ gaꞌ nambung si Isa bisan da tegtang. Manjari meꞌ tindegnen pī pu si Isa duk paꞌinde, ""Daꞌakun iye tahalaꞌ, peggeꞌ iyuꞌ iye paturul-turul ngalingan si kite bi."""
,13,24,"Nambung si Isa, paꞌinne, ""Pinapitu ku nabang meꞌ aꞌa bangsa Israꞌil hadja. Kuweꞌ siye dalil meꞌ bili-bili lepas."""
,13,25,"Saguwaꞌ pagtakale inin weꞌ dendehin, patapit iye pu si Isa bu pasujud, paꞌinne, ""Tuwan, tabanganun ku."""
,13,26,"Sambungan si Isa iye si dalilan, paꞌinne, ""Gaꞌi patut ineddoꞌ kinakan meꞌ anakin bu ilakasan pī si meꞌ asu."" 27""Bennal, Tuwan,"" paꞌin dendehin, ""saguwaꞌ bisan du meꞌ asuhin kakande du mapagpag amban lamisahanin."""
,13,28,"Sambungan si Isa iye, paꞌinne, ""O dende, basag teꞌed sandelnun. Pangurung kaꞌu ne pinākunun."" Na waktu miyaꞌan du magtawus kawuliꞌan anakne dendehin."
,13,29,Manjari palanjal si Isa billaꞌi bu nusul lamew Jalilin. Ubus manaꞌik iye diyataꞌ punu duk ningkoloꞌ iye laꞌi.
,13,30,"Banes aꞌa hap pī si iye, duk binoꞌo weꞌ de meꞌ mapengkaꞌin, meꞌ makukuꞌin, meꞌ mapessekin, meꞌ maꞌumewin duk ekka aꞌa taga saki seddili. Pinapī weꞌ de meꞌ aꞌa masaki inin si antag bettis si Isa duk pinakawuliꞌ siye kēmon weꞌ ne."
,13,31,"Ulaliꞌ teꞌed meꞌ aꞌahin pagkitede weꞌ maꞌumewin makabissā ne, makukuꞌin kawuliꞌan ne, mapengkaꞌin makalengngan ne pahāp-hāp, duk mapessekin ngite ne. Manjari pinudji weꞌ de Tuhan inisbat bangsa Israꞌilin."
,13,32,"Manjari ilinganan weꞌ si Isa meꞌ tindegnen pī si iye duk paꞌinne, ""Maꞌaseꞌ ku si meꞌ aꞌa mabanes inin, peggeꞌ tellum bahangi ne kuweꞌitu patuꞌude si akuhin bu gaꞌ ne niyaꞌ kakande. Gaꞌi ku mabayaꞌ mapoleꞌ siye bang gaꞌi bakas mangan, kaw siye kinawugtuꞌ si lān."""
,13,33,"Paꞌin meꞌ tindegnen si iye, ""Antag kite bi ngeddoꞌ kinakan sarang pamakan meꞌ aꞌa mabanes inin tuꞌu si lahat makagindew-gindew inin?"""
,13,34,"Paꞌin si Isa si siye, ""Piyek kayuꞌ panbi lu?"" Paꞌinde, ""Pituꞌ pan duk kenna dikiꞌ bang piyek kayuꞌ."""
,13,35,Manjari dinaꞌak weꞌ si Isa meꞌ aꞌa mabanesin ningkoloꞌ diyataꞌ bulak.
,13,36,"Ineddoꞌ weꞌ ne pan pituꞌin duk meꞌ kennahin, duk magpasalamat iye si Tuhan. Ubus bu binahagiꞌ-bahagiꞌ weꞌ ne duk pinangurung weꞌ ne si meꞌ tindegnen duk pangurungde isab si meꞌ aꞌahin."
,13,37,"Mangan siye kēmon duk esso siye. Ubus bu tinipun weꞌ de lukasin, pituꞌ bakaꞌ pennoꞌ."
,13,38,Meꞌ aꞌa mamanganin niyaꞌ siye ampat ngibu lellahin bukut meꞌ dendehin duk meꞌ mākanakin.
,13,39,Manjari pinapoleꞌ ne meꞌ aꞌahin weꞌ si Isa duk pasakey iye dem bangkaꞌ bu hap pī si lahat Magadan.
,14,1,"Manjari niyaꞌ meꞌ Pariseo duk meꞌ Sadduseo pī pu si Isa. Batang iye kuhi-kuhide, hangkan makapakite siye tandaꞌ bang bennal taga kapatut iye amban Tuhan."
,14,2,"Sambungan si Isa siye, paꞌinne, ""Bang seddep ellewin paꞌinbi, 'Hāp lahatin sumu, peggeꞌ peyat-peyat langitin.'"
,14,3,"Bang salung-salung paꞌinbi, 'Ulan ellew inin peggeꞌ peyat-peyat langitin duk maglindem lahatin.' Kataꞌuhanbi hatiꞌ bang ine hāti meꞌ tapandogabi si bantuk langitin saguwaꞌ gaꞌi kataꞌuhanbi hāti meꞌ maꞌumantag si waktu kuweꞌitu inin."
,14,4,"Meꞌ aꞌa kuweꞌitu inin laꞌat duk gaꞌi nuhut Tuhan duk māku tandaꞌ. Saguwaꞌ gaꞌ niyaꞌ tandaꞌ pinakitehan si kaꞌam luwal hadja tandaꞌ Nabi Yunus awwalley."" Ubus miyaꞌan inambanan siye weꞌ si Isa bu tahalaꞌ iye."
,14,5,"Pagtekka meꞌ tindeg si Isahin si dambiyaꞌ lamew, gaꞌ siye makaꞌesseb moꞌo pan."
,14,6,"Paꞌin si Isa si siye, ""Pahatul-hatul kaꞌam. Halliꞌanun bi pasulig meꞌ Pariseohin duk meꞌ Sadduseohin."""
,14,7,"Magbissā-bissā meꞌ tindegnen sabab pinaꞌinne miyaꞌan peggeꞌ gaꞌ tahātide. Paꞌinde, ""Hangkan hatu iye missā kuweꞌ miyaꞌan, peggeꞌ gaꞌ kite bi makaboꞌo pan."""
,14,8,"Kataꞌuhan si Isa bang ine pagbissā-bissāden. Hangkan paꞌinne si siye, ""Weꞌey pagbissā-bissābin sabab gaꞌ niyaꞌ panbi? Asal kulang teꞌed sandelbi si akuhin."
,14,9,Gaꞌi pe ke tahātibi? Gaꞌ ke taꞌessebbi pamahagiꞌ-mahagiꞌku pan limehin si meꞌ aꞌa lime ngibuhin duk bang piye bakaꞌ pennoꞌ weꞌ lukas tinipunbin?
,14,10,Duk gaꞌ ke taꞌessebbi pan pituꞌ binahagiꞌ-bahagiꞌku si meꞌ aꞌa ampat ngibuhin duk bang piye bakaꞌ pennoꞌ weꞌ lukas tinipunbin?
,14,11,"Ulaliꞌ ku bang weꞌey gaꞌ tasabutbi weꞌ bissāku miyaꞌan dumaꞌin sabab pan. Halliꞌanun bi pasulig meꞌ Pariseohin duk meꞌ Sadduseohin."""
,14,12,"Manjari bahu tahātide weꞌ dumaꞌin pinaꞌinnen sabab pasulig dem pan, saguwaꞌ subey halliꞌande meꞌ panoloꞌ meꞌ Pariseohin duk meꞌ Sadduseohin."
,14,13,"Manjari pī disi Isa si lahat tapit si puweblo Kesarea Pilipi. Paglaꞌi siye tinilew weꞌ ne meꞌ tindegnen, paꞌinne, ""Ine paꞌin meꞌ aꞌahin? Aku, Anak Manusiyaꞌin, sine koꞌ ku?"""
,14,14,"Paꞌinde, ""Niyaꞌ meꞌ aꞌa magpaꞌin weꞌ kaꞌu koꞌ si Yahiya magpandi-pandi meꞌ aꞌahin ellum balik. Sinduwehin isab magpaꞌin weꞌ Nabi Eliyas koꞌ kew duk niyaꞌ pe isab magpaꞌin weꞌ Nabi Jeremiya koꞌ kew atawa dambuwaꞌ meꞌ nabi awwalley."" 15""Saguwaꞌ bang kaꞌam,"" paꞌin si Isa, ""ine paꞌinbi? Sine teꞌ ku?"""
,14,16,"Nambung si Simon Petros, paꞌinne, ""Kaꞌu Almasihin, tapeneꞌ Tuhan magbayaꞌin. Kaꞌu Anak Tuhan maꞌellumin."""
,14,17,"Paꞌin si Isa si iye, ""Hāp pe kew, Simon, anak Yahiyahin. Peggeꞌ dumaꞌin amban manusiyaꞌ puꞌunnu ngataꞌuhanne inin saguwaꞌ pinakataꞌu inin si kaꞌu weꞌ Samaku si surgaꞌin."
,14,18,"Na, inin paꞌinku si kaꞌu, Petros. Kuweꞌ batu kew, duk diyataꞌ batu inin hinangku langgalkun, hāti langgalkun meꞌ aꞌa manuhut akuhin. Gaꞌi siye tadaꞌag weꞌ nakuraꞌ seyitanin."
,14,19,"Urungante kew kapatut magmahalayak si kēmon manusiyaꞌ aka-aka hāp sabab pagbayaꞌ Tuhanin. Kuweꞌ kew dalil kaꞌurunganku kunsiꞌ gawang padiyaleman pī si pagbayaꞌan Tuhanin. Ine-ine pamagesannu tuꞌu si dunya, pamagesan du isab iyan si surgaꞌ, duk ine-ine pangandaꞌakannu tuꞌu si dunya, pangandaꞌakan du isab iyan si surgaꞌ."""
,14,20,Manjari sinessaꞌan weꞌ si Isa meꞌ tindegnen weꞌ subey siye gaꞌi magaka-aka bisan pu sine weꞌ Almasihin iye.
,14,21,"Manjari puwas miyaꞌan, nagnaꞌ pahāti si Isa si meꞌ tindegnen weꞌ iye kahandak Tuhanin, subey iye hap pī si Awrusalam duk ekka kabinasahan sandalanne amban meꞌ kabahiꞌanin duk meꞌ nakuraꞌ imamin duk meꞌ guru si saraꞌ āgamahin. Ubus pinapatey du iye duk ellum du iye balik katellum bahanginen."
,14,22,"Binoꞌo si Isa weꞌ si Petros patala-tala bu inamāhan iye weꞌ ne, paꞌinne, ""Karayaw gaꞌi paꞌatag Tuhanin, Tuwan. Gaꞌi iyan umantag si kaꞌu."""
,14,23,"Saguwaꞌ paharap si Isa duk paꞌinne pu si Petros, ""Tahalaꞌ kew amban aku, Seyitan. Iyuꞌ kew nassat aku si kalaꞌatan, peggeꞌ pikilannun pikilan amban manusiyaꞌ hadja dumaꞌin amban Tuhan."""
,14,24,"Ubus paꞌinne si meꞌ tindegnen, ""Bang niyaꞌ aꞌa mabayaꞌ nuhut aku subey iye tuhutne kinabayaꞌankun dumaꞌin kinabayaꞌannen. Duk subey isab iye moꞌo olom pamapateyan iyehin, hātinen maglillaꞌ iye nandal kabinasahan duk bisan pe matey. Manjari makajari ne iye nuhut aku."
,14,25,"Peggeꞌ,"" paꞌin si Isa, ""bang aꞌahin ellegne umulnen, gaꞌ niyaꞌ umulne salama-lama. Saguwaꞌ bang aꞌahin gaꞌi ellegne umulnen duk maglillaꞌ pe iye matey hawal tuyuꞌne manuhut akuhin, na, aꞌa iyan taga umul du salama-lama."
,14,26,"Peggeꞌ aꞌahin, bisan pe tepe si iye kēmon alataꞌ dem dunyahin, gaꞌ du niyaꞌ gunane bang gaꞌi tepe si iye umul salama-lamahin. Peggeꞌ gaꞌ niyaꞌ alataꞌ si dunya makalekkat iye supaya tepe si iye umul salama-lamahin."
,14,27,"Aku, Anak Manusiyaꞌin, pitu du ku balik duk meꞌ malaꞌikatkun, liput weꞌ sahaya Samaku Tuhanin. Ubus tumbasanku du kēmon aꞌahin matalep si meꞌ hinanganden."""
,14,28,"Paꞌin si Isa pe, ""Sabennal akahante kaꞌam, niyaꞌ kaꞌam matuꞌu inin gaꞌi matey bang gaꞌi dahuꞌ takitebi ku, Anak Manusiyaꞌin, pitu magbayaꞌ si meꞌ aꞌahin."""
,15,1,"Manjari ennem bahangi puwas miyaꞌan, binoꞌo weꞌ si Isa si Petros, si Yakub, duk si Yahiya pī diyataꞌ punu langkew, siye-siye hadja."
,15,2,"Sābude malaꞌihin, pinda teꞌed bantuk si Isahin si pagmatahande. Luwenen sahaya kuweꞌ mata ellewin duk semmeknen makasilew hawal poteꞌnen."
,15,3,Manjari bessuwang paguwaꞌ si siye laꞌi si Musa duk si Nabi Eliyas duk magbissā siye duk si Isa.
,15,4,"Sābude magbissāhin, paꞌin si Petros pu si Isa, ""Tuwan, hāp teꞌed peggeꞌ tiyaꞌ kami tuꞌu. Bang kew mabayaꞌ, ngahinang ku tuꞌu tellu payad. Dambuwaꞌ si kaꞌu, dambuwaꞌ pu si Musa, duk dambuwaꞌ pu Nabi Eliyas."""
,15,5,"Manjari sasang missā pe si Petros, niyaꞌ inalak dantaꞌ paguwaꞌ si atagde duk kalandungan siye duk niyaꞌ suwala amban inalakin magpaꞌin, ""Inin Anakku kalasahanku teꞌed. Kasulutan ku teꞌed si iye. Pakalehun bi iye."""
,15,6,"Pagkale meꞌ tindegnen suwala miyaꞌan, kadahitan siye manamal duk magtawus siye pakusu diyataꞌ bulak."
,15,7,"Saguwaꞌ pī si Isa si meꞌ tindegnen duk inantan siye weꞌ ne, paꞌinne, ""Nengge kaꞌam duk daꞌa kaꞌam tinalew."""
,15,8,"Pagtongasde, gaꞌ niyaꞌ seddili kitede luwal saꞌ si Isa."
,15,9,"Manjari sasangde padurul amban diyataꞌ punu, sinessaꞌan siye weꞌ si Isa, paꞌinne, ""Daꞌa kaꞌam magaka-aka sabab bakas takitebi diyataꞌ punu inin, samantaꞌan aku, Anak Manusiyaꞌin, gaꞌi pe ku ellum balik amban kamateykun."""
,15,10,"Tinilew iye weꞌ meꞌ tindegnen, paꞌinde, ""Weꞌey teꞌ paꞌin meꞌ guru magtoloꞌ saraꞌ āgamahin weꞌ subey koꞌ pitu dehellu Eliyas meke Almasihin?"""
,15,11,"Nambung si Isa, paꞌinne, ""Bennal iyan. Eliyas pitu dehellu amban Almasihin manyap kēmonin."
,15,12,"Saguwaꞌ akahante kaꞌam,"" paꞌin si Isa, ""bakas pitu ne Eliyas bu gaꞌ iye takilale meꞌ aꞌahin. Duk tahinangde ne sasuku kabayaꞌanden si iye. Damikkiyan aku, Anak Manusiyaꞌin, binasade du ku isab."""
,15,13,"Na, bahu kataꞌuhan meꞌ tindegnen weꞌ bissānen hatiꞌ sabab Yahiya magpandi-pandi meꞌ aꞌahin."
,15,14,"Pagbalik disi Isa pī si meꞌ aꞌa mabanesin, niyaꞌ aꞌa pī pasujud pu si Isa makitabang, paꞌinne, 15""O Tuwan, maꞌaseꞌ kew si anakkun. Binabuy-babuy iye duk makalanduꞌ sakinen peggeꞌ daran iye hebbaꞌ dem ebbut duk dem boheꞌ."
,15,16,"Bakas boꞌoku iye pī si meꞌ tindegnun, saguwaꞌ gaꞌi iye tapakawuliꞌde."""
,15,17,"Nambung si Isa, paꞌinne, ""Kaꞌam meꞌ aꞌa kuweꞌitu inin, salaꞌ teꞌed pamikilbin. Gaꞌ teꞌed niyaꞌ sandelbi si Tuhan. Taman sumiyan pe ku tuꞌu si kaꞌam? Taman sumiyan pe ku nandalan addatbin meke kaꞌam kahagad?"" Manjari paꞌinne si sama nakanakin, ""Boꞌohun anaknun pitu."""
,15,18,"Pagtekka nakanakin laꞌi, inamāhan weꞌ si Isa seyitanin, manjari paluwas seyitanin amban nakanakin duk magtawus nakanakin kawuliꞌan."
,15,19,"Ubus binoꞌo si Isa magbissā weꞌ meꞌ tindegnen, siye-siye hadja, paꞌinde, ""Weꞌey teꞌ gaꞌ tapaluwas kami seyitanin?"""
,15,20,"Paꞌin si Isa, ""Puꞌunne gaꞌi tapaluwasbi peggeꞌ kulang pe teꞌed sandelbi si Tuhanin. Akahante kaꞌam sabennal-bennal, bang sandel kaꞌam si Tuhan bisan hadja kuweꞌahat, dalilnen kuweꞌ hadja hadjehan bigi mustasa, duk daꞌakbi punuhin palinda, asal palinda du. Gaꞌ niyaꞌ hunit si kaꞌam bang kaꞌam sandel. (21,Saguwaꞌ seyitan da bayuꞌ miyaꞌan, gaꞌi tapaluwas luwal hadja bang kaꞌam ngampun duk muwase.)"""
,15,22,"Dambuwaꞌ ellew paglaꞌi siye si Jalil, paꞌin si Isa si meꞌ tindegnen, ""Aku, Anak Manusiyaꞌin, sinōngan du ku iyan si antanan meꞌ aꞌa."
,15,23,"Papateyde du ku. Tellum bahangi puwas kamateykun, ellum du ku balik."" Pagtakalede inin, suse manamal meꞌ tindegnen."
,15,24,"Pagtekka siye laꞌi si Kapernaum, hap pī pu si Petros meꞌ aꞌa magpāku-pāku sukey si langgalin, paꞌinde, ""Magbayed sukey ke gurubin?"""
,15,25,"Nambung si Petros, paꞌinne, ""Aweꞌ."" Pagdiyalem si Petros dem lumaꞌ, magtawus si Isa missā si iye, paꞌinne, ""Ine paꞌinnu, Simon. Sine magbayed sukey si meꞌ sultan si dunyahin, meꞌ anak-usbaden atawa meꞌ aꞌa seddilihin?"""
,15,26,"Paꞌin si Petros, ""Meꞌ aꞌa seddilihin."" Paꞌin si Isa, ""Iye hep, hātinen gaꞌi magbayed meꞌ usbanen. Manjari, kite bi inin meꞌ usba Tuhanin, hangkan makajari bisan kite bi gaꞌi magbayed."
,15,27,"Saguwaꞌ gaꞌi hāp bang laꞌat ateyden si kite. Pī kew hap lamew messi. Lukahun behe kenna tagnaꞌ taꞌeddoꞌnun duk ngasuwaꞌ kew iyan laꞌi sīn sarang pamayed sukeyte si langgalin. Eddoꞌun sīn iyan bu nu pī si langgal mayedan sukeyten."""
,16,1,"Baytu miyaꞌan hap pī pu si Isa meꞌ tindegnen, paꞌinde, ""Sine tamanan malangkewin si meꞌ aꞌa manuhut pagbayaꞌan Tuhanin?"""
,16,2,Manjari ngandaꞌak si Isa dambuwaꞌ nakanak pī si siye bu pinatengge weꞌ ne si tengngaꞌde.
,16,3,"Ubus paꞌinne, ""Sabennal akahante kaꞌam, gaꞌi kaꞌam sumakup dem pagbayaꞌan Tuhanin bang gaꞌi pindahanbi pikilanbin duk kaꞌam manjari kuweꞌ nakanak dikiꞌin, gaꞌi malangkew dine."
,16,4,"Sine-sine madiyawaꞌ ateyne kuweꞌ nakanak inin, iye tamanan malangkewin si pagbayaꞌan Tuhanin."
,16,5,"Bang niyaꞌ aꞌa bu sabab sandelne si akuhin ngaddatan dambuwaꞌ nakanak dikiꞌ kuweꞌ inin, aku inaddatannen."" 6""Bang niyaꞌ aꞌa makapaduse si dambuwaꞌ nakanak dikiꞌ kuweꞌ inin makahagad si akuhin, hāp pe siꞌ iye miyaꞌan tapatowengan batu hadje si kellongne bu ilaboꞌ pī dem tahik, duk hadja gaꞌi taboꞌone magduse."
,16,7,"Makaꞌaseꞌ-aseꞌ meꞌ manusiyaꞌin peggeꞌ niyaꞌ teꞌed meꞌ sassat makapaduse siye. Bugtuꞌ niyaꞌ teꞌed meꞌ sassat tekka. Saguwaꞌ kaꞌaseꞌ-aseꞌ aꞌa manassat saweꞌnen duk saweꞌnen magduse, peggeꞌ asal legga Tuhanin iye. 8""Bang tangannun atawa bettisnun mamoꞌo kaꞌu magdusehin, lebbahanun ne pagdusenun. Dalilnen, kuweꞌ du putukannu tangannun duk bettisnun bu nu ngalakasanne. Hāp pe kew paꞌasek dem surgaꞌ bisan kew putuk, amban duwe tangannun atawa duwe bettisnun saguwaꞌ tinimanan kew pī dem ebbut gaꞌ niyaꞌ kapalemne."
,16,9,"Duk bang matanun isab mamoꞌo kaꞌu magdusehin, lebbahanun pagdusenun. Dalilnen, kuweꞌ du ugitannu matanun bu nu ngalakasanne. Hāp pe kew paꞌasek dem surgaꞌ bisan dambuwaꞌ saꞌ matanun amban duwe matanun saguwaꞌ tinimanan kew pī dem ebbut narkaꞌ."" 10""Pahatul-hatul kaꞌam,"" paꞌin si Isa, ""daꞌa diyawaꞌanun bi bisan dambuwaꞌ meꞌ nakanak madikiꞌ inin peggeꞌ akahante kaꞌam, meꞌ malaꞌikat mangipat siyehin luwal laꞌi si harapan Samaku si surgaꞌin. (11,Aku, Anak Manusiyaꞌin, akaku mapitu si dunyahin nimbul meꞌ aꞌa matala amban Tuhanin.)"
,16,12,"Ine paꞌinbi? Saꞌupama, bang niyaꞌ dambuwaꞌ aꞌa taga bili-bili dahatus ekkahannen bu ne niyaꞌ dambuwaꞌ sumapeꞌ, ine enteꞌ hinangne? Bugtuꞌ ambananne siyampūꞌ duk siyamin laꞌi diyataꞌ punu, duk pī iye miha dambuwaꞌ masumapeꞌin."
,16,13,"Sabennal akahante kaꞌam, bang takasuwaꞌne ne, sinna teꞌed iye. Pasōng kasinnahanne dambuwaꞌ miyaꞌan amban siyampūꞌ duk siyam manggaꞌ bakas masumapeꞌin."
,16,14,"Aꞌahin gaꞌi mabayaꞌ weꞌ lepas dambuwaꞌ hayepnen. Na, sa iyan du isab Samabi si surgaꞌin, gaꞌi iye mabayaꞌ weꞌ niyaꞌ bisan dambuwaꞌ meꞌ mākanak madikiꞌ inin tumala amban Tuhan."" 15""Bang saweꞌnun kapagduse si kaꞌu, akahanun iye salaꞌnen. Saguwaꞌ subey kaꞌam hadja duwangan. Bang tuhutne bissānun bu magsusun iye, tatabangnu ne iye duk gaꞌi du usaꞌ sandelne si Tuhanin."
,16,16,"Saguwaꞌ bang gaꞌi tuhutne bissānun, moꞌo kew pī dambuwaꞌ atawa duwe saweꞌnu seddili duk niyaꞌ naksiꞌan kēmon bissābin."
,16,17,"Bang gaꞌi iye pakale si siye, akahanun kēmon meꞌ aꞌa malaꞌi si langgalin. Bang gaꞌi pe iye pakale bisan naksiꞌ kēmon anak-apuꞌ langgalin, subey ne addatbi si iyehin kuweꞌ addatbi si aꞌa manggaꞌi manuhut Tuhanin atawa si meꞌ aꞌa magpāku-pāku sukeyin."" 18""Sabennal akahante kaꞌam, ine-ine pamagesanbi si dunya, pamagesan du isab iyan si surgaꞌ. Ine-ine pangandaꞌakanbi tuꞌu si dunya, pangandaꞌakan du isab iyan si surgaꞌ."
,16,19,"Akahante du isab kaꞌam, bang niyaꞌ duwangan aꞌa amban kaꞌam magtewwaꞌ isunden sabab ine-ine batang pākude si Tuhan, asal pangurung du si siye pinākuden weꞌ Samaku si surgaꞌin."
,16,20,"Peggeꞌ bang duwangan atawa tellungan aꞌa magtipun, iye sababnen, peggeꞌ nuhut siye aku, laꞌi du ku isab si siye."""
,16,21,"Manjari pī si Petros pu si Isa duk paꞌinne, ""O Tuwan, mimpiye ampunku saweꞌkun bang magduse iye si aku? Mimpituꞌ?"""
,16,22,"Paꞌin si Isa, ""Dumaꞌin mimpituꞌ saguwaꞌ mimpitumpuk-pituꞌ."""
,16,23,"Manjari magdalilan si Isa, paꞌinne, ""Pagbayaꞌ Tuhanin kuweꞌ inin. Niyaꞌ dambuwaꞌ sultan bayaꞌ lilingne meꞌ libru daraꞌakannen bang hāp du ke pagantande sīnnen."
,16,24,"Tagnaꞌne ngaliling meꞌ libruhin, niyaꞌ binoꞌo pī si sultanin dambuwaꞌ daraꞌakanne utangnen ibu-ibuhan pilak."
,16,25,"Manjari gaꞌi umabut pilaknen pamayed utangnen. Hangkan dinaꞌak weꞌ sultanin pinabellihan lellahin hinang banyagaꞌ sampay andanen duk meꞌ anaknen, duk dinaꞌak pinabellihan isab kēmon alataꞌnen, supaya tabayedan utangnen."
,16,26,"Magtawus daraꞌakan miyaꞌan nengge duk tuꞌutne paharap si sultanin, muyuꞌ-muyuꞌ, paꞌinne, 'Tuwan, tangguhun ku dahuꞌ. Bayedanku du kēmon utangku si kaꞌuhin.'"
,16,27,"Manjari maꞌaseꞌ sultanin si daraꞌakannen, hangkan gaꞌ ne daꞌakne binayedan utangnen, duk dinaꞌak ne iye hap lumaꞌ. 28""Pagluwas daraꞌakan miyaꞌan, niyaꞌ tasampangne pagkasine daraꞌakan taga utang si iye saguwaꞌ kulang du. Magtawus siniggew weꞌ ne bu sinekkel duk paꞌinne, 'Bayedanun ne utangnu si akuhin.'"
,16,29,"Magtawus daraꞌakan dambuwaꞌin nengge duk tuꞌutne muyuꞌ-muyuꞌ si iye, paꞌinne, 'Tangguhun ku dahuꞌ. Asal bayedante du kew.'"
,16,30,Saguwaꞌ gaꞌi ngatu daraꞌakan miyaꞌan. Dinaꞌak weꞌ ne kinalabusu samantaꞌan gaꞌi tabayedanne kēmon utangnen.
,16,31,"Manjari pagkite meꞌ daraꞌakan sinduwehin maꞌumantag miyaꞌan, gagal teꞌed siye. Hap pī siye si sultanin magaka sabab miyaꞌan."
,16,32,"Hangkan daꞌak sultanin hap pī si iye balik daraꞌakan taga utang maꞌekkahin. 'Dupang kew teꞌed,' paꞌinne. 'Gaꞌ ne kew hatiꞌ daꞌakku magbayed utangnun peggeꞌ magpaꞌaseꞌ-aseꞌ kew si aku."
,16,33,Subey siꞌ kew miyaꞌan maꞌaseꞌ isab si pagkasinu daraꞌakanin kuweꞌ pamaꞌaseꞌku si kaꞌuhin.'
,16,34,"Astel teꞌed sultanin duk dinaꞌak weꞌ ne kinalabusu daraꞌakan miyaꞌan pangalegga iye samantaꞌan gaꞌi tabayedanne kēmon utangnen."""
,16,35,"Manjari paꞌin si Isa, ""Sa iyan du isab hinang Samaku si surgaꞌin si kaꞌam bang gaꞌi ampunbi amban dem ateybi saweꞌbi makaduse si kaꞌamin."""
,17,1,"Manjari pagubus miyaꞌan bissā si Isa, tahalaꞌ iye amban Jalil duk hap pī iye si meꞌ kalahat-lahatan laꞌi si Yahudiya si lipag boheꞌ Jordan."
,17,2,Banes teꞌed aꞌa nuhut iye duk pinakoleꞌ weꞌ ne meꞌ aꞌa masakihin laꞌi.
,17,3,"Niyaꞌ meꞌ Pariseo patapit pī si iye duk panguhi-nguhide iye, tilewde iye, paꞌinde, ""Dem saraꞌ, makajari ke bang aꞌahin timananne andanen bisan ine jānnen?"""
,17,4,"Nambung si Isa, paꞌinne, ""Gaꞌ ke bakas tabatsabi dem kitab weꞌ tagnaꞌ pamapanjari Tuhan manusiyaꞌin, pinapanjari siye weꞌ ne lella duk dende"
,17,5,"duk paꞌin Tuhanin, 'Hangkan hep tahalaꞌ lellahin amban saꞌi-samanen bu padambuwaꞌ iye si andanen duk bakas duwehin magdambuwaꞌ baran ne.'"
,17,6,"Manjari dumaꞌin ne siye duwe baran,"" paꞌin si Isa, ""saguwaꞌ dambuwaꞌ baran ne. Hangkan subey teꞌed gaꞌi magbutas aꞌa bakas pinagdambuwaꞌ weꞌ Tuhanin."""
,17,7,"Manjari paꞌin meꞌ Pariseohin si iye, ""Na, weꞌey dem saraꞌ pangandūsan si Musa lellahin milmahan sulat pagbutasan ubus makajari ne timananne andanen?"""
,17,8,"Paꞌin si Isa, ""Peggeꞌ gaꞌi kaꞌam ngatu nuhut toloꞌ, hangkan dinūsan kaꞌam weꞌ si Musa nimanan andabin. Saguwaꞌ amban tagnaꞌ dumaꞌin sa iyan."
,17,9,"Akahante kaꞌam, sine-sine nimanan andanen bu gaꞌ du bakas magkadupangan andanen bu maganda iye seddili, magjina iye."""
,17,10,"Manjari paꞌin meꞌ tindegnen si iye, ""Bang sa iyan magella-andahin, hāp pe gaꞌi maganda."""
,17,11,"Saguwaꞌ paꞌin si Isa, ""Gaꞌi kēmon makatuhut iyan, luwal hadja meꞌ kaꞌurungan basag weꞌ Tuhanin."
,17,12,"Magseddili-seddili jānnen hangkan gaꞌi maganda meꞌ aꞌahin. Niyaꞌ meꞌ aꞌa gaꞌi makajari maganda peggeꞌ niyaꞌ sallaꞌde amban dem betteng. Niyaꞌ isab meꞌ aꞌa bakas kinapun weꞌ aꞌa. Niyaꞌ isab meꞌ aꞌa gaꞌi maganda sabab pinikilden hadja paghinangde si Tuhanin. Sine-sine makatuhutne, subey ne tuhutne usihatku inin."""
,17,13,Manjari niyaꞌ meꞌ aꞌa moꞌo meꞌ anakde pī pu si Isa supaya tabettadne tangannen si siye bu pākuhanne kahāpan amban Tuhan. Saguwaꞌ inamāhan meꞌ aꞌahin weꞌ meꞌ tindeg si Isahin.
,17,14,"Saguwaꞌ paꞌin si Isa, ""Ambat pitu si aku meꞌ mākanakin, duk daꞌa siye saggaꞌun bi. Peggeꞌ aꞌa kuweꞌ mākanakin ngatu du pinagbayaꞌan weꞌ Tuhanin."""
,17,15,Manjari binettad weꞌ ne meꞌ tangannen si siye. Ubus bu tahalaꞌ ne iye.
,17,16,"Manjari niyaꞌ dambuwaꞌ aꞌa pī pu si Isa duk paꞌinne, ""Tuwan, ine hinangan hāp subey hinangku supaya niyaꞌ umulku salama-lama?"""
,17,17,"Paꞌin si Isa si iye, ""Weꞌey tilewnu bang ine mahāpin? Tunggal du Tuhanin mahāpin. Bang kew mabayaꞌ taga umul salama-lama, tuhutun meꞌ pangandaꞌakan Tuhanin."""
,17,18,"Paꞌin lellahin, ""Pangandaꞌakan inggehin?"" Paꞌin si Isa, ""Daꞌa kew monoꞌ; daꞌa kew magjina; daꞌa kew nangkew; daꞌa kew naksiꞌ gaꞌi bennal;"
,17,19,"pagaddatanun saꞌi-samanun; duk subey kalasahannu saweꞌnun kuweꞌ pangalasanu dinun."""
,17,20,"Paꞌin lellahin, ""Tatuhutku ne iyan kēmon. Ine pe subey hininangkun?"""
,17,21,"Paꞌin si Isa, ""Bang kew mabayaꞌ weꞌ hāp kew teꞌed, pī kew pabellihanun kēmon alataꞌnun bu pangurungun ulinen si meꞌ mamiskinin. Manjari niyaꞌ du iyan alataꞌnu laꞌi si surgaꞌ. Pagubus, balik kew pitu, nuhut kew aku."""
,17,22,"Pagkale lellahin inin, tahalaꞌ iye dukka, peggeꞌ ekka teꞌed alataꞌne."
,17,23,"Ubus paꞌin si Isa si meꞌ tindegnen, ""Sabennal akahante kaꞌam, asal hunit teꞌed meꞌ madayahanin pinagbayaꞌan weꞌ Tuhan."
,17,24,"Aweꞌ, akahante kaꞌam, mura pe untaꞌin palabey si lowang dalum amban aꞌa dayahanin ngatu pinagbayaꞌan weꞌ Tuhan."""
,17,25,"Pagkale meꞌ tindegnen inin, ulaliꞌ siye manamal duk paꞌinde, ""Bang sa iyan, sine ne tapī si surgaꞌin?"""
,17,26,"Manjari mayam si Isa si meꞌ tindegnen duk paꞌinne, ""Bang manusiyaꞌ gaꞌi teꞌed makajari, saguwaꞌ bang Tuhan, gaꞌ niyaꞌ hunit si iye. Tahinangne kēmon."""
,17,27,"Manjari missā si Petros, ""Payamanun kami inin,"" paꞌinne, ""ubus ne ambanan kami kēmon-kēmonin duk nuhut ne kami kaꞌu. Ine panumbas kamihin?"""
,17,28,"Paꞌin si Isa, ""Sabennal akahante kaꞌam, bang aku, Anak Manusiyaꞌin, ningkoloꞌ ne magbayaꞌ si dunya baꞌahuhin, kaꞌam meꞌ tindegku sampuk-duwehin ningkoloꞌ du isab magbayaꞌ si sampuk-duwe bangsa tubuꞌ Israꞌilin."
,17,29,"Bang niyaꞌ aꞌa ngambanan lumaꞌnen atawa meꞌ pungtinaꞌinen lella-dende atawa saꞌi-samanen atawa meꞌ anaknen atawa bulaknen, bang ambananne meꞌ inin sabab lasane si akuhin, asal tumbasan Tuhanin iye paꞌekka, duk inurungan du iye umul gaꞌ niyaꞌ tamananne."
,17,30,"Saguwaꞌ ekka meꞌ dumehellu kuweꞌituhin dumambuli du si pasōngan, duk ekka dumambuli kuweꞌituhin dumehellu du si pasōngan.""
1""Pagbayaꞌ Tuhanin kuweꞌ inin. Niyaꞌ aꞌa taga bulak luha tinaneman bāhan ubas. Subu pe dambuwaꞌ ellew hap pī iye miha meꞌ aꞌa magtarabahu si bulaknen."
,17,2,"Pagsanggupanden weꞌ tangdananne siye asal tangdan para si hinang da ellewin, ubus dinaꞌak ne siye pī maghinang si bulaknen."
,17,3,"Ellet lettu duk salung hap pī iye si tabuꞌan, duk ngite iye laꞌi meꞌ aꞌa nengge-nengge gaꞌ niyaꞌ hinangde."
,17,4,"Paꞌinne si siye, 'Pī kaꞌam isab magtarabahu si bulakku duk tangdanante du kaꞌam patut si kaꞌamin.'"
,17,5,"Ubus hap pī ne siye. Paglettu ne ellewin, pī ne isab iye miha meꞌ aꞌa maghinang si bulakne. Kuweꞌ miyaꞌan du isab hininangnen sakaliꞌ taꞌabut lisag tellu kohapin."
,17,6,"Manjari pagkohap-kohap ne, pī iye balik hap tiyanggi duk ngite iye meꞌ aꞌa magtengge-tengge pe laꞌi. Paꞌinne si siye, 'Weꞌey kaꞌam nengge-nengge hadja tuꞌu kekkohapan gaꞌ niyaꞌ hinangbi?'"
,17,7,"Paꞌinde, 'Peggeꞌ gaꞌ niyaꞌ ngeddoꞌ kami magtarabahu.' 'Na, pī kaꞌam isab magtarabahu si bulakku,' paꞌinne. 8""Pagsangem ne, paꞌin dapuꞌ bulakin si kapatasnen, 'Tawagun meꞌ aꞌa magtarabahuhin duk tangdananun ne siye. Iye padambulihun meꞌ aꞌa taꞌeddoꞌku dehelluhin.'"
,17,9,Ubus hap pī ne meꞌ aꞌa taꞌeddoꞌ kohapin duk tinangdanan siye bali kekkohapan.
,17,10,"Pagpī ne meꞌ aꞌa taꞌeddoꞌ dehelluhin, kannalde weꞌ pasōng pangurung siyehin. Saguwaꞌ inurungan du isab siye tangdan bali kekkohapan."
,17,11,"Pagsangkade tangdanden, puggutande dapuꞌ bulakin,"
,17,12,"paꞌinde, 'Meꞌ aꞌa miyaꞌan maghinang hadja da ora bu kami inin maghinang kekkohapan magsandal panas ellew, ubus pagsaliꞌnu tangdan kamihin duk si siyehin.'"
,17,13,"Saguwaꞌ paꞌin dapuꞌ bulakin si dambuwaꞌin, 'Bagay, gaꞌ kaꞌam akkalanku. Pagsanggupanten weꞌ tangdanante kaꞌam para si hinang da ellewin."
,17,14,Eddoꞌun bi tangdanbin bu bi ne hap lumaꞌ. Kabayaꞌankun tangdananku meꞌ madambulihin saliꞌ du duk tangdan si kaꞌamin.
,17,15,"Weꞌ gaꞌi ku kapagbayaꞌ si sīnkun? Hatu ngimbū kaꞌam peggeꞌ sayuꞌ ku?' """
,17,16,"Manjari paꞌin si Isa, ""Hangkan hep meꞌ dumambuli kuweꞌituhin dumehellu du si pasōngan, duk dumehellu kuweꞌituhin dumambuli du si pasōngan."""
,17,17,"Manjari inin, sasang disi Isa si lān pataked tudju Awrusalam, binoꞌo weꞌ si Isa patala-tala meꞌ tindegne sampuk-duwehin duk paꞌinne si siye, 18""Pakale kaꞌam, kite bi inin pataked hap Awrusalam. Paglaꞌi ne kite bi, aku, Anak Manusiyaꞌin, sinōngan du pī si antanan meꞌ nakuraꞌ imamin duk meꞌ guru si saraꞌ āgamahin. Manjari hukumande si akuhin weꞌ pinapatey ku."
,17,19,"Ubus sōngande du ku isab pī si antanan meꞌ aꞌa dumaꞌin Yahudi. Duk meꞌ bangsa seddili inin hinangde du ku dagey, duk lubakande ku ubus bu lansangde ku diyataꞌ olom. Saguwaꞌ katellum bahanginen, ellum du ku balik."""
,17,20,"Manjari anda Sebedehin pī pu si Isa magtuhut duk meꞌ anakne lellahin. Pasujud iye pu si Isa peggeꞌ niyaꞌ pākune. 21""Ine kabayaꞌannun?"" paꞌin si Isa. Paꞌin dendehin, ""Kabayaꞌankun bang ne kew ningkoloꞌ magbayaꞌ, patingkoloꞌnu meꞌ anakku inin si bihingnu, dambuwaꞌ si kanawanannu duk dambuwaꞌ si bibangannu."""
,17,22,"Nambung si Isa, paꞌinne, ""Gaꞌi kataꞌuhanbi bang ine pinākubi inin. Ngatu ke kaꞌam bininasa kuweꞌ sōng paminasa akuhin?"" ""Aweꞌ, ngatu kami,"" paꞌinde."
,17,23,"Paꞌin si Isa, ""Asal bininasa du kaꞌam kuweꞌ sōng paminasa akuhin. Saguwaꞌ bang pagpatingkoloꞌ si kanawanankun atawa si bibangankun,"" paꞌin si Isa, ""dumaꞌin aku magbayaꞌin. Saguwaꞌ meꞌ paningkoloꞌan miyaꞌan sukuꞌ si meꞌ pinanyapan Samaku Tuhanin."""
,17,24,"Pagkale meꞌ tindeg si Isa sampūꞌin sabab pināku duwangan magpungtinaꞌihin, astel siye."
,17,25,"Saguwaꞌ ilinganan weꞌ si Isa meꞌ tindegnen kēmon duk paꞌinne, ""Kataꞌuhanbi addat meꞌ aꞌa si dunyahin. Meꞌ nakuraꞌ meꞌ kabangsahan seddilihin magmanda teꞌed si meꞌ aꞌahin duk meꞌ aꞌa malangkewin magbayaꞌ teꞌed si meꞌ aꞌaden."
,17,26,"Saguwaꞌ kaꞌam,"" paꞌin si Isa, ""subey gaꞌi magsa miyaꞌan. Sine-sine kaꞌam mabayaꞌ pinalangkew, subey iye daraꞌakanbi."
,17,27,"Duk sine-sine kaꞌam mabayaꞌ manjari tamanan malangkewin, subey iye kuweꞌ banyagaꞌ nabangan saweꞌnen."
,17,28,"Peggeꞌ bisan aku, Anak Manusiyaꞌin,"" paꞌin si Isa, ""dumaꞌin papituhankun makitabang si manusiyaꞌ, saguwaꞌ nabang manusiyaꞌ. Duk pitu ku paglillaꞌku umulkun pangalekkat meꞌ aꞌa maꞌekkahin, supaya siye gaꞌi ilegga sabab duseden."""
,17,29,"Manjari, pagtahalaꞌ siye amban puweblo Ariha, banes teꞌed aꞌa nuhut iye."
,17,30,"Niyaꞌ laꞌi duwe aꞌa pessek ningkoloꞌ si higad lān palabeyanden. Pagkalede weꞌ palabey ne si Isa, ngalingan siye papales, paꞌinde, ""O tubuꞌ Sultan Daꞌud, maꞌaseꞌ ne kew si kami."""
,17,31,"Inamāhan siye weꞌ meꞌ aꞌa maꞌekkahin, gaꞌi siye dinaꞌak magbukag. Saguwaꞌ namba ne papalesde paglinganden, paꞌinde, ""O tubuꞌ Sultan Daꞌud, maꞌaseꞌ ne kew si kami."""
,17,32,"Padeheng si Isa duk ilinganan weꞌ ne duwangan mapessekin duk paꞌinne si siye, ""Ine kabayaꞌanbi hinangku si kaꞌam?"" 33""Tuwan,"" paꞌinde, ""kabayaꞌan kamihin makakite ne kami."""
,17,34,"Maꞌaseꞌ si Isa si siye duk inantan weꞌ ne mataden. Na, magtawus siye makakite duk nuhut ne siye si Isa."
,18,1,"Pagtapit ne disi Isa si Awrusalam, duk takitede ne kalumaꞌan Betpagehin laꞌi si kūd Jaitun, dinaꞌak padehellu weꞌ si Isa duwangan tindegnen."
,18,2,"Paꞌinne si siye, ""Pī kaꞌam si kalumaꞌan si dehelluhanbi miyaꞌan. Pagtekkabi laꞌi, magtawus kaꞌam iyan ngite dambuwaꞌ asnu duk anakne dinagtel laꞌi. Lekkahun bi duk boꞌohun bi pitu si aku."
,18,3,"Bang niyaꞌ nilew kaꞌam bang weꞌey eddoꞌbi, paꞌinun bi, 'Niyaꞌ kagunahan Panuhutanin si iye,' duk daꞌakne du iyan binoꞌo magtawus."" (Asnuhin kuweꞌ bantuk kuraꞌ.)"
,18,4,"Pinalabey inin duk tuman binissā nabi dem kitabin, paꞌinne, 5""Akahanun bi meꞌ aꞌa Awrusalamin, 'Payamanun bi, tekka du sultanbin, diyawaꞌ ateynen duk pasakey iye diyataꞌ anak asnu.' """
,18,6,Manjari hap pī ne meꞌ tindegnen duk hininang weꞌ de sa pangandaꞌakan si Isa siyehin.
,18,7,"Binoꞌo ne weꞌ de asnuhin duk anaknen duk ilampiruhan weꞌ de duk meꞌ semmekde, ubus bu pasakey ne si Isa."
,18,8,Ekka isab meꞌ aꞌa laꞌi. Binellat weꞌ de meꞌ semmekden si lān palabeyannen. Sinduwehin notoꞌ meꞌ pange dawenan duk kinanat weꞌ de si lān pamahadjede si Isa.
,18,9,"Magellang-ellang meꞌ aꞌa si dehelluhan si Isahin duk meꞌ si dambulihannen. Ngalingan siye, paꞌinde, ""Pudjite bi tubuꞌ Sultan Daꞌudin. Pudjite bi pinapitu weꞌ Tuhanin. Pudjite bi teꞌed Tuhanin."""
,18,10,"Manjari pagtekka si Isa si Awrusalam, bengngangan aꞌahin kēmon duk paꞌinde, ""Sine aꞌa inin?"""
,18,11,"Paꞌin meꞌ aꞌa mabanesin, ""Inin si Isa, nabi amban Nasaret si lahat Jalil."""
,18,12,Manjari padiyalem si Isa dem langgal hadjehin duk binudjew weꞌ ne kēmon meꞌ aꞌa magdagang duk meꞌ magbelli diyalem lumaꞌ Tuhanin. Ilintuwadan weꞌ ne meꞌ lamisahan meꞌ aꞌa magsambiꞌ-sambiꞌ sīnin. Ilintuwadan isab weꞌ ne meꞌ paningkoloꞌan meꞌ aꞌa magdagang assang pagkulubanin.
,18,13,"Paꞌinne si siye, ""Tasulat dem kitab, paꞌin Tuhanin, 'Lumaꞌkun inēnan du lumaꞌ pangampunan.' Saguwaꞌ kaꞌam,"" paꞌin si Isa, ""hininang weꞌ bi lumaꞌ Tuhanin kuweꞌ lumaꞌ patapukan meꞌ aꞌa panangkew."""
,18,14,Meꞌ aꞌa mapessekin duk meꞌ makukuꞌin pī si iye dem langgal hadjehin duk pinakoleꞌ siye weꞌ ne.
,18,15,"Saguwaꞌ astel teꞌed meꞌ nakuraꞌ imamin duk meꞌ guru si saraꞌ āgamahin pu si Isa pagkitede meꞌ hinanganne makaꞌulaliꞌin, duk pagkalede meꞌ mākanakin ngalingan laꞌi dem langgal magpaꞌin, ""Pudjite bi tubuꞌ Sultan Daꞌudin."""
,18,16,"Paꞌinde pu si Isa, ""Takalenu ke bissā meꞌ mākanak miyaꞌan?"" ""Aweꞌ,"" paꞌin si Isa, ""takaleku. Gaꞌ ke bakas tabatsabi tasulat dem kitabin, pinaꞌin, 'Bisan meꞌ mākanak dikiꞌin tinoloꞌan du mudji Tuhanin.' """
,18,17,Ubus inambanan siye weꞌ si Isa duk hap pī iye si kalumaꞌan Betani. Patennaꞌ iye laꞌi.
,18,18,"Pagsalung ne sasang pī iye balik si Awrusalam, inusan iye."
,18,19,"Niyaꞌ kitene poꞌon kayu ēnande igira si bihing lān. Hap pī iye, saguwaꞌ gaꞌ niyaꞌ takitene buwaꞌne luwal hadja dawen. Paꞌin si Isa, ""Tinagnaꞌan maꞌin gaꞌi ne buwaꞌ balik kayu inin."" Magtawus ngalanes kayuhin."
,18,20,"Pagkite meꞌ tindegnen miyaꞌan, ulaliꞌ siye, paꞌinde, ""Weꞌey enteꞌ magtawus lanes kayu iyan?"""
,18,21,"Paꞌin si Isa si siye, ""Sabennal akahante kaꞌam, bang kaꞌam sandel duk gaꞌi teꞌed duwe-duwehan, makajari hinangbi kuweꞌ bakas hininangku si kayu iyan. Duk dumaꞌin hadja iyan tahinangbin. Bang paꞌinbi si punu inin, 'O punu, tahalaꞌ kew duk pateppad kew pī dem tahik,' tuhutne du bissābin."
,18,22,"Bang kaꞌam sandel, tasangkabi du ine-ine pākubi amban Tuhan."""
,18,23,"Manjari hap pī si Isa balik si langgal hadjehin duk magtoloꞌ iye si meꞌ aꞌahin. Sasangne magtoloꞌin, pī meꞌ nakuraꞌ imamin duk meꞌ kabahiꞌanin si iye duk paꞌinde, ""Ine kapatutnu ngahinang meꞌ hininangnu ellew miyaꞌan? Duk sine mangurungan kaꞌu kapatutin?"""
,18,24,"Sambungan si Isa siye, paꞌinne, ""Niyaꞌ isab tilewku si kaꞌam. Bang ku sambunganbi, akahante kaꞌam isab bang ine kapatutku maghinang meꞌ hininangku miyaꞌan."
,18,25,"Pamandi Yahiya meꞌ aꞌahin, amban kapatutnen? Amban Tuhan ke atawa amban manusiyaꞌ hadja?"" Magisun-isun siye, paꞌinde, ""Bang saꞌupama paꞌinte bi weꞌ kapatut Yahiya pamandine meꞌ aꞌahin amban Tuhan, paꞌinne iyan, 'Na, weꞌey Yahiya gaꞌ kahagadbi?'"
,18,26,"Saguwaꞌ bang paꞌinte bi, 'Amban manusiyaꞌ,' na tinalew kite bi si meꞌ aꞌahin, peggeꞌ kēmon aꞌahin kahagad weꞌ Yahiya nabi Tuhanin."""
,18,27,"Hangkan nambung siye, paꞌinde, ""Inday, gaꞌi kataꞌuhan kami bang amban kapatut Yahiyahin."" Manjari paꞌin si Isa si siye, ""Na, gaꞌi isab kaꞌam akahanku bang amban kapatutku maghinang meꞌ hinangku miyaꞌan."""
,18,28,"Magdalilan si Isa, paꞌinne, ""Ine paꞌinbi sabab inin? Niyaꞌ dambuwaꞌ aꞌa duwe anaknen. Paꞌinne si sakahin, 'Totoꞌ, pī kew ellew inin maghinang si bulakte bi.'"
,18,29,"Paꞌin sakahin, 'Gaꞌi ku.' Saguwaꞌ ubus miyaꞌan, pinda du pikilannen duk harap pī ne iye si bulakde."
,18,30,"Manjari hap pī isab aꞌahin si anakne salihin duk daꞌakne isab kuweꞌ pangandaꞌakanne sakahin. Nambung salihin, paꞌinne, 'Aweꞌ, Ammaꞌ, pī saꞌ ku.' Saguwaꞌ gaꞌ iye hap pī."""
,18,31,"Ubus paꞌin si Isa, ""Sine siye manuhut kabayaꞌan samanen?"" Paꞌinde, ""Sakahin."" Manjari paꞌin si Isa si siye, ""Sabennal akahante kaꞌam, meꞌ aꞌa madusehanin kuweꞌ meꞌ aꞌa magpāku-pāku sukeyin duk meꞌ dende madupangin, tayimaꞌ Tuhanin pe siye dehellu amban kaꞌam."
,18,32,"Peggeꞌ pitu si kaꞌam Yahiya magpandi-pandi aꞌahin duk toloꞌanne kaꞌam lān mabentelin bu gaꞌi kahagadbi. Saguwaꞌ meꞌ aꞌa magpāku-pāku sukeyin duk meꞌ dende madupangin kinahagad iye weꞌ de. Duk bisan inin takitebi, gaꞌ du pindahanbi pikilanbin bu kahagad si iye."" 33""Pakale kaꞌam, niyaꞌ pe isab dalilan seddili,"" paꞌin si Isa. ""Niyaꞌ aꞌa magtanem bāhan ubas pinaluha duk binirang weꞌ ne. Ilowangan weꞌ ne diyawaꞌ pagpeggaꞌan ubasin panawutan boheꞌ ubasin. Ngahinang isab iye payad langkew pamantew-mantewan likusin. Manjari pinatungguꞌan weꞌ ne likusnen si meꞌ aꞌa, pagbahagiꞌan uli tinanemnen. Ubus bu tahalaꞌ iye pī si lahat tala."
,18,34,"Pagtaꞌabut pagbuwaꞌ ubasin, dinaꞌak weꞌ dapuꞌ likusin meꞌ daraꞌakannen pī si meꞌ aꞌa tatungguꞌnen māku bahagiꞌne si meꞌ buwaꞌ ubasin."
,18,35,"Pagtekka meꞌ daraꞌakannen laꞌi, siniggew siye weꞌ meꞌ tatungguꞌin. Dambuwaꞌin pinapeddiꞌan weꞌ de, dambuwaꞌin pinapatey duk dambuwaꞌin pinagtibagan weꞌ de."
,18,36,Ubus ngandaꞌak ne isab dapuꞌ likusin meꞌ daraꞌakanne seddili hap pī si siye. Ekka siye amban meꞌ dehelluhin. Hininang weꞌ meꞌ aꞌa tatungguꞌnen si siye kuweꞌ hininangde si meꞌ daraꞌakan dehelluhin.
,18,37,"Ujudnen daꞌakne hap pī anaknen. Paꞌinne dem ateyne, 'Bugtuꞌ pagaddatande anakkun.'"
,18,38,"Saguwaꞌ pagkite meꞌ tatungguꞌ likusin anakne miyaꞌan, magisun siye, paꞌinde, 'Iye hep inin pinusakaꞌanin. Dayiꞌ kaꞌam papateyte bi duk taꞌeddoꞌte bi likusin.'"
,18,39,Manjari siniggew iye weꞌ de duk sinōgadan pī si bukut birang likusin duk pinapatey weꞌ de.
,18,40,"Manjari,"" paꞌin si Isa, ""bang tekka dapuꞌ likus miyaꞌan, ine enteꞌ hinangne si meꞌ tatungguꞌnen?"""
,18,41,"Nambung siye, paꞌinde, ""Bugtuꞌ papateyne meꞌ aꞌa malaꞌat miyaꞌan, duk patungguꞌne likusnen si meꞌ aꞌa seddili, meꞌ mangurungan iye bahagiꞌnen pagtaꞌabut pagbuwaꞌ ubasin."""
,18,42,"Paꞌin si Isa si siye, ""Gaꞌ ke bakas tabatsabi dem kitab, pinaꞌin,'Batu tinayikutan weꞌ meꞌ pandey maghinang lumaꞌ batuhin, peggeꞌ kannalde gaꞌi taguna, kuweꞌitu iye ne miyaꞌan batu tamanan maniyaꞌ kagunahannen. Hinangan Tuhanin inin duk landuꞌ teꞌed hāp.'"
,18,43,"Hangkan akahante kaꞌam,"" paꞌin si Isa, ""tagnaꞌ kaꞌam tapeneꞌ Tuhanin, saguwaꞌ pinagantiꞌ du iyan si kaꞌam meꞌ bangsa seddilihin duk tuhutde du iyan pangandaꞌakan Tuhanin."" (44,Paꞌin si Isa pe, ""Kēmon malaboꞌ diyataꞌ batu inin posak-posak barannen. Duk sasuku kalaboꞌan batu inin, pipis iye."")"
,18,45,"Pagkale meꞌ nakuraꞌ imamin duk meꞌ Pariseohin meꞌ dalilan miyaꞌan, tahātide weꞌ siye inandigan si Isahin."
,18,46,"Batang si Isa siggewde, saguwaꞌ tinalew siye si meꞌ aꞌa mabanesin, peggeꞌ kahagad meꞌ aꞌahin weꞌ nabi si Isa."
,19,1,"Manjari magdalilan ne isab si Isa si siye, paꞌinne, 2""Pagbayaꞌ Tuhanin kuweꞌ inin. Niyaꞌ dambuwaꞌ sultan magpanyap pagjamu-jamuhan hadje peggeꞌ kinawin anakne lellahin."
,19,3,"Pagtekka ellew pagjamu-jamuhin, dinaꞌak weꞌ ne meꞌ daraꞌakannen pī ngeddoꞌ meꞌ aꞌa bakas tabatikin. Saguwaꞌ gaꞌi siye mabayaꞌ pī si pagkawinan."
,19,4,"Ubus ngandaꞌak ne isab iye meꞌ daraꞌakanne seddili hap pī, paꞌinne, 'Akahanun bi meꞌ aꞌa bakas tabatikin weꞌ tahak ne kinakanin, ubus ne sinumbaliꞌ meꞌ sapiꞌ lellahin duk meꞌ anak sapiꞌ malemmekin duk panyap ne kēmon. Hangkan subey ne siye pitu si pagjamuhan.'"
,19,5,"Saguwaꞌ gaꞌ ngasip meꞌ aꞌa tabatikin. Tahalaꞌ siye, dambuwaꞌin hap pī si tanaꞌne, dambuwaꞌin si tindane,"
,19,6,duk sinduwehin siniggew weꞌ de meꞌ daraꞌakan sultanin bu pinogpog duk pinapatey weꞌ de.
,19,7,Manjari astel teꞌed sultanin. Dinaꞌak weꞌ ne meꞌ sundalunen pī monoꞌ meꞌ aꞌa mapatey meꞌ daraꞌakannen. Daꞌakne isab ineggas puwebloden.
,19,8,"Ubus miyaꞌan paꞌin sultanin si meꞌ daraꞌakannen, 'Memes ne kinakanin saguwaꞌ meꞌ bakas tabatikin gaꞌi ne pataꞌ pitu."
,19,9,"Na, kuweꞌitu pī kaꞌam si meꞌ kalān-lānan duk boꞌohun bi kēmon aꞌa takasuwaꞌbin pitu si pagjamuhan.'"
,19,10,"Manjari pī ne meꞌ daraꞌakannen si meꞌ kalān-lānan duk binoꞌo weꞌ de kēmon aꞌa takasuwaꞌden, dupang duk petten, gaꞌ biddaꞌ. Hangkan pennoꞌ weꞌ aꞌa lumaꞌ pagkawinanin. 11""Pagdiyalem sultanin mayaman meꞌ aꞌa malaꞌihin, niyaꞌ takitene laꞌi lella semmeknen gaꞌi talep para si pagkawinan."
,19,12,"Paꞌin sultanin si lella miyaꞌan, 'Bagay, saꞌingge kaꞌumaseknu mapituhin, bu gaꞌ kew magbadjuꞌ para si pagkawinan?' Gaꞌ nambung aꞌahin."
,19,13,"Manjari paꞌin sultanin si meꞌ daraꞌakannen, 'Ingketanun bi tangan aꞌa iyan duk bettisnen duk pabukutun bi pinadem lindem. Magmatey meꞌ aꞌahin laꞌi duk magtageꞌot meꞌ impenden hawal pagsusunden.' """
,19,14,"Manjari paꞌin si Isa, ""Ekka aꞌa ilinganan weꞌ Tuhanin dinaꞌak patuhut si iye, saguwaꞌ kulang du tapeneꞌin."""
,19,15,Manjari tahalaꞌ meꞌ Pariseohin duk magisun-isun siye bang saꞌingge panguhi-nguhide si Isahin si meꞌ bissānen.
,19,16,"Ubus dinaꞌak weꞌ de meꞌ tindegden duk meꞌ tindeg Sultan Herodin pī pu si Isa. Pagtekkade laꞌi paꞌinde pu si Isa, ""Tuwan, kataꞌuhan kami weꞌ bennal hadja meꞌ bissānun duk bennal meꞌ panoloꞌnu sabab meꞌ kabayaꞌan Tuhan hininang manusiyaꞌin. Gaꞌi kew suse bisan ine tapikil aꞌa si kaꞌuhin, bisan pe siye meꞌ aꞌa taga kapatut."
,19,17,"Hangkan akahanun kami bang ine paꞌinnu. Patuhut ke si saraꞌte bi magbayed sukey si Sultan Nakuraꞌ bangsa Romahin atawa gaꞌi?"""
,19,18,"Saguwaꞌ kataꞌuhan si Isa pangakkalden. Paꞌinne si siye, ""Kaꞌam iyan magmā-mā hadja. Bayaꞌ ku kuhi-kuhibi."
,19,19,"Pakitehanun bi ku sīn pagbayed sukeyin."" Ubus binoꞌohan iye weꞌ de sīn tuwas."
,19,20,"Paꞌin si Isa si siye, ""Pattaꞌ sine teꞌ duk sulat sine si sīn inin?"""
,19,21,"Paꞌinde, ""Pattaꞌ Sultan Nakuraꞌin duk sulatnen."" Manjari paꞌin si Isa si siye, ""Hangkan pangurungun bi si Sultan Nakuraꞌin sukuꞌ si iyehin, duk pangurungun bi si Tuhan sukuꞌ si Tuhanin."" (Hātinen, magbayed kaꞌam sukey duk pangurungun bi dibin dambūs-būs si Tuhan.)"
,19,22,"Pagkalede inin, ulaliꞌ siye manamal duk tahalaꞌ ne siye."
,19,23,"Ellew miyaꞌan niyaꞌ pī pu si Isa meꞌ Sadduseo, meꞌ Yahudi gaꞌi kahagad weꞌ ellum balik meꞌ pateyin si ellew dambuli."
,19,24,"Tilewde iye, paꞌinde, ""Tuwan, bakas sinulat weꞌ si Musa, paꞌinne, 'Bang niyaꞌ lella, bu matey iye gaꞌ niyaꞌ anakne, subey ne maganda salinen si balu miyaꞌan duk niyaꞌ tubuꞌ sakanen.'"
,19,25,Manjari niyaꞌ miyaꞌan pituꞌ lella magpungtinaꞌi bakas patennaꞌ tuꞌu si kami. Maganda sakahin saguwaꞌ matey iye gaꞌ niyaꞌ anakde. Ubus salinen maganda si baluhin.
,19,26,Matey iye gaꞌ du isab niyaꞌ anakde. Damikkiyan du isab mapasunuꞌ si iyehin. Kapituꞌ magpungtinaꞌihin maggantiꞌ nganda baluhin duk matey siye gaꞌ niyaꞌ anakde.
,19,27,Ujudnen matey isab dendehin.
,19,28,"Na, Tuwan,"" paꞌinde, ""si ellew pagellum balik meꞌ pateyin, anda sine iye, bu pituꞌ magpungtinaꞌihin makaꞌanda iye?"""
,19,29,"Nambung si Isa, paꞌinne, ""Salaꞌ kaꞌam. Hangkan kaꞌam salaꞌ peggeꞌ gaꞌi tasabutbi tasulat dem kitabin duk gaꞌi isab kataꞌuhanbi balakat Tuhanin."
,19,30,"Peggeꞌ bang ellum ne balk meꞌ pateyin,"" paꞌin si Isa, ""kuweꞌ ne siye meꞌ malaꞌikat si surgaꞌin. Gaꞌi ne siye maganda atawa magella."
,19,31,"Na, pasal meꞌ aꞌa matey weꞌ pinakellum balk, gaꞌ ke bakas tabatsabi bang ine pinaꞌin Tuhan si kaꞌamin?"
,19,32,"Paꞌin Tuhanin, 'Aku Tuhan pagtuhanan disi Ibrahim duk Isahak duk si Yakub.' Tuhanin Tuhan meꞌ maꞌellumin, dumaꞌin Tuhan meꞌ pateyin."" (Hātinen weꞌ bisan disi Ibrahim duk Isahak duk si Yakub tiggel ne matey, ellum siye si surgaꞌ peggeꞌ inisbat pe weꞌ de Tuhanin.)"
,19,33,"Pagkale inin weꞌ meꞌ aꞌa mabanesin, ulaliꞌ teꞌed siye sabab panoloꞌnen."
,19,34,"Pagkale meꞌ Pariseohin weꞌ gaꞌ taꞌu meꞌ Sadduseohin nambungan si Isa, magtipun siye duk pī siye pu si Isa."
,19,35,"Dangan siye guru pandey si saraꞌ āgama. Niyaꞌ tilewne panuleyanne si Isa. 36""Tuwan,"" paꞌinne, ""dem saraꞌ, inggehin daꞌakan malangkew amban kēmonin?"""
,19,37,"Nambung si Isa, paꞌinne, ""Inin, 'Subey kalasahannu Tuhanin, Panuhutannun dambūs-būs ateynun duk pikilannun duk basagnun.'"
,19,38,"Iye inin,"" paꞌin si Isa, ""daꞌakan malangkew amban kēmonin."
,19,39,"Duk pangandaꞌakan mapasunuꞌin saliꞌ du isab langkewnen, 'Subey kalasahannu saweꞌnun kuweꞌ pangalasanu dinun.'"
,19,40,"Kēmon meꞌ daꞌakan dem saraꞌ pangurung Tuhan si Musahin duk kēmon panoloꞌ kanabihanin sakup dem duwe daꞌakan inin."""
,19,41,"Manjari paꞌin si Isa si meꞌ Pariseo bakas magtipunin, 42""Ine paꞌinbi sabab Almasihin, tubuꞌ sine iye?"" Paꞌinde, ""Tubuꞌ Sultan Daꞌud."" 43""Bang bennal iyan,"" paꞌinne, ""weꞌey paꞌin si Daꞌud sābu pagbayaꞌan iye weꞌ Niyawa Sutsihin weꞌ Almasihin Panuhutannen?"
,19,44,"Paꞌinne dem kitab,'Missā Tuhanin si Panuhutankun.Paꞌin Tuhanin, dayiꞌ kew, ningkoloꞌ kew tuꞌu si kanawananku, tuꞌu si paningkoloꞌan mabangsahanin.Bettadku du meꞌ bantanun diyawaꞌ pat bettisnu.' """
,19,45,"Paꞌin si Isa, ""Bang Almasihin inēnan Panuhutan weꞌ si Daꞌud, saꞌingge kajarinen weꞌ tubuꞌ Sultan Daꞌud iye?"""
,19,46,Ubus gaꞌi ne siye taꞌu nambungan iye duk kemuwe ellew miyaꞌan gaꞌ ne niyaꞌ aꞌa makatawakkal nilew iye ine-ine.
,20,1,"Manjari missā si Isa si meꞌ aꞌa mabanesin duk si meꞌ tindegnen, paꞌinne, 2""Meꞌ guru si saraꞌ āgamahin duk meꞌ Pariseohin taga kapatut magtoloꞌ meꞌ saraꞌ si Musahin."
,20,3,"Hangkan kahagadun bi duk tuhutun bi kēmon panoloꞌden, saguwaꞌ daꞌa kaꞌam nuhut hinanganden, peggeꞌ gaꞌi du tuhutde meꞌ panoloꞌden."
,20,4,"Pinabohatan weꞌ de meꞌ aꞌahin duk meꞌ saraꞌ gaꞌi takoleꞌde, bu gaꞌi siye nabang moꞌone bisan kuweꞌahat."
,20,5,"Kēmon hininangden hinangde duk siye takite weꞌ aꞌa. Payamanun bi be meꞌ pangisihande sulat ilekkat amban dem kitabin pinekkes si lendoꞌde duk lengngende, hadje amban si meꞌ sinduwehin duk tahaꞌ isab meꞌ jambu semmekden."
,20,6,"Bang siye si meꞌ pagjamu-jamuhan, kabayaꞌanden ningkoloꞌ si meꞌ paningkoloꞌan mabangsahanin. Bang dem langgal, mabayaꞌ siye ningkoloꞌ si meꞌ paningkoloꞌan para si meꞌ aꞌa pinagaddatanin."
,20,7,Sinna siye sinalam si meꞌ tabuꞌan duk bang siye inēnan 'Guru.'
,20,8,"Bang kaꞌam, daꞌa kaꞌam mabayaꞌ inēnan 'Guru,' peggeꞌ kuweꞌ du kaꞌam kēmon magpungtinaꞌi duk dambuwaꞌ du hadja gurubin, aku."
,20,9,"Daꞌa ēnanun bi 'Ammaꞌ' sine-sine tuꞌu si dunya, peggeꞌ dambuwaꞌ du samabin, iye Tuhan si surgaꞌin."
,20,10,"Duk gaꞌi kaꞌam makajari inēnan 'Nakuraꞌ' peggeꞌ dambuwaꞌ hadja nakuraꞌbin, Almasihin."
,20,11,Sine-sine kaꞌam mabayaꞌ pinalangkew teꞌedin subey iye daraꞌakanbi.
,20,12,"Sine-sine mahadje dine pinadiyawaꞌ du, duk sine-sine madiyawaꞌ dine pinahadje du."" 13""Kaꞌaseꞌ-aseꞌ kaꞌam, meꞌ guru si saraꞌ āgamahin duk meꞌ Pariseohin peggeꞌ asal legga Tuhanin du kaꞌam. Magmā-mā hadja kaꞌam nuhut Tuhanin. Binembelan weꞌ bi meꞌ aꞌahin supaya siye gaꞌi tumuhut pī si pagbayaꞌan Tuhanin. Gaꞌi du tuhutbi lān miyaꞌan duk pagesbi pe sasuku mabayaꞌ nuhut lān miyaꞌan.(14""Kaꞌaseꞌ-aseꞌ kaꞌam, meꞌ guru si saraꞌ āgamahin duk meꞌ Pariseohin peggeꞌ asal legga Tuhanin du kaꞌam. Magmā-mā hadja kaꞌam nuhut Tuhanin. Sinigpitan weꞌ bi meꞌ dende baluhin supaya taꞌeddoꞌbi meꞌ lumaꞌden duk magsambahayang kaꞌam patahaꞌ, magmā-mā weꞌ aꞌa hāp kaꞌam. Bugtuꞌ hukuman hadje tasangkabin si ahilat.) 15""Kaꞌaseꞌ-aseꞌ kaꞌam meꞌ guru si saraꞌ āgamahin duk meꞌ Pariseohin peggeꞌ asal legga Tuhanin kaꞌam. Magmā-mā hadja kaꞌam nuhut Tuhanin. Butasanbi tahikin pī si kalahatan seddili duk lumengngan kaꞌam tala magtoloꞌ supaya niyaꞌ bisan dambuwaꞌ aꞌa nuhut panoloꞌbin. Saguwaꞌ bang nuhut ne iye, pasōng pe iye pataꞌ pinadem narkaꞌ amban kaꞌam sabab meꞌ panoloꞌbi si iyehin. 16""Kaꞌaseꞌ-aseꞌ kaꞌam. Kuweꞌ kaꞌam meꞌ aꞌa pessek nundan pagkasibi pessek. Magtoloꞌ kaꞌam, paꞌinbi, 'Bang napa aꞌahin bu hinangne saksiꞌ langgal hadjehin, makajari bisan gaꞌi tumananne. Saguwaꞌ bang iye hinangne saksiꞌ, meꞌ bulawan dem langgal hadjehin, gaꞌi makajari bang gaꞌi tumananne.'"
,20,17,"Dupang kaꞌam duk pessek. Inggehin malangkewin, bulawanin atawa langgalin? Sutsi hadja bulawanin peggeꞌ diyalem langgal."
,20,18,"Magtoloꞌ isab kaꞌam, paꞌinbi, 'Bang napa aꞌahin bu hinangne saksiꞌ pagkulubananin, makajari bisan gaꞌi tumananne. Saguwaꞌ bang iye hinangne saksiꞌ kuluban diyataꞌ pamettadan iyehin, gaꞌi makajari bang gaꞌi tumananne.'"
,20,19,"Pessek kaꞌam manamal. Inggehin malangkewin, kulubanin atawa pagbettadan kulubanin? Bang gaꞌi binettad hayepin diyataꞌ pagbettadan kulubanin, dumaꞌin hep kuluban."
,20,20,"Hangkan hep bang niyaꞌ aꞌa napa bu hinangne saksiꞌ pagbettadan kulubanin, sinakup du kēmon binettad diyataꞌnen,"
,20,21,"duk sine-sine napa, bu hinangne saksiꞌ langgal hadjehin, sinakup du isab mapatennaꞌ dem langgalin, hātinen, Tuhanin."
,20,22,"Duk sine-sine napa bu hinangne saksiꞌ surgaꞌin, iye saksiꞌnen paningkoloꞌan Tuhanin. Duk asal Tuhanin ne teꞌed panapahannen peggeꞌ Tuhanin maningkoloꞌ malaꞌihin. 23""Kaꞌaseꞌ-aseꞌ kaꞌam meꞌ guru si saraꞌ āgamahin duk meꞌ Pariseohin peggeꞌ asal legga Tuhanin du kaꞌam. Magmā-mā hadja kaꞌam nuhut Tuhanin. Magjakat kaꞌam bisan sampay jambanganbi pagpā-pā kinakanin. Saguwaꞌ gaꞌi kaꞌam nuhut meꞌ daꞌakan malangkewin. Gaꞌi kaꞌam bentel, gaꞌi kaꞌam maꞌaseꞌ si saweꞌbi, duk gaꞌi kaꞌam tapangandelan. Hāp bang kaꞌam magjakat, saguwaꞌ subey gaꞌi tayikutanbi meꞌ hinangan pinaꞌinku miyaꞌan."
,20,24,"Pagtuyuꞌanbi nuhut daꞌakan manggaꞌi malangkewin saguwaꞌ bang daꞌakan malangkewin gaꞌi hinangbi. Kuweꞌ kaꞌam aꞌa pessek manduꞌan saweꞌbin. Kuweꞌ kaꞌam aꞌa magsāꞌ boheꞌ duk gaꞌi taꞌinumne sanamin saguwaꞌ taloroyne untaꞌin. 25""Kaꞌaseꞌ-aseꞌ kaꞌam meꞌ guru si saraꞌ āgamahin duk meꞌ Pariseohin peggeꞌ legga Tuhanin du kaꞌam. Magmā-mā hadja kaꞌam nuhut Tuhanin. Kinosoꞌan weꞌ bi tikungin duk laleyin saguwaꞌ diyalemnen haram, peggeꞌ taꞌeddoꞌbi meꞌ kinakan iyan sabab pangakkalbin duk pagnapsubin."
,20,26,"Pessek kaꞌam, meꞌ Pariseohin. Limpiyuhanun bi dahuꞌ meꞌ inisibin ubus limpiyu du isab laleybin duk tikungbin. 27""Kaꞌaseꞌ-aseꞌ kaꞌam meꞌ guru si saraꞌ āgamahin duk meꞌ Pariseohin peggeꞌ legga Tuhanin du kaꞌam. Magmā-mā hadja kaꞌam nuhut Tuhanin. Kuweꞌ kubul pininta kaꞌam. Hāp-hāp bantuknen amban luwasan saguwaꞌ diyalemnen pennoꞌ weꞌ tolang duk isi buhuk."
,20,28,"Damikkiyan du isab kaꞌam, si meꞌ aꞌa kuweꞌ bantuk bentel kaꞌam, saguwaꞌ dem ateybin magdustaꞌ hadja kaꞌam duk ngalanggalan saraꞌ."" 29""Kaꞌaseꞌ-aseꞌ kaꞌam meꞌ guru si saraꞌ āgamahin duk meꞌ Pariseohin. Magmā-mā hadja kaꞌam nuhut Tuhanin. Mahāpan kaꞌam meꞌ kubul meꞌ nabihin duk meꞌ aꞌa mabentelin pangaddatbi siye."
,20,30,"Duk paꞌinbi, 'Bang ellum ne kami masa kapapuꞌan kamiley gaꞌi teꞌed kami matuk si hinanganden mapatey meꞌ nabihin.'"
,20,31,Weꞌ bissābi iyan magbennal ne kaꞌam weꞌ tubuꞌ meꞌ mamapatey nabihin kaꞌam.
,20,32,"Pīhun bi, ubusanun bi hininang meꞌ kapapuꞌanbi ley."
,20,33,Laꞌat teꞌed kaꞌam. Gaꞌi kaꞌam makajari patapuk amban hukuman pinadem narkaꞌ.
,20,34,"Akahante kaꞌam, ngandaꞌak du ku iyan pī si kaꞌam meꞌ nabi duk meꞌ lella lalem kataꞌunen, duk meꞌ guru. Sinduwehin papateybi iyan duk sinduwehin lansangbi si olom. Sinduwehin lubakanbi laꞌi dem langgalbi duk turul-turulbi pī si meꞌ puweblo palahihanden."
,20,35,"Hangkan tewwaꞌ hukuman kaꞌam sabab pamapatey meꞌ aꞌa manggaꞌ niyaꞌ dusenen, tinagnaꞌan amban si Habil anak Apuꞌ Adamin sampay Jakariya anak Barakihin bakas pinapateybi si ellet langgal hadjehin duk pagkuluban-kulubananin."
,20,36,"Sabennal akahante kaꞌam, kēmon meꞌ hininangde miyaꞌan, moleꞌ si kaꞌam, meꞌ aꞌa maꞌellum kuweꞌitu inin."" 37""O, meꞌ aꞌa Awrusalam, suse ku sabab kaꞌam. Luwal papateybi meꞌ nabihin duk pagtibaganbi meꞌ dinaꞌak Tuhan mapiyu si kaꞌamin. Mimpiye ne kaꞌam batang pagtipunku duk ipatku kuweꞌ dalil bukaran magtipun meꞌ usuynen diyawaꞌ peppikne, saguwaꞌ gaꞌi kaꞌam mabayaꞌ."
,20,38,"Payamanun bi, tinayikutan ne lahatbin weꞌ Tuhanin."
,20,39,"Akahante kaꞌam weꞌ gaꞌi ne ku teꞌed kitebi balik samantaꞌan gaꞌi tekka ellew pagpaꞌinbi, 'Pudjite bi pinapitu Tuhanin.' """
,21,1,"Pagluwas si Isa amban dem langgal hadjehin, hap pī si iye meꞌ tindegnen duk pinakitehan weꞌ de si iye langgalin."
,21,2,"Paꞌin si Isa si siye, ""Aweꞌ, payamanun bi ne iyan, peggeꞌ sabennal akahante kaꞌam, niyaꞌ ellew si pasōngan gaꞌ du iyan niyaꞌ talebbi tuꞌu meꞌ batu magbangkat-bangkat iyan, saguwaꞌ kēmon kinanat-kanat du."""
,21,3,"Manjari sasang si Isa ningkoloꞌ si kūd Jaitun, hap pī si iye meꞌ tindegnen, siye-siye hadja duk paꞌinde, ""Akahanun kami, sumiyan umantag meꞌ pinaꞌinnu iyan, duk me tandaꞌ mapaguwaꞌin bang sōng pitu ne kew balik duk bang sōng kiyamat ne dunyahin?"""
,21,4,"Nambung si Isa, paꞌinne, ""Pahatul-hatul kaꞌam duk kaꞌam gaꞌi kaꞌakkalan."
,21,5,Peggeꞌ ekka iyan pitu magēnan ēnkun magpaꞌin weꞌ siye ne Almasihin. Duk ekka iyan kaꞌakkalande.
,21,6,"Makakale kaꞌam iyan sabab magbonoꞌ dem lahat duk suwi-suwi sabab magbonoꞌ si lahat tala, saguwaꞌ daꞌa kaꞌam tinalew. Kēmon inin subey umantag saguwaꞌ dumaꞌin pe inin ellew kiyamat."
,21,7,"Dambuwaꞌ bangsa magbonoꞌ duk bangsa seddili, duk dambuwaꞌ pagsultanan magbonoꞌ duk pagsultanan seddili. Niyaꞌ iyan meꞌ unus duk meꞌ linug si meꞌ kalahat-lahatan si dunya."
,21,8,"Saguwaꞌ kēmon inin panagnaꞌan meꞌ katiksaꞌanin hadja, kuweꞌ dalil dende sōng nganak duk nagnaꞌ peddiꞌan ne. 9""Ubus siggew meꞌ aꞌa du kaꞌam duk sōngande kaꞌam ilegga duk pinapatey. Kabunsihan du kaꞌam weꞌ kēmon manusiyaꞌ peggeꞌ nuhut kaꞌam aku."
,21,10,Ellew iyan ekka gaꞌi ne nuhut aku. Pagbuddihande saweꞌden duk kabunsihande saweꞌden.
,21,11,Ekka iyan aꞌa tekka magmā-mā nabi siye pinapitu weꞌ Tuhanin duk ekka aꞌa kaꞌakkalande.
,21,12,"Peggeꞌ lumanduꞌ ne kalaꞌatan dem dunyahin, meꞌ aꞌa maꞌekkahin gaꞌi ne malasa si saweꞌde."
,21,13,"Saguwaꞌ sine-sine nandal sampay si tamanan kabinasahan inin, taga umul du si surgaꞌ gaꞌ niyaꞌ tamananne."
,21,14,"Duk meꞌ aka-aka mahāp sabab pagbayaꞌ Tuhanin minahalayak du iyan si tibuꞌukan dunya, supaya kataꞌuhan manusiyaꞌin kēmon. Ubus iyan kiyamat ne dunyahin."" 15""Bakas pinaꞌal andang weꞌ Nabi Daniyel weꞌ si pasōngan niyaꞌ laꞌi dem langgal hadje makapagkaꞌat, duk ngandiyawaꞌan Tuhanin. (Ambat mamatsa inin sabutanne.)"
,21,16,Bang takitebi inin subey ne meꞌ aꞌa malaꞌi si Yahudiyahin lahi pī si meꞌ kapunuhan.
,21,17,Bang niyaꞌ aꞌa si luwasan lumaꞌne subey ne iye gaꞌi padiyalem ngeddoꞌ panyapnen.
,21,18,"Duk malaꞌi si tanaꞌnen subey ne gaꞌi balik pī si lumaꞌne ngeddoꞌ semmeknen, saguwaꞌ subey ne iye lahi."
,21,19,"Andūꞌ, makaꞌaseꞌ-aseꞌ meꞌ mabettengin duk meꞌ maganak dikiꞌin laꞌi si meꞌ ellew īꞌ."
,21,20,Māku-māku kaꞌam si Tuhan karayaw ellew palahibin dumaꞌin si tempo gaꞌi hāp lahatin atawa si ellew liꞌi.
,21,21,"Peggeꞌ si meꞌ ellew īꞌ,"" paꞌin si Isa, ""niyaꞌ iyan katiksaꞌan hadje, gaꞌ niyaꞌ saliꞌne kemuwe tagnaꞌ dunyahin sampay kuweꞌitu. Duk puwas inin, gaꞌi ne teꞌed kabalikan."
,21,22,"Bang gaꞌi kulangan Tuhanin meꞌ ellew katiksaꞌan īꞌ, gaꞌ niyaꞌ aꞌa ellum. Saguwaꞌ sabab meꞌ aꞌa tapeneꞌnen kulangan Tuhanin du meꞌ ellew īꞌ. 23""Bang niyaꞌ si ellew īꞌ magpaꞌin si kaꞌam, 'Oy, payamanun bi, tiyaꞌ Almasihin,' atawa 'īꞌ iye laꞌi,' daꞌa teꞌed kahagadun bi."
,21,24,"Peggeꞌ si meꞌ ellew īꞌ, niyaꞌ iyan paguwaꞌ meꞌ aꞌa magpaꞌin weꞌ Almasihin siye bu gaꞌi bennal. Niyaꞌ isab iyan meꞌ aꞌa magpaꞌin weꞌ nabi siye bu gaꞌi toꞌo. Duk magpakite siye iyan meꞌ tandaꞌ balakatan duk meꞌ hinangan makaꞌulaliꞌ supaya bang makajari taboꞌode pasapeꞌ bisan meꞌ aꞌa tapeneꞌ Tuhanin."
,21,25,"Pakale kaꞌam,"" paꞌin si Isa, ""bakas ne kaꞌam akahanku andang sabab meꞌ inin pādpād gaꞌ pe umantag."
,21,26,"Hangkan hep bang paꞌinde si kaꞌam, 'Payamanun be, īꞌ iye laꞌi si lahat makagindew-gindew,' daꞌa kaꞌam hap pī. Bang paꞌinde, 'Payamanun be, tiyaꞌ iye patapuk tuꞌu,' daꞌa kaꞌam kahagad."
,21,27,"Peggeꞌ aku, Anak Manusiyaꞌin, bang ne ku pitu, takite papitukun kuweꞌ lalat ninagan langitin amban silangan tudju seddepan."""
,21,28,"Manjari mageliꞌan si Isa, paꞌinne, ""Antag-antag kaniyaꞌan bangkeyin laꞌi magtipun meꞌ owakin."" 29""Manjari si meꞌ ellew īꞌ,"" paꞌin si Isa, ""pagubus meꞌ katiksaꞌan miyaꞌan, ngalindem mata ellewin duk bulanin gaꞌi ne dantaꞌ, duk meꞌ poteꞌanin magkalaboꞌ-laboꞌ amban diyataꞌ langit duk meꞌ bayuꞌan diyataꞌ langitin tahalaꞌ amban lugalden."
,21,30,"Manjari pagubus inin, kitede du ku, Anak Manusiyaꞌin, pitu dem inalak. Takite meꞌ aꞌahin du sahayakun duk balakatku mahadjehin, duk magmatey kēmon aꞌa amban kabangsa-bangsahan si dunyahin."
,21,31,"Ubus niyaꞌ iyan helling kuweꞌ helling tabuliꞌ pales manamal duk daꞌakku pitu meꞌ malaꞌikatkun nipun meꞌ aꞌa tapeneꞌkun amban kaꞌampat pidjū alamin."" 32""Pandogahanun bi kayu igirahin,"" paꞌin si Isa. ""Bang numbuꞌ ne dawennen, kataꞌuhanbi weꞌ sōng baytu panas ne."
,21,33,"Damikkiyan isab bang takitebi ne umantag meꞌ pinaꞌinku miyaꞌan, kataꞌuhanbi weꞌ asal tapit ne teꞌed pabalikkun."
,21,34,"Sabennal akahante kaꞌam,"" paꞌin si Isa, ""gaꞌi pe ubus matey kēmon aꞌa maꞌellum kuweꞌitu inin, tekka ne meꞌ bakas pinaꞌinku inin."
,21,35,"Palabey hadja langitin duk dunyahin, saguwaꞌ bang bissākun asal gaꞌi usaꞌ."" 36""Saguwaꞌ gaꞌ niyaꞌ ngataꞌu bang ellew ine atawa waktu ine papituku balik si pasōnganin. Bisan meꞌ malaꞌikat si surgaꞌin gaꞌi kataꞌuhande. Bisan aku, Anak Tuhanin, gaꞌi du isab kataꞌuhanku. Luwal Samaku Tuhanin mangataꞌuhin."
,21,37,"Bang ne ku pitu balik si dunya, meꞌ hinangan meꞌ aꞌahin kuweꞌ du hinangan meꞌ aꞌa masa si Nu ley."
,21,38,"Masa miyaꞌan, gaꞌ pe tekka laseyin, gaꞌ niyaꞌ tapikil meꞌ aꞌahin luwal mangan duk nginum, maganda duk magella sampay taꞌabut ellew padiyalem si Nu dem kappalin."
,21,39,"Gaꞌ kataꞌuhande bang ine maꞌumantagin duk bessuwang hadja tekka laseyin duk lambo siye kēmon. Na, kuweꞌ iyan du isab meꞌ aꞌahin bang aku, Anak Manusiyaꞌin, pitu balik."
,21,40,"Ellew pabalikkun niyaꞌ iyan duwangan lella maghinang si tanaꞌ, dambuwaꞌin ineddoꞌ duk dambuwaꞌin taꞌamban."
,21,41,"Niyaꞌ iyan duwangan dende magtabang maggiling, dambuwaꞌin ineddoꞌ duk dambuwaꞌin taꞌamban."
,21,42,"Hangkan papateng-pateng kaꞌam, peggeꞌ gaꞌi kataꞌuhanbi bang ellew ine papitukun."
,21,43,"Saguwaꞌ essebun bi inin, weꞌ bang kataꞌuhan dapuꞌ lumaꞌin bang waktu ine katekka panangkewin, tapagjaga iye duk gaꞌi tapasagadanne lumaꞌnen ilangkat duk inasek."
,21,44,"Damikkiyan isab kaꞌam, subey kaꞌam luwal papateng-pateng peggeꞌ aku, Anak Manusiyaꞌin, tekka du ku pitu baytu gaꞌi ku ase-asebi."" 45""Bang niyaꞌ daraꞌakan tapangandelan duk hantap maghinang, iye iyan tahinang amunen nakuraꞌ meꞌ daraꞌakanne sinduwehin. Bang taꞌabut gantaꞌ pagurung-urungin, iye mangurung bānyaꞌ si meꞌ daraꞌakanin."
,21,46,"Pagtekka amunen balik, sinna manamal daraꞌakan miyaꞌan bang takite amunen weꞌ tuhutne kēmon pangandaꞌakan iyehin."
,21,47,Sabennal akahante kaꞌam weꞌ pangandel amunen du si iye kēmon alataꞌnen.
,21,48,"Saguwaꞌ bang saꞌupama laꞌat daraꞌakan miyaꞌan, duk paꞌinne dem ateyne weꞌ tiggel pe du tekka amunen,"
,21,49,"ubus papeddiꞌanne meꞌ pagkasine daraꞌakanin, duk iye bahannen, magkakan duk maginuman duk meꞌ luwal maglangohanin."
,21,50,Manjari bessuwang tekka amunen ellew gaꞌ ase-asene duk waktu gaꞌ kataꞌuhanne.
,21,51,"Na, manjari bininasa teꞌed iye weꞌ amunen duk pinatuhut iye pī si lugal pinasukuꞌ si meꞌ aꞌa magmā-mā manuhut Tuhanin. Laꞌi magmatey meꞌ aꞌahin duk magtageꞌot impenden."""
,22,1,"Manjari magdalilan si Isa balik, paꞌinne, ""Bang pitu ne ku balik, pagbayaꞌ Tuhanin kuweꞌ inin. Niyaꞌ sampūꞌ budjang moꞌo payitaꞌanden dangan-dangan hap pī nampang pangantin lellahin."
,22,2,Lime budjangin babbal duk limehin lalem pikilannen.
,22,3,Meꞌ mababbalin boꞌode payitaꞌanden saguwaꞌ gaꞌ siye moꞌo isellan pangiside balik bang ubus ne isellan dem payitaꞌanden.
,22,4,Saguwaꞌ meꞌ budjang malalem pikilannen boꞌode payitaꞌanden sampay isellan dem pangisihanden.
,22,5,Peggeꞌ tiggel tekka pangantin lellahin kinaruꞌ siye duk ujud tumuli siye kēmon.
,22,6,"Pagnengaꞌ bahangihin niyaꞌ ngalingan, paꞌinne, 'Tiyaꞌ ne pangantin lellahin, dayiꞌ kaꞌam sampangun bi iye.'"
,22,7,Manjari dongaꞌ meꞌ budjangin duk memesde payitaꞌanden.
,22,8,"Paꞌin meꞌ budjang mababbalin si meꞌ malalem pikilannen, 'Urunganun bi kami isellan, peggeꞌ sōng pandem ne payitaꞌan kamihin.'"
,22,9,"Saguwaꞌ nambung meꞌ budjang malalem pikilannen, paꞌinde, 'Kaw gaꞌi umabut si kite bi kēmon. Pī kaꞌam si tinda bu bi melli isellan.'"
,22,10,"Na, hap pī ne meꞌ mababbalin melli. Sasangde mapīhin tekka ne pangantin lellahin. Meꞌ lime budjang mamemesin nuhut padiyalem pī dem lumaꞌ pagkawinanin ubus bu dininding ne gawangin."
,22,11,"Gaꞌ du tiggel tekka isab meꞌ budjang sinduwehin duk paꞌinde, 'O Tuwan, lukahanun koꞌ kami.'"
,22,12,"Saguwaꞌ nambung pangantin lellahin, paꞌinne, 'Gaꞌi lukaku. Gaꞌi kaꞌam takilaleku.'"
,22,13,"Hangkan hep,"" paꞌin si Isa, ""papateng-pateng kaꞌam, peggeꞌ gaꞌi kataꞌuhanbi bang ellew ine atawa waktu ine ku pitu balik."" 14""Bang pitu ne ku balik, pagbayaꞌ Tuhanin kuweꞌ inin. Niyaꞌ dambuwaꞌ aꞌa lumengngan hap lahat seddili. Sōng patahalaꞌnen, daꞌakne pī si iye meꞌ daraꞌakannen duk pinangandel weꞌ ne si siye sīnnen."
,22,15,"Sīn pinangandelne si siyehin pinagtuhut duk kataꞌuden. Dambuwaꞌin inurungan weꞌ ne lime ngibu pilak, dambuwaꞌin duwe ngibu, duk dambuwaꞌin da ngibu pilak. Ubus tahalaꞌ ne iye."
,22,16,"Daraꞌakan bakas inurungan lime ngibu pilakin magtawus hap pī maglitu, duk makaꞌuntung iye lime ngibu pilak."
,22,17,"Damikkiyan du isab daraꞌakan taga duwe ngibuhin, makaꞌuntung isab iye duwe ngibu."
,22,18,"Saguwaꞌ dambuwaꞌ bakas inurungan da ngibu pilakin, hap pī magkali bu tinapukan weꞌ ne sīn amunen dem bulak. 19""Pagtiggel ne teꞌed, tekka ne balik amu meꞌ daraꞌakan miyaꞌan. Manjari tilewne siye bang ine bakas hininangde duk sīnnen."
,22,20,"Daraꞌakanne bakas inurungan lime ngibu pilakin pī moꞌo untungne lime ngibuhin duk paꞌinne, 'Tuwan, bakas urungannu ku lime ngibu pilak, makaꞌuntung ku lime ngibu isab.'"
,22,21,"Paꞌin amunen si iye, 'Hāp hininangnun. Daraꞌakan hāp kew duk tapangandelan kew. Tapangandelan kew si meꞌ kuweꞌahat hangkan pangandelku du si kaꞌu alataꞌkun pinaꞌekka. Dayiꞌ kew, patuhut kew si aku magkēg.'"
,22,22,"Ubus hap pī isab daraꞌakan bakas inurungan duwe ngibu pilakin. Paꞌinne, 'Tuwan, bakas urungannu ku duwe ngibu pilak. Makaꞌuntung ku duwe ngibu isab.'"
,22,23,"Paꞌin amunen si iye, 'Hāp hininangnun. Daraꞌakan hāp kew duk tapangandelan kew. Tapangandelan kew si meꞌ kuweꞌahat, hangkan pangandelku du si kaꞌu alataꞌkun pinaꞌekka. Dayiꞌ kew, patuhut kew si aku magkēg.'"
,22,24,"Ubus hap pī isab daraꞌakan bakas inurungan da ngibu pilakin duk paꞌinne, 'Tuwan, kataꞌuhanku weꞌ gaꞌi kew maꞌaseꞌ si aꞌa. Eddoꞌnu dumaꞌin si kaꞌuhin duk paganinu manggaꞌ bakas pagluꞌugannun."
,22,25,"Tinalew ku si kaꞌu, hangkan hap pī ku napukan sīnnun dem bulak. Tiyaꞌ ne sīnnun.'"
,22,26,"Nambung amunen, paꞌinne, 'Kaꞌu iyan daraꞌakan laꞌat duk bulasan. Kataꞌuhannu hatiꞌ weꞌ eddoꞌku dumaꞌin si akuhin duk paganiku manggaꞌ bakas pagluꞌugankun."
,22,27,"Na, weꞌey gaꞌ papīnu sīnkun si bangku duk nganak? Manjari pagbalikku pitu taꞌeddoꞌku siꞌ sīnkun sampay anaknen.'"
,22,28,"Manjari paꞌinne si daraꞌakanne seddilihin, 'Eddoꞌun sīnin amban iye duk pangurungun pī si dambuwaꞌ taga sampūꞌ ngibu pilakin."
,22,29,"Aꞌa tapangandelanin, inurungan pe namba duk ekka manamal si iyehin. Saguwaꞌ manggaꞌi tapangandelanin, bisan kuweꞌahat bakas pinangandel si iyehin, ineddoꞌ du amban iye."
,22,30,"Na, daraꞌakan manggaꞌ niyaꞌ kagunahanne inin, pabukutun bi pinadem lindem. Magmatey meꞌ aꞌahin laꞌi duk magtageꞌot meꞌ impenden.' """
,22,31,"Manjari paꞌin si Isa, ""Bang aku, Anak Manusiyaꞌin, pitu balik magtuhut duk meꞌ malaꞌikatin kēmon, aku ne magbayaꞌin. Manjari ningkoloꞌ ku si paghukuman."
,22,32,"Kēmon aꞌa amban kabangsa-bangsahan si dunyahin pinagtipun du si harapanku duk pagsapeꞌku siye, kuweꞌ aꞌa magipat hayepin pagsapeꞌne meꞌ bili-bilihin duk meꞌ kambingin."
,22,33,Meꞌ aꞌa mabentelin papīku si kanawananku duk meꞌ sinduwehin si bibanganku.
,22,34,"Manjari aku, magbayaꞌin, paꞌinku iyan si meꞌ aꞌa si kanawanankun, 'Kaꞌam, meꞌ kaꞌurungan kahāpan weꞌ Samaku Tuhanin, pitu kaꞌam, patennaꞌ tuꞌu si pagbayaꞌanku peggeꞌ inin andang pinanyap para si kaꞌam kemuwe tagnaꞌ dunyahin."
,22,35,"Peggeꞌ bakas inusan ku bu pinakan ku weꞌ bi, duk lekkakan ku bu inurungan ku ininum weꞌ bi, aꞌa liyu-liyu ku bu inaddatan ku weꞌ bi."
,22,36,"Gaꞌ niyaꞌ semmekku bu pinasemmekan ku weꞌ bi, bakas ku saki bu inipat ku weꞌ bi, bakas ku kinalabusu bu binisita ku weꞌ bi.'"
,22,37,"Ubus magpaꞌin iyan meꞌ aꞌa bentel laꞌi si kanawanankun, 'Tuwan, sumiyan kew bakas takite kami inusan duk urungan kami kew kinakan, atawa lekkakan duk urungan kami kew ininum?"
,22,38,Sumiyan kew takite kami kuweꞌ aꞌa liyu-liyu duk inaddatan kew weꞌ kami? Sumiyan kew kanggaꞌan semmek duk inurungan kew weꞌ kami?
,22,39,Duk sumiyan kasakinun duk pangalabusu si kaꞌuhin duk pī kami misita kaꞌu?'
,22,40,"Manjari aku, magbayaꞌin, nambung du ku, paꞌinku, 'Sabennal akahante kaꞌam, sumiyan-sumiyan hinangbi inin si meꞌ tindegku madiyawaꞌ pagaꞌanen, hinangbi du teꞌed si aku.' 41""Ubus paꞌinku du iyan si meꞌ aꞌa si bibangankun, 'Kaꞌam, meꞌ pagmulkaꞌan Tuhanin, tahalaꞌ kaꞌam amban aku duk pī kaꞌam dem ebbut narkaꞌ pinanyap andang para si nakuraꞌ seyitanin duk si meꞌ daraꞌakannen."
,22,42,"Peggeꞌ bakas inusan ku bu gaꞌ ku urunganbi kinakan, lekkakan ku bu gaꞌ ku urunganbi ininum."
,22,43,"Aꞌa liyu-liyu ku bu gaꞌ ku addatanbi, gaꞌ niyaꞌ semmekku bu gaꞌ ku urunganbi, bakas ku saki duk dem kalabusu bu gaꞌ ku bisitabi.'"
,22,44,"Ubus tilewde du ku iyan, paꞌinde, 'Tuwan, sumiyan kew takite kami inusan atawa lekkakan? Sumiyan kew takite kami kuweꞌ aꞌa liyu-liyu, atawa gaꞌ niyaꞌ semmeknu atawa saki atawa dem kalabusu bu gaꞌ kew tabangan kami?'"
,22,45,"Ubus nambung ku iyan, paꞌinku, 'Sabennal akahante kaꞌam, bang gaꞌ tabangbi meꞌ tindegku madiyawaꞌ pagaꞌanen, aku du gaꞌ tinabangbin.'"
,22,46,"Manjari meꞌ aꞌa inin pinadem narkaꞌ du duk magtiksaꞌ siye salama-lama, saguwaꞌ meꞌ aꞌa mabentelin pinapī du si surgaꞌ duk niyaꞌ umulde salama-lama."""
,23,1,"Pagubus inin binissā weꞌ si Isa kēmon, paꞌinne si meꞌ tindegnen, 2""Kataꞌuhanbi weꞌ sumudde ne ellew Kādjaꞌan Pangessebanin. Ellew iyan aku, Anak Manusiyaꞌin, sinōngan du ku supaya ku talansang diyataꞌ olom."""
,23,3,"Manjari magtipun ne meꞌ nakuraꞌ imamin duk meꞌ bahiꞌin laꞌi si astanaꞌ si Kayapas, imam nakuraꞌin."
,23,4,"Magisun siye bang saꞌingge paniggewde duk pamapateyde si Isahin duk gaꞌi kataꞌuhan meꞌ aꞌahin. 5""Daꞌa bang baytu kādjaꞌanin,"" paꞌinde, ""kaw hewuhalaꞌ meꞌ aꞌahin."""
,23,6,"Paglaꞌi si Isa si lahat Betani si lumaꞌ si Simon aꞌa bakas inipulin,"
,23,7,"niyaꞌ dende tekka pī magboꞌo isellan bengngi. Pangisihannen batu alabaster hininangin. Sasang si Isa mangan, hap pī dendehin muꞌusan isellan bengngihin diyataꞌ kōk si Isa."
,23,8,"Pagkite miyaꞌan weꞌ meꞌ tindeg si Isahin, astel siye duk magbissā-bissā siye, paꞌinde, ""Weꞌey isellan bengngi miyaꞌan pinakaꞌatan sa miyaꞌan?"
,23,9,"Gam pe miyaꞌan pinabellihan langkew bu pangurung ulinen si meꞌ mamiskinin."""
,23,10,"Kataꞌuhan si Isa pagbissāden duk paꞌinne, ""Weꞌey iye sasewbi? Hāp hininangne si aku inin."
,23,11,"Peggeꞌ mamiskinin,"" paꞌin si Isa, ""gaꞌi du usaꞌ amban kaꞌam, saguwaꞌ aku, gaꞌi ku teteg tuꞌu si kaꞌam."
,23,12,Binuꞌusan weꞌ ne isellan bengngi inin si baranku pamanyap aku bang ku kinubul.
,23,13,"Sabennal akahante kaꞌam,"" paꞌin si Isa, ""antag-antag si tibuꞌukan dunya minahalayak aka-aka mahāpin, inaka-aka du isab tahinang dende si aku inin, pangesseb-ngesseban meꞌ aꞌahin iye."""
,23,14,"Manjari pagubus miyaꞌan si Judas Iskariyot, dambuwaꞌ si meꞌ tindeg si Isa sampuk-duwehin, hap pī si meꞌ nakuraꞌ imamin."
,23,15,"Paꞌinne si siye, ""Piye sīn ku urungbi bang sōnganku kaꞌam si Isa."" Binayedan iye weꞌ de tellumpūꞌ kayuꞌ sīn tuwas, pilak teꞌed."
,23,16,Puwas miyaꞌan miha ne si Judas waktu hāp panōngne si Isa si siye.
,23,17,"Manjari taꞌabut ne tagnaꞌ ellew kādjaꞌanin, pagkakande pan gaꞌi sinagetan pasuligin. Pī meꞌ tindegnen pu si Isa, paꞌinde, ""Tuwan, antag kami kabayaꞌannu pī manyapan kaꞌu pamanganannu kādjaꞌan inin?"""
,23,18,"Paꞌin si Isa, ""Pī kaꞌam si puweblo si aꞌa dambuwaꞌ miyaꞌan duk paꞌinun bi si iye, 'Paꞌin guruhin, mabayaꞌ koꞌ iye magjamu duk meꞌ tindegnen luꞌu si lumaꞌnu para si Kādjaꞌan Pangessebanin peggeꞌ tapit ne koꞌ kamateynen.' """
,23,19,Manjari hap pī ne meꞌ tindegnen duk hininang weꞌ de sa pangandaꞌakan si Isa siyehin duk maghatul ne siye laꞌi kinakande para si pagjamu-jamuhan Pangessebanin.
,23,20,"Pagsangem ne, ningkoloꞌ ne si Isa magtuhut duk tindegne sampuk-duwehin mangan."
,23,21,"Sasangde mamanganin paꞌin si Isa, ""Sabennal akahante kaꞌam, niyaꞌ dangan si kaꞌam muddihan aku."""
,23,22,"Dukka teꞌed siye duk maggantiꞌ siye nilew iye. Paꞌin dangan-dangan, ""Bugtuꞌ dumaꞌin aku, Tuwan, ēꞌ?"""
,23,23,"Nambung iye, paꞌinne, ""Saweꞌku magsawu dem pingganin, iye iyan mamuddihan akuhin."
,23,24,"Aku inin, Anak Manusiyaꞌin,"" paꞌin si Isa, ""matey du ku peggeꞌ iye iyan gantaꞌankun, sa sinulat dem kitabin. Saguwaꞌ makaꞌaseꞌ-aseꞌ teꞌed aꞌa mamuddihan Anak Manusiyaꞌin. Gam pe aꞌa miyaꞌan gaꞌ inanakan."""
,23,25,"Ubus paꞌin si Judas, iye sōng mamuddihan si Isahin, ""Bugtuꞌ dumaꞌin aku, Tuwan, ēꞌ?"" Paꞌin si Isa, ""Kaꞌu hep."""
,23,26,"Sasangde mamanganin, ngeddoꞌ si Isa pan, duk pagubus iye magpasalamat si Tuhan, kinepak-kepak weꞌ ne bu pinangurung weꞌ ne si meꞌ tindegnen. Paꞌinne, ""Ngeddoꞌ kaꞌam bu mangan kaꞌam. Pan inin barankun."""
,23,27,"Manjari ngeddoꞌ iye sawan duk pagubus iye magpasalamat si Tuhan, pinangurung weꞌ ne si siye, paꞌinne, ""Kēmon kaꞌam inumun bi inin,"
,23,28,peggeꞌ inin lahaꞌkun sōng buꞌus sabab meꞌ aꞌa ekka supaya inampun meꞌ duseden. Inin tandaꞌ weꞌ tumanan Tuhanin du janjiꞌnen.
,23,29,"Akahante kaꞌam, puwas inin gaꞌi ne ku nginum boheꞌ ubas balik samantaꞌan gaꞌi pe kite bi magtuhut nginum ininum baꞌahuhin dem pagbayaꞌan Tuhanin."""
,23,30,Ubus inin ngalang siye dambuwaꞌ kalangan pamudji Tuhan ubus bu paluwas ne siye pī si kūd Jaitun.
,23,31,"Manjari paꞌin si Isa si siye, ""Sangem inin kēmon kaꞌam ambananbi du ku, peggeꞌ tasulat inin dem kitab, pinaꞌin, 'Daꞌakku pinapatey magbantey bili-bilihin, manjari meꞌ bili-bilinen magkanat-kanat.'"
,23,32,"Saguwaꞌ pagellum ne ku balik, magkasuwaꞌ du kite bi. Padehellu ku amban kaꞌam pī si lahat Jalil."""
,23,33,"Manjari paꞌin si Petros si iye, ""Bisan kēmon siye ngambanan kaꞌu, Tuwan, saguwaꞌ aku, asal gaꞌi kew ambananku."""
,23,34,"Paꞌin si Isa si iye, ""Sabennal akahante kew, sangem inin du, gaꞌi pe manukin makatingkowak, kapamasuwey ne kew mintellu weꞌ gaꞌi ku kataꞌuhannu."""
,23,35,"Saguwaꞌ paꞌin si Petros, ""Bisan pe ku matey patuhut si kaꞌu, asal gaꞌi kew teꞌed pasuweyanku."" Duk kēmon tindeg si Isahin kuweꞌ inin isab binissāden."
,23,36,"Manjari palanjal disi Isa pī si kabbun inēnan Getsemane. Paꞌin si Isa si meꞌ tindegnen, ""Ningkoloꞌ kaꞌam tuꞌu tiggelanku laꞌi māku-māku si Tuhan."""
,23,37,Binoꞌo weꞌ ne si Petros duk meꞌ anak Sebede duwanganin. Nagnaꞌ iye kebba-kebbahan duk sasew dem ateynen.
,23,38,"Manjari paꞌinne si siye, ""Ateykun dukka teꞌed, agen-agen makamatey aku. Paꞌamban ne kaꞌam tuꞌu duk magjaga kaꞌam."""
,23,39,"Manjari lumengngan iye patala-tala duk pasujud iye diyataꞌ bulak duk ngampun iye si Tuhan, paꞌinne, ""O Ammaꞌ, bang makajari, daꞌa ku pasagadanun bininasa. Saguwaꞌ dumaꞌin tinuhutin kinabayaꞌankun saguwaꞌ kinabayaꞌannun."""
,23,40,"Manjari balik iye pī si meꞌ tindegnen, duk takitene siye kapatuli. Bangunne siye duk paꞌinne pu si Petros, ""Gaꞌi kaꞌam kapanuhut aku magjaga bisan da ora?"
,23,41,"Papateng-pateng kaꞌam, duk māku-māku kaꞌam si Tuhan supaya kaꞌam gaꞌi taboꞌo weꞌ sassat. Tapikil weꞌ atey saguwaꞌ gaꞌi kaꞌanggawtaꞌan weꞌ baran."""
,23,42,"Manjari tahalaꞌ ne isab si Isa duk māku-māku iye si Tuhan, paꞌ inne, ""O Ammaꞌ, bang subey teꞌed ku lumabey si meꞌ kabinasahan inin, na, tuhutku ne kinabayaꞌannun."""
,23,43,Ubus balik ne isab iye pī si meꞌ tindegnen duk takitene siye kapatuli peggeꞌ kinaruꞌ teꞌed siye.
,23,44,"Tahalaꞌ ne isab iye balik duk māku-māku iye si Tuhanin kamintellunen, binalik weꞌ ne bakas binissāne si Samanen."
,23,45,"Pagbalik si Isa si meꞌ tindegnen, paꞌinne si siye, ""Tuli pe kaꞌam duk pahali pe? Pakale kaꞌam, tekka ne waktuhin. Aku, Anak Manusiyaꞌin, sōng sinōngan ne si antanan meꞌ aꞌa dusehan."
,23,46,"Kuwat kaꞌam, sūng ne kite bi. Payamanun bi, tiyaꞌ ne aꞌa mamuddihan akuhin."""
,23,47,"Sasang missā pe si Isa, tekka ne si Judas. Dambuwaꞌ iye si meꞌ sampuk-duwe tindeg si Isahin. Banes teꞌed aꞌa nuhut si Judas magbarung duk magboꞌo meꞌ kakakal. Siye miyaꞌan dinaꞌak pī weꞌ meꞌ nakuraꞌ imamin duk meꞌ kabahiꞌanin."
,23,48,"Kaꞌurungan siye indan weꞌ si Judas. Bakas paꞌinne hep si siye, ""Sine-sine ūkku, iye ne iyan aꞌahin. Siggewun bi iye."""
,23,49,"Pagtekka siye laꞌi, magtawus si Judas patapit pu si Isa duk paꞌinne, ""Na, aku ituꞌ, Tuwan."" Ubus bu inūk si Isa weꞌ ne."
,23,50,"Paꞌin si Isa si iye, ""Bagay, hinangun ne akanu mapituhin."" Manjari patapit meꞌ aꞌa sinduwehin duk siniggew weꞌ de si Isa duk inantan weꞌ de pahaget."
,23,51,Dambuwaꞌ meꞌ saweꞌ si Isahin ngurus barungnen bu pineddang weꞌ ne daraꞌakan imam nakuraꞌin duk butas tayingenen.
,23,52,"Paꞌin si Isa si iye, ""Isihun balik bessinun dem tagubanne. Peggeꞌ sine-sine ngangguna bessi pagbonoꞌ, matey du isab iye weꞌ bessi."
,23,53,"Gaꞌi ke kataꞌuhannu weꞌ bang ku māku tabang si Samaku Tuhanin, magtawus ku paboꞌohanne ibuhan malaꞌikatnen?"
,23,54,"Saguwaꞌ bang ku māku tabang gaꞌi tuman bissā Tuhan dem kitabin weꞌ kēmon inin subey umantag."""
,23,55,"Ubus paꞌin si Isa si meꞌ aꞌa mabanesin, ""Weꞌ kannalbi mundu ku hangkan kaꞌam pitu niggew aku magbarung duk magboꞌo meꞌ kakakal? Ellew-ellew ningkoloꞌ ku laꞌi dem langgal hadjehin magtoloꞌ, saguwaꞌ gaꞌ ku siggewbi laꞌi."
,23,56,"Saguwaꞌ kuweꞌitu inin,"" paꞌinne, ""umantag ne inin kēmon supaya katumanan meꞌ tasulat weꞌ meꞌ kanabihan dem kitabin."" Manjari tinayikutan si Isa weꞌ meꞌ tindegnen kēmon duk lahi siye."
,23,57,"Manjari binoꞌo si Isa weꞌ meꞌ aꞌa maniggew iyehin pī pu si Kayapas, iye imam nakuraꞌin. Meꞌ guru si saraꞌ āgamahin duk meꞌ kabahiꞌanin magtipun du isab laꞌi."
,23,58,"Na, si Petros paturul pu si Isa saguwaꞌ patala-tala, sampay pī si lame lumaꞌ imam nakuraꞌin. Padiyalem iye si lamehin duk ningkoloꞌ iye duk meꞌ guwaldiyahin, peggeꞌ mabayaꞌ payamanne bang ine kaꞌujudanne miyaꞌan."
,23,59,Manjari meꞌ nakuraꞌ imamin duk meꞌ guru saraꞌin duk meꞌ kabahiꞌanin miha pureba panuntutande si Isa supaya iye tapapateyde.
,23,60,"Saguwaꞌ gaꞌ niyaꞌ kasuwaꞌde panuntutande iye bisan du ekka naksiꞌ gaꞌi bennal. Ujudnen niyaꞌ duwangan missā, paꞌinde, 61""Bakas paꞌin aꞌa iyan weꞌ talarakne koꞌ langgal hadjehin duk tapatenggene balik dem tellu ellew."""
,23,62,"Manjari nengge imam nakuraꞌin duk paꞌinne pu si Isa, ""Gaꞌ niyaꞌ sambungnu si meꞌ tuntutde si kaꞌu inin?"""
,23,63,"Saguwaꞌ gaꞌ nambung si Isa. Ubus missā imam nakuraꞌin balik, paꞌinne, ""Napa kew, iyuꞌ Tuhanin pakale-kale duk akahanun kami bang Almasihin ke kew, Anak Tuhanin."""
,23,64,"Paꞌin si Isa si iye, ""Toꞌo pinaꞌinnun, duk akahante kaꞌam kēmon, gaꞌi tiggel kitebi du ku, Anak Manusiyaꞌin, ningkoloꞌ si kanawanan Tuhan Mabalakatanin. Duk kitebi du ku iyan pitu nuhut meꞌ inalak amban diyataꞌ langit."""
,23,65,"Manjari ginaret weꞌ imam nakuraꞌin semmeknen hawal peddiꞌ ateynen, duk paꞌinne, ""Missā iye kuweꞌ Tuhanin iye. Weꞌey pe kite bi subey miha meꞌ saksiꞌ? Takalebi ne binissāne miyaꞌan, kuweꞌ Tuhanin iye."
,23,66,"Ine hukumanbin?"" Paꞌinde, ""Hukuman kamihin weꞌ pataꞌ iye pinapatey."""
,23,67,Ubus iluraꞌan iye weꞌ de si luwene duk pinagsuntukan weꞌ de. Sinduwehin sampakde iye
,23,68,"duk paꞌinde, ""Bang Almasihin kew, akahanun kami bang sine bakas manampak kaꞌuhin."""
,23,69,"Manjari, si Petros laꞌi si lame ningkoloꞌ. Niyaꞌ dambuwaꞌ daraꞌakan dende hap pī si iye duk paꞌinne, ""Kaꞌu iyan, saweꞌ si Isa, aꞌa Jalilin, du isab."""
,23,70,"Saguwaꞌ masuwey iye si harapande kēmon, paꞌinne, ""Gaꞌi kataꞌuhanku bang ine binissānu iyan."""
,23,71,"Ubus hap pī iye tudju tarangka. Niyaꞌ daraꞌakan dende seddili ngite iye. Pagkitene si Petros, paꞌinne si meꞌ aꞌa magtengge malaꞌihin, ""Aꞌa iyan saweꞌ si Isa, aꞌa amban Nasaretin."""
,23,72,"Saguwaꞌ masuwey ne isab si Petros. Napa pe iye duk paꞌinne, ""Gaꞌi kataꞌuhanku aꞌa iyan."""
,23,73,"Gaꞌ tiggel pī pu si Petros meꞌ aꞌa magtengge malaꞌihin duk paꞌinde si iye, ""Gaꞌi kew kapamasuwey weꞌ dumaꞌin kew saweꞌde, peggeꞌ bissāhannun bissāhan aꞌa Jalil."""
,23,74,"Saguwaꞌ suknaꞌan si Petros dinen duk napa iye, paꞌinne, ""Asal gaꞌi kataꞌuhanku aꞌa iyan."" Magtawus tingkowak manukin."
,23,75,"Manjari taꞌesseb si Petros bakas binissā si Isahin, paꞌinne, ""Gaꞌi pe makatingkowak manukin sangem inin, kapamasuwey ne kew mintellu weꞌ gaꞌi ku kataꞌuhannu."" Manjari tahalaꞌ si Petros duk magtangis teꞌed iye."
,24,1,Pagsalung ne magisun kēmon meꞌ nakuraꞌ imamin duk meꞌ kabahiꞌanin bang saꞌingge pamapateyde si Isahin.
,24,2,"Manjari pagubus siye magisun, iningketan weꞌ de si Isa duk binoꞌo weꞌ de pī sinōngan pu si Pilatus, iye gubnul bangsa Romahin."
,24,3,"Pagkataꞌuhan si Judas, iye mamuddihan si Isahin, weꞌ ubus ne hinukum si Isa pinapatey, magsusun teꞌed iye duk hap pī iye si meꞌ nakuraꞌ imamin duk meꞌ kabahiꞌanin mabalik tellumpūꞌ kayuꞌ sīn tuwasin."
,24,4,"Paꞌinne si siye, ""Bakas magduse ku, peggeꞌ binuddihan weꞌ ku aꞌa manggaꞌ niyaꞌ dusenen bu sōng iye pinapatey."" Nambung siye, paꞌinde, ""Gaꞌ ne niyaꞌ lamud kami luꞌu. Bayaꞌ-bayaꞌnu ne."""
,24,5,Manjari ilakasan weꞌ si Judas sīnin dem langgal hadjehin bu tahalaꞌ iye. Pī iye mowet dine duk iye matey.
,24,6,"Manjari tinimuk weꞌ meꞌ nakuraꞌ imamin sīnin duk paꞌinde, ""Gaꞌi makajari sīn inin pinatampu si sīn langgalin peggeꞌ sīn inin bakas pagtangdan mapatey aꞌa."""
,24,7,Magisun siye weꞌ gunade sīn miyaꞌan pamellide bulak aꞌa maghinang-hinang paliyukin duk hinangde pagkubulan meꞌ aꞌa liyu-liyu.
,24,8,"Hangkan hep bulak miyaꞌan inēnan ""Bulak Lahaꞌ"" sampay kuweꞌitu, peggeꞌ sīn pamelli iyehin sīn bakas pagtangdan mapatey."
,24,9,"Manjari tuman ne bissā Nabi Jeremiya bakas sinulat dem kitabin, paꞌinne, ""Eddoꞌde tellumpūꞌ kayuꞌ sīn tuwasin, iye halgaꞌ pagisunan meꞌ aꞌa Israꞌilin,"
,24,10,"duk gunade inin pamellide bulak aꞌa maghinang paliyukin. Inin bakas pangandaꞌakan aku weꞌ Tuhanin."""
,24,11,"Manjari paglaꞌi ne si Isa si harapan gubnulin, tinilew iye weꞌ gubnulin, paꞌinne, ""Sultan meꞌ Yahudihin ke kew?"" Nambung si Isa, paꞌinne, ""Iye du pinaꞌinnu iyan."""
,24,12,"Saguwaꞌ sakaliꞌ iye tinuntutan weꞌ meꞌ nakuraꞌ imamin duk meꞌ kabahiꞌanin, gaꞌ iye nambung."
,24,13,"Paꞌin Pilatus si iye, ""Gaꞌi takalenu kēmon tuntutde si kaꞌu inin?"""
,24,14,"Saguwaꞌ gaꞌ nambung si Isa bisan da tegtang, hangkan ulaliꞌ teꞌed gubnulin."
,24,15,"Na, kahabaꞌ tahun bang baytu Kādjaꞌan Pangesseban, iye addat gubnulin maluwas iye dambuwaꞌ pilisu sine-sine kabayaꞌan meꞌ aꞌahin pinaluwas."
,24,16,"Masa miyaꞌan, niyaꞌ dambuwaꞌ pilisu bantu, inēnan Barabbas."
,24,17,"Manjari pagtipun ne meꞌ aꞌa mabanesin, paꞌin Pilatus si siye, ""Sine kabayaꞌanbi pinaluwaskun, Barabbas atawa si Isa inēnan Almasihin."""
,24,18,Hangkan siye tinilew weꞌ ne sa miyaꞌan peggeꞌ kataꞌuhanne weꞌ sinōngan si Isa weꞌ meꞌ nakuraꞌ meꞌ Yahudihin si iye peggeꞌ kinimbūhan si Isa weꞌ de.
,24,19,"Sasang ningkoloꞌ Pilatus si siya paghukumanin, masan andanen si iye, paꞌinne, ""Daꞌa kew maghinang ine-ine si aꞌa manggaꞌ niyaꞌ dusene iyan. Peggeꞌ dibuhiꞌ niyaꞌ taginepku duk magsandal ku teꞌed dem taginepkun sabab iye."""
,24,20,Saguwaꞌ meꞌ aꞌa mabanesin tasegeꞌ weꞌ meꞌ nakuraꞌ imamin duk meꞌ kabahiꞌanin weꞌ subey pākude pinaluwas si Barabbas duk si Isa subey pinapatey.
,24,21,"Tinilew siye balik weꞌ Pilatus, paꞌinne, ""Inggehin si duwangan inin kabayaꞌanbi pinaluwaskun?"" ""Si Barabbas,"" paꞌinde."
,24,22,"Paꞌin Pilatus si siye, ""Na, inumeyku pu si Isa, inēnan Almasihin?"" Paꞌinde kēmon, ""Lansangun iye diyataꞌ olom."""
,24,23,"Saguwaꞌ paꞌin Pilatus, ""Weꞌey? Ine laꞌat tahinangnen?"" Saguwaꞌ pasōng ne siye magkalolop, paꞌinde, ""Lansangun iye diyataꞌ olom."""
,24,24,"Kataꞌuhan Pilatus weꞌ gaꞌ niyaꞌ gunane magbissā namba, peggeꞌ sōng hewuhalaꞌ meꞌ aꞌa mabanesin. Manjari ngeddoꞌ iye boheꞌ duk kinosoꞌan weꞌ ne tangannen si harapan meꞌ aꞌahin, tandaꞌ weꞌ gaꞌ iye palamud si hinanganden. Duk paꞌinne, ""Bang matey aꞌa inin gaꞌ niyaꞌ duseku. Kaꞌam dinusehin."""
,24,25,"Nambung kēmon meꞌ aꞌahin, paꞌinde, ""Ambat kamateynen moleꞌ si kami duk si meꞌ anak kamihin."""
,24,26,Ubus pinaluwas ne weꞌ Pilatus Barabbas pī si siye. Duk si Isa daꞌakne ilubakan ubus bu sinōngan ne iye weꞌ ne supaya iye talansang diyataꞌ olom.
,24,27,Manjari binoꞌo si Isa weꞌ meꞌ sundalu Pilatusin pī dem astanaꞌ gubnulin duk patipun pī kēmon sundalu da kumpaniyahin.
,24,28,Paglaꞌi siye kinuwantangan weꞌ de si Isa duk pinasemmekan iye weꞌ de semmek taluk kuweꞌ bantuk semmek sultan masaley.
,24,29,"Ngalakal siye bāhan luhihan hininang kuweꞌ korona sultan bu pinapī weꞌ de si kōk si Isa. Ubus pinaꞌantanan weꞌ de si Isa kayu-kayu si tanganne kanawanin. Pagubus miyaꞌan pasujud siye magmā-mā mahadje iye duk paꞌinde, ""Assalamu alaikum Sultan meꞌ Yahudihin."""
,24,30,Ubus pinagluraꞌan si Isa weꞌ de duk ineddoꞌ weꞌ de kayu-kayu inantanannen bu pinogpog weꞌ de kōknen.
,24,31,"Pagubus iye hinangde dagey, iluwasan weꞌ de semmek taluk miyaꞌan duk pinasemmekan iye balik duk semmeknen. Ubus binoꞌo ne iye weꞌ de pabukut duk ne iye talansangde diyataꞌ olom."
,24,32,"Sasangde paluwas amban puweblo, niyaꞌ tadugpakde lella amban lahat Kirene, ēnnen si Simon. Ginagahan iye weꞌ meꞌ sundaluhin dinaꞌak pinanangkit olom sōng pangalansangan si Isahin."
,24,33,"Pagtekka siye laꞌi si lugal inēnan Golgota, hātinen, ""Lahatan Bungkug,"""
,24,34,"niyaꞌ sōng pamaꞌinumde iye boheꞌ ubas sinagetan tambal paꞌit, saguwaꞌ pagtakinamne gaꞌ inumne."
,24,35,"Pagubus ne si Isa ilansang diyataꞌ olom, maglegot meꞌ sundaluhin pagbahagiꞌde semmek si Isahin."
,24,36,Ubus ningkoloꞌ siye laꞌi manteyan iye.
,24,37,"Sinulat laꞌi si atag kōk si Isa tuntut si iyehin, pinaꞌin, ""Inin si Isa Sultan meꞌ Yahudihin."""
,24,38,Niyaꞌ duwangan mundu pinasumbayaꞌ pu si Isa ilansang diyataꞌ olomde. Dambuwaꞌ olomin pinatengge si kanawananne duk dambuwaꞌin si bibanganne.
,24,39,"Meꞌ aꞌa mapalabeyin pinagsayehan iye weꞌ de. Magkeleng-keleng siye duk paꞌinde pu si Isa, 40""Aha, bakas paꞌinnu weꞌ talaraknu langgal hadjehin ubus bu patenggenu balik dem tellu ellew. Na, weꞌey gaꞌi tabangnu dinun? Bang bennal kew Anak Tuhanin, duwaꞌi kew amban diyataꞌ olom iyan."""
,24,41,"Damikkiyan isab meꞌ nakuraꞌ imamin duk meꞌ guru si saraꞌ āgamahin duk meꞌ kabahiꞌanin pagudjiꞌande iye, paꞌinde, 42""Bakas tabangne aꞌa seddilihin, saguwaꞌ dinen gaꞌi tatabangne. Iye koꞌ sultan meꞌ Israꞌilin. Na, ambat iye duwaꞌi amban olom iyan kuweꞌitu duk kite bi kahagad si iye."
,24,43,"Ngandel iye si Tuhan duk paꞌinne weꞌ Anak Tuhanin iye. Payamante bi koꞌ bang asal tabang Tuhanin iye."""
,24,44,Bisan meꞌ mundu ilansang pinasumbayaꞌ si iyehin matuk du isab missā-missāhan iye.
,24,45,"Na, paglettu ne ellewin maglindem dem tibuꞌukan lahat miyaꞌan sampay lisag tellu kohapin."
,24,46,"Paglisag tellu ne magkilahap si Isa papales, paꞌinne, ""Eli, Eli, lama sabachthani?"" Hātinen, ""O Tuhanku, weꞌey ku pasagadannu?"""
,24,47,"Pagtakale inin weꞌ meꞌ aꞌa magtengge-tengge malaꞌihin, paꞌin sinduwehin, ""Lingananne Nabi Eliyas."""
,24,48,Dangan siye magtawus magubas pī ngeddoꞌ kuweꞌ gapas bu ngaleglebanne magdem ininum. Ubus tinogsokan weꞌ ne miyaꞌan diyataꞌ kayu-kayu bu sinōngan weꞌ ne pamasessep pu si Isa.
,24,49,"Saguwaꞌ sinduwehin paꞌinde, ""Daꞌa kew dahuꞌ, payamante bi bang pitu ke Nabi Eliyas nabang iye."""
,24,50,Manjari magkilahap si Isa balik ubus bu bekkat ne napasnen.
,24,51,Magtawus garet semmek subuk hinang ellig dem langgal hadjehin. Garet paduwe amban diyataꞌ ngeregseꞌ diyawaꞌ. Niyaꞌ isab linug duk niyaꞌ meꞌ batu hadje kepak.
,24,52,Luka isab meꞌ lingab pagkubulanin duk ekka aꞌa mamatey makahagad si Tuhanin ellum balik.
,24,53,"Pagellum ne si Isa balik, paluwas siye amban lingab pangubulan siyehin duk hap pī siye si Awrusalam. Ekka aꞌa ngite siye."
,24,54,"Kapitanin duk meꞌ sundalune mamanteyan si Isahin, pagkitede linugin duk meꞌ maꞌumantagin, tinalew teꞌed siye duk paꞌinde, ""Sabennal aꞌa inin Anak Tuhanin."""
,24,55,Ekka isab meꞌ dende laꞌi mayam-mayam amban katala-talahan. Bakas siye nuhut si Isa amban Jalil duk luwal iye tabangande.
,24,56,Dem grupu miyaꞌan laꞌi si Mariyam dende amban Magdalahin duk Mariyam saꞌi si Yakub duk si Yusupin duk anda Sebedehin.
,24,57,"Pagkohap ne niyaꞌ tekka pī dambuwaꞌ aꞌa dayahan, aꞌa Arimati, inēnan si Yusup. Tindeg si Isa du isab iye."
,24,58,Aꞌa miyaꞌan hap pī pu si Pilatus duk pināku weꞌ ne bangkey si Isahin. Ubus daꞌak Pilatus ne pangurung.
,24,59,Ineddoꞌ bangkeyin weꞌ si Yusup duk sinaput weꞌ ne duk kakanaꞌ.
,24,60,"Ubus pinabāk weꞌ ne dem lingab batu pagkubulan baꞌahu du hinangne pamanyapne dine. Ngaligid iye batu hadje panampeng gawang lingabin, ubus bu tahalaꞌ ne iye."
,24,61,"Si Mariyam, dende amban Magdalahin duk Mariyam sangeynen ningkoloꞌ laꞌi paharap si kubulin."
,24,62,"Pagellew dambuwaꞌin, hātinen ellew Sabtuꞌ, hap pī pu si Pilatus meꞌ nakuraꞌ imamin duk meꞌ Pariseohin."
,24,63,"Paꞌinde, ""Tuwan, taꞌesseb kami weꞌ bakas paꞌin aꞌa dustaꞌan miyaꞌan kaꞌellumnen, weꞌ bang iye matey, pagtaꞌabut tellu ellew, ellum iye balik."
,24,64,"Hangkan daꞌakun ginuwaldiyahan kubulnen sampay katellu ellewnen, kaw hap pī meꞌ tindegnen nangkew bangkeynen ubus paꞌinde weꞌ ellum iye balik. Bang magdustaꞌ siye sa miyaꞌan pasōng teꞌed laꞌat pangakkalden."""
,24,65,"Paꞌin Pilatus si siye, ""Boꞌohun bi meꞌ guwaldiya iyan duk guwaldiyahanun bi kubulin manamal."""
,24,66,Manjari hap pī ne siye duk papīhande indan gawang lingabin supaya kataꞌuhan bang niyaꞌ bakas ngalukane duk daꞌakde meꞌ sundaluhin magguwaldiya.
,25,1,"Pagpuwas ne ellew Sabtuꞌ, ellew liꞌihin, subu-subu pe ellew Ahad, hap pī si Mariyam dende amban Magdalahin duk sangeynen mayaman kubulin."
,25,2,"Bessuwang linug manamal peggeꞌ dambuwaꞌ malaꞌikat Tuhanin duwaꞌi amban surgaꞌ. Iligidan weꞌ ne batu hadje panampeng gawang lingabin, ubus bu ningkoloꞌ iye diyataꞌ batuhin."
,25,3,Bantuknen sahaya kuweꞌ lalat duk semmeknen poteꞌ manamal.
,25,4,Tinalew manamal meꞌ guwaldiyahin hangkan migpid teꞌed siye duk gaꞌi siye makasayu; kuweꞌ siye aꞌa matey.
,25,5,"Missā malaꞌikatin si meꞌ dendehin, paꞌinne, ""Daꞌa kaꞌam tinalew. Kataꞌuhanku pihabi si Isa bakas ilansang diyataꞌ olomin."
,25,6,"Gaꞌ ne iye tuꞌu, peggeꞌ ellum ne iye balik kuweꞌ bakas pinaꞌinnen. Pitu kaꞌam, payamanun bi bakas pabākannen."
,25,7,"Kuweꞌitu, palakkes kaꞌam pī, akahanun bi meꞌ tindegnen weꞌ ellum ne iye balik amban kamateynen. Duk padehellu iye amban kaꞌam hap lahat Jalil. Kitebi du iye iyan laꞌi. Essebun bi bakas inakaku si kaꞌamin."""
,25,8,Hangkan magdayiꞌ-dayiꞌ siye tahalaꞌ amban kubulin. Tinalew siye saguwaꞌ kēgan isab siye manamal. Magubas siye pī ngakahan meꞌ tindegnen.
,25,9,"Bessuwang siye sinampang weꞌ si Isa laꞌi si lān duk paꞌinne, ""Na, kaꞌam ne?"" Patapit siye pu si Isa duk pasujud si iye bu inantan weꞌ de bettisnen. 10""Daꞌa kaꞌam tinalew,"" paꞌin si Isa, ""pī ne kaꞌam, akahanun bi meꞌ kapungtinaꞌihankun weꞌ subey siye pī hap Jalil. Laꞌi takitede du ku."""
,25,11,"Sasang si lān pe meꞌ dendehin, hap pī meꞌ guwaldiya sinduwehin si puweblo duk inaka-aka weꞌ de si meꞌ nakuraꞌ imamin kēmon bakas maꞌumantagin."
,25,12,"Manjari magtipun meꞌ kabahiꞌanin duk meꞌ nakuraꞌ imamin duk magisun siye. Ubus siye magisun, inurungan weꞌ de meꞌ sundaluhin sīn ekka"
,25,13,"duk paꞌinde, ""Akahanun bi meꞌ aꞌahin, weꞌ sasangbi tuli sangemin, pī meꞌ tindeg si Isahin nangkew bangkeynen."
,25,14,"Bang takale gubnulin weꞌ tuli kaꞌam bu dinaꞌak kaꞌam magguwaldiya, daꞌa kaꞌam suse. Kami ne taꞌu missā si iye duk kaꞌam gaꞌi amāhanne."""
,25,15,Ineddoꞌ weꞌ meꞌ sundaluhin sīnin duk tinuhut weꞌ de bakas pangandaꞌakan siyehin. Sampay ellew inin iye inin suwi-suwi pinalatag weꞌ meꞌ Yahudihin.
,25,16,"Manjari, meꞌ tindeg si Isa sampuk-dambuwaꞌin pī hap Jalil. Pataked siye pī si dambuwaꞌ punu sa bakas pangandaꞌakan si Isa siyehin."
,25,17,"Pagkitede iye, pasujud siye pu si Isa, saguwaꞌ niyaꞌ siye duwe-duwehan dem ateyden."
,25,18,"Patapit si Isa si siye duk paꞌinne, ""Bakas kaꞌurungan ne ku kapatut magbayaꞌ si dunya duk si surgaꞌ."
,25,19,"Hangkan hep pī kaꞌam magaka-aka si kēmon kabangsa-bangsahan duk isab siye nuhut aku. Pandihun bi siye hinang tandaꞌ weꞌ nuhut ne siye Tuhanin duk aku, Anak Tuhanin, duk Niyawa Tuhanin."
,25,20,"Toloꞌanun bi siye weꞌ subey tuhutde kēmon bakas pangandaꞌakanku kaꞌamin. Duk essebun bi inin, luwal du ku luꞌu si kaꞌam ngeregseꞌ kiyamat dunyahin."""
,26,1,"Inin aka-aka hāp sabab Isa Almasi, Anak Tuhanin."
,26,2,"Tagnaꞌan aka-aka hāp inin tasulat weꞌ Nabi Isaya dem kitab. Paꞌinne,""Paꞌin Tuhanin, 'Daꞌakku pī pamasanankun dehellu amban kaꞌu duk memesne lānnun.'"
,26,3,"Niyaꞌ aꞌa maglingan dem lahat makagindew-gindew. Iye inin pinaꞌinnen, 'Sōng tekka ne Panuhutanin. Palanuꞌun bi lān palabeyannen! Pabentelun bi lān tinuhutnen!' """
,26,4,"Manjari inin, tekka si Yahiya laꞌi dem lahat makagindew-gindew. Iye hep mamandi meꞌ aꞌahin sakaliꞌ pagsusunande ne duk lebbahande ne meꞌ duseden. Magmahalayak si Yahiya laꞌi si meꞌ aꞌahin weꞌ sasuku magsusun ne duk ngalebbahan meꞌ hinanganne malaꞌatin, subey iye pinandi duk ampun Tuhanin du iye."
,26,5,Manjari ekka meꞌ aꞌa amban meꞌ kalahat-lahatan laꞌi si Yahudiya duk amban Awrusalam hap pī si iye. Magbennal siye si meꞌ duseden duk pinandi siye weꞌ Yahiya dem boheꞌ Jordan.
,26,6,Semmek Yahiyahin bulu untaꞌ tinennun duk kanditnen kuwit sapiꞌ. Kinakannen dulu duk boheꞌ buwani.
,26,7,"Duk magmahalayak iye kuweꞌ inin, ""Niyaꞌ,"" paꞌinne, ""paturul pitu si aku, balakatan pe amban aku. Gaꞌi ku bisan pataꞌ pakokkoꞌ ngalekkahan ingket tehompaꞌnen."
,26,8,"Pinandi kaꞌam weꞌ ku duk boheꞌ saguwaꞌ iye inin seddili pamandine kaꞌamin. Papiyune si kaꞌam Niyawa Sutsihin."""
,26,9,"Manjari inin, masa īꞌ tekka si Isa amban Nasaret, dambuwaꞌ puweblo laꞌi si lahat Jalil. Duk pinandi iye weꞌ Yahiya laꞌi si boheꞌ Jordan."
,26,10,"Pagpaguwaꞌ si Isa amban dem boheꞌ, takitene luka langitin duk duwaꞌi Niyawa Sutsihin pī si iye kuweꞌ bantuk assang."
,26,11,"Duk niyaꞌ suwala amban surgaꞌ magpaꞌin, ""Anakte kew kalasahanku. Kasulutan ku teꞌed si kaꞌu."""
,26,12,Manjari magtawus si Isa binoꞌo weꞌ Niyawa Sutsihin hap lahat makagindew-gindew.
,26,13,Ampatpūꞌ bahangi iye laꞌi sinassat weꞌ nakuraꞌ seyitanin. Niyaꞌ isab meꞌ hayep talun laꞌi saguwaꞌ hinatul si Isa weꞌ meꞌ malaꞌikat.
,26,14,"Pagubus si Yahiya kinalabusu weꞌ sultanin, hap pī si Isa si lahat Jalil. Magmahalayak iye sabab aka-aka mahāp amban Tuhanin. 15""Taꞌabut ne waktu bakas pinaꞌalin,"" paꞌinne, ""duk tapit ne waktu pagbayaꞌ Tuhanin. Pagsusunanun bi dusebin duk lebbahanun bi ne. Duk kahagadun bi aka-aka mahāpin."""
,26,16,"Manjari inin, sābu lumengngan si Isa si susulan lamew inēnan Jalil, niyaꞌ takitene duwangan magpungtinaꞌi, si Simon duk Andariyas, magpokot laꞌi dem lamew peggeꞌ siye meꞌ aꞌa magkenna."
,26,17,"Paꞌin si Isa si siye, ""Dayiꞌ kaꞌam nuhut aku. Bahanbin mageddoꞌ-eddoꞌ kenna. Saguwaꞌ bang kaꞌam nuhut aku, toloꞌante kaꞌam mageddoꞌ-eddoꞌ aꞌa pinatuhut si aku."""
,26,18,"Na, magtawus inambanan weꞌ de meꞌ pokotden duk nuhut ne siye si Isa."
,26,19,"Manjari paglengnganne tala-tala, niyaꞌ isab takitene duwangan magpungtinaꞌi, disi Yakub duk Yahiya, meꞌ anak Sebedehin. Laꞌi siye dem bangkaꞌde magmemes pokot."
,26,20,"Magtawus siye ilinganan weꞌ si Isa duk binoꞌo weꞌ ne. Manjari inambanan weꞌ de samaden dem bangkaꞌ duk meꞌ aꞌa tinangdananden, duk nuhut ne siye si Isa."
,26,21,"Hap pī disi Isa si puweblo Kapernaum. Pagtaꞌabut ellew Sabtuꞌ, ellew liꞌi meꞌ Yahudihin, hap pī si Isa si langgal magusihat si meꞌ aꞌahin."
,26,22,Ulaliꞌ meꞌ aꞌahin pagkalede usihatnen. Peggeꞌ magbiddaꞌ teꞌed usihat si Isahin duk usihat meꞌ guru si saraꞌ āgamahin. Peggeꞌ taga balakat si Isa bang iye missā.
,26,23,Manjari niyaꞌ padiyalem pī dem langgal aꞌa pasayedan seyitan.
,26,24,"Magkilahap iye, paꞌinne, ""Daꞌa kami sasewun, Isa, aꞌa Nasaret. Gaꞌ niyaꞌ lamudnu si kami. Pitu ke kew makaꞌatan kami? Kataꞌuhanku du bang sine kew. Kaꞌu dambuwaꞌ-buwaꞌ masutsi mapitu amban Tuhanin."""
,26,25,"Saguwaꞌ inamāhan weꞌ si Isa seyitanin. Paꞌinne, ""Daꞌa kew mabehe. Paguwaꞌ kew amban aꞌa iyan."""
,26,26,"Manjari magpaspadan weꞌ seyitanin aꞌahin duk pagubus seyitanin magkilahap, paguwaꞌ ne iye amban aꞌahin."
,26,27,"Bengngangan meꞌ aꞌahin kēmon, hangkan magtilew-tinilew siye, paꞌinde, ""Ine enteꞌ inin? Toloꞌ baꞌahu hep inin. Taga kapatut iye ngandaꞌak bisan meꞌ seyitanin, duk tuhutde pangandaꞌakannen."""
,26,28,Manjari kabantuhannen magtawus bawag si kēmon kalahat-lahatan laꞌi si lahat Jalil.
,26,29,"Puwas miyaꞌan, paluwas si Isa amban langgal duk pī iye padiyalem si lumaꞌ disi Simon duk Andariyas. Magtuhut iye duk si Yakub duk Yahiya."
,26,30,Matoꞌa si Simon dendehin pabāk laꞌi ilemmun. Manjari magtawus akahan meꞌ aꞌa malaꞌihin si Isa sababne.
,26,31,Hap pī si Isa duk inantanan weꞌ ne tangan dendehin bu pinakuwat weꞌ ne. Manjari kawuliꞌan ne iye. Ubus bu pinakan siye weꞌ ne.
,26,32,"Pagseddep ne ellewin, binoꞌo weꞌ meꞌ aꞌahin pī pu si Isa sasuku masakihin duk meꞌ aꞌa pasayedan weꞌ seyitanin."
,26,33,"Duk meꞌ aꞌa si puweblo miyaꞌan, magtipun si luwasan lumaꞌ miyaꞌan."
,26,34,Ekka aꞌa taga saki bayuꞌ-bayuꞌan pinakawuliꞌ weꞌ si Isa duk ekka isab meꞌ seyitan pinaluwas weꞌ ne. Gaꞌi dinaꞌak weꞌ ne meꞌ seyitanin mabehe peggeꞌ asal kataꞌuhande bang sine si Isa.
,26,35,"Pagsasumu subu-subu pe teꞌed, dongaꞌ si Isa duk paluwas iye amban lumaꞌ. Tahalaꞌ iye amban puweblo hap pī si lugal gaꞌ niyaꞌ aꞌane duk missā iye laꞌi si Tuhan."
,26,36,"Manjari, peggeꞌ gaꞌ iye laꞌi si lumaꞌ, piniha iye weꞌ disi Simon."
,26,37,"Pagtakasuwaꞌde ne iye, paꞌinde si iye, ""Īꞌ laꞌi meꞌ aꞌahin kēmon miha kaꞌu."""
,26,38,"Paꞌin si Isa si siye, ""Sūng kite bi pī si meꞌ kalumaꞌan seddili matapitin duk ku makapagusihat isab laꞌi. Peggeꞌ iye hep inin akaku mapitu si dunyahin."""
,26,39,Manjari hap pī ne si Isa si kēmon kalahatan si Jalil. Magmahalayak iye dem meꞌ kalanggal-langgalande duk magpaluwas iye meꞌ seyitan amban meꞌ aꞌa.
,26,40,"Manjari niyaꞌ pī pu si Isa dambuwaꞌ aꞌa inipul. Nengge aꞌa inin duk tuꞌutne magpadiyawaꞌ pu si Isa duk pabuyuꞌ teꞌed, paꞌinne, ""Bang kew mabayaꞌ tapakawuliꞌnu ku."""
,26,41,"Maꞌaseꞌ teꞌed si Isa si iye. Pinasōng weꞌ ne tangannen duk inantan weꞌ ne aꞌa inipulin duk paꞌinne, ""Asal mabayaꞌ ku. Kawuliꞌan ne kew."""
,26,42,Magtawus ipulnen tahalaꞌ duk kawuliꞌan ne iye.
,26,43,Magtawus iye pinatahalaꞌ weꞌ si Isa duk sinessaꞌan teꞌed iye weꞌ ne.
,26,44,"Paꞌin si Isa si iye, ""Daꞌa kew paꞌin magaka-aka bisan pu sine sabab pamakawuliꞌku kaꞌuhin. Saguwaꞌ pī kew pakitehanun barannun si imamin duk magkuluban kew sa pangandaꞌakan si Musahin, hinang tandaꞌ si meꞌ aꞌahin weꞌ asal kawuliꞌan ne kew."""
,26,45,"Saguwaꞌ lumengngan aꞌa bakas inipulin duk magaka-aka teꞌed iye sabab kakawuliꞌnen duk binawag weꞌ ne inin. Hangkan gaꞌi ne si Isa tapī dem meꞌ puweblo paguwaꞌ si aꞌa, saguwaꞌ laꞌi ne hadja iye si meꞌ lugal gaꞌi paglahatan aꞌa. Saguwaꞌ meꞌ aꞌahin hap pī du si iye amban meꞌ kalahat-lahatan."
,27,1,"Palabey bang piye ellew, balik si Isa pī si puweblo Kapernaum. Taꞌaka weꞌ laꞌi iye si dambuwaꞌ lumaꞌ."
,27,2,"Ekka meꞌ aꞌa patipun pī si lumaꞌ palaꞌihan si Isa miyaꞌan. Hangkan gaꞌ ne niyaꞌ kasiguwehande, bisan pe si behe gawang. Minahalayak weꞌ si Isa lapal Tuhanin si siye."
,27,3,Manjari niyaꞌ binoꞌo pī si iye aꞌa saki pinagtanggungan weꞌ ampat aꞌa. Aꞌa masaki miyaꞌan matey barannen.
,27,4,"Peggeꞌ gaꞌi siye tumapit pu si Isa hawal ekka aꞌahin, manjari ilarakan weꞌ de sapew madatag si atag kōk si Isahin. Pagubus ne siye ngahinang pamalānan, pinatuntun weꞌ de aꞌa masakihin diyataꞌ tanggungannen."
,27,5,"Pagtakite si Isa weꞌ sandel teꞌed siye si iye, paꞌinne si aꞌa mamatey barannen, ""Bagay, taꞌampun ne meꞌ dusenun."""
,27,6,"Saguwaꞌ niyaꞌ magtingkoloꞌ laꞌi meꞌ guru si saraꞌ āgama. Ngutuꞌ-ngutuꞌ siye dem ateyde peggeꞌ missā si Isa sa īꞌ. 7""Uy!"" paꞌinde. ""Missā iye kuweꞌ Tuhanin iye. Sine makaꞌampun dusehin bang dumaꞌin dambuwaꞌ-buwaꞌ Tuhan."""
,27,8,"Magtawus kataꞌuhan si Isa bang ine pinikilden duk paꞌinne si siye, ""Weꞌey kaꞌam magtilew-tilew sa iyan dem ateybi?"
,27,9,"Ine mamurahin, binissā si aꞌa mamatey baranne inin, 'Inampun ne dusenun,' atawa 'Dongaꞌ kew, boꞌohun pabākannun bu nu ne lumengngan.'"
,27,10,"Pakoleꞌku aꞌa inin supaya kataꞌuhanbi weꞌ aku, Anak Manusiyaꞌin, taga kapatut tuꞌu si dunya ngampun meꞌ duse."""
,27,11,"Manjari paꞌin si Isa si aꞌa mamatey barannen, ""Dongaꞌ kew, boꞌohun pabākannun bu nu ne hap lumaꞌ."""
,27,12,"Manjari dongaꞌ aꞌa masakihin duk magtawus eddoꞌne pabākannen duk pabukut iye si pagmatahande kēmon. Bengngangan meꞌ aꞌahin kēmon. Pinudji weꞌ de Tuhanin, paꞌinde, ""Gaꞌ teꞌed kite bi bakas ngite sa inin."""
,27,13,Manjari pī ne isab si Isa si susulan lamew Jalil. Patipun pī si iye meꞌ aꞌa maꞌekkahin duk magusihat iye si siye.
,27,14,"Na paglanjalne, takitene si Libi, anak Alpahin, ningkoloꞌ laꞌi si upisinane pagbayed-bayedan sukeyin. Paꞌin si Isa si iye, ""Dayiꞌ kew, nuhut kew aku."" Manjari kuwat si Libi duk nuhut ne iye si Isa."
,27,15,Manjari mangan si Isa laꞌi si lumaꞌ si Libi. Ekka isab meꞌ aꞌa magpāku-pāku sukey duk meꞌ aꞌa dusehan ningkoloꞌ mangan pasumbayaꞌ si iye duk meꞌ tindegnen. Peggeꞌ ekka siye manuhut iyehin.
,27,16,"Niyaꞌ laꞌi meꞌ Pariseo, meꞌ guru si saraꞌ āgama. Pagkitede weꞌ mangan si Isa magsumbayaꞌ duk meꞌ aꞌa dusehan duk meꞌ aꞌa magpāku-pāku sukey, paꞌinde si meꞌ tindeg si Isahin, ""Weꞌey si Isa palamud magkakanan duk meꞌ aꞌa magpāku-pāku sukeyin duk meꞌ aꞌa dusehan sinduwehin?"""
,27,17,"Pagkale si Isa inin, paꞌinne si siye, ""Meꞌ aꞌa saki hep hap doktolin; bang meꞌ makoleꞌin gaꞌ niyaꞌ gunane hap doktol. Dumaꞌin ku pitu miha meꞌ aꞌa mabentelin saguwaꞌ pitu ku miha meꞌ aꞌa dusehanin."""
,27,18,"Manjari baytu magpuwase meꞌ tindeg Yahiyahin duk meꞌ Pariseohin, niyaꞌ meꞌ aꞌa pī pu si Isa nilew iye, paꞌinde, ""Weꞌey magpuwase meꞌ tindeg Yahiyahin duk meꞌ tindeg meꞌ Pariseohin bu meꞌ tindegnun gaꞌi magpuwase?"""
,27,19,"Sambungan si Isa siye si dalilan. Pasaliꞌne meꞌ tindegnen si meꞌ aꞌa si pagkawinan. Paꞌinne, ""Makapagpuwase ke meꞌ aꞌa si pagkawinanin samantaꞌan laꞌi pe si siye pangantin lellahin? Gaꞌi. Samantaꞌan laꞌi pe si siye pangantin lellahin, gaꞌi siye makapagpuwase."
,27,20,"Saguwaꞌ si sinōng inin, bang pinatahalaꞌ ne pangantin lellahin, meke ne siye muwase."""
,27,21,"Manjari magdalilan si Isa sabab panoloꞌ matuꞌuhin duk panoloꞌnen. Paꞌinne, ""Gaꞌ niyaꞌ aꞌa matopak tela baꞌahu, gaꞌ pe kadekdakan, pī si semmek andang. Peggeꞌ bang sa īꞌne, pagngekkeꞌ tela baꞌahuhin, garet balik semmek maꞌandangin duk namba ngaluha garetnen."""
,27,22,"Pinasaliꞌ isab weꞌ si Isa toloꞌnen si boheꞌ ubas baꞌahu inisi dem puyuꞌ kuwit kambing. Paꞌinne, ""Gaꞌ niyaꞌ aꞌa ngisi boheꞌ ubas baꞌahu, mukal-mukal pe, dem puyuꞌ andang. Peggeꞌ bang sa īꞌne, buslad puyuꞌin weꞌ boheꞌ ubasin. Manjari buꞌus boheꞌ ubasin duk magkaꞌat puyuꞌin. Saguwaꞌ subey inisi boheꞌ ubas baꞌahuhin dem puyuꞌ baꞌahu."""
,27,23,"Manjari dambuwaꞌ Sabtuꞌ, ellew liꞌi meꞌ Yahudihin, pabutas si Isa duk meꞌ tindegnen dem tanaꞌ. Paglabey meꞌ tindegnen, ngalupuꞌ siye meꞌ buwaꞌ tanaꞌin."
,27,24,"Manjari paꞌin meꞌ Pariseohin pu si Isa, ""Payamanun be. Weꞌey teꞌ meꞌ tindegnun hinangde tinaggahan saraꞌ si ellew liꞌihin?"""
,27,25,"Nambung si Isa, paꞌinne, ""Gaꞌ ke bakas tabatsabi bang ine hininang Sultan Daꞌudin masa Imam Abiyatar imam nakuraꞌin? Kaꞌinusanan hep si Daꞌud duk meꞌ saweꞌnen duk gaꞌ niyaꞌ kinakande."
,27,26,"Padiyalem hep iye pī si lumaꞌ Tuhanin duk kinakan weꞌ ne pan binettad laꞌi pangurung si Tuhanin. Bu tinaggahan hep weꞌ saraꞌ kinakan pan miyaꞌan, luwal hadja para si meꞌ imam. Duk inurungan isab weꞌ si Daꞌud meꞌ saweꞌnen. Saguwaꞌ gaꞌ du iye makaduse si hininangne miyaꞌan."""
,27,27,"Duk paꞌin si Isa si siye, ""Hininang weꞌ Tuhanin ellew liꞌihin panabang si manusiyaꞌ. Dumaꞌin hangkan pinapanjari manusiyaꞌin supaya hadja tapagaddatanne ellew liꞌihin."
,27,28,"Hangkan aku, Anak Manusiyaꞌin, taga kapatut ku magpaꞌin bang ine-ine mapatut hininang si ellew liꞌihin."""
,28,1,"Manjari, balik si Isa pī dem langgal. Niyaꞌ laꞌi aꞌa sapik tangannen."
,28,2,"Manjari pinateng-patengan si Isa weꞌ meꞌ Pariseo malaꞌihin bang pakoleꞌne ke aꞌa masapik tanganne miyaꞌan si ellew liꞌi, supaya iye katuntutande."
,28,3,"Paꞌin si Isa si aꞌa masapik tangannen, ""Pitu kew nengge tuꞌu."""
,28,4,"Manjari tinilew weꞌ si Isa meꞌ aꞌahin, paꞌinne, ""Bang dem saraꞌ, ine mapatut hininang si ellew liꞌihin? Hinangan makahāp atawa hinangan makalaꞌat? Nimbul aꞌa atawa mapatey?"" Saguwaꞌ gaꞌ niyaꞌ nambung."
,28,5,"Pinayaman siye weꞌ si Isa paliput. Dukka teꞌed ateynen duk astel iye peggeꞌ gaꞌ niyaꞌ aseꞌde si aꞌa. Manjari paꞌinne si aꞌa masapik tangannen, ""Pahintengun tangannun."" Na, pinahinteng weꞌ ne, manjari kawuliꞌan ne tangannen."
,28,6,Magtawus paluwas meꞌ Pariseohin amban langgal duk pī siye magisun duk meꞌ tindeg Sultan Herodin bang saꞌingge si Isa tapapateyde.
,28,7,"Manjari tahalaꞌ si Isa duk meꞌ tindegnen hap pī si higad lamew Jalil. Banes teꞌed aꞌa paturul si iye, dumaꞌin hadja amban lahat Jalil saguwaꞌ amban lahat Yahudiya isab"
,28,8,duk amban Awrusalam duk amban lahat Idumeya duk amban dambiyaꞌan boheꞌ Jordan duk amban meꞌ kalahatan si bihing puweblo Tiros duk Sidon. Meꞌ aꞌa mabanes teꞌed miyaꞌan pī pu si Isa peggeꞌ bakas takalede sabab meꞌ tahinangnen.
,28,9,Dinaꞌak weꞌ si Isa meꞌ tindegnen malebbes bangkaꞌ pasakeyanne supaya iye gaꞌi talaray weꞌ meꞌ aꞌa mabanesin.
,28,10,"Peggeꞌ ekka aꞌa kawuliꞌan weꞌ ne, hangkan meꞌ maniyaꞌ sakinen maglaray pī si iye supaya taꞌantande iye."
,28,11,"Duk hangkan-hangkan iye takite weꞌ meꞌ aꞌa pasayedan seyitanin, pahebbaꞌ siye si harapanne duk magkilahap siye, paꞌinde, ""Kaꞌu iyan Anak Tuhanin."""
,28,12,Saguwaꞌ sinessaꞌan teꞌed weꞌ si Isa meꞌ seyitanin gaꞌi dinaꞌak magaka si meꞌ aꞌa bang sine iye.
,28,13,Manjari pataked si Isa pī si meꞌ kakūdan duk ilinganan weꞌ ne pī si iye meꞌ kinabayaꞌanne manuhut iyehin. Duk pataked siye pī si iye.
,28,14,"Meneꞌ iye sampūꞌ duk duwe amban meꞌ katindegannen duk ēnanne siye meꞌ aꞌa kawakilanin. Paꞌinne si siye, ""Kaꞌam meꞌ tapeneꞌkun naweꞌan aku duk daꞌakte kaꞌam iyan lumengngan magmahalayak lapal Tuhanin."
,28,15,"Taga balakat du kaꞌam iyan pagpaluwas meꞌ seyitan."""
,28,16,"Iye inin sampūꞌ duk duwe pineneꞌnen: si Simon, inēnan isab si Petros,"
,28,17,"si Yakub duk Yahiya, meꞌ anak Sebede, inēnan isab siye weꞌ ne Boanerges. Hātine miyaꞌan, meꞌ aꞌa kuweꞌ lugung."
,28,18,"Pineneꞌ isab weꞌ ne si Andariyas, si Pilip, si Bartolome, si Mateo, si Tomas, si Yakub anak Alpahin, si Taddeo, si Simon aꞌa pangangatuhin"
,28,19,duk si Judas Iskariyot. Si Judas inin iye mamuddihan si Isahin.
,28,20,"Manjari hap lumaꞌ ne si Isa duk meꞌ tindegnen. Saguwaꞌ magtipun balik pī meꞌ aꞌa mabanesin, hangkan gaꞌi ne disi Isa sumaluꞌ bisan mangan."
,28,21,"Pagtakale weꞌ meꞌ usba si Isahin sabab inin, pī siye ngeddoꞌ iye. Peggeꞌ paꞌin meꞌ aꞌahin weꞌ magkaꞌat ne pikilan si Isahin."
,28,22,"Niyaꞌ meꞌ guru si saraꞌ āgama, meꞌ mapadurul amban Awrusalamin missā, paꞌinde, ""Si Isa iyan pasayedan weꞌ Belsebul, nakuraꞌ meꞌ seyitanin, hangkan iye kapagpaluwas meꞌ seyitan."""
,28,23,"Manjari ilinganan meꞌ aꞌa miyaꞌan weꞌ si Isa duk magdalilan iye si siye. Paꞌinne, ""Na, saꞌingge seyitanin maluwas seyitan? Kuweꞌ du iye maluwas dine. Gaꞌi makajari."
,28,24,"Bang saꞌupama niyaꞌ pagsultanan bu magbonoꞌ meꞌ aꞌanen, gaꞌi layun pagsultanan miyaꞌan."
,28,25,"Damikkiyan,"" paꞌin si Isa, ""bang magtewtey-anakin gaꞌi magtuhut pikilan saguwaꞌ luwal magsasaꞌ, ujudnen magkanat-kanat siye."
,28,26,Hangkan bang nakuraꞌ seyitanin magkuntara duk meꞌ tindegne seyitanin gaꞌi layun pagbayaꞌnen saguwaꞌ magtamanan du.
,28,27,"Seyitanin dalilnen aꞌa basag. Gaꞌ niyaꞌ tapī ngahawas si lumaꞌ aꞌa basag bang gaꞌi dahuꞌ ingketanne aꞌa mabasag miyaꞌan, ubus meke ne iye tapangahawas."" 28""Sabennal akahante kaꞌam,"" paꞌin si Isa, ""ampun Tuhanin du kēmon duse aꞌahin duk sasuku bissāne laꞌat si Tuhan."
,28,29,"Saguwaꞌ bang Niyawa Sutsihin binissā-bissāhannen, asal gaꞌi teꞌed iye inampun peggeꞌ dusene miyaꞌan teteg ne laꞌi si iye salama-lama."""
,28,30,"Hangkan si Isa missā si siye sa miyaꞌan, peggeꞌ paꞌinde weꞌ pasayedan seyitan iye."
,28,31,"Na, manjari tekka laꞌi saꞌi si Isahin duk meꞌ pungtinaꞌine lellahin. Nengge siye laꞌi si luwasan lumaꞌ duk daꞌakde iye ilinganan."
,28,32,"Na, banes aꞌa magtingkoloꞌ paliput pu si Isa. Manjari niyaꞌ ngakahan iye, paꞌinne, ""Tuwan, īꞌ laꞌi saꞌinun duk meꞌ pungtinaꞌinun si bukut miha kaꞌu."""
,28,33,"Nambung si Isa, paꞌinne, ""Sine saꞌikun duk sine meꞌ pungtinaꞌikun?"""
,28,34,"Manjari pinayaman weꞌ ne meꞌ magtingkoloꞌ mapaliput si iyehin duk paꞌinne, ""Siye inin saꞌiku duk meꞌ pungtinaꞌiku."
,28,35,"Peggeꞌ sasuku maghinang kinabayaꞌan Tuhanin, iye iyan pungtinaꞌiku lella, pungtinaꞌiku dende duk saꞌiku."""
,29,1,"Balik ne isab si Isa magtoloꞌ laꞌi si higad lamew Jalil. Banes teꞌed aꞌa patipun si iye laꞌi, hangkan pasakey iye duk ningkoloꞌ iye dem bangkaꞌ diyataꞌ lamew. Meꞌ aꞌa mabanesin laꞌi si higad lamew si katakasan."
,29,2,"Magusihat iye si meꞌ aꞌahin duk ekka usihatne si dalilan. Pagusihatnen paꞌinne si siye, 3""Pakalehun bi inin. Niyaꞌ dambuwaꞌ aꞌa pī si tanaꞌne magsabulak binihiꞌ."
,29,4,"Pagsabulakne, niyaꞌ binihiꞌ tapisik si lān. Manjari pī meꞌ manuk-manukin manganne."
,29,5,"Meꞌ binihiꞌ sinduwehin laboꞌ diyataꞌ batu pānas, gaꞌi lalem bulaknen. Mura tomoꞌ binihiꞌin peggeꞌ gaꞌi lalem bulaknen."
,29,6,"Pagsilak ellewin, magtawus ngingking duk peggeꞌ gaꞌi lalem gamutnen, manjari lanes."
,29,7,"Laboꞌ binihiꞌ sinduwehin dem kasampinitan. Samet nulig sampinitin duk katalungan tinanemin, manjari gaꞌ buwaꞌ."
,29,8,"Na, binihiꞌ sinduwehin laboꞌ si kahāpan bulak. Manjari meꞌ binihiꞌ inin tomoꞌ duk nulig duk moꞌo buwaꞌne. Jarinen niyaꞌ ne sarang-sarang, niyaꞌ ne ekka, duk niyaꞌ isab ekka manamal."
,29,9,"Na,"" paꞌin si Isa, ""amey-amey pakalehun bi bang niyaꞌ pinaꞌin si kaꞌam."""
,29,10,"Manjari pagubus ne tahalaꞌ meꞌ aꞌa maꞌekkahin duk luwal saꞌ sampūꞌ duk duwe tindegnen duk meꞌ tindegne sinduwehin malaꞌi si iyehin, tinilew iye weꞌ de bang ine hāti dalilan panoloꞌne miyaꞌan."
,29,11,"Nambung si Isa, paꞌinne, ""Kaꞌurungan ne kaꞌam kataꞌu supaya tahātibi meꞌ tinapukan Tuhan dem pikilannen sabab bang saꞌingge pagbayaꞌne si meꞌ aꞌanen. Saguwaꞌ si meꞌ aꞌa seddilihin, usihatanku siye si meꞌ dalilan,"
,29,12,"supaya siye kuweꞌ tasulat dem kitabin, pinaꞌin,'Asal mayam siye saguwaꞌ gaꞌi siye makakite. Asal pakale siye saguwaꞌ gaꞌi siye makahāti.Peggeꞌ bang siye makakite duk makahāti kaw siye balik si Tuhan, duk ampun Tuhanin siye.' "" 13""Na,"" paꞌin si Isa si siye, ""asal gaꞌi hatiꞌ tasabutbi dalilanku miyaꞌan. Bang sa iyan, gaꞌi du isab tasabutbi kēmon dalilan pagusihatku si kaꞌamin."
,29,14,"Aꞌa magsabulak binihiꞌin,"" paꞌin si Isa, ""bang hināti, iye aꞌa magusihat lapal Tuhan si meꞌ aꞌahin."
,29,15,"Duk meꞌ aꞌa sinduwehin dalil lān bakas kapisikan lapal Tuhanin. Pagkalede lapalin, magtawus pī nakuraꞌ seyitanin ngagew lapalin amban dem pikilande."
,29,16,"Meꞌ aꞌa sinduwehin dalil bulak diyataꞌ batu pānasin isab. Sinabulakan lapalin si siye. Pagkalede lapal Tuhanin, magtawus kahagadde duk kēgan siye."
,29,17,"Saguwaꞌ gaꞌ nganggamut palalem lapal Tuhanin dem ateyde. Hangkan gaꞌ siye makatatas tiggel. Pagtekka kasusehanin atawa bang bininasa siye sabab panuhutde lapalin, gaꞌi ne siye kahagad."
,29,18,Duk meꞌ aꞌa sinduwehin isab dalil kasampinitanin. Siye meꞌ aꞌa makakale lapal Tuhanin
,29,19,"saguwaꞌ luwal siye mikil sabab kasusehande si dunyahin. Iye mamahalgaꞌ si siyehin, meꞌ pangalataꞌden. Duk ekka bayuꞌ-bayuꞌan pagnapsuhande. Hangkan bang dalil tinanemin, katalungan lapal Tuhan bakas takaleden duk gaꞌ magbuwaꞌ."
,29,20,"Saguwaꞌ meꞌ aꞌa sinduwehin, dalil bulak mahāpin. Takalede lapal Tuhanin duk kinahagad weꞌ de. Bang dalil tinanemin, lapal Tuhan bakas takaleden magbuwaꞌ diyalem ateyde. Sinduwehin sarang-sarang buwaꞌnen, sinduwehin ekka duk sinduwehin ekka manamal."""
,29,21,"Manjari paꞌin si Isa si siye, ""Bang kaꞌam magpayitaꞌan, lekkebanbi ke payitaꞌanin duk palanggana atawa bettadbi ke diyawaꞌ kantil? Gaꞌi. Saguwaꞌ bettadbi si tengenanne."
,29,22,"Hāti dalilan inin, kēmon tinapukanin ujud pinaguwaꞌ du. Kēmon manggaꞌi tahāti kuweꞌituhin, ujud pinahāti du."
,29,23,"Amey-amey pakalehun bi bang niyaꞌ pinaꞌin si kaꞌam."""
,29,24,"Paꞌin si Isa isab, ""Asipun bi teꞌed pahāp-hāp ine-ine takalebin. Peggeꞌ bang hāp pangasipbin, hāp isab taꞌeddoꞌbin duk pasōng pe taꞌeddoꞌbin."
,29,25,"Hātine inin, aꞌahin bang pakale pahāp-hāp, pasōng pangahātinen. Saguwaꞌ bang aꞌahin gaꞌi pakale pahāp-hāp, bisan niyaꞌ kataꞌuhanne kuweꞌahat, ujud tahalaꞌ du amban iye."""
,29,26,"Paꞌin si Isa pe, ""Kuweꞌ inin pagbayaꞌ Tuhan si meꞌ aꞌanen. Dalil binihiꞌ sabulakan aꞌa diyataꞌ bulakne."
,29,27,"Pagubus ne sabulakanne, maghinang ne iye meꞌ hinangne sinduwehin. Tuli iye bang sangem duk dongaꞌ iye bang ellew. Manjari binihiꞌin tomoꞌ duk nulig dihananne. Gaꞌi tasabut aꞌahin bang saꞌingge panulignen."
,29,28,"Peggeꞌ tomoꞌ binihiꞌin dihananne duk buwaꞌ. Tagnaꞌ magtuglus, ubus bu betteng, ubus bu bukbus ne."
,29,29,"Pagtahak ne buwaꞌnen, magtawus daꞌak dapuꞌ tanaꞌin pinagani peggeꞌ taꞌabut ne paganihin."""
,29,30,"Manjari paꞌin si Isa, ""Ine pamasaliꞌante bi pagbayaꞌ Tuhan si meꞌ aꞌanen? Duk bang dalilte bi, ine pangandalilante bi iyehin?"
,29,31,"Pagbayaꞌ Tuhan si meꞌ aꞌanen,"" paꞌin si Isa, ""kuweꞌ dalil da bayuꞌ bigi dikiꞌ-dikiꞌ. Bang tinanem nahut manamal bigi inin."
,29,32,"Saguwaꞌ bang tatanem ne, nulig duk ngahadje amban kēmon jambangan. Ngahadje meꞌ pangenen, hangkan makajari meꞌ manuk-manukin ngahinang sabakande laꞌi duk pasayindung laꞌi."""
,29,33,Ekka meꞌ dalilan sa miyaꞌan guna si Isa pangusihatne lapalin si meꞌ aꞌahin.
,29,34,"Gaꞌ iye missā si meꞌ aꞌahin bang dumaꞌin si dalilan, saguwaꞌ bang didine hadja duk meꞌ tindegnen, pinahāti weꞌ ne kēmon meꞌ bissānen si siye."
,29,35,"Manjari ellew miyaꞌan pagmagalib ne, paꞌin si Isa si meꞌ tindegnen, ""Sūng kite bi pī palipag si dambiyaꞌ lamew."""
,29,36,Inambanan weꞌ de meꞌ aꞌa mabanesin. Pasakey meꞌ tindeg si Isahin dem bangkaꞌ andang paningkoloꞌannen duk binoꞌo ne weꞌ de patulak si Isa. Niyaꞌ isab meꞌ bangkaꞌ sinduwe patuhut si siye.
,29,37,"Bessuwang nihup baliyu mabasagin duk patampoꞌ goyakin magdem bangkaꞌ, hangkan sōng pennoꞌ ne weꞌ boheꞌ bangkaꞌin."
,29,38,"Si Isa laꞌi si buliꞌ bangkaꞌ tuli. Maguꞌan iye. Binangun iye weꞌ meꞌ tindegnen. Paꞌinde, ""Tuwan, gaꞌi ke kew gagal bisan kite bi matey?"""
,29,39,"Manjari dongaꞌ si Isa duk pinadeheng weꞌ ne baliyuhin. Duk missā iye si lamewin, paꞌinne, ""Sarang ne. Pateddoꞌ kew."" Magtawus padeheng baliyuhin duk teddoꞌ ne teꞌed lamewin. 40""Weꞌey kaꞌam tinalew?"" paꞌin si Isa si meꞌ tindegnen. ""Gaꞌi pe kaꞌam sandel si aku?"""
,29,41,"Tinalew teꞌed siye. Hangkan magtilew-tinilew siye, paꞌinde, ""Aꞌahey inin? Bisan baliyuhin duk goyakin nuhut pangandaꞌakannen!"""
,30,1,"Manjari tekka si Isa duk meꞌ tindegnen si dambiyaꞌ lamew Jalil, laꞌi si lahat meꞌ aꞌa Gerasa."
,30,2,"Pagduwaꞌi si Isa amban dem bangkaꞌ, niyaꞌ pasampang si iye dambuwaꞌ aꞌa amban meꞌ kakubulan. Aꞌa inin pasayedan seyitan."
,30,3,Paglahatannen si meꞌ lingab pagkubulan duk gaꞌi teꞌed iye kaꞌingketan weꞌ aꞌa bisan pe karena pangingket iyehin.
,30,4,"Daran iningketan tangannen duk bettisnen, saguwaꞌ ubus hadja bekkat-bekkatne karenahin. Gaꞌ niyaꞌ aꞌa basag makagapus iye."
,30,5,Ellew-sangem luwal iye magkolehak si meꞌ kakubulan duk si kakūdan duk ngehet dine duk batu.
,30,6,"Pagkitene si Isa amban katalahan, magubas iye pī pasujud si iye. 7-8,Manjari paꞌin si Isa si seyitanin, ""Paluwas kew amban aꞌa iyan, seyitan."" Maggasud seyitanin papales, paꞌinne, ""Gaꞌ niyaꞌ lamudnu si aku, Isa. Kaꞌu Anak Tuhanin, iye Tuhan Malangkewin. Iyuꞌ pakale Tuhanin, junjungku si kaꞌu, daꞌa ku binasahun."""
,30,9,"Manjari tinilew iye weꞌ si Isa, paꞌinne, ""Sine ēnnun?"" Nambung iye, paꞌinne, ""Ēnkun si Ibuhan peggeꞌ ekka kami inin."""
,30,10,"Duk pabuyuꞌ-buyuꞌ teꞌed meꞌ seyitanin pu si Isa, gaꞌi siye makapatahalaꞌ amban lahat miyaꞌan."
,30,11,"Manjari niyaꞌ magsungkal laꞌi diyataꞌ bīd panenan bawi, ekka manamal."
,30,12,"Pabuyuꞌ-buyuꞌ meꞌ seyitanin pu si Isa, paꞌinde, ""Daꞌakun kami pī si meꞌ bawi miyaꞌan duk padiyalemun kami magdem barande."""
,30,13,"Na, dinaꞌak ne siye weꞌ si Isa. Manjari paluwas meꞌ seyitanin amban aꞌahin duk padiyalem ne siye pī magdem baran meꞌ bawihin. Magtawus panenan bawihin magubas padurul pī si pampang magdem lamew duk lambo siye kēmon. Meꞌ bawihin niyaꞌ kulang-labi duwe ngibu ekkahanden."
,30,14,"Manjari meꞌ aꞌa magipat meꞌ bawi miyaꞌan, magubas duk magaka-aka siye laꞌi si puweblo duk si meꞌ lahat diyataꞌ. Manjari hap pī meꞌ aꞌahin mayaman bakas maꞌumantag miyaꞌan."
,30,15,"Pagtekkade laꞌi pu si Isa, takitede aꞌa bakas pasayedan seyitan maꞌekkahin. Ningkoloꞌ iye laꞌi magsemmek ne duk hāp ne pikilannen. Manjari tinalew siye."
,30,16,"Ubus inaka-akahan ne siye weꞌ meꞌ aꞌa bakas mangitehin sabab maꞌumantag si aꞌa pasayedan seyitanin, duk sabab meꞌ bawihin."
,30,17,"Ubus pabuyuꞌ-buyuꞌ meꞌ aꞌa lahat miyaꞌan pu si Isa, dinaꞌak iye tahalaꞌ amban lahatde."
,30,18,"Pagsakey si Isa magdem bangkaꞌ, aꞌa bakas pasayedan seyitanin pabuyuꞌ-buyuꞌ nuhut iye."
,30,19,"Saguwaꞌ gaꞌ iye dinaꞌak weꞌ si Isa. Paꞌin si Isa si iye, ""Moleꞌ ne kew pī si lahatnu. Akahanun meꞌ kaꞌusbahannun sabab hinangan hadje bakas tahinang Tuhan si kaꞌuhin duk sabab aseꞌne si kaꞌuhin."""
,30,20,"Manjari lumengngan ne aꞌahin duk ilatag weꞌ ne lahat inēnan Sampūꞌ Puweblohin duk magaka-aka iye sabab hinangan hadje bakas tahinang si Isa si iyehin. Kēmon meꞌ aꞌa makakale inin, bengngangan teꞌed."
,30,21,Manjari palipag ne isab si Isa magbangkaꞌ pī si dambiyaꞌ lamew Jalil. Banes ne isab teꞌed aꞌa patipun pī si iye paglaꞌi iye si higad lamew.
,30,22,"Niyaꞌ aꞌa pī si iye inēnan si Jairus. Aꞌa inin dambuwaꞌ nakuraꞌ si langgal meꞌ Yahudihin. Pagkitene si Isa, pī iye pasujud si antag bettisne."
,30,23,"Duk pabuyuꞌ-buyuꞌ teꞌed iye pu si Isa, paꞌinne, ""Tuwan, anakku dende-dendehin sōng ne matey. Dayiꞌ ne kew duk bettadun meꞌ tangannun si iye supaya du iye koleꞌ duk ellum du iye."""
,30,24,Manjari nuhut ne si Isa iye. Meꞌ aꞌa mabanes teꞌedin patuhut pu si Isa duk maglaray siye pī si iye.
,30,25,"Manjari niyaꞌ isab laꞌi dende saki, luwal paguwaꞌan lahaꞌ. Sampūꞌ duk duwen tahun ne kemuwe kasakinen."
,30,26,Duk magsandal teꞌed iye si antanan meꞌ doktol maꞌekkahin duk ubus ne tagastune kēmon sīnnen. Saguwaꞌ gaꞌ du iye ngahāp. Nambahi hadja pasōng sakinen.
,30,27,Manjari takalene aka-aka sabab si Isahin. Hangkan pī iye patapit si bukutan si Isa palagumey si meꞌ aꞌahin.
,30,28,"Paꞌinne dem pikilanne, ""Bang hadja taꞌantanku badjuꞌnen, asal kawuliꞌan ku."""
,30,29,"Pagantanne, magtawus padeheng paglahaꞌnen duk takalessane si baranne weꞌ kawuliꞌan ne sakinen."
,30,30,"Magtawus isab takalessa si Isa weꞌ niyaꞌ balakat paluwas amban baranne. Manjari padeheng iye duk hinarap weꞌ ne meꞌ aꞌa si dambulihanin duk paꞌinne, ""Sine bakas mangantan badjuꞌkun?"""
,30,31,"Paꞌin meꞌ tindegnen si iye, ""Kitenu ne, Tuwan, meꞌ aꞌa mabanes mapalaray si kaꞌu inin, magtilew pe kew bang sine bakas mangantan kaꞌuhin?"""
,30,32,"Saguwaꞌ mayam iye paliput, mayaman bang sine bakas mangantan iyehin."
,30,33,"Manjari dendehin, peggeꞌ kataꞌuhanne weꞌ kawuliꞌan ne sakinen, pī iye patapit pu si Isa migpid peggeꞌ tinalew iye. Pasujud iye si antag bettis si Isa duk magaka ne iye magsabennal."
,30,34,"Paꞌin si Isa si iye, ""Dende, kawuliꞌan ne kew peggeꞌ sandel kew si aku. Pī ne kew, daꞌa kew suse. Kawuliꞌan ne teꞌed sakinun."""
,30,35,"Manjari, sasang si Isa pe mamissā si dendehin, niyaꞌ ne meꞌ aꞌa tekka pī amban lumaꞌ si Jairus. Paꞌinde pu si Jairus, ""Anaknu dendehin gaꞌ ne. Daꞌa ne sasewun guruhin."""
,30,36,"Saguwaꞌ gaꞌ inasip weꞌ si Isa inakade miyaꞌan. Paꞌinne pu si Jairus, ""Daꞌa kew tinalew. Sandel kew hadja."""
,30,37,"Gaꞌ niyaꞌ patuhut si Isa si iye seddili, luwal si Petros duk duwe magpungtinaꞌihin, si Yakub duk Yahiya."
,30,38,"Pagtekkade laꞌi si lumaꞌ si Jairus, takitene meꞌ aꞌa malaꞌihin hewuhalaꞌ. Magtāring siye duk magmatey papales."
,30,39,"Padiyalem si Isa duk paꞌinne si siye, ""Weꞌey kaꞌam iyan hewuhalaꞌ duk magmatey? Dumaꞌin hep matey nakanakin saguwaꞌ tuli hadja."""
,30,40,Pinagsayehan iye weꞌ de. Saguwaꞌ pinaluwas siye kēmon weꞌ si Isa. Ubus bu binoꞌo weꞌ ne saꞌi-sama nakanakin duk tindegne tellunganin padiyalem pī si bilik palaꞌihan nakanakin.
,30,41,"Inantanan weꞌ ne tangan nakanakin duk paꞌinne si iye, ""Talita kumi."" Bang si bissāte bi hātinen, ""Endeng, paꞌinku si kaꞌu, dongaꞌ kew."""
,30,42,Magtawus nakanakin dongaꞌ duk lumengngan ne dem lumaꞌ. Umulnen sampūꞌ duk duwen tahun. Bengngangan teꞌed siye.
,30,43,Manjari sinessaꞌan teꞌed siye weꞌ si Isa gaꞌi siye dinaꞌak magaka-aka si meꞌ aꞌa sabab inin. Duk dinaꞌak weꞌ ne pinakan nakanakin.
,31,1,"Tahalaꞌ si Isa duk pī iye si lahatne, si Nasaret. Nuhut iye isab meꞌ tindegnen."
,31,2,"Manjari pagellew Sabtuꞌ, ellew liꞌi meꞌ Yahudihin, nagnaꞌ ne isab iye magusihat dem langgal. Ekka mapakale si iyehin ulaliꞌ. Paꞌinde, ""Uy, antag pangeddoꞌanne pangadjiꞌne inin? Duk kataꞌu ine ne pangurung iye inin? Saꞌingge pangahinangne meꞌ hinangan balakat īꞌen?"
,31,3,"Takilalete bi hep aꞌa inin. Iye inin kalpentero, anak Mariyamin. Pungtinaꞌine hep disi Yakub duk si Joses duk si Judas duk si Simon. Duk meꞌ pungtinaꞌine dendehin tiyaꞌ du hep tuꞌu si lahatte bi."" Duk peddiꞌ ateyden pu si Isa."
,31,4,"Hangkan paꞌin si Isa si siye, ""Pagaddatan nabihin antag-antag. Saguwaꞌ bang si lahatne duk dem kaꞌusbahanne duk si lumaꞌne, gaꞌi iye pagaddatan."""
,31,5,"Duk gaꞌ si Isa makahinang hinangan balakatan laꞌi, bukut hadja amban pamettadne meꞌ tanganne si meꞌ aꞌa saki bang piyanganin duk pinakoleꞌ siye weꞌ ne."
,31,6,Ulaliꞌ teꞌed iye bang weꞌey meꞌ aꞌa malaꞌihin gaꞌi kahagad si iye.Manjari lumengngan si Isa ngalatag meꞌ kalumaꞌan si lahat miyaꞌan duk magusihat iye laꞌi.
,31,7,Manjari ilinganan weꞌ ne tindegne sampūꞌ duk duwehin pī si iye duk dinaꞌak siye weꞌ ne lumengngan duwangan-duwangan magmahalayak lapal Tuhanin. Inurungan isab siye weꞌ ne balakat maluwas meꞌ seyitan.
,31,8,Duk sinessaꞌan siye weꞌ ne subey siye gaꞌi magboꞌo ine-ine si palengngananden. Subey siye gaꞌi magboꞌo kinakan atawa puyuꞌ pangisi-ngisihan atawa pilak dem sabitande. Luwal hadja tungkud makajari boꞌode.
,31,9,Makajari siye magtehompaꞌ saguwaꞌ gaꞌi siye makajari magboꞌo badjuꞌ seddili amban si baranden.
,31,10,"Duk paꞌin si Isa si siye, ""Antag-antag kalumaꞌan katekkahanbi, bang kaꞌam dinaꞌak manaꞌik weꞌ aꞌa pī si lumaꞌne, daꞌa ne kaꞌam usaꞌ tiggelanbi laꞌi si lahat miyaꞌan."
,31,11,"Duk bang niyaꞌ kalumaꞌan papīhanbi bu meꞌ aꞌahin gaꞌi ngaddatan kaꞌam, duk gaꞌi mabayaꞌ pakale si kaꞌam, tahalaꞌ kaꞌam amban kalumaꞌan miyaꞌan. Pagpaganun bi dahuꞌ leppug bettisbin, tandaꞌ weꞌ muwas ne kaꞌam si siye, ubus bu tahalaꞌ ne kaꞌam."""
,31,12,Manjari lumengngan ne siye magmahalayak weꞌ subey meꞌ aꞌahin pagsusunande meꞌ duseden duk lebbahande ne meꞌ hinangande malaꞌatin.
,31,13,Ekka meꞌ seyitan tapaluwas weꞌ de duk ekka aꞌa saki sinusutan weꞌ de isellan duk pinakoleꞌ weꞌ de.
,31,14,"Manjari takale weꞌ Sultan Herod sabab meꞌ hinangan balakat tahinang si Isahin peggeꞌ bawag ne hep ēn si Isahin. Magbissā-bissā meꞌ aꞌahin sabab si Isa. Niyaꞌ magpaꞌin, ""Ellum ne balik Yahiya magpandi-pandi aꞌahin hangkan hep tahinangne meꞌ hinangan balakatan miyaꞌan."""
,31,15,"Saguwaꞌ paꞌin sinduwehin isab, ""Nabi Eliyas hatu miyaꞌan."" Duk niyaꞌ pe isab sinduwe magpaꞌin, ""Nabi hep hatu iye miyaꞌan, kuweꞌ meꞌ nabi awwalley."""
,31,16,"Saguwaꞌ pagkale si Herod inin, paꞌinne, ""Si Yahiya miyaꞌan, bakas dinaꞌakku pinunggelanin. Ellum iye balik."" 17-19,Peggeꞌ Sultan Herod hep mangandaꞌak niggew Yahiyahin duk dinaꞌak kinalabusu weꞌ ne. Kuweꞌ inin kahalanne miyaꞌan: Sultan Herod inin, inanda weꞌ ne ipalnen, Herodiyas, bu ellum pe salinen si Pilip, ella Herodiyasin. Manjari sakaliꞌ ne siye magdambuwaꞌ, inamāhan sultanin weꞌ Yahiya. Paꞌin Yahiya si iye, ""Gaꞌi halal bang kew magdambuwaꞌ duk anda pungtinaꞌinun. Magduse kew."" Na, iye miyaꞌan sababnen hangkan binantahan weꞌ Herodiyas si Yahiya duk batang papateyne. Saguwaꞌ gaꞌi dinaꞌak weꞌ sultanin,"
,31,20,"peggeꞌ pagaddatan weꞌ Sultan Herod Yahiya. Kataꞌuhanne weꞌ Yahiya aꞌa bentel duk sutsi ateynen. Hangkan inelligan iye weꞌ sultanin duk inisi weꞌ ne dem kalabusu duk iye gaꞌi tapapatey. Mabayaꞌ pakale si Herod pu Yahiya magusihat, saguwaꞌ pagkalene iye, sasew dem pikilannen."
,31,21,"Manjari dambuwaꞌ ellew katumanan du kinabayaꞌan Herodiyasin. Pagtekka ellew pangesseban panganak pu Sultan Herodin, ngahinang si Herod pagjamu-jamuhan para si meꞌ bagellal si pagsultanannen duk si meꞌ kapitan kasundaluhannen, duk si meꞌ aꞌa langkew si lahat Jalil miyaꞌan."
,31,22,"Manjari paglaꞌi ne siye kēmon magtipun, padiyalem pī anak Herodiyas dendehin mansak. Na, kasulutan si Herod duk meꞌ bisitanen. Manjari paꞌin sultanin si budjangin, ""Māku kew si aku. Ine-ine kabayaꞌannu, pangurungku kaꞌu."""
,31,23,"Duk napa pe iye, paꞌinne, ""Ine-ine pākunu si aku, asal pangurungku teꞌed kaꞌu, bisan pe dan tengaꞌ pangalataꞌkun."""
,31,24,"Paluwas budjangin duk tinilew weꞌ ne saꞌinen, paꞌinne, ""Inaꞌ, ine enteꞌ pākuku?"" Nambung saꞌinen, ""Pākuhun kōk si Yahiya magpandi-pandi aꞌahin."""
,31,25,"Magtawus padiyalem balik budjangin magdayiꞌ-dayiꞌ pī si sultanin māku, paꞌinne, ""Tuwan, iye inin pinākukun. Pangurungun aku duꞌun-duꞌun kōk Yahiya magpandi-pandi aꞌahin binettad diyataꞌ talam."""
,31,26,"Magsusun teꞌed sultanin, saguwaꞌ gaꞌi iye bayaꞌ dapat si bissānen peggeꞌ bakas iye napa si panaꞌanan meꞌ bisitanen."
,31,27,Magtawus ne dinaꞌak weꞌ sultanin dambuwaꞌ sundalu amban meꞌ guwaldiyanen pī ngeddoꞌ kōk Yahiyahin. Manjari pī ne sundaluhin munggelan Yahiya dem kalabusu.
,31,28,Ubus binoꞌo weꞌ ne kōknen binettad diyataꞌ talam duk pinangurung ne weꞌ ne si budjangin. Manjari pinangurung isab weꞌ budjangin si saꞌinen.
,31,29,"Pagkale meꞌ tindeg si Yahiyahin inin, pī siye ngeddoꞌ bangkeynen duk kinubul weꞌ de."
,31,30,Manjari meꞌ aꞌa bakas kawakilan weꞌ si Isahin magtipun ne balik pī si iye. Inaka-akahan weꞌ de si Isa kēmon meꞌ bakas tahinangden duk meꞌ pamanoloꞌden. Ekka hep aꞌa maggew-gantiꞌ pī si siye hangkan gaꞌi ne siye bisan makasaluꞌ mangan.
,31,31,"Hangkan paꞌin si Isa si siye, ""Sūng kite bi pī si lahat makagindew-gindew, kite-kite bi hadja duk kaꞌam kapahali-hali daddaliꞌ."""
,31,32,"Manjari tahalaꞌ siye magbangkaꞌ pī si lahat makagindew-gindew, siye-siye hadja."
,31,33,Saguwaꞌ ekka aꞌa ngite siye patahalaꞌden duk makakilale siye. Manjari magubas meꞌ aꞌahin amban meꞌ kalumaꞌan hap pī duk dumehellu pe siye tekka amban disi Isa laꞌi si dambiyaꞌ lamew.
,31,34,"Pagtakas si Isa, banes teꞌed aꞌa kitene duk maꞌaseꞌ iye si siye, peggeꞌ kuweꞌ siye meꞌ bili-bili gaꞌ niyaꞌ ngipat siye. Manjari ekka pamanoloꞌne siye."
,31,35,"Pagkohap ne, pī meꞌ tindegnen si iye duk paꞌinde, ""Lahat gaꞌi hep inin tantu papituhan aꞌa bu iyuꞌ ne kohap teꞌed."
,31,36,"Daꞌakun meꞌ aꞌa inin pī si meꞌ aꞌa magtinanemin laꞌi si kalahatan diyataꞌ duk si meꞌ kalumaꞌan mapaliputin duk siye makabelli kinakande."""
,31,37,"Saguwaꞌ paꞌin si Isa si siye, ""Kaꞌam ne mamakan siyehin."" Paꞌinde si iye, ""Na, inumey inin? Sa banes aꞌa iyan, subey tangdan aꞌa maghinang dem walum bulan pamelli panin pamakan siye iyan."""
,31,38,"Tilew si Isa siye, paꞌinne, ""Piyek kayuꞌ panbi lu? Pī koꞌ, payamanun bi."" Pagsakaliꞌ ne kataꞌuhande, paꞌinde, ""Lime du panin duk duwe kenna."""
,31,39,Manjari dinaꞌak siye weꞌ si Isa ningkoloꞌ kēmon magtumpuk-tumpuk diyataꞌ balili.
,31,40,"Hangkan ningkoloꞌ ne siye magtumpuk-tumpuk, niyaꞌ ne dahatus-dahatus duk niyaꞌ ne lime-limempūꞌ."
,31,41,"Manjari ineddoꞌ weꞌ si Isa pan lime kayuꞌin duk kenna duwehin, bu mayam iye magdiyataꞌ langit magpasalamat si Tuhan. Ubus bu binahagiꞌ-bahagiꞌ weꞌ ne panin duk pinangurung weꞌ ne si meꞌ tindegnen dinaꞌak pangurung si meꞌ aꞌahin. Damikkiyan isab kenna duwehin binahagiꞌ-bahagiꞌ weꞌ ne si siye kēmon."
,31,42,Mangan siye kēmon duk esso siye.
,31,43,"Pagubus siye mangan, tinipun weꞌ meꞌ tindeg si Isahin lukasde pan duk kennahin, sampūꞌ duk duwe bakaꞌ pennoꞌ."
,31,44,"Ekkahan mamangan pan miyaꞌan, meꞌ lellahin hadja niyaꞌ lime ngibu."
,31,45,"Puwas miyaꞌan, magtawus dinaꞌak weꞌ si Isa meꞌ tindegnen pasakey dem bangkaꞌ. Pinadehellu siye weꞌ ne pī si dambiyaꞌ lamew si puweblo Betsaida, sābune pe mapoleꞌ meꞌ aꞌahin."
,31,46,"Pagubus ne siye patahalaꞌne, pī iye diyataꞌ kūd missā si Tuhan."
,31,47,"Pagsangem ne, laꞌi ne si tengngaꞌ lamew bangkaꞌin. Si Isa laꞌi pe diyataꞌ kūd dendangan."
,31,48,"Kitene meꞌ tindegnen kahunitan teꞌed peggeꞌ pasumbal si siye baliyuhin. Pagdayiꞌ ellew ne, pī si Isa si siye lumengngan diyataꞌ kuwit-kuwit lamew. Sōng hadja siye labeyanne,"
,31,49,saguwaꞌ takite meꞌ tindegnen iye lumengngan diyataꞌ kuwit-kuwit lamew duk kannalde weꞌ panyataꞌ iye. Magkilahap teꞌed siye.
,31,50,"Peggeꞌ kēmon siye takitede iye duk kaꞌumagadan siye. Saguwaꞌ magtawus si Isa missā si siye duk paꞌinne, ""Pahagetun bi ateybin. Aku hep ituꞌ. Daꞌa kaꞌam tinalew."""
,31,51,"Manjari pasakey si Isa pī si siye magdem bangkaꞌ. Pagsakeyne, padeheng baliyuhin hangkan bengngangan teꞌed meꞌ tindeg si Isahin."
,31,52,"Peggeꞌ bisan ne bakas takitede balakat si Isahin pamakanne aꞌa lime ngibuhin, gaꞌi pe teꞌed tasabutde bang ine hāti bakas takiteden."
,31,53,"Pagsakaliꞌ ne siye lumipag, tekka siye si lahat Gennesaret duk padungguꞌ siye si tapiyan."
,31,54,"Pagduwaꞌide amban bangkaꞌ, magtawus si Isa takilale weꞌ meꞌ aꞌahin."
,31,55,Manjari magubas meꞌ aꞌahin ngalatag kalahatan mapaliputin duk binoꞌo weꞌ de meꞌ aꞌa masakihin diyataꞌ tanggungande bisan antag pakakalehande palaꞌihan si Isahin.
,31,56,"Antag-antag katekkahanne, si meꞌ kalumaꞌan ke, atawa si puweblo, atawa si lahat diyataꞌ, pinabāk weꞌ de meꞌ masakihin si meꞌ tabuꞌan duk pabuyuꞌ-buyuꞌ siye pu si Isa bang makajari antan meꞌ masakihin bisan hadja tuggu semmeknen. Na, kēmon makaꞌantan iyehin kawuliꞌan."
,32,1,Manjari magtipun meꞌ Pariseohin pī pu si Isa magtuhut duk bang piyangan guru si saraꞌ āgama amban Awrusalam.
,32,2,Takitede meꞌ tindeg si Isahin mangan. Kaharaman siye peggeꞌ meꞌ tindeg si Isahin mangan bu gaꞌ siye ngosoꞌ tangan makasutsi nuhut addat duk panoloꞌ meꞌ Pariseohin.
,32,3,"Addat meꞌ Pariseohin duk kēmon ne meꞌ Yahudihin, gaꞌi hep siye mangan bang gaꞌi dahuꞌ siye kapangosoꞌ tangan nuhut biꞌat-biꞌatan meꞌ kapapuꞌanden."
,32,4,"Bang siye tekka amban tabuꞌan, gaꞌi siye mangan bang gaꞌi dahuꞌ siye kapangosoꞌ kuweꞌ miyaꞌan. Duk ekka pe meꞌ biꞌat-biꞌatan seddili tuhutde kuweꞌ pagkosoꞌ meꞌ tikung, meꞌ kaldero duk meꞌ siliꞌ."
,32,5,"Hangkan tinilew weꞌ meꞌ Pariseohin duk meꞌ guru si saraꞌ āgamahin si Isa, paꞌinde, ""Weꞌey meꞌ tindegnun gaꞌi nuhut biꞌat-biꞌatan meꞌ kapapuꞌanten bi? Weꞌey siye mangan bisan siye gaꞌ bakas ngosoꞌ tangan makasutsi?"""
,32,6,"Nambung si Isa, paꞌinne, ""Kaꞌam iyan magmā-mā nuhut Tuhan bu gaꞌi du. Asal bennal teꞌed bissā Tuhan sinulat Nabi Isaya sabab kaꞌamin. Laꞌi paꞌin Tuhanin,'Meꞌ aꞌa inin pahadjede ku duk behede, saguwaꞌ ateyden gaꞌi nuhut aku."
,32,7,"Gaꞌ gunane pagsambahayangde si akuhin, peggeꞌ meꞌ pamanoloꞌden hinang-hinang aꞌa hadja bu paꞌinde amban aku,' paꞌin Tuhanin. 8""Tinayikutan weꞌ bi meꞌ pangandaꞌakan Tuhanin,"" paꞌin si Isa, ""duk iye tinuhutbin meꞌ biꞌat-biꞌatan aꞌa."
,32,9,"Asal pandey kaꞌam,"" paꞌin si Isa. ""Tinayikutan weꞌ bi meꞌ pangandaꞌakan Tuhanin supaya tatuhutbi biꞌat-biꞌatan kapapuꞌanbin."
,32,10,"Peggeꞌ, missā hep Tuhanin dem saraꞌ pinangurungne pu si Musa para si meꞌ aꞌahin, paꞌinne, 'Pagaddatanun bi saꞌi-samabin.' Duk 'Sine-sine missāhan saꞌinen atawa samanen laꞌatan, subey teꞌed iye pinapatey.'"
,32,11,"Saguwaꞌ kaꞌam,"" paꞌin si Isa, ""si saraꞌ hininang-hinangbin hadja, paꞌinbi weꞌ bang niyaꞌ aꞌa magpaꞌin si saꞌi-samanen, 'Gaꞌ ne niyaꞌ panabangku kaꞌam, Ammaꞌ atawa Inaꞌ, kulban ne, hātinen tapangurungku ne alataꞌkun si Tuhan,'"
,32,12,"na, bang kuweꞌ miyaꞌan bissā aꞌahin,"" paꞌin si Isa, ""gaꞌi ne iye pahinangbi ine-ine panabangne meꞌ matettoꞌanen."
,32,13,"Na, sa hinanganbi iyan, gaꞌi du pinagmasi weꞌ bi pangandaꞌakan Tuhanin peggeꞌ iye pamanoloꞌbin meꞌ biꞌat-biꞌatan kapapuꞌanbin. Duk ekka pe hinanganbi sa miyaꞌan."""
,32,14,"Puwas miyaꞌan, ilinganan ne isab balik weꞌ si Isa meꞌ aꞌahin pī si iye duk paꞌinne si siye, ""Pakale kaꞌam kēmon si aku duk tahātibi bissāku inin:"
,32,15,"Dumaꞌin kinakan mapadiyalem si baran aꞌahin makaharam iyehin. Saguwaꞌ iye makaharam iyehin, meꞌ mapaluwas amban ateynen."
,32,16,"Amey-amey pakalehun bi bang niyaꞌ pinaꞌin si kaꞌam."""
,32,17,"Pagtumahalaꞌ ne disi Isa amban meꞌ aꞌahin, padiyalem siye dem lumaꞌ. Tinilew iye weꞌ meꞌ tindegnen sabab panoloꞌne miyaꞌan."
,32,18,"Paꞌinne si siye, ""Sampay kaꞌam isab, gaꞌi tahātibi? Gaꞌi ke tahātibi weꞌ bisan kinakan ine padiyalem dem baran aꞌa gaꞌi makaharam iye?"
,32,19,"Peggeꞌ gaꞌi hep inin padiyalem dem ateyne saguwaꞌ dem bettengne hadja, ubus bu pinaluwas du."" Bissā si Isa miyaꞌan magpahāti weꞌ gaꞌ niyaꞌ kinakan haram, kēmon halal."
,32,20,"Paꞌin si Isa pe, ""Mapaluwas amban atey aꞌahin, iye iyan makaharam iyehin."
,32,21,"Peggeꞌ amban dem ateyne paguwaꞌ meꞌ pikilanne malaꞌatanin, pagjinahin, pagtangkewin duk pagpapateyin."
,32,22,"Damikkiyan amban dem atey aꞌa, paguwaꞌ pagnapsuhin, pagakkalin, pagbaꞌisin, pagibegin, paglimut-limutin, paglangkew ateyin, pagkadupanganin, duk kēmon ne hinangan malaꞌatin."
,32,23,"Kēmon meꞌ malaꞌat inin paluwas amban dem atey aꞌa duk iye makaharam iyehin."""
,32,24,"Manjari tahalaꞌ si Isa billaꞌi duk hap pī iye si dambuwaꞌ lahat tapit si puweblo Tiros. Paglaꞌi iye, padiyalem iye si dambuwaꞌ lumaꞌ, duk laꞌi iye patennaꞌ. Kabayaꞌannen weꞌ gaꞌ niyaꞌ ngataꞌu weꞌ laꞌi iye. Saguwaꞌ ujud kataꞌuhan du."
,32,25,"Niyaꞌ dende laꞌi bakas takalene sabab si Isa. Pagkalene weꞌ īꞌ laꞌi si Isa, magtawus iye hap pī pasujud si bettis si Isa. Dende miyaꞌan taga anak dende-dende pasayedan seyitan."
,32,26,"Dumaꞌin Yahudi dende miyaꞌan saguwaꞌ bangsa Penisiya iye, amban lahat Siriya. Na, manjari pabuyuꞌ-buyuꞌ iye pu si Isa pakipaluwasne seyitanin amban anaknen."
,32,27,"Missā si Isa si iye si dalilan, paꞌinne, ""Subey pinaꞌesso dehellu meꞌ anakin peggeꞌ gaꞌi patut ineddoꞌ kinakan meꞌ anakin bu ilakasan pī si meꞌ asu."" 28""Bennal, Tuwan,"" paꞌin dendehin. ""Saguwaꞌ bisan du meꞌ asu diyawaꞌ lamisahanin, kakande du mapagpag weꞌ meꞌ mākanakin."""
,32,29,"Manjari paꞌin si Isa si iye, ""Hap lumaꞌ ne kew. Sabab bissānu iyan, paluwas ne seyitanin amban anaknun."""
,32,30,Hap lumaꞌ ne dendehin duk kitene anaknen pabāk-bāk diyataꞌ kantil. Ubus ne paluwas seyitanin amban iye.
,32,31,Manjari tahalaꞌ si Isa amban meꞌ kalahatan si Tirosin balik pī si antag lamew Jalil. Binutasan weꞌ ne lahat Sidonin palabey amban lahat ēnande Sampūꞌ Puweblohin.
,32,32,"Niyaꞌ dambuwaꞌ aꞌa bisu duk engngeꞌ binoꞌo weꞌ aꞌa pī pu si Isa. Pabuyuꞌ-buyuꞌ siye pu si Isa, pakibettad tangannen si iye."
,32,33,Manjari binoꞌo weꞌ si Isa aꞌahin tahalaꞌ amban dem meꞌ kaꞌekkahanin. Ubus pinapī weꞌ ne meꞌ timbōꞌnen dem tayinge aꞌahin. Ngaluraꞌ isab iye ubus bu inantan weꞌ ne dellaꞌ aꞌahin.
,32,34,"Manjari mayam si Isa magdiyataꞌ langit duk magnapas iye pinahadje duk paꞌinne si aꞌahin, ""Eppata!"" Hātinen, ""Paluka kaꞌam!"""
,32,35,Magtawus tayinge aꞌahin makakale duk ngalokaꞌ ne dellaꞌnen duk pastiꞌ ne pamissānen.
,32,36,"Manjari sinessaꞌan meꞌ aꞌahin weꞌ si Isa weꞌ subey siye gaꞌi magaka-aka pu sine-sine. Saguwaꞌ iye-iye panessaꞌnen, pasōng pe teꞌed pangaka-ngakade sabab inin."
,32,37,"Duk bengngangan teꞌed meꞌ aꞌahin. Paꞌinde, ""Uy, asal hāp teꞌed kēmon hinanganne inin. Bisan aꞌa mabisuhin makakale weꞌ ne duk aꞌa maꞌumewin makabissā weꞌ ne."""
,33,1,"Gaꞌ tiggel puwas miyaꞌan, banes ne teꞌed isab aꞌa patipun pī pu si Isa bu gaꞌ ne niyaꞌ kakande. Manjari ilinganan weꞌ si Isa meꞌ tindegnen pī si iye duk paꞌinne si siye, 2""Maꞌaseꞌ ku si meꞌ aꞌa mabanes inin peggeꞌ tellum bahangi ne kuweꞌitu patuꞌude si akuhin bu gaꞌ ne niyaꞌ kakande."
,33,3,"Bang siye papoleꞌku gaꞌ bakas mangan, kinawugtuꞌ siye iyan si lān. Bu meꞌ sinduwe inin tala pamoleꞌanden."""
,33,4,"Paꞌin meꞌ tindegnen si iye, ""Na, antag kite ngeddoꞌ kinakan pamakan siye tuꞌu si lahat makagindew-gindew inin?"""
,33,5,"Manjari tilew si Isa siye, ""Piyek kayuꞌ panbi lu?"" Paꞌinde, ""Pituꞌ."""
,33,6,Manjari dinaꞌak weꞌ ne meꞌ aꞌa mabanesin ningkoloꞌ diyataꞌ bulak. Ineddoꞌ weꞌ ne pan pituꞌin duk magpasalamat iye si Tuhan. Ubus bu binahagiꞌ-bahagiꞌ weꞌ ne panin duk pinangurung weꞌ ne si meꞌ tindegnen dinaꞌak pinangurung si meꞌ aꞌahin. Duk pinangurung ne weꞌ de.
,33,7,"Niyaꞌ isab kenna dikiꞌ bang piyek kayuꞌ. Pagubus si Isa magpasalamat si Tuhan, dinaꞌak isab weꞌ ne pangurung kennahin si meꞌ aꞌahin."
,33,8,"Mangan siye kēmon duk esso siye. Ubus bu tinipun weꞌ de lukasin, pituꞌ bakaꞌ pennoꞌ."
,33,9,Niyaꞌ kulang-labi ampat ngibu meꞌ aꞌa mamanganin.
,33,10,Manjari pinapoleꞌ ne meꞌ aꞌahin weꞌ si Isa duk magtawus iye pasakey duk meꞌ tindegnen dem bangkaꞌ pī si lahat Dalmanuta.
,33,11,"Pagtekka si Isa duk meꞌ tindegnen si Dalmanuta, hap pī si iye meꞌ Pariseohin moꞌo iye magsuweyan. Batang iye kuhi-kuhide hangkan makapakite siye tandaꞌ bang bennal taga kapatut iye amban Tuhan."
,33,12,"Magnapas pinahadje si Isa duk paꞌinne si siye, ""Meꞌ aꞌa kuweꞌitu inin luwal ne hadja māku tandaꞌ. Sabennal akahante kaꞌam, gaꞌ niyaꞌ tandaꞌ pakitehanku si kaꞌam."""
,33,13,Manjari tahalaꞌ si Isa amban siye. Pasakey iye balik dem bangkaꞌ palipag pī si dambiyaꞌ lamew.
,33,14,Meꞌ tindeg si Isahin gaꞌ makaꞌesseb moꞌo kinakan. Luwal du dambuwaꞌ pande dem bangkaꞌin.
,33,15,"Manjari sinessaꞌan siye weꞌ si Isa si dalilan. Paꞌinne, ""Pahatul-hatul kaꞌam. Halliꞌanun bi pasulig meꞌ Pariseohin duk pasulig Sultan Herodin."""
,33,16,"Magbissā-bissā meꞌ tindegnen sabab pinaꞌinne miyaꞌan peggeꞌ gaꞌ tahātide. Paꞌinde, ""Hangkan hatu iye missā kuweꞌ miyaꞌan, peggeꞌ gaꞌ kite bi makaboꞌo pan."""
,33,17,"Kataꞌuhan si Isa bang ine pagbissā-bissāden. Hangkan paꞌinne si siye, ""Weꞌey pagbissābin sabab gaꞌ niyaꞌ panbi? Gaꞌi pe ke kataꞌuhanbi atawa tahātibi? Gaꞌi kaꞌam katoloꞌan?"
,33,18,Niyaꞌ matabi saguwaꞌ kuweꞌ gaꞌi kaꞌam makakite. Niyaꞌ tayingebi saguwaꞌ kuweꞌ gaꞌi kaꞌam makakale. Gaꞌ ke taꞌessebbi bakas hininangku ellew īꞌen?
,33,19,"Pamahagiꞌ-mahagiꞌku pan limehin si meꞌ aꞌa lime ngibuhin, piye bakaꞌ pennoꞌ weꞌ lukas tinipunbin?"" Paꞌinde, ""Sampuk-duwe."" 20""Duk gaꞌ ke taꞌessebbi pan pituꞌ binahagiꞌ-bahagiꞌku si meꞌ aꞌa ampat ngibuhin? Piye bakaꞌ pennoꞌ weꞌ lukas tinipunbin?"" Paꞌinde, ""Pituꞌ."" 21""Na,"" paꞌinne, ""bu gaꞌi pe tahātibi."""
,33,22,Manjari tekka siye si puweblo Betsaida. Niyaꞌ meꞌ aꞌa pī si iye magboꞌo aꞌa pessek duk pabuyuꞌ-buyuꞌ siye pu si Isa pakiꞌantan si iye.
,33,23,"Manjari inantanan ne weꞌ si Isa tangan aꞌa mapessekin duk tinundan weꞌ ne binoꞌo paluwas amban meꞌ kalumaꞌan miyaꞌan. Paglaꞌi ne siye, pineppaꞌan weꞌ si Isa meꞌ mata aꞌahin duk binettad weꞌ ne meꞌ tangannen si mata aꞌahin. Ubus bu tinilew weꞌ ne aꞌahin, ""Niyaꞌ ke takitenu?"""
,33,24,"Mayam aꞌahin patongas duk paꞌinne, ""Ngite ku meꞌ aꞌa lumengngan-lengngan, saguwaꞌ kuweꞌ siye bantuk kayu."""
,33,25,"Manjari binettad balik weꞌ si Isa meꞌ tangannen si meꞌ mata aꞌahin. Mayam aꞌahin pahantap, manjari kawuliꞌan iye duk pastiꞌ ne pamayamne kēmonin."
,33,26,"Manjari pinapoleꞌ ne iye weꞌ si Isa. Paꞌin si Isa si iye, ""Daꞌa ne kew balik pī si kalumaꞌan miyaꞌan."""
,33,27,"Manjari palanjal ne si Isa duk meꞌ tindegnen pī si meꞌ kalumaꞌan mapaliput si puweblo Kesarea Pilipihin. Sasangde si lān, tinilew weꞌ ne meꞌ tindegnen, paꞌinne, ""Ine paꞌin meꞌ aꞌahin, sine koꞌ ku?"""
,33,28,"Nambung siye, paꞌinde, ""Niyaꞌ meꞌ aꞌa magpaꞌin weꞌ kaꞌu koꞌ si Yahiya magpandi-pandi meꞌ aꞌahin ellum balik. Sinduwehin isab magpaꞌin weꞌ Nabi Eliyas koꞌ kew. Duk niyaꞌ pe isab magpaꞌin weꞌ kaꞌu koꞌ dambuwaꞌ meꞌ nabi awwalley."" 29""Saguwaꞌ bang kaꞌam,"" paꞌin si Isa, ""ine paꞌinbi? Sine teꞌ ku?"" Nambung si Petros, paꞌinne, ""Kaꞌu Almasihin, tapeneꞌ Tuhan magbayaꞌin."""
,33,30,Manjari sinessaꞌan teꞌed siye weꞌ si Isa weꞌ subey siye gaꞌi magaka-aka bisan pu sine bang sine iye.
,33,31,"Na, nagnaꞌ si Isa magtoloꞌ si meꞌ tindegnen sabab dinen. ""Aku inin,"" paꞌinne, ""Anak Manusiyaꞌin, subey ekka kabinasahan sandalanku duk gaꞌi du ku pinagmasi weꞌ meꞌ kabahiꞌanin duk meꞌ nakuraꞌ meꞌ imamin duk meꞌ guru si saraꞌ āgamahin. Pinapatey du ku iyan duk pagpuwas tellum bahangi, ellum du ku balik."""
,33,32,"Binissā inin weꞌ si Isa pinapastiꞌ, hangkan binoꞌo si Isa weꞌ si Petros patala-tala bu inamāhan iye weꞌ ne bang weꞌey iye missā sa miyaꞌan."
,33,33,"Saguwaꞌ paharap si Isa si meꞌ tindegnen duk pinayaman siye weꞌ ne. Manjari inamāhan weꞌ ne si Petros duk paꞌinne si iye, ""Tahalaꞌ kew amban aku, Seyitan. Peggeꞌ pikilannun pikilan amban manusiyaꞌ hadja, dumaꞌin amban Tuhan."""
,33,34,"Manjari ilinganan weꞌ si Isa pī si iye meꞌ aꞌa mabanesin duk meꞌ tindegnen. Paꞌinne si siye, ""Bang niyaꞌ aꞌa mabayaꞌ nuhut aku, subey iye tuhutne kinabayaꞌankun, dumaꞌin kinabayaꞌannen. Duk subey isab iye moꞌo olom pamapateyan iyehin, hātinen maglillaꞌ iye nandal kabinasahan duk bisan pe matey. Manjari makajari ne iye nuhut aku."
,33,35,"Peggeꞌ,"" paꞌin si Isa, ""bang aꞌahin ellegne umulnen, gaꞌ niyaꞌ umulne salama-lama. Saguwaꞌ bang aꞌahin gaꞌi ellegne umulnen duk maglillaꞌ pe iye matey hawal tuyuꞌne manuhut akuhin duk magmahalayak aka-aka mahāpin, na, aꞌa iyan taga umul du salama-lama."
,33,36,"Peggeꞌ aꞌahin, bisan pe tepe si iye kēmon alataꞌ dem dunyahin, gaꞌ du niyaꞌ gunane bang gaꞌi tepe si iye umul salama-lamahin."
,33,37,Peggeꞌ gaꞌ niyaꞌ alataꞌ si dunya makalekkat iye supaya tepe si iye umul salama-lamahin.
,33,38,"Sine-sine iyaꞌ magpatampal si meꞌ aꞌa weꞌ tindegku iye, duk weꞌ nuhut iye toloꞌkun, - bu meꞌ aꞌa kuweꞌitu inin kaꞌekkahanden dusehan duk gaꞌi nuhut Tuhan, - aku, Anak Manusiyaꞌin, iyaꞌ du ku isab ngilale iye tindegku, bang ku balik pitu magtuhut duk meꞌ malaꞌikat masutsihin liput weꞌ sahaya Samaku Tuhanin."""
,34,1,"Paꞌin si Isa pe, ""Sabennal akahante kaꞌam, niyaꞌ kaꞌam matuꞌu inin gaꞌi matey bang gaꞌi dahuꞌ takitebi pagbayaꞌ Tuhanin duk balakatan teꞌed pagbayaꞌnen."""
,34,2,"Manjari, ennem bahangi puwas miyaꞌan, binoꞌo weꞌ si Isa si Petros, si Yakub duk si Yahiya pī diyataꞌ punu langkew siye-siye hadja. Sābude malaꞌihin, pinda teꞌed bantuk si Isahin si pagmatahande."
,34,3,Semmeknen ngillap teꞌed duk asal poteꞌ manamal. Gaꞌ niyaꞌ aꞌa tuꞌu si dunya makapapoteꞌ semmek kuweꞌ poteꞌan semmekne miyaꞌan.
,34,4,Manjari paguwaꞌ si siye laꞌi si Nabi Eliyas duk si Musa duk magbissā siye duk si Isa.
,34,5,"Sābude magbissāhin, paꞌin si Petros pu si Isa, ""Tuwan, hāp teꞌed peggeꞌ tiyaꞌ kami tuꞌu. Ngahinang kami tellu payad-payad. Dambuwaꞌ si kaꞌu, dambuwaꞌ pu si Musa duk dambuwaꞌ pu Nabi Eliyas."""
,34,6,"Hangkan si Petros missā sa miyaꞌan, peggeꞌ gaꞌi iye magkataꞌu-taꞌu bang ine bissāne sabab tinalew teꞌed siye."
,34,7,"Manjari niyaꞌ inalak paguwaꞌ duk kalandungan siye duk niyaꞌ suwala amban dem inalakin magpaꞌin, ""Inin Anakku kalasahanku teꞌed. Pakalehun bi iye."""
,34,8,"Manjari, pagpayamde paliput, bessuwang gaꞌ ne niyaꞌ seddili kitede laꞌi, luwal saꞌ si Isa."
,34,9,"Manjari sasangde padurul amban diyataꞌ punu, sinessaꞌan siye weꞌ si Isa weꞌ subey siye gaꞌi magaka-aka bisan pu sine sabab bakas takiteden. Bang iye, Anak Manusiyaꞌin, ellum ne balik amban kamateynen, meke ne siye makajari magaka-aka si aꞌa."
,34,10,"Tinuhut weꞌ de panessaꞌne miyaꞌan, saguwaꞌ magtilew-tinilew siye tellungan bang ine hāti pinaꞌinnen weꞌ ellum iye balik amban kamateynen."
,34,11,"Na, tilewde si Isa, paꞌinde, ""Weꞌey teꞌ magpaꞌin meꞌ guru si saraꞌ āgamahin weꞌ subey koꞌ pitu dehellu Nabi Eliyas meke Almasihin?"""
,34,12,"Nambung si Isa. ""Bennal iyan,"" paꞌinne, ""Nabi Eliyas pitu dehellu amban Almasihin manyap kēmonin. Na, ine teꞌ paꞌin kitabin sabab aku, Anak Manusiyaꞌin? Paꞌin kitabin weꞌ subey ekka kabinasahan sandalanku duk diniyawaꞌan ku teꞌed."
,34,13,"Saguwaꞌ akahante kaꞌam,"" paꞌin si Isa, ""bakas pitu ne Eliyas duk tahinang ne weꞌ meꞌ aꞌahin sasuku kabayaꞌanden si iye, kuweꞌ du tasulat dem kitab sabab iyehin."""
,34,14,"Pagbalikde pī si meꞌ tindegne sinduwehin, banes teꞌed aꞌa kitede paliput si siye. Duk niyaꞌ meꞌ guru si saraꞌ āgama laꞌi magpasuweyan duk siye."
,34,15,"Manjari pagkite weꞌ meꞌ aꞌa mabanesin si Isa, ulaliꞌ siye peggeꞌ gaꞌ ase-asede weꞌ pī laꞌi si Isa. Magubas siye pī nagina iye."
,34,16,"Tinilew weꞌ si Isa meꞌ tindegnen, paꞌinne, ""Ine pagpasuweyanbi duk siye miyaꞌan?"""
,34,17,"Niyaꞌ nambung amban meꞌ aꞌa mabanesin, paꞌinne, ""Tuwan, binoꞌo weꞌ ku anakku inin pitu si kaꞌu peggeꞌ pasayedan iye seyitan maꞌumew iye."
,34,18,"Duk kahabaꞌ iye usaꞌ seyitanin, hinantakan iye weꞌ ne. Magbukal behenen, magtageꞌot meꞌ impennen, duk ngoral iye. Manjari pināku weꞌ ku si meꞌ tindegnun pakipaluwasku seyitanin saguwaꞌ gaꞌ du tapaluwasde."""
,34,19,"Paꞌin si Isa si meꞌ aꞌahin, ""Oy, kaꞌam meꞌ aꞌa kuweꞌitu inin. Gaꞌ teꞌed niyaꞌ sandelbi si Tuhan. Taman sumiyan pe ku tuꞌu si kaꞌam? Taman sumiyan pe ku nandalan addatbin meke kaꞌam kahagad? Boꞌohun nakanakin pitu si aku."""
,34,20,"Binoꞌo ne weꞌ de pī si iye.Pagkite seyitanin si Isa, magtawus pinapaspad weꞌ ne nakanakin. Pahantak nakanakin diyataꞌ bulak magligidan duk magbukal behenen."
,34,21,"Tinilew weꞌ si Isa sama nakanakin, ""Sumiyan pe iye sa inin?"" Nambung iye, ""Kemuwe dikiꞌ pe iye."
,34,22,"Duk daran ne iye tineppadan weꞌ seyitanin pī dem ebbut duk dem boheꞌ supaya tapapateyne. Bang tahinangnu, andūꞌ Tuwan, maꞌaseꞌ ne kew si kami duk tabangun kami."" 23""Tilewnu bang tahinangku?"" paꞌin si Isa. ""Bang aꞌahin sandel si Tuhan,"" paꞌinne, ""kēmon tahinangne."""
,34,24,"Magtawus sama nakanakin missā pinapales, paꞌinne, ""Ngandel ne ku, Tuwan. Tabangun ku duk pasōng sandelkun."""
,34,25,"Pagkite si Isa meꞌ aꞌa mabanesin hap pī patipun si iye, inamāhan weꞌ ne seyitanin. ""Kaꞌu seyitan,"" paꞌinne, ""seyitan magpaꞌumew duk magpabisu, daꞌakte kew paluwas amban nakanak inin duk daꞌa ne kew teꞌed padiyalem balik si iye."""
,34,26,"Manjari magkilahap seyitanin duk pinapaspad manamal weꞌ ne nakanakin. Ubus paluwas ne seyitanin amban iye. Nakanakin kuweꞌ ne aꞌa matey, hangkan kaꞌekkahan meꞌ aꞌahin magpaꞌin, ""Matey ne iye."""
,34,27,Saguwaꞌ inantanan weꞌ si Isa tangan nakanakin duk pinadongaꞌ weꞌ ne. Manjari nengge ne nakanakin.
,34,28,"Pagdiyalem si Isa si lumaꞌ, tinilew iye weꞌ meꞌ tindegnen, siye-siye hadja, paꞌinde, ""Weꞌey teꞌ gaꞌ tapaluwas kami seyitanin?"""
,34,29,"Paꞌinne si siye, ""Da bayuꞌ seyitan miyaꞌan gaꞌi tapaluwas weꞌ ine-ine luwal hadja bang pinākuhan si Tuhan."""
,34,30,"Manjari palanjal ne disi Isa duk meꞌ tindegnen. Pabutas siye si lahat Jalil. Gaꞌi mabayaꞌ si Isa weꞌ niyaꞌ ngataꞌu bang tungan lengngannen,"
,34,31,"peggeꞌ magtoloꞌ iye si meꞌ tindegnen. Pagtoloꞌnen, paꞌinne si siye, ""Aku, Anak Manusiyaꞌin, sinōngan du ku iyan si antanan meꞌ aꞌa. Papateyde du ku. Tellum bahangi puwas kamateykun, ellum du ku balik."""
,34,32,Saguwaꞌ gaꞌ tahātide bissāne miyaꞌan duk gaꞌ siye makatawakkal nilew iye.
,34,33,"Manjari tekka siye si puweblo Kapernaum. Paglaꞌi ne siye dem lumaꞌ, tinilew weꞌ si Isa meꞌ tindegnen. ""Ine teꞌ pagpasuweyanbi si lānin?"" paꞌinne."
,34,34,Saguwaꞌ gaꞌ siye nambung peggeꞌ pagpasuweyanden sabab bang sine siye tamanan malangkewin.
,34,35,"Manjari ningkoloꞌ si Isa duk ilinganan weꞌ ne sampūꞌ duk duwe tindegnen pī si bihingne. Paꞌinne si siye, ""Sine-sine mabayaꞌ pinalangkew teꞌedin, subey iye magpadiyawaꞌ dine supaya iye madiyawaꞌ amban kēmonin, duk subey iye daraꞌakan kēmon aꞌa."""
,34,36,"Manjari ngeddoꞌ si Isa dambuwaꞌ nakanak dikiꞌ duk pinatengge weꞌ ne si tengngaꞌde. Ubus kinekkepan weꞌ ne nakanakin duk paꞌinne si siye, 37""Bang niyaꞌ aꞌa bu sabab sandelne si akuhin ngaddatan dambuwaꞌ nakanak dikiꞌ kuweꞌ inin, aku inaddatannen. Duk bang niyaꞌ ngaddatan aku, dumaꞌin hadja aku inaddatannen, saguwaꞌ damikkiyan addatanne Tuhanin, mamapitu aku si dunyahin."""
,34,38,"Paꞌin Yahiya si iye, ""Tuwan, niyaꞌ takite kami dambuwaꞌ aꞌa sabbutne ēnnun pagpaluwasne seyitan amban meꞌ aꞌa. Pinages iye weꞌ kami peggeꞌ gaꞌi iye nuhut kite bi."" 39""Daꞌa iye pagesun bi,"" paꞌin si Isa. ""Peggeꞌ sine-sine nabbut ēnkun paghinangne hinangan balakatan, gaꞌi iye mura-mura makabissā laꞌatan sabab aku."
,34,40,"Peggeꞌ aꞌa manggaꞌi manguntarahan kitehin bin,"" paꞌinne, ""bēbbeg amban kite bi."
,34,41,"Sabennal akahante kaꞌam weꞌ sine-sine ngurungan kaꞌam bisan hadja da sawan boheꞌ pamaꞌinum kaꞌam peggeꞌ kaꞌam tindeg Almasi, asal katumbasan teꞌed iye hāp."" 42""Saguwaꞌ sine-sine makapaduse si dambuwaꞌ nakanak dikiꞌ kuweꞌ inin makahagad si akuhin, hāp pe siꞌ iye miyaꞌan tapatowengan batu hadje si kellongne bu ilaboꞌ pī dem tahik, duk hadja gaꞌi taboꞌone magduse."
,34,43,"Bang tangannun mamoꞌo kaꞌu magdusehin, lebbahanun ne pagdusenun. Dalilnen, kuweꞌ du putukannu tangannun. Hāp pe kew paꞌasek dem surgaꞌ bisan kew putuk, amban duwe tangannun saguwaꞌ pī kew dem narkaꞌ, dem ebbut gaꞌ niyaꞌ kapalemne. (44,Laꞌi pangalegga Tuhan aꞌahin, gaꞌ niyaꞌ hāranne duk pagsandalin gaꞌ niyaꞌ tamananne.)"
,34,45,"Damikkiyan bang bettisnun mamoꞌo kaꞌu magdusehin, lebbahanun pagdusenun. Dalilnen, kuweꞌ du putukannu bettisnun. Hāp pe kew paꞌasek dem surgaꞌ bisan kew putuk, amban duwe bettisnun saguwaꞌ tinimanan kew pī dem narkaꞌ, dem ebbut gaꞌ niyaꞌ kapalemne. (46,Laꞌi pangalegga Tuhan aꞌahin, gaꞌ niyaꞌ hāranne duk pagsandalin gaꞌ niyaꞌ tamananne.)"
,34,47,"Duk bang matanun isab mamoꞌo kaꞌu magdusehin, lebbahanun pagdusenun. Dalilnen, kuweꞌ du ugitannu matanun. Hāp pe kew paꞌasek dem surgaꞌ bisan dambuwaꞌ saꞌ matanun, amban duwe matanun saguwaꞌ tinimanan kew pī dem narkaꞌ."
,34,48,"Laꞌi pangalegga Tuhan aꞌahin gaꞌ niyaꞌ hāranne, duk pagsandalin gaꞌ niyaꞌ tamananne."""
,34,49,"Paꞌin si Isa pe, ""Kēmon aꞌahin subey palabey dem ebbut, hātinen dem katiksaꞌan, supaya ngabasag sandelden."""
,34,50,"Paꞌinne isab, ""Kataꞌuhanbi du weꞌ asinin asal hāp. Saguwaꞌ bang asinin gaꞌ ne niyaꞌ lessane, gaꞌi ne maꞌasin balik. Hangkan kaꞌam isab,"" paꞌinne, ""subey kaꞌam pahatul-hatul supaya gaꞌi lepas pagaddat-inaddatbin duk pagsulut-sulutbin."""
,35,1,"Manjari tahalaꞌ si Isa amban lahat Jalil duk hap pī iye si meꞌ kalahat-lahatan laꞌi si Yahudiya duk sampay si meꞌ kalahatan si lipag boheꞌ Jordan. Banes ne isab aꞌa patipun si iye laꞌi. Manjari tinoloꞌan siye weꞌ si Isa, sa hinangannen."
,35,2,"Niyaꞌ meꞌ Pariseo patapit pī si iye duk panguhi-nguhide iye, tilewde iye, paꞌinde, ""Dem saraꞌ, makajari ke bang aꞌahin timananne andanen?"""
,35,3,"Sambunganne siye, paꞌinne, ""Ine teꞌ daꞌakan pangurung si Musa kaꞌamin?"""
,35,4,"Paꞌinde, ""Pangandūsan si Musa lellahin milmahan sulat pagbutasan, ubus makajari ne timananne andanen."" 5""Bennal iyan,"" paꞌin si Isa. ""Saguwaꞌ hangkan sinulat weꞌ ne si kaꞌam pangandaꞌakan iyan, sabab gaꞌi kaꞌam ngatu nuhut toloꞌ."
,35,6,"Saguwaꞌ kemuwe tagnaꞌ pamapanjari Tuhan kēmon-kēmonin, 'pinapanjari weꞌ ne manusiyaꞌin lella duk dende,' sa pinaꞌin dem kitabin. 7'Hangkan tahalaꞌ lellahin amban saꞌi-samanen bu padambuwaꞌ iye si andanen,"
,35,8,"duk bakas duwehin magdambuwaꞌ baran ne.' Manjari dumaꞌin ne siye duwe baran,"" paꞌin si Isa, ""saguwaꞌ dambuwaꞌ baran ne."
,35,9,"Hangkan subey teꞌed gaꞌi pagbutas aꞌa bakas pinagdambuwaꞌ weꞌ Tuhanin."""
,35,10,"Paglaꞌi ne balik meꞌ tindeg si Isahin dem lumaꞌ patennaꞌanden, tinilew isab weꞌ de si Isa sabab toloꞌne miyaꞌan."
,35,11,"Sambunganne siye, paꞌinne, ""Sine-sine nimanan andanen bu maganda seddili, magjina iye duk kapagduse iye si andane poꞌonin."
,35,12,"Damikkiyan bang dendehin isab timananne ellanen bu magella iye seddili, magjina iye."""
,35,13,Niyaꞌ meꞌ aꞌa moꞌo meꞌ anakde pī pu si Isa supaya siye antananne. Saguwaꞌ pinagamāhan siye weꞌ meꞌ tindegnen.
,35,14,"Pagkite si Isa inin, astel iye. ""Ambat pitu si aku meꞌ mākanakin,"" paꞌinne, ""duk daꞌa siye saggaꞌun bi. Peggeꞌ aꞌa kuweꞌ rnākanakin ngatu du pinagbayaꞌan weꞌ Tuhanin."
,35,15,"Sabennal akahante kaꞌam,"" paꞌin si Isa, ""bang pangandel aꞌa si Tuhanin dumaꞌin kuweꞌ pangandel mākanakin, na aꞌa iyan asal gaꞌi sumakup dem pagbayaꞌan Tuhanin."""
,35,16,Manjari pinippi weꞌ si Isa meꞌ mākanakin maggantiꞌ-gantiꞌ. Binettad weꞌ ne tangannen si siye duk māku-māku kahāpan iye si Tuhan para si siye.
,35,17,"Manjari pagsōng lumengngan disi Isa hap kalahat-lahatan, niyaꞌ aꞌa magubas pī si iye duk nengge duk tuꞌutne magpadiyawaꞌ pu si Isa, paꞌinne, ""Tuwan, aꞌa hāp kew. Ine subey hinangku duk ku pinasukuꞌan umul salama-lama?"""
,35,18,"Sambungan si Isa iye, paꞌinne, ""Weꞌey paꞌinnu weꞌ hāp ku? Gaꞌ niyaꞌ hāp luwal Tuhanin dambuwaꞌ-buwaꞌ."
,35,19,"Kataꞌuhannu du,"" paꞌinne, ""meꞌ pangandaꞌakan Tuhanin. 'Daꞌa kew monoꞌ. Daꞌa kew magjina. Daꞌa kew nangkew. Daꞌa kew naksiꞌ gaꞌi bennal. Daꞌa kew ngaliba. Pagaddatanun saꞌi-samanun.' "" 20""Na, Tuwan,"" paꞌinne, ""kēmon iyan tinuhut weꞌ ku kemuwe nakanak pe ku."""
,35,21,"Sasang si Isa mayaman iye, kalasahanne iye. Paꞌin si Isa, ""Niyaꞌ pe dambuwaꞌ gaꞌ tahinangnu. Pī kew, pabellihanun kēmon alataꞌnun bu pangurungun ulinen si meꞌ mamiskinin. Manjari niyaꞌ du iyan alataꞌnu laꞌi si surgaꞌ. Pagubus, balik kew pitu, nuhut kew aku."""
,35,22,"Pagkalene bissā si Isa miyaꞌan, sengngel luwenen duk tahalaꞌ iye dukka, peggeꞌ ekka teꞌed alataꞌne."
,35,23,"Manjani mayam si Isa paliput si meꞌ tindegnen duk paꞌinne si siye, ""Asal hunit teꞌed meꞌ madayahanin ngatu pinagbayaꞌan weꞌ Tuhanin."""
,35,24,"Ulaliꞌ teꞌed meꞌ tindegnen si bissāne miyaꞌan. Saguwaꞌ paꞌinne si siye balik, ""Meꞌ pungtinaꞌi, asal hunit teꞌed aꞌahin ngatu pinagbayaꞌan weꞌ Tuhanin."
,35,25,"Mura pe untaꞌin palabey si lowang dalum amban aꞌa dayahanin ngatu pinagbayaꞌan weꞌ Tuhanin."""
,35,26,"Pagkalede bissāne miyaꞌan, ulaliꞌ teꞌed siye manamal duk paꞌinde si iye, ""Na, sine ne tapī si surgaꞌin bang kuweꞌ iyan?"""
,35,27,"Manjari mayam si Isa si siye duk paꞌinne, ""Bang manusiyaꞌ gaꞌi teꞌed makajari, saguwaꞌ bang Tuhanin, gaꞌ niyaꞌ hunit si iye. Tahinangne kēmon."""
,35,28,"Manjari missā si Petros. ""Payamanun kami inin,"" paꞌinne. ""Ubus ne ambanan kami kēmon-kēmonin duk nuhut ne kami kaꞌu."" 29""Aweꞌ,"" paꞌin si Isa, ""sabennal akahante kaꞌam, bang niyaꞌ aꞌa ngambanan lumaꞌnen atawa pungtinaꞌinen lella-dende, atawa saꞌi-samanen, atawa meꞌ anaknen, atawa bulaknen, bang ambananne meꞌ inin sabab lasane si akuhin duk supaya iye kapalumengngan moꞌo aka-aka mahāpin,"
,35,30,"asal tumbasan Tuhanin iye paꞌekka meꞌ lumaꞌ, duk meꞌ pungtinaꞌi lella-dende, meꞌ saꞌi, meꞌ anak, duk meꞌ bulak, tiggelanne tuꞌu si dunya. Saguwaꞌ makalabey isab iye kabinasahan bang iye nuhut aku. Saguwaꞌ bisan iye bininasa,"" paꞌin si Isa, ""inurungan du iye umul gaꞌ tamananne laꞌi si ahilat."
,35,31,"Ekka meꞌ dumehellu kuweꞌituhin, dumambuli du si pasōngan duk ekka dumambuli kuweꞌituhin, dumehellu du si pasōngan."""
,35,32,"Manjari paglaꞌi si Isa duk meꞌ saweꞌnen si lān pataked tudju Awrusalam, lumengngan si Isa padehellu amban siye. Kebba-kebbahan meꞌ tindegnen duk meꞌ mapatuhut si iye si dambulihanin tinalew. Binoꞌo ne isab weꞌ si Isa patala-tala tindegne sampūꞌ duk duwehin duk inakahan siye weꞌ ne sabab sōng maꞌumantag si iyehin. 33""Pakale kaꞌam,"" paꞌinne. ""Kite bi inin pataked hap Awrusalam. Paglaꞌi ne kite bi, aku, Anak Manusiyaꞌin, sinōngan du pī si antanan meꞌ nakuraꞌ meꞌ imamin duk meꞌ guru si saraꞌ āgamahin. Manjari hukumande si akuhin weꞌ pinapatey ku. Ubus sōngande du ku isab pī si antanan meꞌ aꞌa dumaꞌin Yahudi."
,35,34,"Duk meꞌ bangsa seddili inin, hinangde du ku dagey duk pagluraꞌande ku duk lubakande ku. Ubus bu papateyde ku. Saguwaꞌ puwas tellum bahangi, ellum du ku balik."""
,35,35,"Manjari patapit pī pu si Isa si Yakub duk Yahiya, meꞌ anak Sebedehin. Paꞌinde si iye, ""Tuwan, niyaꞌ batang pāku kami si kaꞌu hinangnu para si kami."" 36""Weꞌ ine kabayaꞌanbi hininangku para si kaꞌamin?"" paꞌin si Isa."
,35,37,"Nambung siye, paꞌinde, ""Kabayaꞌan kamihin, bang ne kew ningkoloꞌ magbayaꞌ, patingkoloꞌnu kami si bihingnu, dambuwaꞌ si kanawanannu duk dambuwaꞌ si bibangannu."""
,35,38,"Saguwaꞌ paꞌin si Isa si siye, ""Gaꞌi kataꞌuhanbi bang ine pinākubi inin. Ngatu ke kaꞌam bininasa kuweꞌ sōng paminasa akuhin? Ngatu ke kaꞌam pinapatey kuweꞌ sōng pamapatey akuhin?"" 39""Aweꞌ, ngatu kami,"" paꞌinde. Manjari paꞌin si Isa si siye, ""Asal bininasa du kaꞌam kuweꞌ sōng paminasa akuhin duk pinapatey du kaꞌam kuweꞌ pamapatey akuhin."
,35,40,"Saguwaꞌ bang pagpatingkoloꞌ si kanawanankun atawa si bibangankun,"" paꞌin si Isa, ""dumaꞌin aku magbayaꞌin. Saguwaꞌ meꞌ paningkoloꞌan miyaꞌan sukuꞌ si meꞌ pinanyapan Tuhanin."""
,35,41,"Manjari pagkale tindeg si Isa sampūꞌin sabab pināku si Yakub duk Yahiyahin, astel siye."
,35,42,"Manjari ilinganan weꞌ si Isa meꞌ tindegnen kēmon. Paꞌinne si siye, ""Kataꞌuhanbi addat meꞌ aꞌa si dunyahin. Meꞌ nakuraꞌ meꞌ kabangsahan seddilihin magmanda teꞌed si meꞌ aꞌahin, duk meꞌ aꞌa malangkewin magbayaꞌ teꞌed si meꞌ aꞌaden."
,35,43,"Saguwaꞌ kaꞌam,"" paꞌin si Isa, ""subey gaꞌi magsa miyaꞌan. Sine-sine kaꞌam mabayaꞌ pinalangkew, subey iye daraꞌakanbi."
,35,44,"Duk sine-sine kaꞌam asal mabayaꞌ manjari tamanan malangkewin, subey iye kuweꞌ banyagaꞌ nabangan saweꞌnen."
,35,45,"Peggeꞌ bisan aku, Anak Manusiyaꞌin,"" paꞌin si Isa, ""dumaꞌin papituhankun makitabang si manusiyaꞌ saguwaꞌ nabang manusiyaꞌ. Duk pitu ku paglillaꞌku umulkun pangalekkat meꞌ aꞌa maꞌekkahin supaya siye gaꞌi ilegga sabab duseden."""
,35,46,"Manjari tekka si Isa duk meꞌ tindegnen si puweblo Ariha. Pagtahalaꞌde billaꞌi, ekka teꞌed aꞌa nuhut siye. Na, niyaꞌ laꞌi ningkoloꞌ si higad lān palabeyanden aꞌa pessek magpāku-pāku sīn. Ēnnen si Bartimiyus, anak Timiyus."
,35,47,"Pagkalene weꞌ si Isa, aꞌa Nasaretin hatiꞌ mapalabey miyaꞌan, ngalingan iye papales, paꞌinne, ""O Isa, tubuꞌ Sultan Daꞌud, maꞌaseꞌ ne kew si aku."""
,35,48,"Ekka ngamāhan iye, gaꞌi iye dinaꞌak magbukag. Saguwaꞌ namba ne papalesne paglingannen. ""O tubuꞌ Sultan Daꞌud,"" paꞌinne, ""maꞌaseꞌ ne kew si aku."""
,35,49,"Padeheng si Isa duk paꞌinne, ""Lingananun bi iye."" Manjari ilinganan ne weꞌ de aꞌa mapessekin. Paꞌinde si iye, ""Pahāpun ateynun. Kuwat kew, īꞌ kew linganan si Isa."""
,35,50,Magtawus inānan weꞌ ne mantanen bu ne pahulangkad duk patapit iye pī pu si Isa.
,35,51,"Paꞌin si Isa si iye, ""Ine kabayaꞌannu hinangku si kaꞌ u?"" ""Tuwan,"" paꞌinne, ""kabayaꞌankun makakite ne ku."""
,35,52,"Paꞌin si Isa si iye, ""Pī ne kew. Kawuliꞌan ne kew peggeꞌ sandel kew si aku."" Magtawus iye makakite duk nuhut ne iye si Isa lumengngan."
,36,1,Manjari tapit ne siye si Awrusalam peggeꞌ sōng tekka ne siye si meꞌ kalumaꞌan Betpage duk Betani laꞌi si kūd Jaitun. Dinaꞌak weꞌ si Isa duwangan tindegnen padehellu.
,36,2,"Paꞌinne si siye, ""Pī kaꞌam si kalumaꞌan si dehelluhanbi miyaꞌan. Pagtekkabi laꞌi, magtawus kaꞌam iyan ngite anak asnu dinagtel, gaꞌ pe bakas kasakeyan. Lekkahanun bi duk boꞌohun bi pitu."
,36,3,"Bang niyaꞌ nilew kaꞌam bang weꞌey eddoꞌbi, paꞌinun bi, 'Niyaꞌ kagunahan Panuhutanin si iye; papoleꞌne du balik pitu magtawus.' """
,36,4,Na manjari pī ne duwanganin duk takitede anak asnuhin iningketan si gawang lumaꞌ si bihing kalsara. Manjari ilekkahan ne weꞌ de.
,36,5,"Niyaꞌ meꞌ aꞌa magtengge laꞌi. Sinduwehin nilew siye, paꞌinde, ""Hoy, weꞌey lekkahanbi anak asnu iyan?"""
,36,6,"Nambung siye kuweꞌ panessaꞌ si Isa siyehin, duk pinasagadan ne weꞌ de binoꞌo."
,36,7,"Manjari binoꞌo weꞌ de anak asnuhin pī pu si Isa. Ilampiruhan weꞌ de duk meꞌ semmekde, ubus bu pasakey ne si Isa."
,36,8,"Ekka isab meꞌ aꞌa laꞌi. Binellat weꞌ meꞌ aꞌahin meꞌ semmekden si lān palabeyannen. Meꞌ sinduwehin kinanatan weꞌ de lānin duk meꞌ pange dawenan bakas totoꞌde amban dem meꞌ kabbun, pamahadjede si Isa."
,36,9,"Magellang-ellang meꞌ aꞌa si dehelluhanin duk meꞌ si dambulihanin. Paꞌinde, ""Pudjite bi Tuhanin. Pudjite bi pinapitu weꞌ Tuhanin."
,36,10,"Pudjite bi matekka inin, iye mapagantiꞌ si papuꞌte bi ley, Sultan Daꞌud. Pudjite bi teꞌed Tuhanin."""
,36,11,"Manjari pagtekka si Isa si Awrusalam, paꞌasek iye pī dem langgal mahadjehin. Pinayaman weꞌ ne paliput kēmon malaꞌi diyalemin. Ubus paluwas iye pī si Betani magtuhut duk meꞌ tindegne sampūꞌ duk duwehin peggeꞌ kohap ne."
,36,12,Pagsasumu sābude maglengngan amban Betani balik hap Awrusalam inusan si Isa.
,36,13,"Manjari amban katalahan niyaꞌ kitene poꞌon kayu ēnande igira ekka dawenne. Patapit iye pī kaw du paꞌin iye ngasuwaꞌ buwaꞌne. Pagabutne laꞌi, luwal hadja dawen takitenen peggeꞌ dumaꞌin baytu pagbuwaꞌ meꞌ igira."
,36,14,"Paꞌin si Isa, ""Tinagnaꞌan maꞌin gaꞌi ne buwaꞌ balik kayu inin."" Duk takale inin weꞌ meꞌ tindegnen."
,36,15,"Pagtekka siye si Awrusalam, padiyalem si Isa dem langgal hadjehin duk binudjew weꞌ ne meꞌ aꞌa magdagang duk meꞌ magbelli diyalem lumaꞌ Tuhanin. Ilintuwadan weꞌ ne meꞌ lamisahan meꞌ aꞌa magsambiꞌ-sambiꞌ sīnin. Ilintuwadan isab weꞌ ne meꞌ paningkoloꞌan meꞌ aꞌa magdagang assang pagkulubanin."
,36,16,Gaꞌi isab iye ngandaꞌak bisan sine pabutas diyalem langgal magboꞌo meꞌ kapanyapanden.
,36,17,"Magusihat si Isa, paꞌinne si meꞌ aꞌahin, ""Tasulat dem kitab, paꞌin Tuhanin, 'Lumaꞌkun inēnan du lumaꞌ pangampunan meꞌ kēmon bangsa.' Saguwaꞌ kaꞌam,"" paꞌin si Isa, ""hininang weꞌ bi lumaꞌ Tuhanin kuweꞌ lumaꞌ patapukan meꞌ aꞌa panangkew."""
,36,18,Manjari kaꞌakahan meꞌ nakuraꞌ meꞌ imamin duk meꞌ guru si saraꞌ āgamahin sabab hininang si Isa miyaꞌan. Tinalew siye si iye peggeꞌ kēmon aꞌa mabanesin bengngangan si usihatnen. Hangkan miha siye lān supaya tapapateyde si Isa.
,36,19,"Pagmagalib ne, paluwas si Isa duk meꞌ tindegnen amban puweblo miyaꞌan."
,36,20,"Pagsalung ellew dambuwaꞌin, pagbalikde hap Awrusalam, palabey siye si antag kayu igirahin. Takitede kayuhin lanes ne sampay pī si gamutne."
,36,21,"Manjari taꞌesseb weꞌ si Petros bakas binissā si Isa sabab kayuhin. Paꞌinne pu si Isa, ""Uy, Tuwan, payamanun be. Lanes ne kayu igira bakas sinuknaꞌannun."""
,36,22,"Paꞌin si Isa si siye, ""Ngandel kaꞌam si Tuhan."
,36,23,"Sabennal akahante kaꞌam,"" paꞌinne, ""sine-sine magpaꞌin si punu inin, 'O punu, tahalaꞌ kew duk pateppad kew pī dem tahik,' duk bang aꞌahin gaꞌi duwe-duwehan dem ateynen saguwaꞌ ngandel teꞌed iye weꞌ tuman du binissāne miyaꞌan, asal hininang du miyaꞌan para si iye."
,36,24,"Hangkan hep paꞌinku si kaꞌam, ine-ine pākubi si Tuhan, bang kaꞌam kahagad weꞌ tasangkabi ne pinākubin, asal bugtuꞌ tasangkabi du."
,36,25,"Saguwaꞌ bang kaꞌam sābu māku-māku si Tuhan bu niyaꞌ aꞌa kapeddiꞌan ateybi subey dahuꞌ iye ampunbi supaya isab dusebin ampun Tuhanin, iye Samabi si surgaꞌin."
,36,26,"Peggeꞌ,"" paꞌin si Isa, ""bang gaꞌi siye ampunbi, gaꞌi isab dusebin ampun Tuhanin, iye Samabi si surgaꞌin."""
,36,27,"Manjari tekka ne siye si Awrusalam. Sasang si Isa lumengngan diyalem langgal hadjehin, patapit pī si iye meꞌ nakuraꞌ imamin duk meꞌ guru si saraꞌ āgamahin duk meꞌ kabahiꞌanin."
,36,28,"Paꞌinde si iye, ""Ine kapatutnu ngahinang meꞌ hininangnu ellew miyaꞌan? Sine mangurungan kaꞌu kapatutin?"""
,36,29,"Sambungan si Isa siye, paꞌinne, ""Niyaꞌ isab tilewku si kaꞌam. Sambunganun bi ku meke kaꞌam akahanku bang ine kapatutku ngahinang meꞌ hinanganku miyaꞌan."
,36,30,"Pamandi Yahiya meꞌ aꞌahin, amban kapatutnen? Amban Tuhan ke atawa amban manusiyaꞌ hadja? Sambunganun bi ku."""
,36,31,"Manjari magisun-isun siye, paꞌinde, ""Bang saꞌupama paꞌinte bi weꞌ kapatut Yahiya pamandine meꞌ aꞌahin amban Tuhan, paꞌinne iyan, 'Na weꞌey Yahiya gaꞌ kahagadbi?'"
,36,32,"Saguwaꞌ bang paꞌinte bi, 'Amban manusiyaꞌ,' na makatalew isab."" Tinalew siye si meꞌ aꞌahin peggeꞌ kēmon aꞌahin kahagad weꞌ Yahiya asal bennal nabi Tuhanin."
,36,33,"Hangkan nambung siye, paꞌinde, ""Inday, gaꞌi kataꞌuhan kami bang amban kapatut Yahiyahin."" Manjari paꞌin si Isa si siye, ""Na, gaꞌi isab kaꞌam akahanku bang amban kapatutku maghinang meꞌ hininangku miyaꞌan."""
,37,1,"Manjari magusihat si Isa si siye magdalilan. ""Niyaꞌ,"" paꞌinne, ""aꞌa maglikus bāhan ubas duk binirang weꞌ ne. Ilowangan weꞌ ne diyawaꞌ pagpeggaꞌan ubasin panawutan boheꞌ ubasin. Ngahinang isab iye payad langkew pamantew-mantewan likusin. Manjari pinatungguꞌan weꞌ ne likusnen si meꞌ aꞌa, pagbahagiꞌan uli tinanemnen. Ubus bu tahalaꞌ iye pī si lahat tala."
,37,2,"Pagtaꞌabut pagbuwaꞌ ubasin, dinaꞌak weꞌ dapuꞌ likusin dambuwaꞌ daraꞌakanne pī si meꞌ aꞌa tatungguꞌnen, māku bahagiꞌne si meꞌ buwaꞌ ubasin."
,37,3,Saguwaꞌ siniggew iye weꞌ meꞌ tatungguꞌin duk pinapeddiꞌan weꞌ de. Pinapoleꞌ iye gaꞌ niyaꞌ taboꞌone.
,37,4,Ubus ngandaꞌak ne isab dapuꞌ likusin seddili daraꞌakanne pī si siye. Kinakal iye weꞌ de diyataꞌ kōkne duk pinaꞌiyaꞌ weꞌ de.
,37,5,"Manjari ngandaꞌak ne isab iye seddili daraꞌakanne saguwaꞌ pinapatey weꞌ de. Ubus miyaꞌan, ekka pe sinduwe daraꞌakanne dinaꞌak weꞌ ne pī. Sinduwehin pinapeddiꞌan weꞌ de duk sinduwehin pinapatey."
,37,6,"Na, dambuwaꞌ saꞌ matalebbi si dapuꞌ likusin dinaꞌak pī. Inin anakne lella kalasahanne teꞌed. Kakapusannen iye dinaꞌakne mapī si siyehin. Paꞌinne dem ateyne, 'Bugtuꞌ pagaddatande anakkun.'"
,37,7,"Saguwaꞌ pagkite meꞌ tatungguꞌ likusin anakne miyaꞌan, magisun siye. Paꞌinde, 'Iye hep inin pinusakaꞌanin. Dayiꞌ kaꞌam, papateyte bi duk likus inin tepe si kite bi.'"
,37,8,"Manjari siniggew iye weꞌ de, ubus bu pinapatey duk ilakasan weꞌ de pī si bukut birang likusin."
,37,9,"Na,"" paꞌin si Isa, ""ine enteꞌ hinang dapuꞌ likus miyaꞌan si meꞌ tatungguꞌ likusnen? Hap pī iye duk papateyne siye duk patungguꞌanne likusnen si seddili."""
,37,10,"Tinilew siye weꞌ si Isa, paꞌinne, ""Gaꞌ ke bakas tabatsabi ayat inin tasulat dem kitab, pinaꞌin,'Batu tinayikutan weꞌ meꞌ pandey maghinang lumaꞌ batuhin, peggeꞌ kannalde gaꞌi taguna, kuweꞌitu iye ne miyaꞌan batu tamanan maniyaꞌ kagunahannen."
,37,11,"Hinangan Tuhanin inin, duk landuꞌ teꞌed hāp!' """
,37,12,"Manjari, meꞌ nakuraꞌ meꞌ Yahudi miyaꞌan batang ne siggewde si Isa, peggeꞌ tahātide weꞌ siye inandiganne si dalilan sabab likus miyaꞌan. Saguwaꞌ gaꞌ iye siggewde peggeꞌ talew siye si meꞌ aꞌa mabanesin. Hangkan inambanan iye weꞌ de duk tahalaꞌ ne siye."
,37,13,Niyaꞌ dinaꞌak weꞌ de meꞌ Pariseo duk meꞌ tindeg Sultan Herod pī pu si Isa nguhi-nguhi iye si meꞌ bissānen.
,37,14,"Pagtekkade laꞌi pu si Isa, paꞌinde si iye, ""Tuwan, kataꞌuhan kami weꞌ bennal hadja meꞌ binissānun duk gaꞌi kew suse bisan ine tapikil aꞌa si kaꞌuhin, bisan pe siye meꞌ aꞌa taga kapatut. Duk bennal meꞌ panoloꞌnu sabab meꞌ kabayaꞌan Tuhan hininang manusiyaꞌin. Akahanun kami,"" paꞌinde, ""patuhut ke si saraꞌte bi magbayed sukey si Sultan Nakuraꞌ bangsa Romahin atawa gaꞌi?"""
,37,15,"Saguwaꞌ kataꞌuhan si Isa pangakkalden. Paꞌinne si siye, ""Weꞌey ku suleyanbi? Moꞌo kaꞌam pitu sīn tuwas duk tapayamanku."""
,37,16,"Manjari binoꞌohan ne weꞌ de si Isa. Paꞌinne si siye, ""Pattaꞌ sine teꞌ duk sulat sine si sīn inin?"" Paꞌinde, ""Pattaꞌ Sultan Nakuraꞌin duk sulatnen."" 17""Na,"" paꞌin si Isa si siye, ""pangurungun bi si Sultan Nakuraꞌin sukuꞌ si iyehin, duk pangurungun bi si Tuhan sukuꞌ si Tuhanin. (Hātinen, magbayed kaꞌam sukey duk pangurungun bi dibin dambūs-būs si Tuhan.)"" Manjari ulaliꞌ teꞌed siye si iye."
,37,18,"Puwas miyaꞌan niyaꞌ pī pu si Isa meꞌ Sadduseo, meꞌ Yahudi gaꞌi kahagad weꞌ ellum balik meꞌ pateyin si ellew dambuli. Tinilew iye weꞌ de, paꞌinde, 19""Tuwan, niyaꞌ saraꞌ pangurung Musa kite bi weꞌ bang niyaꞌ lella bu matey iye gaꞌ niyaꞌ anakne, subey ne maganda salinen si balu miyaꞌan duk niyaꞌ tubuꞌ sakanen."
,37,20,"Na manjari, niyaꞌ miyaꞌan pituꞌ lella magpungtinaꞌi. Sakahin maganda, manjari matey iye gaꞌ anakde."
,37,21,Mapasunuꞌin maganda si baluhin duk matey iye gaꞌ du isab niyaꞌ anakde. Damikkiyan du isab mapasunuꞌ si iyehin.
,37,22,"Kapituꞌ magpungtinaꞌihin maggantiꞌ nganda baluhin duk matey siye gaꞌ niyaꞌ anakde ambanande. Si kakapusannen, matey isab dendehin."
,37,23,"Na, Tuwan,"" paꞌinde, ""si ellew pagellum balik meꞌ pateyin, anda sine iye? Bu pituꞌ magpungtinaꞌihin makaꞌanda iye."""
,37,24,"Sambungan si Isa siye, paꞌinne, ""Salaꞌ kaꞌam. Hangkan kaꞌam salaꞌ, peggeꞌ gaꞌi tasabutbi tasulat dem kitabin duk gaꞌi isab kataꞌuhanbi balakat Tuhanin."
,37,25,"Peggeꞌ bang ellum ne balik meꞌ pateyin,"" paꞌin si Isa, ""kuweꞌ ne siye meꞌ malaꞌikat si surgaꞌin. Gaꞌi ne siye maganda atawa magella."
,37,26,"Na, pasal meꞌ aꞌa matey weꞌ pinakellum balik, gaꞌ ke bakas tabatsabi dem kitab Tawrat sabab poꞌon puhung makayatin? Tasulat laꞌi weꞌ missā Tuhanin pu si Musa. Paꞌin Tuhanin, 'Aku Tuhan pagtuhanan disi Ibrahim duk si Isahak duk si Yakubin.'"
,37,27,"Tuhanin Tuhan meꞌ maꞌellumin dumaꞌin Tuhan meꞌ pateyin. (Hātinen weꞌ bisan disi Ibrahim duk Isahak duk si Yakub tiggel ne matey, ellum siye laꞌi si surgaꞌ peggeꞌ inisbat pe weꞌ de Tuhanin.) Salaꞌ teꞌed kaꞌam si pamikilbin."""
,37,28,"Manjari niyaꞌ guru si saraꞌ āgama nengge-nengge laꞌi duk takalene pagpasuweyanden. Pagtapandogane weꞌ hāp panambung si Isa siyehin, patapit iye pī nilew si Isa. ""Tuwan,"" paꞌinne, ""inggehin daꞌakan malangkew amban kēmonin?"""
,37,29,"Nambung si Isa, paꞌinne, ""Daꞌakan malangkew amban kēmonin inin: 'Meꞌ aꞌa bangsa Israꞌil, pakale kaꞌam. Tuhanin, Panuhutanten bi dambuwaꞌ-buwaꞌ iye Tuhanin."
,37,30,"Subey kalasahannu Tuhanin, Panuhutannun, dambūs-būs ateynun duk pikilannun duk basagnun.' Iye inin,"" paꞌin si Isa, ""daꞌakan malangkew amban kēmonin."
,37,31,"Duk daꞌakan mapasunuꞌin inin: 'Subey kalasahannu saweꞌnun kuweꞌ pangalasanu dinun.' Gaꞌ niyaꞌ palangkew daꞌakan amban daꞌakan duwe inin."""
,37,32,"Paꞌin guru saraꞌin pu si Isa, ""Tumuꞌun iyan, Tuwan. Bennal binissānun weꞌ dambuwaꞌ-buwaꞌ du Tuhanin duk gaꞌ niyaꞌ seddili amban iye."
,37,33,"Duk subey aꞌahin kalasahanne Tuhanin dambūs-būs ateynen duk pikilannen duk basagnen. Duk subey isab kalasahanne pagkasinen kuweꞌ pangalasane dinen. Bang tuhutne inin, hāp pe teꞌed inin amban magkuluban iye hayep ineggas atawa nōngan ine-ine si Tuhan."""
,37,34,"Pagtapandoga si Isa weꞌ lalem pikilannen peggeꞌ patut teꞌed panambungnen, paꞌinne si iye, ""Bang pasōngnu pamikilnu iyan, mura kew pagbayaꞌan Tuhanin."" Puwas miyaꞌan, gaꞌ ne niyaꞌ aꞌa makatawakkal nilew si Isa ine-ine."
,37,35,"Manjari, sābu si Isa magusihat dem langgal hadje, tilewne siye, paꞌinne, ""Weꞌey meꞌ guru si saraꞌ āgamahin magpaꞌin weꞌ Almasihin tubuꞌ Sultan Daꞌud koꞌ?"
,37,36,"Bu si Daꞌud ne teꞌed mamissāhin sābu pagbayaꞌan iye weꞌ Niyawa Sutsihin, paꞌinne,'Missā Tuhanin si Panuhutankun.Paꞌin Tuhanin, dayiꞌ kew, ningkoloꞌ kew tuꞌu si kanawananku, tuꞌu si paningkoloꞌan mabangsahanin.Bettadku du meꞌ bantanun diyawaꞌ pat bettisnu.'"
,37,37,"Na, payamanun bi,"" paꞌin si Isa, ""bang si Daꞌud pangēnne Almasihin Panuhutanne, bugtuꞌ dumaꞌin hadja iye tubuꞌne saguwaꞌ langkew pe iye amban si Daꞌud.""Meꞌ aꞌa mabanesin kēgan pakale si meꞌ usihat si Isahin."
,37,38,"Manjari sābu magusihat pe si Isa, paꞌinne, ""Paghalliꞌ-halliꞌanun bi meꞌ guru si saraꞌ āgamahin. Sinna siye lumengngan magsemmek tahaꞌ duk sinna siye sinalam si meꞌ tabuꞌan."
,37,39,"Bang dem langgal, mabayaꞌ siye ningkoloꞌ si meꞌ paningkoloꞌan para si meꞌ aꞌa pinagaddatanin. Damikkiyan bang siye si meꞌ pagjamu-jamuhan, kabayaꞌanden ningkoloꞌ si meꞌ paningkoloꞌan mabangsahanin."
,37,40,"Saguwaꞌ siye,"" paꞌin si Isa, ""sinigpitan weꞌ de meꞌ dende baluhin supaya taꞌeddoꞌde meꞌ lumaꞌden, duk magsambahayang siye patahaꞌ magmā-mā weꞌ aꞌa hāp siye. Bugtuꞌ hukuman hadje tasangkaden si ahilat."""
,37,41,Manjari ningkoloꞌ si Isa paharap si pangisi-ngisihan sīn dem langgal hadjehin. Pinayam-payaman weꞌ ne meꞌ aꞌahin ngalaboꞌ sīn dem pangisi-ngisihanin. Ekka meꞌ aꞌa dayahan ngalaboꞌ sīn ekka.
,37,42,"Manjari niyaꞌ tekka pī dambuwaꞌ dende balu, miskin teꞌed. Ngalaboꞌ iye duwek kayuꞌ sīn peyat, kulang du halgaꞌnen."
,37,43,"Manjari ilinganan weꞌ si Isa meꞌ tindegnen pī patapit si iye. Paꞌinne si siye, ""Sabennal akahante kaꞌam, dende balu mamiskin inin, labi pe sīn talaboꞌnen amban kēmon siye meꞌ mangalaboꞌ sīnin."
,37,44,"Peggeꞌ siye kēmon,"" paꞌin si Isa, ""ngurung siye amban alataꞌde maglabi-labihin. Saguwaꞌ dende inin, bisan iye miskin, pinangurung weꞌ ne kēmon sīnnen bisan diddaꞌ panabangne sukalnen."""
,38,1,"Manjari sābu si Isa paluwas amban langgal mahadjehin, dambuwaꞌ meꞌ tindegnen nambat, paꞌinne, ""Uy, Tuwan. Makasinna-sinna pahāp meꞌ batu hinang langgal inin. Asal hāp teꞌed bantuk langgal inin."""
,38,2,"Paꞌin si Isa si siye, ""Langgal mahadje inin ujud hebbaꞌ du. Niyaꞌ ellew si pasōngan, gaꞌ du iyan niyaꞌ talebbi tuꞌu meꞌ batu magbangkat-bangkat iyan, saguwaꞌ kēmon kinanat-kanat du."""
,38,3,"Manjari sasang si Isa ningkoloꞌ si kūd Jaitun paharap tudju langgal hadjehin, hap pī si iye si Petros duk si Yakub duk Yahiya duk Andariyas, siye-siye hadja."
,38,4,"Tinilew si Isa weꞌ de, paꞌinde, ""Akahanun kami, sumiyan umantag meꞌ pinaꞌinnu miyaꞌan? Ine tandaꞌ mapaguwaꞌin bang sōng ne umantag meꞌ kēmon miyaꞌan?"""
,38,5,"Paꞌin si Isa si siye, ""Pahatul-hatul kaꞌam duk kaꞌam gaꞌi kaꞌakkalan."
,38,6,Peggeꞌ ekka iyan pitu magēnan ēnkun duk magpaꞌin weꞌ siye ne Almasihin. Duk ekka iyan kaꞌakkalande.
,38,7,"Duk bang kaꞌam makakale sabab magbonoꞌ dem lahat, atawa suwi-suwi sabab magbonoꞌ si meꞌ lahat tala, daꞌa kaꞌam tinalew. Kēmon inin subey umantag saguwaꞌ dumaꞌin pe inin ellew kiyamat."
,38,8,"Peggeꞌ dambuwaꞌ bangsa,"" paꞌin si Isa, ""magbonoꞌ iyan duk bangsa seddili. Duk dambuwaꞌ pagsultanan magbonoꞌ iyan duk pagsultanan seddili. Duk niyaꞌ iyan meꞌ linug si meꞌ kalahat-lahatan si dunya duk niyaꞌ unus si meꞌ kalahatan. Saguwaꞌ inin panagnaꞌan meꞌ katiksaꞌan si dunyahin hadja. Kēmon inin, dalil dende sōng nganak duk nagnaꞌ peddiꞌan ne. 9""Subey kaꞌam pahatul-hatul si dibi,"" paꞌin si Isa. ""Peggeꞌ sōngan meꞌ aꞌa du kaꞌam iyan si meꞌ hukum duk paglubakande kaꞌam dem meꞌ langgal. Niyaꞌ ellew si pasōngan, nengge du isab kaꞌam iyan si harapan meꞌ gubnul duk meꞌ sultan peggeꞌ nuhut kaꞌam aku duk taꞌakabi ne si siye aka-aka mahāp sabab akuhin."
,38,10,"Peggeꞌ meke kiyamat dunyahin, subey dahuꞌ aka-aka mahāpin pinasampay si kēmon kabangsa-bangsahan,"" paꞌin si Isa. 11""Na, bang kaꞌam siniggew duk boꞌode binistiga, daꞌa kaꞌam magsuse andang bang ine binissābin pamēbbegbi dibin. Saguwaꞌ bissāhun bi ine-ine pangurung si kaꞌam si waktu miyaꞌan, peggeꞌ dumaꞌin amban kaꞌam binissābin saguwaꞌ amban Niyawa Sutsihin."
,38,12,"Si pasōngan,"" paꞌinne, ""niyaꞌ iyan meꞌ aꞌa, sōngan meꞌ pungtinaꞌiden siye dinaꞌak pinapatey. Niyaꞌ isab iyan meꞌ anak, sōngan samaden siye dinaꞌak pinapatey. Duk meꞌ anakin bantahande matettoꞌaden duk daꞌakde matettoꞌaden pinapatey."
,38,13,"Duk kaꞌam meꞌ tindegkun,"" paꞌin si Isa, ""kabunsihan du kaꞌam weꞌ kēmon aꞌa peggeꞌ nuhut kaꞌam aku. Saguwaꞌ sine-sine nandal sampay si tamanan kabinasahan inin, taga umul du si surgaꞌ gaꞌ niyaꞌ tamananne."" 14""Na, si pasōngan, niyaꞌ iyan takitebi makapagkaꞌat duk ngandiyawaꞌan Tuhanin laꞌi si antag gaꞌi patut palaꞌihannen. Bang takitebi inin subey ne meꞌ aꞌa malaꞌi si Yahudiyahin lahi pī si meꞌ kapunuhan. (Ambat mamatsa inin sabutanne.)"
,38,15,"Duk bang niyaꞌ aꞌa si luwasan lumaꞌne, subey ne iye gaꞌi padiyalem ngeddoꞌ ine-ine, saguwaꞌ subey ne iye lahi."
,38,16,Duk malaꞌi si tanaꞌnen subey ne gaꞌi balik pī si lumaꞌne ngeddoꞌ meꞌ semmeknen.
,38,17,"Andūꞌ, makaꞌaseꞌ-aseꞌ meꞌ mabettengin duk meꞌ maganak dikiꞌin laꞌi si meꞌ ellew īꞌ."
,38,18,Māku-māku kaꞌam si Tuhan karayaw gaꞌi du inin umantag si tempo gaꞌi hap lahatin.
,38,19,"Peggeꞌ si meꞌ ellew īꞌ,"" paꞌin si Isa, ""niyaꞌ iyan katiksaꞌan hadje, gaꞌ niyaꞌ saliꞌne kemuwe tagnaꞌ pinapanjari weꞌ Tuhanin dunyahin sampay kuweꞌitu. Duk puwas inin, gaꞌi ne teꞌed kabalikan."
,38,20,"Duk bang gaꞌi kulangan Tuhanin meꞌ ellew katiksaꞌan īꞌ,"" paꞌin si Isa, ""gaꞌ niyaꞌ aꞌa ellum. Saguwaꞌ sabab meꞌ aꞌa tapeneꞌnen, meꞌ aꞌa manuhut iyehin, kulangan Tuhanin du meꞌ ellew īꞌ. 21""Duk bang niyaꞌ si ellew īꞌ magpaꞌin si kaꞌam, 'O, payamanun bi, tiyaꞌ Almasihin!' atawa 'Payamanun bi, īꞌ iye laꞌi!' - daꞌa teꞌed kahagadun bi."
,38,22,"Peggeꞌ si meꞌ ellew īꞌ, niyaꞌ iyan paguwaꞌ meꞌ aꞌa magpaꞌin weꞌ Almasihin siye bu gaꞌi bennal. Niyaꞌ isab iyan meꞌ aꞌa magpaꞌin weꞌ nabi siye bu gaꞌi toꞌo. Duk magpakite siye iyan meꞌ tandaꞌ duk meꞌ hinangan makaꞌulaliꞌ supaya bang makajari, taboꞌode pasapeꞌ meꞌ aꞌa tapeneꞌ Tuhanin."
,38,23,"Saguwaꞌ subey kaꞌam papateng-pateng,"" paꞌin si Isa. ""Bakas ne kaꞌam akahanku andang sabab meꞌ inin pādpād gaꞌ pe umantag."" 24""Manjari si meꞌ ellew īꞌ,"" paꞌin si Isa, ""pagubus meꞌ katiksaꞌan miyaꞌan, ngalindem mata ellewin, duk bulanin gaꞌi ne dantaꞌ."
,38,25,Meꞌ poteꞌanin magkalaboꞌ-laboꞌ amban diyataꞌ langit duk meꞌ bayuꞌan diyataꞌ langitin tahalaꞌ amban lugalden.
,38,26,"Manjari pagubus inin, kitede du ku, Anak Manusiyaꞌin, pitu dem inalak. Takite meꞌ aꞌahin du sahayakun duk balakatku mahadjehin."
,38,27,"Duk daꞌakku du pitu meꞌ malaꞌikatin nipun meꞌ aꞌa tapeneꞌkun amban kaꞌampat pidjū alamin."" 28""Pandogahanun bi kayu igirahin,"" paꞌin si Isa. ""Bang numbuꞌ meꞌ dawennen, kataꞌuhanbi weꞌ sōng baytu panas ne."
,38,29,"Damikkiyan isab, bang takitebi umantag ne meꞌ pinaꞌinku miyaꞌan, kataꞌuhanbi weꞌ asal tapit ne teꞌed pabalikkun."
,38,30,"Sabennal akahante kaꞌam,"" paꞌin si Isa, ""gaꞌi pe ubus matey kēmon aꞌa maꞌellum kuweꞌitu inin, tekka ne meꞌ bakas pinaꞌinku inin."
,38,31,"Palabey hadja langitin duk dunyahin, saguwaꞌ bang bissākun asal gaꞌi usaꞌ."" 32""Saguwaꞌ gaꞌ niyaꞌ ngataꞌu bang ellew ine atawa waktu ine papituku balik si pasōnganin. Bisan meꞌ malaꞌikat si surgaꞌin gaꞌi kataꞌuhande. Bisan aku, Anak Tuhanin, gaꞌi du isab kataꞌuhanku. Luwal Samaku Tuhanin mangataꞌuhin."
,38,33,"Hangkan papateng-pateng kaꞌam,"" paꞌin si Isa. ""Daꞌa kaꞌam lipat peggeꞌ gaꞌi kataꞌuhanbi bang sumiyan inin umantag."
,38,34,"Dalilne inin, dambuwaꞌ aꞌa lumengngan hap lahat seddili. Sōng patahalaꞌnen, pinangandel weꞌ ne lumaꞌnen si meꞌ daraꞌakannen. Inurungan siye dangan-dangan hinangden. Duk tungguꞌ gawangin daꞌakne gaꞌi lipat."
,38,35,"Hangkan hep,"" paꞌin si Isa, ""daꞌa kaꞌam lipat peggeꞌ gaꞌi kataꞌuhanbi bang sumiyan tekka dapuꞌ lumaꞌin. Bang magalib ke, atawa tengaꞌ bahangi ke, atawa dayiꞌ ellew ke, atawa salung ke."
,38,36,Peggeꞌ kaw iye bessuwang tekka duk tasaꞌutne kaꞌam tuli.
,38,37,"Na, pinaꞌinku si kaꞌam inin, paꞌinku isab si kēmon aꞌa: Daꞌa teꞌed kaꞌam lipat."""
,39,1,"Na, duwem bahangi pe meke pagkādjaꞌan ēnande Kādjaꞌan Pangessebanin duk kādjaꞌan pagkakande pan gaꞌi sinagetan pasuligin. Meꞌ nakuraꞌ imamin duk meꞌ guru si saraꞌ āgamahin, pinikil-pikil weꞌ de bang saꞌingge paniggewde duk pamapateyde si Isahin duk gaꞌi kataꞌuhan meꞌ aꞌahin. 2""Daꞌa bang baytu kādjaꞌan inin,"" paꞌinde, ""kaw hewuhalaꞌ meꞌ aꞌahin."""
,39,3,"Na, laꞌi si Isa si Betani. Laꞌi iye mangan si lumaꞌ si Simon, aꞌa bakas inipulin. Manjari sasangde mamanganin, niyaꞌ dende tekka pī magboꞌo isellan bengngi. Pangisihannen batu alabaster hininangin. Isellan bengngi miyaꞌan inēnan narda, gaꞌ lamud-lamudne duk mahalgaꞌ teꞌed. Manjari pinessaꞌ weꞌ dendehin pangisihan isellan bengngihin duk binuꞌusan weꞌ ne isellanin diyataꞌ kōk si Isa."
,39,4,"Saguwaꞌ niyaꞌ meꞌ aꞌa malaꞌihin astel duk magbissā-bissā siye. ""Weꞌey isellan bengngi miyaꞌan pinakaꞌatan sa miyaꞌan?"" paꞌinde. 5""Gam pe miyaꞌan pinabellihan labi tellu hatus pilak duk ulinen pangurung si meꞌ mamiskinin."" Hangkan inamāhan teꞌed weꞌ de dendehin."
,39,6,"Saguwaꞌ paꞌin si Isa si siye, ""Pasagadanun bi iye. Weꞌey iye sasewbi? Hāp hininangne si aku inin."
,39,7,"Peggeꞌ mamiskinin,"" paꞌin si Isa, ""gaꞌi du usaꞌ amban kaꞌam, duk sumiyan-sumiyan kaꞌam mabayaꞌ, kapanabang kaꞌam si siye. Saguwaꞌ aku, gaꞌi ku teteg tuꞌu si kaꞌam."
,39,8,"Dende inin, hininang weꞌ ne tageꞌesnen. Inisellanan weꞌ ne andang barankun panyap pangubul akuhin."
,39,9,"Duk sabennal akahante kaꞌam,"" paꞌin si Isa, ""antag-antag si tibuꞌukan dunya minahalayak aka-aka mahāpin, inaka-aka du isab tahinang dende si aku inin, pangesseb-ngesseban meꞌ aꞌahin iye."""
,39,10,"Manjari pagubus miyaꞌan, si Judas Iskariyot, dambuwaꞌ si meꞌ tindeg si Isa sampūꞌ duk duwehin, hap pī si meꞌ nakuraꞌ meꞌ imamin supaya tabuddihanne si Isa duk tasōnganne si siye."
,39,11,"Na, pagkalede pinaꞌin si Judasin, sinna teꞌed siye duk nanggup siye ngurungan iye sīn. Manjari puwas miyaꞌan, miha ne si Judas waktu hāp panōngne si Isa si siye."
,39,12,"Na, taꞌabut ne tagnaꞌ ellew kādjaꞌanin pagkakande pan gaꞌi sinagetan pasuligin. Ellew miyaꞌan subey meꞌ aꞌahin numbaliꞌ anak bili-bili kakande pangessebande pamaluwas Tuhan bangsaden amban kamatey laꞌi si lahat Misil awwalley. Tinilew si Isa weꞌ meꞌ tindegnen, paꞌinde, ""Tuwan, antag kami kabayaꞌannu pī manyapan kaꞌu pamanganannu pagkādjaꞌan inin?"""
,39,13,"Dinaꞌak weꞌ si Isa meꞌ tindegnen duwangan duk paꞌinne si siye, ""Pī kaꞌam dem puweblo miyaꞌan. Niyaꞌ iyan aꞌa tasampangbi laꞌi magboꞌo komboꞌ isihan boheꞌ. Nuhut kaꞌam iye."
,39,14,"Duk bang ne iye paꞌasek dem lumaꞌ, paꞌinun bi si dapuꞌ lumaꞌ miyaꞌan, 'Dinaꞌak kew tinilew weꞌ guruhin bang antag koꞌ bilik pagjamu-jamuhanne duk meꞌ tindegnen para si Kādjaꞌan Pangessebanin.'"
,39,15,"Manjari niyaꞌ iyan pakitehanne kaꞌam bilik luha laꞌi diyataꞌ lumaꞌ,"" paꞌin si Isa. ""Andang ne panyap bilik miyaꞌan. Laꞌi ne kaꞌam maghatul kinakanten bi."""
,39,16,Manjari lumengngan ne meꞌ tindegne duwanganin pī si puweblo duk takitede laꞌi sa pangaka si Isa siyehin. Duk maghatul ne siye laꞌi para si pagjamu-jamuhan Pangessebanin.
,39,17,"Pagsangem ne, hap pī ne si Isa si lumaꞌ miyaꞌan magtuhut duk tindegne sampūꞌ duk duwehin."
,39,18,"Sasangde ningkoloꞌ si lamisahan magkakan, paꞌin si Isa si meꞌ tindegnen, ""Sabennal akahante kaꞌam, niyaꞌ dangan si kaꞌam muddihan aku, saweꞌku magtuhut mangan."""
,39,19,"Magtawus siye dukka duk maggantiꞌ siye nilew iye. Paꞌin dangan-dangan, ""Bugtuꞌ dumaꞌin aku, Tuwan, ēꞌ?"""
,39,20,"Nambung si Isa, paꞌinne, ""Mamuddihan akuhin dangan kaꞌam duk magsawu kami mangan si dambuwaꞌ pinggan."
,39,21,"Aku inin, Anak Manusiyaꞌin,"" paꞌin si Isa, ""matey du ku peggeꞌ iye iyan gantaꞌankun sa sinulat dem kitabin. Saguwaꞌ makaꞌaseꞌ-aseꞌ teꞌed aꞌa mamuddihan Anak Manusiyaꞌin. Gam pe aꞌa miyaꞌan gaꞌ inanakan."""
,39,22,"Sasangde mamanganin, ngeddoꞌ si Isa pan duk pagubus iye magpasalamat si Tuhan, kinepak-kepak weꞌ ne bu pinangurung weꞌ ne si siye. Paꞌinne, ""Ngeddoꞌ kaꞌam. Pan inin barankun."""
,39,23,"Manjari ngeddoꞌ iye sawan duk pagubus iye magpasalamat si Tuhan, pinangurung weꞌ ne si siye duk nginum siye kēmon."
,39,24,"Paꞌin si Isa si siye, ""Inin lahaꞌkun sōng buꞌus sabab meꞌ aꞌa ekka. Inin tandaꞌ weꞌ tumanan Tuhanin du janjiꞌnen."
,39,25,"Sabennal akahante kaꞌam, puwas inin gaꞌi ne ku nginum boheꞌ ubas balik samantaꞌan gaꞌi pe ku nginum ininum baꞌahuhin dem pagbayaꞌan Tuhanin."""
,39,26,"Manjari ngalang siye dambuwaꞌ kalangan pamudji Tuhan, ubus bu paluwas ne siye pī si kūd Jaitun."
,39,27,"Paꞌin si Isa si siye, ""Kēmon kaꞌam, ambananbi du ku. Peggeꞌ tasulat inin dem kitab, pinaꞌin, 'Daꞌakku pinapatey magbantey bili-bilihin, manjari meꞌ bili-bilinen magkanat-kanat.'"
,39,28,"Saguwaꞌ pagellum ne ku balik, magkasuwaꞌ du kite bi. Padehellu ku amban kaꞌam pī si lahat Jalil."""
,39,29,"Manjari paꞌin si Petros si iye, ""Bisan kēmon siye ngambanan kaꞌu, Tuwan, saguwaꞌ aku, asal gaꞌi kew ambananku."""
,39,30,"Paꞌin si Isa si iye, ""Sabennal akahante kew, sangem inin du, gaꞌi pe manukin makatingkowak minduwe, kapamasuwey ne kew mintellu weꞌ gaꞌi ku kataꞌuhannu."""
,39,31,"Saguwaꞌ pasōng si Petros missā pinamuwakkad, paꞌinne, ""Bisan pe ku matey patuhut si kaꞌu, asal gaꞌi kew teꞌed pasuweyanku."" Duk kēmon siye, inin isab binissāden."
,39,32,"Manjari palanjal siye pī si kabbun inēnan Getsemane. Paꞌin si Isa si meꞌ tindegnen, ""Ningkoloꞌ kaꞌam tuꞌu tiggelanku laꞌi māku-māku si Tuhan."""
,39,33,Duk binoꞌo weꞌ ne si Petros duk si Yakub duk si Yahiya. Nagnaꞌ iye kebba-kebbahan duk sasew dem ateynen.
,39,34,"Manjari paꞌinne si siye, ""Ateykun dukka teꞌed, agen-agen makamatey aku. Paꞌamban ne kaꞌam tuꞌu duk magjaga kaꞌam."""
,39,35,Manjari lumengngan iye patala-tala duk pasujud iye diyataꞌ bulak duk ngampun iye si Tuhan weꞌ bang makajari gaꞌi pinaꞌantag si iye kabinasahan sōng matekka si iyehin.
,39,36,"Duk paꞌinne, ""O Ammaꞌ, kēmon tahinangnu. Bang kew mabayaꞌ daꞌa ku pasagadanun bininasa. Saguwaꞌ dumaꞌin tinuhutin kinabayaꞌankun, saguwaꞌ kinabayaꞌannun."""
,39,37,"Manjari balik iye pī si meꞌ tindegnen duk takitene siye kapatuli. Paꞌinne pu si Petros, ""O, Simon, tuli kew? Gaꞌi kew kapagjaga bisan da ora?"
,39,38,"Papateng-pateng kaꞌam duk māku-māku kaꞌam si Tuhan supaya kaꞌam gaꞌi taboꞌo weꞌ sassat. Tapikil weꞌ atey saguwaꞌ gaꞌi kaꞌanggawtaꞌan weꞌ baran."""
,39,39,"Manjari tahalaꞌ ne isab si Isa duk māku-māku iye, binalik weꞌ ne bakas binissāne si Samanen."
,39,40,Ubus balik ne isab iye pī si meꞌ tindegnen duk takitene siye kapatuli peggeꞌ kinaruꞌ teꞌed siye. Gaꞌi kataꞌuhande bang ine panambungde si Isahin.
,39,41,"Pagbalik si Isa kamintellunen, paꞌinne si siye, ""Tuli pe kaꞌam duk pahali pe? Sarang ne iyan. Tekka ne waktuhin. Aku, Anak Manusiyaꞌin, sōng sinōngan ne si antanan meꞌ aꞌa dusehan."
,39,42,"Kuwat kaꞌam, sūng ne kite bi. Payamanun bi, tiyaꞌ ne aꞌa mamuddihan akuhin."""
,39,43,"Manjari sasang si Isa pe mamissāhin, tekka si Judas. Dambuwaꞌ iye si meꞌ sampūꞌ duk duwe tindeg si Isahin. Banes teꞌed aꞌa nuhut si Judas magbarung duk magboꞌo meꞌ kakakal. Siye miyaꞌan dinaꞌak pī weꞌ meꞌ nakuraꞌ imamin duk meꞌ guru si saraꞌ āgamahin duk meꞌ kabahiꞌanin."
,39,44,"Kaꞌurungan siye indan weꞌ si Judas. Bakas paꞌinne hep si siye, ""Sine-sine ūkku, iye ne iyan aꞌahin. Siggewun bi iye duk boꞌohun bi tahalaꞌ duk banteyanun bi pinahāp-hāp."""
,39,45,"Manjari pagtekkade laꞌi, magtawus si Judas patapit pu si Isa duk paꞌinne, ""Tuwan."" Bu inūk si Isa weꞌ ne."
,39,46,Manjari siniggew ne si Isa weꞌ de duk inantan weꞌ de pahaget.
,39,47,"Saguwaꞌ niyaꞌ dambuwaꞌ meꞌ magtengge matapitin, ngurus barungnen duk pineddang weꞌ ne daraꞌakan imam nakuraꞌin, duk butas tayingenen."
,39,48,"Manjari paꞌin si Isa si meꞌ maniggew iyehin, ""Weꞌ kannalbi mundu ku hangkan kaꞌam pitu niggew aku magbarung duk magboꞌo meꞌ kakakal?"
,39,49,"Ellew-ellew laꞌi ku magusihat dem langgal hadje. Laꞌi du kaꞌam saguwaꞌ gaꞌ ku siggewbi laꞌi. Saguwaꞌ,"" paꞌinne, ""subey katumanan kēmon tasulat dem kitabin."""
,39,50,Manjari kēmon tindeg si Isahin nayikutan iye duk lahi siye.
,39,51,Manjari niyaꞌ isab laꞌi dambuwaꞌ subul patuhut pu si Isa. Magdikat hadja iye. Sōng isab iye siniggew weꞌ de.
,39,52,Saguwaꞌ inambanan weꞌ ne dikatnen duk magubas iye magkuwantang.
,39,53,Manjari binoꞌo weꞌ de si Isa pī si lumaꞌ imam nakuraꞌin. Duk magtipun isab laꞌi kēmon nakuraꞌ imamin duk meꞌ kabahiꞌanin duk meꞌ guru si saraꞌ āgamahin.
,39,54,"Na, si Petros paturul pu si Isa saguwaꞌ patala-tala, sampay pī diyalem lame lumaꞌ imam nakuraꞌin. Ningkoloꞌ iye duk meꞌ guwaldiyahin si bihing ebbut ngindāng."
,39,55,Manjari meꞌ nakuraꞌ imamin duk meꞌ kakunsihalanin miha pureba panuntutande si Isa supaya iye tapapateyde. Saguwaꞌ gaꞌ niyaꞌ kasuwaꞌde panuntutande iye.
,39,56,Ekka naksiꞌ kuntara pu si Isa saguwaꞌ gaꞌi bennal duk gaꞌi maguyun meꞌ bissāden.
,39,57,Ubus niyaꞌ sinduwe kuwat naksiꞌ kuntara pu si Isa gaꞌi du isab bennal.
,39,58,"Paꞌinde, ""Bakas takale kami aꞌa inin magpaꞌin weꞌ larakne koꞌ langgal mahadjehin, hininang weꞌ manusiyaꞌ, duk dem tellu ellew matengge koꞌ iye seddili saguwaꞌ dumaꞌin aꞌa mangahinang iyehin."""
,39,59,"Saguwaꞌ bisan pe kuweꞌ miyaꞌan panaksiꞌden, gaꞌ du maguyun meꞌ bissāden."
,39,60,"Manjari nengge imam nakuraꞌin laꞌi si tengngaꞌde nilew si Isa. Paꞌinne, ""Gaꞌ niyaꞌ sambungnu si meꞌ tuntutde si kaꞌu inin?"""
,39,61,"Saguwaꞌ gaꞌ si Isa nambung. Manjari tinilew iye balik weꞌ iman nakuraꞌin, paꞌinne, ""Kaꞌu ne ke Almasihin, Anak Tuhanin?"" 62""Aku ne,"" sambung si Isahin. ""Duk kitebi du ku iyan, aku, Anak Manusiyaꞌin, ningkoloꞌ si kanawanan Tuhan Mabalakatanin. Duk kitebi du ku iyan pitu magtuhut duk meꞌ inalak amban diyataꞌ langit."""
,39,63,"Manjari ginaret weꞌ imam nakuraꞌin semmeknen hawal peddiꞌ ateynen. Duk paꞌinne, ""Weꞌey pe kite bi subey miha meꞌ saksiꞌ?"
,39,64,"Takalebi ne binissāne miyaꞌan, kuweꞌ Tuhanin iye. Ine hukumanbin?"" Paꞌinde kēmon, ""Hukuman kamihin weꞌ subey iye pinapatey."""
,39,65,"Manjari sinduwe meꞌ aꞌahin nagnaꞌ ngaluraꞌan iye. Binennesan isab weꞌ de luwenen duk pinagsuntukan iye weꞌ de. Paꞌinde si iye, ""Na, untukun koꞌ, sine manuntuk kaꞌuhin."" Duk sinampak isab iye weꞌ meꞌ guwaldiyahin pangeddoꞌde iyehin."
,39,66,"Manjari sasang si Petros laꞌi si lame, niyaꞌ dambuwaꞌ dende daraꞌakan imam nakuraꞌin hap pī laꞌi."
,39,67,"Pagkitene si Petros ngindāng, dinendengan teꞌed iye weꞌ ne duk paꞌinne, ""Oy, kaꞌu isab bakas saweꞌ aꞌa Nasaret miyaꞌan, si Isa."""
,39,68,"Saguwaꞌ masuwey si Petros, paꞌinne, ""Gaꞌi kataꞌuhanku duk gaꞌi tasabutku bang ine binissānu iyan."" Duk magtawus iye tahalaꞌ tudju tarangka. Manjari ningkowak manukin."
,39,69,"Takite ne isab iye balik weꞌ dende daraꞌakan miyaꞌan duk paꞌin dendehin si meꞌ aꞌa magtengge malaꞌihin, ""Aꞌa miyaꞌan saweꞌde isab."""
,39,70,"Saguwaꞌ masuwey ne isab si Petros. Gaꞌ du tiggel, meꞌ aꞌa magtengge malaꞌihin magpaꞌin pu si Petros, ""Gaꞌi kew kapamasuwey weꞌ dumaꞌin kew saweꞌde peggeꞌ aꞌa Jalil du kew isab."""
,39,71,"Saguwaꞌ nuknaꞌan si Petros dinen duk napa iye. Paꞌinne, ""Asal gaꞌi kataꞌuhanku aꞌa pagbissābi iyan."""
,39,72,"Magtawus tingkowak manukin. Kaminduwenen ne inin. Manjari taꞌesseb weꞌ si Petros bakas pinaꞌin si Isa si iyehin, ""Gaꞌi pe makatingkowak manukin minduwe, kapamasuwey ne kew mintellu weꞌ gaꞌi ku kataꞌuhannu."" Sakaliꞌ tapikil si Petros inin, magtangis iye."
,40,1,"Pagsakaliꞌ ne salung, magtipun meꞌ nakuraꞌ imamin duk meꞌ kabahiꞌanin duk meꞌ guru si saraꞌ āgamahin. Siye meꞌ kakunsihalan mangahukumin. Magisun siye bang inumeyde pu si Isahin. Manjari pagubus siye magisun, iningketan weꞌ de si Isa duk binoꞌo weꞌ de pī sinōngan pu Pilatus."
,40,2,"Tilew Pilatus iye, paꞌinne, ""Sultan meꞌ Yahudihin ke kew?"" Nambung si Isa, paꞌinne, ""Iye du pinaꞌinnu iyan."""
,40,3,"Na, ekka tuntut meꞌ nakuraꞌ imamin si iye."
,40,4,"Tinilew iye balik weꞌ Pilatus, paꞌinne, ""Gaꞌ niyaꞌ panambungnu? Payamanun kaꞌekka tuntutde si kaꞌu."""
,40,5,"Saguwaꞌ gaꞌ ne nambung si Isa, hangkan ulaliꞌ teꞌed Pilatus."
,40,6,"Na kahabaꞌ tahun, bang baytu Kādjaꞌan Pangesseban, iye addat Pilatusin maluwas iye dambuwaꞌ pilisu, sine-sine pāku meꞌ aꞌahin pinaluwas."
,40,7,"Masa miyaꞌan, niyaꞌ laꞌi aꞌa kinalabusu. Ēnnen Barabbas. Laꞌi iye magtuhut duk meꞌ saweꞌne bakas manguntarahan gubelnohin duk makapapatey iye meꞌ aꞌa masa miyaꞌan."
,40,8,Ekka meꞌ aꞌa pī pu si Pilatus duk pināku weꞌ de weꞌ maluwas iye dambuwaꞌ pilisu sa addat luwal hininangne tahun-tahunin.
,40,9,"Tinilew siye weꞌ Pilatus, paꞌinne, ""Mabayaꞌ kaꞌam paluwasku si kaꞌam Sultan meꞌ Yahudihin?"""
,40,10,"Hangkan siye tinilew weꞌ ne sa miyaꞌan peggeꞌ kataꞌuhanne weꞌ sinōngan si Isa weꞌ meꞌ nakuraꞌ imamin si iye, peggeꞌ kinimbūhan si Isa weꞌ de."
,40,11,"Saguwaꞌ meꞌ aꞌa mabanesin tasegeꞌ weꞌ meꞌ nakuraꞌ imamin weꞌ subey pākude si Barabbas pinaluwasin, dumaꞌin si Isa."
,40,12,"Paꞌin si Pilatus ne isab si siye, ""Inumeyku si aꞌa inēnanbi Sultan meꞌ Yahudi inin?"""
,40,13,"Magkalolop siye, paꞌinde, ""Lansangun iye diyataꞌ olom."""
,40,14,"Paꞌin Pilatus si siye, ""Weꞌey? Ine laꞌat tahinangnen?"" Saguwaꞌ pasōng ne siye magkalolop, paꞌinde, ""Lansangun iye diyataꞌ olom."""
,40,15,"Manjari kabayaꞌan Pilatusin weꞌ duhulanne kabayaꞌan meꞌ aꞌa mabanesin, hangkan pinaluwas weꞌ ne Barabbas si siye. Duk pagubus si Isa daꞌakne ilubakan, sinōngan ne iye weꞌ Pilatus supaya iye talansang diyataꞌ olom."
,40,16,Manjari binoꞌo si Isa tahalaꞌ weꞌ meꞌ sundaluhin pī si lame astanaꞌ gubnulin. Duk ilinganan weꞌ de patipun kēmon sundalu da kumpaniyahin.
,40,17,"Manjari pinasemmekan weꞌ de si Isa semmek taluk kuweꞌ bantuk semmek sultan. Ubus ngalakal isab siye bāhan luhihan, hininang kuweꞌ korona sultan, bu pinapī weꞌ de si kōkne."
,40,18,"Manjari magmā-mā pinahadje si Isa weꞌ de, paꞌinde, ""Assalamu alaikum, Sultan meꞌ Yahudihin."""
,40,19,"Pinaglubakan weꞌ de kōk si Isahin duk kayu-kayu, duk pinagluraꞌan iye weꞌ de. Ubus pasujud siye si iye."
,40,20,"Pagubus iye hinangde dagey, iluwasan weꞌ de semmek talukin bu pinasemmekan iye balik duk semmekne tagnaꞌin. Ubus binoꞌo ne iye weꞌ de pabukut duk ne iye talansang diyataꞌ olom."
,40,21,"Manjari niyaꞌ aꞌa pabutas, ēnnen si Simon, aꞌa amban lahat Kirene. Bakas amban lahat diyataꞌ iye balik pī si puweblo. Si Simon inin sama Iskandal duk si Rupus. Ginagahan iye weꞌ meꞌ sundaluhin dinaꞌak pinanangkit olom sōng pangalansangan si Isahin."
,40,22,"Binoꞌo weꞌ de si Isa pī si lugal inēnan Golgota. Hāti ēn miyaꞌan, ""Lahatan Bungkug."""
,40,23,"Paglaꞌi ne si Isa, niyaꞌ sōng pamaꞌinumde iye boheꞌ ubas sinagetan tambal inēnan mira. Saguwaꞌ gaꞌ tayimaꞌne."
,40,24,Manjari ilansang ne iye weꞌ de diyataꞌ olom bu pinatengge weꞌ de olomin. Pinagbahagiꞌ-bahagiꞌan weꞌ meꞌ sundaluhin meꞌ semmek si Isahin. Maglegot siye magdaꞌagan duk kataꞌuhande bang semmek inggehin daꞌagan dangan-danganin.
,40,25,Ellet lettu duk salung pangalansangde iye diyataꞌ olomin.
,40,26,"Duk tuntut si iyehin sinulat diyataꞌ olom sa inin: ""Inin Sultan meꞌ Yahudihin."""
,40,27,Duk niyaꞌ duwangan mundu pinasumbayaꞌ pu si Isa ilansang diyataꞌ olomde.
,40,28,Dambuwaꞌ olomin pinatengge si kanawanne duk dambuwaꞌin si bibanganne.
,40,29,"Duk meꞌ aꞌa mapalabeyin, pinagsayehan iye weꞌ de. Magkeleng-keleng siye duk paꞌinde, ""Aha. Paꞌinnu talaraknu langgal hadjehin, ubus bu patenggenu balik dem tellu ellew."
,40,30,"Bang tatabangnu dinun, duwaꞌi kew amban olom iyan."""
,40,31,"Damikkiyan isab meꞌ nakuraꞌ imamin duk meꞌ guru si saraꞌ āgamahin pagudjiꞌande iye, paꞌinde, ""Tatabangne aꞌa seddilihin saguwaꞌ dinen gaꞌi tatabangne."
,40,32,"Iye koꞌ Almasihin, sultan meꞌ Israꞌilin, na, ambat iye duwaꞌi amban olom iyan. Bang takitete iye duwaꞌi, na, kahagad ne kite."" Duk meꞌ ilansang pinasumbayaꞌ si iyehin, missā-missāhan iye du isab."
,40,33,"Na, paglettu ne ellewin, maglindem dem tibuꞌukan lahat miyaꞌan sampay lisag tellu kohapin."
,40,34,"Paglisag tellu ne, magkilahap si Isa papales, paꞌinne, ""Eloi, Eloi, lama sabachthani?"" Hātinen, ""O Tuhanku, weꞌey ku pasagadannu?"""
,40,35,"Pagtakale inin weꞌ meꞌ aꞌa magtengge-tengge malaꞌihin, salaꞌ pakakalehanden. Paꞌinde, ""Pakalehun bi be. Lingananne Nabi Eliyas."""
,40,36,"Magtawus niyaꞌ aꞌa magubas pī moꞌo kuweꞌ gapas bu ngaleglebanne magdem ininum. Ubus tinogsokan weꞌ ne miyaꞌan diyataꞌ kayu-kayu bu sinōngan weꞌ ne pamasessep pu si Isa. Paꞌin aꞌa miyaꞌan, ""Daꞌa dahuꞌ. Payamante bi bang pitu ke Nabi Eliyas maduwaꞌi iye amban diyataꞌ olomin!"""
,40,37,Manjari magkilahap si Isa mintedde papales ubus bu bekkat ne napasnen.
,40,38,Magtawus garet semmek subuk hinang ellig dem langgal hadjehin. Garet paduwe amban diyataꞌ ngeregseꞌ diyawaꞌ.
,40,39,"Pagkite kapitan manengge mapaharap si olomin weꞌ sa miyaꞌan kabekkat napas si Isahin, nambat iye, paꞌinne, ""Sabennal aꞌa inin Anak Tuhanin."""
,40,40,"Niyaꞌ laꞌi meꞌ dende mayam-mayam amban katala-talahan. Dem grupu miyaꞌan laꞌi si Mariyam dende amban Magdalahin, duk si Salome. Laꞌi isab si Mariyam, saꞌi si Joses duk si Yakub bataꞌin."
,40,41,"Meꞌ dende miyaꞌan manuhut-nuhut si Isahin duk siye manguntul iyehin palaꞌine si lahat Jalilin. Duk ekka pe isab meꞌ dende seddili laꞌi, meꞌ bakas manuhut iye hap Awrusalamin."
,40,42,"Ellew Pagpanyap miyaꞌan, hātinen, dam bahangi meke ellew liꞌi. Pagkohap ne ellew miyaꞌan, tekka laꞌi si Yusup."
,40,43,Si Yusup inin aꞌa amban puweblo Arimati. Kunsihal inaddatan iye. Inagad-agad weꞌ ne katuman meꞌ paꞌalan sabab pagbayaꞌ Tuhanin. Manjari magtawakkal iye pī pu si Pilatus duk pināku weꞌ ne bangkey si Isahin.
,40,44,Ulaliꞌ Pilatus pagkalene weꞌ matey ne si Isa. Ilinganan weꞌ ne kapitanin duk tinilew weꞌ ne bang tiggel ne ke kamateynen.
,40,45,"Pagkataꞌuhanne amban kapitanin weꞌ asal matey ne si Isa, pinangurung ne weꞌ ne bangkeynen pu si Yusup."
,40,46,"Manjari melli si Yusup kakanaꞌ duk pagubus ilebbes weꞌ ne si Isa amban diyataꞌ olomin, sinaput weꞌ ne duk kakanaꞌin. Ubus pinabāk weꞌ ne dem lingab pagkubulan, batu ilowangan. Ubus bu ngaligid iye batu panampeng gawang lingabin."
,40,47,"Laꞌi mayam-mayam si Mariyam dende amban Magdalahin, duk si Mariyam saꞌi si Josesin, duk takitede bang antag pangubulan si Isahin."
,41,1,"Pagpuwas ellew Sabtuꞌ, ellew liꞌihin, si Mariyam dende amban Magdalahin, duk si Salome, duk Mariyam saꞌi si Yakubin, melli laksiꞌ duk siye tapī ngalaksiꞌan bangkey si Isahin."
,41,2,"Manjari salung-salung pe ellew Ahad, hap pī siye si kubul."
,41,3,"Magbissā-bissā siye si lān, paꞌinde, ""Sine mangaligidan batu tampeng lingabin duk kite bi dumiyalem?"" Bu asal hadje batuhin."
,41,4,"Pagtekkade laꞌi, takitede batuhin ubus ne iligidan."
,41,5,Padiyalem siye dem lingab. Ngite siye laꞌi dambuwaꞌ lella bataꞌ magsemmek poteꞌ ningkoloꞌ-ningkoloꞌ si antag kanawan. Takeddut teꞌed siye.
,41,6,"Paꞌinne si siye, ""Daꞌa kaꞌam tinalew. Kataꞌuhanku pihabi si Isa, aꞌa Nasaret bakas ilansang diyataꞌ olomin. Gaꞌ ne iye tuꞌu. Ellum ne iye balik. Payamanun bi bakas pamabākan iyehin."
,41,7,"Na, pī ne kaꞌam,"" paꞌinne, ""akahanun bi meꞌ tindegnen duk si Petros weꞌ padehellu iye amban kaꞌam hap lahat Jalil. Kitebi du iye iyan laꞌi, sa pangakane kaꞌamin."""
,41,8,Manjari paluwas siye duk lahi siye amban kubulin peggeꞌ migpid siye hawal dahitden. Gaꞌ niyaꞌ bissāde bisan pu sine peggeꞌ tinalew siye.
,41,9,"Pagellum ne balik si Isa amban kamateynen ellew Ahad miyaꞌan, paguwaꞌ iye dehellu pu Mariyam dende amban Magdalahin, iye ne bakas pinaluwasanne seyitan pituꞌin. 10-11,Manjari pī si Mariyam si meꞌ tindeg si Isahin sasangde laꞌi magsugul duk magtangis. Inakahan siye weꞌ Mariyam weꞌ ellum si Isa duk bakas takitene, saguwaꞌ gaꞌ siye kahagad."
,41,12,"Pagubus miyaꞌan, paguwaꞌ si Isa si duwangan tindegnen sasangde lumengngan hap lahat diyataꞌ. Saguwaꞌ pinda bantuknen."
,41,13,Manjari balik siye hap Awrusalam ngakahan meꞌ saweꞌden. Saguwaꞌ gaꞌ du isab siye kinahagad weꞌ de.
,41,14,"Ubus miyaꞌan, paguwaꞌ si Isa si sampūꞌ duk dambuwaꞌ tindegnen sasangde mangan. Inamāhan siye weꞌ ne peggeꞌ gaꞌ siye kahagad duk peggeꞌ tuwas kōkden. Paꞌinne, bisan siye inakahan weꞌ meꞌ bakas mangite iyehin weꞌ ellum ne iye balik amban kamateynen, gaꞌi du siye kahagad."
,41,15,"Manjari paꞌinne si siye, ""Pī kaꞌam si kēmon kalahat-lahatan si dunya duk mahalayakun bi aka-aka mahāpin si kēmon manusiyaꞌ."
,41,16,"Sasuku makahagadin duk tapandi, tandaꞌ weꞌ sandel ne iye si aku,"" paꞌin si Isa, ""timbul du iye. Saguwaꞌ manggaꞌi makahagadin, tewwaꞌ hukuman Tuhanin du."
,41,17,"Duk meꞌ masandel si akuhin, inurungan du balakat maghinang meꞌ hinangan makaꞌulaliꞌ. Makapaluwas siye iyan meꞌ seyitan weꞌ balakat ēnkun duk makabissā siye meꞌ bissā gaꞌi kataꞌuhande."
,41,18,"Bang siye bessuwang makaꞌantan sawe, duk bang siye bessuwang makaꞌinum ine-ine gantaꞌ makamatey, gaꞌi du makaꞌine siye. Duk bang bettadde tanganden si meꞌ masakihin, kawuliꞌan du siye."""
,41,19,"Manjari pagubus Panuhutanin si Isa missā si meꞌ tindegnen, paꞌangkat iye hap surgaꞌ duk ningkoloꞌ iye si kanawanan Tuhanin, lugal mabangsahanin."
,41,20,"Manjari lumengngan ne meꞌ tindegnen magmahalayak si kēmon kalahat-lahatan. Duk inurungan siye weꞌ Panuhutanin balakat maghinang meꞌ hinangan balakatan, supaya kataꞌuhan meꞌ aꞌahin weꞌ toꞌo meꞌ panoloꞌden."
,42,1,"Ekka ne bakas nulat sabab meꞌ bakas malumabey diyalem kamihin, sabab Almasihin."
,42,2,"Sinulat weꞌ de meꞌ bakas inaka si kamihin weꞌ meꞌ bakas mangite hininangne kemuwe tagnaꞌin, duk siye inin meꞌ aꞌa magmahalayak lapal Tuhanin."
,42,3,"Na, aku isab kuweꞌitu, peggeꞌ bakas tapaliksaꞌku ne teꞌed kēmon malumabey miyaꞌan kemuwe tagnaꞌ, tapikilku isab manulat inin pinagturul-turul para si kaꞌu, Tuwan Teopilus,"
,42,4,supaya kataꞌuhannu weꞌ kēmon bakas sinalsila si kaꞌuhin asal bennal teꞌed.
,42,5,"Kuweꞌ inin tagnaꞌnen: Matuꞌuhin, masa si Herod pe sultan si lahat Yahudiyahin, niyaꞌ imam ēnnen Jakariya. Dambuwaꞌ iye meꞌ imam si grupu Imam Abiya ley. Andanen si Elisabet pangkatan meꞌ imam isab."
,42,6,Kaduwangan siye bentel si pagmatahan Tuhan. Tinuhut teꞌed weꞌ de kēmon saraꞌ duk pangandaꞌakan Tuhanin. Gaꞌ niyaꞌ panallaꞌan siye.
,42,7,Saguwaꞌ gaꞌ niyaꞌ anakde peggeꞌ gaꞌi anakan Elisabet duk masa miyaꞌan bahiꞌ ne teꞌed siye saliꞌ-saliꞌ.
,42,8,"Manjari dambuwaꞌ ellew, pagantiꞌ ne magimam Jakariya duk grupunen si langgal mahadjehin."
,42,9,"Sa addat meꞌ imamin magpuwaꞌan siye, duk Jakariya kapasukuꞌan manugtug kamanyanin dem bilik sutsi dem langgalin. Hangkan padiyalem iye pī si lumaꞌ Tuhanin."
,42,10,Meꞌ aꞌa mabanesin laꞌi si bukut ngampun-ngampun sasang panugtug kamanyanin.
,42,11,Manjari pabagala si iye dambuwaꞌ malaꞌikat Tuhanin nengge laꞌi si kanawanan antag panugtug-nugtugan kamanyanin.
,42,12,"Pagkite Jakariya malaꞌikatin, takeddut iye duk paꞌasekan talew iye."
,42,13,"Saguwaꞌ paꞌin malaꞌikatin si iye, ""Daꞌa kew tinalew, Jakariya. Pinakale ne weꞌ Tuhanin pangampunnun. Andanun Elisabet nganak du weꞌ nu dambuwaꞌ lella duk ēnanun iye Yahiya."
,42,14,"Asal sinna kew teꞌed iyan duk kēgan kew duk ekka isab aꞌa kēgan paginanakan ne iye,"
,42,15,"peggeꞌ bangsahan du iye iyan si pagmatahan Tuhan. Gaꞌi iye subey nginum ine-ine makalango. Kemuwe inanakan iye, andang ne iye paꞌasekan Niyawa Sutsihin."
,42,16,Duk ekka meꞌ aꞌa Israꞌil taboꞌone balik si Tuhan Panuhutanden.
,42,17,"Si Yahiya anaknu inin, iye mapadehellu amban Panuhutanin. Pagbayaꞌan iye weꞌ Niyawa Sutsihin kuweꞌ Nabi Eliyas masaley, duk balakatan iye kuweꞌ balakat Nabi Eliyasin masaley. Sabab panoloꞌnen, maghāp balik meꞌ samahin duk meꞌ anakden. Duk meꞌ aꞌa manggaꞌi manuhut pangandaꞌakan Tuhanin, sabab meꞌ panoloꞌnen, pindahande du pikilanden duk bentel ne pamikilden. Ubus niyaꞌ ne meꞌ aꞌa memes bang tekka Panuhutanin."""
,42,18,"Paꞌin Jakariya si malaꞌikatin, ""Saꞌingge pakabugtuꞌku inin? Bahiꞌ ne ku duk andakun bahiꞌ ne du isab."""
,42,19,"Nambung malaꞌikatin, paꞌinne, ""Jibraꞌil ku inin. Aku inin luwal ku nengge si panaꞌanan Tuhanin. Dinaꞌak ku weꞌ Tuhanin pitu missā si kaꞌu ngakahan kaꞌu aka-aka mahāp inin."
,42,20,"Payamanun be, peggeꞌ gaꞌ kahagadnu inakakun, ngaꞌumew kew iyan duk gaꞌi kew makabissā samantaꞌan gaꞌi tuman pinaꞌinku si kaꞌu inin. Saguwaꞌ kēmon bakas inakaku si kaꞌuhin asal tuman du bang taꞌabut ne waktunen."""
,42,21,"Sābu miyaꞌan, meꞌ aꞌahin magagad pu si Jakariya duk ulaliꞌ siye bang weꞌey iye managhāꞌ tiggel laꞌi diyalem langgal."
,42,22,"Pagpaguwaꞌne, gaꞌi iye taꞌu missā si siye hangkan kataꞌuhande weꞌ niyaꞌ bakas takitene pabagala si iye laꞌi dem langgal. Ninyas-ninyas hadja iye si siye peggeꞌ umew ne iye."
,42,23,"Manjari pagjukup ne ellew pagimamnen laꞌi si langgal mahadjehin, balik ne iye hap lahatne."
,42,24,"Gaꞌ du tiggel, betteng ne si Elisabet, andanen, duk dem limem bulan gaꞌ Elisabet paguwaꞌ-guwaꞌ."
,42,25,"Paꞌinne, ""Asal hāp Tuhanin si aku. Inānan ne weꞌ ne kaꞌiyaꞌanku si meꞌ aꞌahin peggeꞌ tiyaꞌ ne ku sōng anakan."""
,42,26,"Pagennem bulan ne betteng Elisabetin, dinaꞌak weꞌ Tuhanin malaꞌikat Jibraꞌil hap pī si dambuwaꞌ puweblo laꞌi si lahat Jalil inēnan Nasaret."
,42,27,"Dinaꞌak iye pī si dambuwaꞌ budjang ēnnen si Mariyam. Si Mariyam inin magtunang duk dambuwaꞌ lella ēnnen si Yusup, tubuꞌ Sultan Daꞌud ley."
,42,28,"Pagtekka malaꞌikatin laꞌi si palaꞌihan Mariyamin, paꞌinne si dendehin, ""Assalamu alaikum. Tapeneꞌ kew weꞌ Tuhanin, Mariyam. Luꞌu si kaꞌu Tuhanin."""
,42,29,"Pagkale Mariyam pinaꞌin malaꞌikatin, sasew teꞌed dem pikilannen duk pinikil-pikil weꞌ ne bang ine hāti pinaꞌinne si iye miyaꞌan."
,42,30,"Manjari paꞌin malaꞌikatin si iye, ""Daꞌa kew tinalew, Mariyam, peggeꞌ kasulutan teꞌed Tuhanin si kaꞌu."
,42,31,Sōng betteng kew iyan duk nganak kew lella. Ēnanun iye si Isa.
,42,32,Bangsahan teꞌed iye iyan duk inēnan du iye Anak Tuhan Tamanan Malangkewin. Duk pamanjari Tuhanin du iye sultan kuweꞌ papuꞌne Sultan Daꞌud ley.
,42,33,"Duk magsultan du iye si meꞌ bangsa Israꞌilin salama-lama. Gaꞌ niyaꞌ tamanan pagsultannen."""
,42,34,"Paꞌin Mariyam si malaꞌikatin, ""Saꞌingge kajarine inin bu gaꞌ pe niyaꞌ ellaku?"""
,42,35,"Nambung malaꞌikatin, paꞌinne, ""Patekka du piyu si kaꞌu Niyawa Sutsihin duk kalandungan du kew weꞌ balakat Tuhanin. Hangkan hep nakanak inanakannun sutsi duk inēnan iye Anak Tuhan."
,42,36,"Payamanun be isab usbanun Elisabet. Betteng iye kuweꞌitu bisan ne iye bahiꞌ. Dende pinaꞌinde gaꞌi manganakin, kuweꞌitu ennem bulan ne bettengnen."
,42,37,"Peggeꞌ bang si Tuhan gaꞌ niyaꞌ hunit."""
,42,38,"Manjari paꞌin Mariyam, ""Daraꞌakan Tuhanin ku inin. Maglillaꞌ ku si pinaꞌinnun."" Ubus tahalaꞌ ne amban iye malaꞌikatin."
,42,39,"Gaꞌ tiggel puwas miyaꞌan, magmemes Mariyam duk magdayiꞌ-dayiꞌ iye hap pī si dambuwaꞌ lahat diyataꞌ laꞌi si Yahudiya."
,42,40,"Pagtekkane laꞌi, hap pī iye si lumaꞌ Jakariya duk paꞌinne pu si Elisabet, ""Assalamu alaikum."""
,42,41,"Pagtakale Elisabet suwala Mariyamin, magtawus usaꞌ nakanakin dem bettengne duk pagbayaꞌan iye weꞌ Niyawa Sutsihin,"
,42,42,"duk missā iye papales pu si Mariyam, paꞌinne, ""Gaꞌ niyaꞌ dende tuꞌu si dunya kuweꞌ kaꞌuhin kaꞌurungan kahāpan maglabi-labi weꞌ Tuhanin. Damikkiyan nakanak sōng inanakannun maglabi-labi isab kahāpan pangurung si iyehin."
,42,43,"Weꞌey teꞌ ku pinahadje weꞌ saꞌi Panuhutankun, tiyaꞌ pitu nindew aku."
,42,44,"Peggeꞌ pagtakaleku suwalanun, magtawus nakanak dem bettengkun usaꞌ manamal hawal kēgnen."
,42,45,"Asal kēgan kew paꞌin manamal peggeꞌ kinahagad weꞌ nu weꞌ tumanan Tuhanin du pinaꞌinne si kaꞌuhin."""
,42,46,"Manjari paꞌin Mariyam, ""Asal pahadjeku teꞌed Tuhanin amban dem ateyku."
,42,47,"Pinakēg ku teꞌed weꞌ Tuhan manimbul akuhin,"
,42,48,"peggeꞌ inasip ku weꞌ ne, daraꞌakanne madiyawaꞌin. Peggeꞌ amban kuweꞌitu inin, kēmon aꞌa magpangkat-mamangkatin ēnande du ku dende asal makēganin."
,42,49,"Peggeꞌ Tuhan Mabalakatanin, hinangan makaꞌulaliꞌ hininangne si akuhin. Asal sutsi iye."
,42,50,Maꞌaseꞌ teꞌed iye si meꞌ magpangkat-pangkatan mahadje iyehin.
,42,51,"Pakitehanne basagnen si meꞌ hinangannen, pagkanat-kanatne meꞌ malangkew ateynen. 52Ānanne meꞌ sultanin amban pagsultananden duk palangkewne meꞌ madiyawaꞌ ateynen."
,42,53,Duhulanne duk mahāpin meꞌ kasukalanin duk patahalaꞌne meꞌ madayahanin gaꞌ niyaꞌ taboꞌode.
,42,54,"Tinabangan du weꞌ Tuhanin daraꞌakannen, bangsaten bi Israꞌil. Gaꞌ du takayipatne janjiꞌnen weꞌ kaꞌaseꞌanne kite bi."
,42,55,"Peggeꞌ bakas nanggup iye si meꞌ kapapuꞌanten bi, pu si Ibrahim duk meꞌ tubuꞌnen, weꞌ kaꞌaseꞌanne du kite bi salama-lama."""
,42,56,"Patennaꞌ Mariyam tellum bulan laꞌi pu si Elisabet, ubus hap lumaꞌ ne iye balik."
,42,57,"Manjari, taꞌabut ne ellew panganak Elisabetin duk nganak iye lella."
,42,58,"Pagkale meꞌ saweꞌne magtapit lumaꞌin duk meꞌ kaꞌusbahannen weꞌ hāp teꞌed hinangan Tuhanin si iye, magkēg isab siye matuk si iye."
,42,59,"Pagtaꞌabut ne nakanakin walum bahangi diyataꞌ kāpan, patipun siye pangislam nakanakin duk arak ēnande nakanakin Jakariya, sa ēn samanen."
,42,60,"Saguwaꞌ paꞌin saꞌinen, ""Daꞌa. Subey iye inēnan Yahiya."" 61""Weꞌey?"" paꞌinde. ""Gaꞌ hatiꞌ niyaꞌ bisan dambuwaꞌ meꞌ kaꞌusbahannun magēn iyan."""
,42,62,Manjari magsinyas siye si sama nakanakin bang ine kabayaꞌanne pangēn nakanakin.
,42,63,"Ninyas isab Jakariya māku panulatan duk sinulatnen inin: ""Ēnnen Yahiya."" Ulaliꞌ teꞌed siye kēmon."
,42,64,Manjari magtawus ne Jakariya makabissā duk pinudji weꞌ ne Tuhanin.
,42,65,Paꞌasekan talew kēmon saweꞌde magtapit lumaꞌin duk bawag maꞌumantag inin si meꞌ kalahat-lahatan diyataꞌ laꞌi si Yahudiya.
,42,66,"Duk kēmon makakale inin, luwal pikil-pikilde duk paꞌinde, ""Ine enteꞌ pangagantaꞌ Tuhan nakanak miyaꞌan?"" Peggeꞌ pastiꞌ weꞌ balakat Tuhanin laꞌi si nakanak miyaꞌan."
,42,67,"Manjari Jakariya, sama nakanakin, pinagbayaꞌan weꞌ Niyawa Sutsihin duk pasampayne lapal Tuhanin, paꞌinne, 68""Pudjite bi Tuhanin, iye Tuhan sinambahayang bangsate bi Israꞌilin, peggeꞌ taꞌessebne du kite bi meꞌ aꞌanen duk pinaluwas kite bi weꞌ ne."
,42,69,"Papitune si kite bi dambuwaꞌ manimbulin, balakatan du iye duk tubuꞌ daraꞌakannen Sultan Daꞌud ley."
,42,70,Asal nanggup Tuhanin awwalley duk pinalataꞌ inin weꞌ meꞌ nabine masutsihin.
,42,71,Nanggup Tuhanin weꞌ asal paluwasne kite bi amban meꞌ bantaten bi duk amban antanan meꞌ mabunsi si kitehin bi.
,42,72,"Paꞌinne weꞌ kaꞌaseꞌanne meꞌ kapapuꞌante bi ley duk tumananne du janjiꞌne masutsihin,"
,42,73,iye janjiꞌ sinapahanne si papuꞌten bi Ibrahim.
,42,74,"Ngajanjiꞌ hep iye weꞌ kite bi meꞌ tubuꞌ Ibrahimin, paluwasne du amban antanan meꞌ bantaten bi duk kite bi kapaghinang si Tuhan, gaꞌ niyaꞌ makatalew kite bi,"
,42,75,"supaya tiggelante bi maꞌellumin kapaghinang kite bi si Tuhan, sutsi pagateyten, duk bentel hinanganten."""
,42,76,"Manjari missā Jakariya si anaknen, paꞌinne, ""Kaꞌu Totoꞌ, inēnan du kew nabi Tuhan Tamanan Malangkewin. Peggeꞌ padehellu du kew amban Panuhutanin manyap lān palabeyannen."
,42,77,"Kaꞌu iye mangakahan meꞌ aꞌanen supaya kataꞌuhande weꞌ bang inampun ne duseden, timbul du siye."
,42,78,Peggeꞌ Tuhanin maꞌaseꞌ teꞌed duk hāp. Papitune si kite bi dantaꞌ amban surgaꞌin.
,42,79,"Sinag dantaꞌ inin si kēmon mapatennaꞌ dem lindemin, si meꞌ aꞌa matalew mamateyin, duk panduꞌanne kite bi pī si lān tudju kasanyanganin."""
,42,80,Manjari anak Jakariyahin nulig ne paꞌin duk magkasōng isab pamikilnen. Duk laꞌi iye patennaꞌ dem lahat makagindew-gindew samantaꞌan gaꞌ pe iye paguwaꞌ patampak si meꞌ aꞌa Israꞌilin.
,43,1,"Masa īꞌ, si Agustus Sultan Nakuraꞌ si bangsa Romahin. Manjari ngurung uldin iye weꞌ subey magpalista kēmon aꞌa dem meꞌ kalahat-lahatan si antanannen."
,43,2,"Iye inin tagnaꞌ pangalista meꞌ aꞌahin, duk masa si Kirinu gubnul si lahat Siriyahin paglista inin."
,43,3,Hangkan kēmon aꞌahin balik pī si lahat kapapuꞌanden magpalista.
,43,4,"Si Yusup lumengngan amban puweblo Nasaret laꞌi si lahat Jalil pataked hap pī si lahat Yahudiya, si puweblo Betlehem, iye lahat panganakan Sultan Daꞌud ley. Pī iye magpalista laꞌi peggeꞌ tubuꞌ si Daꞌud iye."
,43,5,Magtuhut iye duk Mariyam tunangnen pī magpalista. Si Mariyam betteng.
,43,6,"Manjari, baytude laꞌi si Betlehem, taꞌabut nganak Mariyam."
,43,7,"Inanakan weꞌ ne anakne panganayenin, lella. Pinutus weꞌ ne nakanakin dem olos duk pinabāk weꞌ ne dem kahun pagpakanan hayep dem kamalig peggeꞌ gaꞌ niyaꞌ lānde dem lumaꞌ paghegpaꞌ-hegpaꞌanin."
,43,8,"Na, sangem miyaꞌan, niyaꞌ meꞌ pastul bili-bili si lahat miyaꞌan magjaga manteyan meꞌ panenan bili-biliden dem kabalilihan si kahayangan."
,43,9,Bessuwang niyaꞌ dambuwaꞌ malaꞌikat Tuhanin pabagala si siye duk sahaya Tuhanin ninag paliput si siye hangkan kadahitan teꞌed siye.
,43,10,"Saguwaꞌ paꞌin malaꞌikatin, ""Daꞌa kaꞌam tinalew, peggeꞌ pitu ku ngakahan kaꞌam aka-aka hāp makakēg meꞌ aꞌahin kēmon."
,43,11,"Laꞌi si Betlehem, puweblo Sultan Daꞌud awwalley, inanakan ne ellew inin Manimbul kaꞌamin. Iye Almasi, Panuhutanin."
,43,12,"Duk iye inin indanin weꞌ bennal aka-aka inin: kasuwaꞌbi du nakanakin pinutus dem olos duk pinabāk dem kahun pagpakanan hayep."""
,43,13,"Manjari niyaꞌ magtawus takitede si bihing malaꞌikatin banes teꞌed malaꞌikat amban surgaꞌ. Pinudji weꞌ de Tuhanin, paꞌinde, 14""Pataꞌ Tuhanin pinudji si surgaꞌ, duk si dunya karayaw sanyang meꞌ aꞌa makasulut iyehin!"""
,43,15,"Ubus tahalaꞌ ne meꞌ malaꞌikatin balik pī si surgaꞌ. Pagtumahalaꞌ ne siye, paꞌin meꞌ pastul bili-bilihin, ""Sūng kite bi pī si Betlehem. Payamante bi bakas pinagintaꞌu weꞌ Tuhan si kite inin."""
,43,16,"Manjari magdayiꞌ-dayiꞌ siye pī duk takasuwaꞌ weꞌ de si Mariyam duk si Yusup, duk nakanakin laꞌi pinabāk dem kahun pagpakanan hayep."
,43,17,"Pagkitede nakanakin, magaka-aka siye sabab bakas inaka malaꞌikat si siyehin pasal nakanak miyaꞌan."
,43,18,"Duk kēmon makakale inaka meꞌ pastul miyaꞌan, ulaliꞌ manamal."
,43,19,Saguwaꞌ si Mariyam inesseb-esseb weꞌ ne kēmon inin duk luwal pikil-pikilne.
,43,20,"Manjari balik ne meꞌ pastulin pī si meꞌ hayepden. Pinudji duk sinanglitan weꞌ de Tuhanin sabab meꞌ bakas takaleden duk takiteden, peggeꞌ kēmon bakas inaka malaꞌikat si siyehin toꞌo teꞌed."
,43,21,"Pagtaꞌabut ne nakanakin walum bahangi diyataꞌ kāpan, inislam iye duk inēnan iye si Isa, ēn pangēn malaꞌikatin gaꞌ pe iniraman nakanakin."
,43,22,"Puwas ampatpūꞌ bahangi bakas panganak Mariyamin, tinuhut ne weꞌ si Yusup duk Mariyam addat pagsutsihin sa pangandaꞌakan saraꞌ si Musahin. Binoꞌo weꞌ de nakanakin pī si Awrusalam supaya iye kasōngande si Tuhan laꞌi."
,43,23,"Tinuhut weꞌ de tasulat dem saraꞌ pinangurung Tuhanin, pinaꞌin, ""Kēmon anak lella panganayen subey sinōngan si Tuhan."""
,43,24,Duk pī isab siye magkuluban sa pangandaꞌakan dem saraꞌ Tuhanin weꞌ duwe koꞌ assang atawa duwe tukmu bahu ilayangan subey sōngande hinang kuluban.
,43,25,"Na, niyaꞌ laꞌi aꞌa si Awrusalam ēnnen si Simiyun. Aꞌa inin bentel duk luwal nambahayang si Tuhan. Inagad-agad weꞌ ne waktu katekka manimbul bangsa Israꞌilin. Duk laꞌi si iye Niyawa Sutsihin."
,43,26,"Bakas pinagintaꞌu si iye weꞌ Niyawa Sutsihin weꞌ gaꞌi iye matey samantaꞌan gaꞌi kitene Almasi, bakas pananggup Tuhanin."
,43,27,Manjari dinaꞌak iye pī dem langgal hadjehin weꞌ Niyawa Sutsihin. Andang ne iye laꞌi dem langgal pagtekka pī saꞌi-sama si Isahin moꞌo iye supaya tahinang si iye pangandaꞌakan saraꞌin.
,43,28,"Pagkite si Simiyun nakanakin, ineddoꞌ bu pinippi weꞌ ne bu magsukul iye si Tuhan, paꞌinne, 29""O Tuhan, makajari ne ku, daraꞌakannun, papoleꞌnu hap ahilat peggeꞌ tuman ne pananggupnu si akuhin."
,43,30,Takite mataku ne inin manimbulin
,43,31,pinapitu weꞌ nu supaya takite meꞌ manusiyaꞌin kēmon.
,43,32,"Iye dalil dantaꞌ makitehan kabayaꞌannun si meꞌ kabangsahan sinduwehin duk sababne pinahadje du meꞌ aꞌanun bangsa Israꞌilin."""
,43,33,Ulaliꞌ teꞌed saꞌi-sama nakanakin si meꞌ binissā si Simiyunin sabab anakden.
,43,34,"Manjari māku-māku si Simiyun kahāpan amban Tuhan para si siye. Ubus missā iye pu si Mariyam, saꞌi nakanakin, paꞌinne, ""Anaknu inin, iye pangagantaꞌ Tuhan si iyehin weꞌ sababne, ekka aꞌa si bangsa Israꞌil patapit si Tuhan duk ekka isab patala amban Tuhan. Pinapitu iye weꞌ Tuhanin hinang tandaꞌ, saguwaꞌ gaꞌi iye tinayimaꞌ weꞌ meꞌ aꞌa maꞌekkahin."
,43,35,"Duk sababne, paluwas du bang ine teꞌed pinikilden. Duk kaꞌu, Mariyam, hawal dukkanun kuweꞌ ilogsok iyan ateynun duk kalis."""
,43,36,"Niyaꞌ isab laꞌi dambuwaꞌ nabi dende inēnan si Anna, anak Panuꞌel, pangkatan si Aser ley. Bahiꞌ ne teꞌed iye. Pitun tahun hadja pagdambuwaꞌne duk ellanen,"
,43,37,ubus balu iye sampay kuweꞌitu walumpūꞌ duk ampat tahun ne umulnen. Luwal iye dem langgal hadjehin sampay magpuwase duk ngampun duk magsambahayang dumaꞌin hadja ellew saguwaꞌ bisan sangem.
,43,38,"Patapit iye duk magsukul iye si Tuhan duk missā iye sabab nakanakin si meꞌ aꞌahin, sasuku ngase-ngase weꞌ timbul Tuhanin du bangsade Israꞌilin."
,43,39,"Pagubus ne tahinangde kēmon pangandaꞌakan dem saraꞌ Tuhanin, balik ne Mariyam duk si Yusup hap Jalil pī si puwebloden Nasaret."
,43,40,Nakanakin nulig duk ngabasag. Pasōng kataꞌunen duk kasulutan teꞌed Tuhanin si iye.
,43,41,Kahabaꞌ tahun meꞌ matettoꞌa si Isahin hap pī si Awrusalam bang baytu pagkādjaꞌan Pangesseban Palabey Tuhanin.
,43,42,"Pagsampūꞌ duk duwen tahun ne umul si Isahin, hap pī siye si pagkādjaꞌan miyaꞌan sa hinanganden."
,43,43,"Pagubus ne kādjaꞌanin, hap lumaꞌ ne siye. Saguwaꞌ si Isa paꞌamban si Awrusalam bu gaꞌ inin kataꞌuhan meꞌ matettoꞌanen."
,43,44,Kannalde laꞌi du iye patuhut si meꞌ saweꞌde maglengnganin. Maglengngan pe siye kekkohapan bahude miha iye laꞌi si meꞌ kaꞌusbahanden duk meꞌ kabagayanden saguwaꞌ gaꞌ iye laꞌi.
,43,45,"Peggeꞌ gaꞌ iye kasuwaꞌde, balik siye hap Awrusalam miha iye."
,43,46,"Pagpuwas tellum bahangi, takasuwaꞌde iye diyalem langgal hadjehin magtingkoloꞌ duk meꞌ guru, pakale si siye duk nilew-nilew siye."
,43,47,Kēmon makakale iyehin ulaliꞌ teꞌed peggeꞌ lalem kataꞌunen duk tewwaꞌ meꞌ panambungnen.
,43,48,"Ulaliꞌ teꞌed meꞌ matettoꞌanen pagkitede iye. Paꞌin saꞌinen si iye, ""Totoꞌ, weꞌey sa inin hininangnu si kamihin? Samanun duk aku suse teꞌed magpiha si kaꞌu."" 49""Weꞌey pe ku pihabi?"" paꞌin si Isa. ""Weꞌ gaꞌ kataꞌuhanbi weꞌ subey ku tuꞌu si lumaꞌ Samakun?"""
,43,50,Saguwaꞌ gaꞌ tahātide pinaꞌinne miyaꞌan.
,43,51,Manjari nuhut ne si Isa meꞌ matettoꞌanen hap lumaꞌ pī si Nasaret duk tuhutne pangandaꞌakande iyehin. Duk kēmon malumabeyin inennaꞌ-ennaꞌ weꞌ Mariyam dem ateyne.
,43,52,"Pasōng panulig si Isahin duk pasōng isab kataꞌunen. Pasōng isab kasulutan Tuhanin duk meꞌ aꞌahin si iye.
1-2,Pagsampūꞌ duk limen tahun ne pagsultan si Tiberus, Sultan Nakuraꞌ bangsa Romahin, manjari tekka lapal Tuhanin pī pu si Yahiya anak Jakariyahin. Laꞌi si Yahiya si lahat makagindew-gindew. Masa miyaꞌan si Pontiyus Pilatus gubnul si lahat Yahudiya, si Herod gubnul si lahat Jalil duk pungtinaꞌinen si Pilip gubnul si lahat Ituriya duk lahat Tarakuniti, duk Lisani gubnul si lahat Abilen. Meꞌ imam nakuraꞌin si Annas duk si Kayapas."
,43,3,"Ubus lumengngan Yahiya ngalatag kalahat-lahatan mapaliput si boheꞌ Jordanin magmahalayak si meꞌ aꞌahin weꞌ sasuku magsusun ne duk ngalebbahan meꞌ hinanganne malaꞌatin, subey iye pinandi duk ampun Tuhanin du iye."
,43,4,"Hinang Yahiya inin, andang pinaꞌal dem sulat Nabi Isaya awwalley. Pinaꞌin laꞌi:""Niyaꞌ aꞌa maglingan dem lahat makagindew-gindew. Iye inin paꞌinne: 'Sōng tekka ne Panuhutanin. Palanuꞌun bi lān palabeyannen. Pabentelun bi lān tinuhutnen."
,43,5,"Kēmon lebbakin subey pinennoꞌan duk kēmon punu duk kūdin subey dinatagan, mabingkokin pinabentel, lān maglettud-lebbakin pinalanuꞌ."
,43,6,"Manjari takite meꞌ manusiyaꞌin du kēmon bang saꞌingge panimbul Tuhan siyehin.' """
,43,7,"Banes teꞌed aꞌa pī pu si Yahiya makipandi si iye. Hangkan paꞌinne si siye, ""Kaꞌam iyan, addatbin kuweꞌ addat sawe pangakkal. Weꞌey kaꞌam pitu? Kannalbi hatu weꞌ gaꞌi kaꞌam tewwaꞌ mulkaꞌ Tuhan sōng matekkahin bang kaꞌam pinandi."
,43,8,"Hinangun bi hinangan mahāpin duk takite weꞌ tayikutanbi ne dusebin. Daꞌa kaꞌam ngandel weꞌ gaꞌi kaꞌam legga Tuhanin sewukat ne kaꞌam tubuꞌ Apuꞌ Ibrahim. Akahante kaꞌam, bisan meꞌ batu inin tahinang Tuhanin du meꞌ tubuꞌ Apuꞌ Ibrahim."
,43,9,"Kuweꞌ dalil kayu kaꞌam sōng tinebbengan si gamutne. Kēmon kayu manggaꞌi magbuwaꞌ mahāpin tinebbengan duk ilakasan dem ebbut ineggas."""
,43,10,"Tinilew iye weꞌ meꞌ aꞌa mabanesin, paꞌinde, ""Na, ine subey hinang kami?"""
,43,11,"Sambunganne siye, paꞌinne, ""Taga badjuꞌ duwehin subey urunganne manggaꞌ niyaꞌ badjuꞌnen. Damikkiyan taga kinakanin subey isab bahagiꞌanne manggaꞌ niyaꞌ kinakannen."""
,43,12,"Niyaꞌ isab meꞌ aꞌa magpāku-pāku sukey para si gubelno pī pu si Yahiya makipandi duk paꞌinde si iye, ""Tuwan, kami inin, ine subey hinang kami?"""
,43,13,"Nambung iye, paꞌinne, ""Daꞌa kaꞌam māku sukey labi amban pangandaꞌakan kaꞌamin."""
,43,14,"Niyaꞌ isab meꞌ sundalu nilew iye, paꞌinde, ""Na, kami, ine subey hinang kami?"" Paꞌinne si siye, ""Daꞌa kaꞌam makitalew atawa nuntut gaꞌi bennal supaya kaꞌam kaꞌurungan pilak. Duk magsukul kaꞌam si suweldobin."""
,43,15,"Pagkale meꞌ aꞌahin usihat Yahiyahin, kuweꞌ ngase-ngase siye saguwaꞌ kuweꞌ duwe-duwehan du isab dem ateyden bang si Yahiya miyaꞌan asal Almasihin ne ke."
,43,16,"Saguwaꞌ paꞌin Yahiya si siye kēmon, ""Pinandi kaꞌam weꞌ ku duk boheꞌ saguwaꞌ niyaꞌ dambuwaꞌ lella sōng pitu asal balakatan iye amban aku, gaꞌi ku bisan matalep ngalekkahan ingket tehompaꞌnen. Iye inin seddili pamandine kaꞌamin. Niyaꞌ kaꞌam papīhanne Niyawa Sutsihin duk sinduwehin pandine duk ebbut."
,43,17,"Pagpaꞌilne meꞌ aꞌa mahāpin duk meꞌ aꞌa malaꞌatin. Kuweꞌ iye dalil aꞌa magpalid paley, pagpaꞌilne linggasin duk apahin. Meꞌ linggasin ennaꞌne pinadem lukung saguwaꞌ apahin eggasne dem ebbut gaꞌ niyaꞌ kapalemne."""
,43,18,"Ekka pe usihat seddili guna Yahiya pagmahalayakne aka-aka mahāpin si meꞌ aꞌahin, duk binuyuꞌ-buyuꞌ siye weꞌ ne dinaꞌak ginantiꞌan kawul-piꞌilden."
,43,19,"Inamāhan isab weꞌ Yahiya Gubnul Herod sabab maganda iye pu si Herodiyas, bakas anda pungtinaꞌinen, duk sabab hinanganne sinduwe malaꞌatin."
,43,20,"Ubus tambahan si Herod pe meꞌ hinanganne malaꞌatin, kinalabusu weꞌ ne Yahiya."
,43,21,"Masa pamandi Yahiya meꞌ aꞌahin kēmon, pinandi isab si Isa weꞌ ne. Pagubus si Isa pinandi, ngampun iye duk sasangne mangampunin, luka langitin,"
,43,22,"duk duwaꞌi Niyawa Sutsihin pī si iye kuweꞌ bantuk assang. Duk niyaꞌ suwala amban surgaꞌ magpaꞌin, ""Anakte kew kalasahanku. Kasulutan ku teꞌed si kaꞌu."""
,43,23,"Manjari nagnaꞌ si Isa magusihat, niyaꞌ meꞌ tellumpūꞌ tahun ne umulnen. Kannal meꞌ aꞌahin anak si Yusup iye, si Yusup inin anak si Heli."
,43,24,"Si Heli anak si Mattat, si Mattat anak si Libi, si Libi anak si Malki, si Malki anak si Janni, si Janni anak si Yusup."
,43,25,"Si Yusup inin anak si Mattati, si Mattati anak si Amos, si Amos anak si Nahum, si Nahum anak si Esli, si Esli anak si Naggay."
,43,26,"Si Naggay anak si Maꞌat, si Maꞌat anak Mattati, si Mattati inin anak si Semeꞌin, si Semeꞌin anak si Yosek, si Yosek anak si Joda."
,43,27,"Si Joda anak si Joꞌanan, si Joꞌanan anak si Resa, si Resa anak si Serubbabel, si Serubbabel anak si Salati, si Salati anak si Neri,"
,43,28,"si Neri anak si Malki, si Malki inin anak si Addi, si Addi anak si Kosam, si Kosam anak si Elmadam, si Elmadam anak si Er."
,43,29,"Si Er anak si Yussaꞌ, si Yussaꞌ anak Eleeser, si Eleeser anak si Jorim, si Jorim anak si Mattat, si Mattat anak si Libi,"
,43,30,"si Libi anak si Simiyun, si Simiyun anak si Yuda, si Yuda anak si Yusup, si Yusup inin anak si Jonam, si Jonam anak Eliyakim."
,43,31,"Si Eliyakim anak si Meleya, si Meleya anak si Menna, si Menna anak si Mattata, si Mattata anak si Natan, si Natan anak Sultan Daꞌud."
,43,32,"Si Daꞌud anak si Jesse, si Jesse anak si Obed, si Obed anak si Bowas, si Bowas anak si Salmon, si Salmon anak si Nasson."
,43,33,"Si Nasson anak Amminadab, si Amminadab anak si Admin, si Admin anak si Arni, si Arni anak si Hesdon, si Hesdon anak si Peres, si Peres anak si Yuda."
,43,34,"Si Yuda anak si Yakub, si Yakub anak si Isahak, si Isahak anak si Ibrahim, si Ibrahim anak si Tera, si Tera anak si Nahor."
,43,35,"Si Nahor anak si Serug, si Serug anak si Raga, si Raga anak si Peleg, si Peleg anak si Eber, si Eber anak si Sela."
,43,36,"Si Sela anak si Kainan, si Kainan anak si Arpaksad, si Arpaksad anak si Sem, si Sem anak si Nu, si Nu anak si Lamek,"
,43,37,"si Lamek anak Metusela, si Metusela anak si Idris, si Idris anak si Jared, si Jared anak si Mahalalel, si Mahalalel anak si Kenan."
,43,38,"Si Kenan anak si Enos, si Enos anak si Set, si Set anak Apuꞌ Adam duk si Apuꞌ Adam anak Tuhanin."
,44,1,"Manjari pagubus si Isa pinandi weꞌ Yahiya, tahalaꞌ iye amban boheꞌ Jordan. Pagbayaꞌan iye weꞌ Niyawa Sutsihin duk binoꞌo iye weꞌ Niyawa Sutsihin hap lahat makagindew-gindew."
,44,2,Ampatpūꞌ bahangi iye laꞌi duk sinassat iye laꞌi weꞌ nakuraꞌ seyitanin. Tiggelanne malaꞌihin gaꞌ iye mangan duk pagpuwas miyaꞌan inusan ne iye.
,44,3,"Manjari paꞌin nakuraꞌ seyitanin si iye, ""Bang bennal kew teꞌed Anak Tuhanin, daꞌakun batu inin manjari kinakan."""
,44,4,"Sambungan si Isa iye, paꞌinne, ""Tasulat dem kitab, pinaꞌin, 'Dumaꞌin hadja kinakan makaꞌellum manusiyaꞌin.' """
,44,5,Manjari binoꞌo si Isa weꞌ nakuraꞌ seyitanin padiyataꞌ pī si lugal langkew manamal bu pinakitehan weꞌ ne si iye dem da kilep mata kēmon kalahatan si dunyahin.
,44,6,"Paꞌin nakuraꞌ seyitanin si iye, ""Urungte kew kapatut duk kew kapagbayaꞌ si meꞌ kalahatan inin duk si meꞌ alataꞌden. Peggeꞌ bakas sinōngan inin si aku duk makajari pangurungku pu sine-sine kabayaꞌanku."
,44,7,"Bang kew pasujud si aku, si kaꞌu ne inin kēmon."""
,44,8,"Sambungan si Isa iye, paꞌinne, ""Tasulat dem kitab, pinaꞌin, 'Subey kaꞌam pasujud si Tuhan Panuhutanbin duk subey hadja iye dendangan sinambahayangbin.' """
,44,9,"Ubus miyaꞌan binoꞌo iye weꞌ nakuraꞌ seyitanin hap Awrusalam duk pinatengge iye diyataꞌ būngan langgal hadjehin, duk paꞌinne si iye, ""Bang bennal kew teꞌed Anak Tuhanin palaboꞌ kew bittuꞌu,"
,44,10,"peggeꞌ tasulat du dem kitab, pinaꞌin, 'Daꞌakne kew inipat si malaꞌikatnen supaya gaꞌ niyaꞌ baya-bayanu.'"
,44,11,"Duk tasulat du isab, pinaꞌin, 'Tayak meꞌ malaꞌikatin kew supaya bisan bettisnun gaꞌi peddiꞌan weꞌ batu.' """
,44,12,"Sambungan si Isa iye, paꞌinne, ""Paꞌin kitabin, 'Daꞌa suleyanun Tuhan Panuhutannun.' """
,44,13,"Pagubus ne kēmon bayuꞌan panassat nakuraꞌ seyitan pu si Isahin, tahalaꞌ dahuꞌ iye amban si Isa."
,44,14,"Manjari balik si Isa pī hap Jalil. Laꞌi si iye balakat Niyawa Sutsihin, duk aka-aka sabab iyehin palatag si meꞌ kalahat-lahatan mapaliputin."
,44,15,Magusihat iye si meꞌ kalanggal-langgalanden duk sinanglitan iye weꞌ meꞌ aꞌahin kēmon.
,44,16,"Hap pī si Isa si Nasaret, lahat kasuligannen. Pagtaꞌabut ellew Sabtuꞌ, ellew liꞌi meꞌ Yahudihin, pī iye si langgal sa hinangannen. Manjari nengge iye supaya iye makabatsa amban dem kitab."
,44,17,"Sinōngan si iye kitab sinulat Nabi Isayahin. Iluka weꞌ ne kitabin duk takasuwaꞌ weꞌ ne meꞌ ayat inin bu binatsa weꞌ ne inin, pinaꞌin, 18""Pagbayaꞌan ku weꞌ Niyawa Tuhanin, peggeꞌ tapeneꞌ ku weꞌ ne magmahalayak aka-aka mahāpin si meꞌ aꞌa makaꞌaseꞌ-aseꞌin. Dinaꞌak ku weꞌ Tuhanin pitu ngakahan meꞌ pilisuhin weꞌ pinaluwas ne siye, meꞌ mapessekin weꞌ makakite ne siye balik, duk maluwas ku meꞌ tiniksaꞌin."
,44,19,"Dinaꞌak ku isab pitu magpalataꞌ weꞌ taꞌabut ne tahun pagtimbul Tuhan meꞌ aꞌanen."""
,44,20,Ubus tinambel weꞌ ne kitabin duk pinangurung weꞌ ne balik pī si bilalin bu ningkoloꞌ iye. Kēmon aꞌa dem langgal miyaꞌan ngadendengan iye.
,44,21,"Manjari nagnaꞌ iye missā si siye. Paꞌinne, ""Ellew inin meꞌ ayat binatsaku miyaꞌan tuman ne sasangbi mapakalehin."""
,44,22,"Meꞌ aꞌa dem langgalin kahāpan teꞌed pu si Isa. Ulaliꞌ siye peggeꞌ pandey iye missā. Magbissā-bissā siye, paꞌinde, ""Dumaꞌin ke inin anak si Yusupin?"""
,44,23,"Paꞌin si Isa si siye, ""Bugtuꞌ bissābi si aku eliꞌan inin: 'Doktol, pakoleꞌun dinun,' duk paꞌinbi isab, 'Hinangun isab tuꞌu si di lahatnu bakas takale kami hininangnu si lahat Kapernaumin.'"
,44,24,"Sabennal akahante kaꞌam,"" paꞌinne pe, ""nabihin gaꞌi pagaddatan bang si di lahatne."
,44,25,"Akahante kaꞌam, awwalley pe, masa Eliyas nabihin, gaꞌ hep ulan dem tellun tahun duk tengngaꞌ duk inunus teꞌed tibuꞌukan lahat inin. Bennal ekka dende balu tuꞌu si lahat Israꞌil masa unus miyaꞌan,"
,44,26,"saguwaꞌ dumaꞌin pī si siye pangandaꞌakan Tuhan Nabi Eliyasin saguwaꞌ dinaꞌak iye pī si dende balu dumaꞌin bangsa Israꞌil laꞌi si Sarepta, si lahat Sidon."
,44,27,"Damikkiyan du isab masa si Elisa nabihin,"" paꞌin si Isa. ""Ekka aꞌa inipul si bangsa Israꞌil masa miyaꞌan saguwaꞌ gaꞌ niyaꞌ siye kawuliꞌan bisan dambuwaꞌ, luwal iye makawuliꞌanin aꞌa amban bangsa Siriya, ēnnen si Nayman."""
,44,28,"Pagkalede inin, kēmon siye dem langgal miyaꞌan astel manamal."
,44,29,"Kuwat siye duk sinōgadan weꞌ de si Isa bu binoꞌo weꞌ de paluwas amban puweblo pī diyataꞌ punu paglahatande miyaꞌan, supaya iye talaboꞌde pī si pampang."
,44,30,Saguwaꞌ si Isa lumabey amban tengngaꞌde duk tahalaꞌ iye.
,44,31,"Padurul si Isa amban Nasaret pī si Kapernaum, dambuwaꞌ puweblo isab si lahat Jalil. Pagtaꞌabut ellew Sabtuꞌ, ellew liꞌi, magusihat iye si meꞌ aꞌahin dem langgal."
,44,32,Ulaliꞌ siye pagkalede usihatnen peggeꞌ taga balakat iye bang iye missā.
,44,33,"Laꞌi dem langgal miyaꞌan, niyaꞌ aꞌa pasayedan seyitan. Magkilahap iye papales,"
,44,34,"paꞌinne, ""Allo! Daꞌa kami sasewun, Isa aꞌa Nasaret. Gaꞌ niyaꞌ lamudnu si kami. Pitu ke kew makaꞌatan kami? Kataꞌuhanku du bang sine kew. Kaꞌu dambuwaꞌ-buwaꞌ masutsi mapitu amban Tuhanin."""
,44,35,"Saguwaꞌ inamāhan weꞌ si Isa seyitanin. Paꞌinne, ""Daꞌa kew mabehe. Paguwaꞌ kew amban aꞌa iyan!"" Manjari hinantakan weꞌ seyitanin aꞌahin dem tengngaꞌ meꞌ aꞌahin duk pagubus, paguwaꞌ ne iye amban aꞌahin duk gaꞌ du makaꞌine aꞌahin."
,44,36,"Bengngangan meꞌ aꞌahin kēmon duk magbissā-bissā siye, paꞌinde, ""Meꞌ bissāhey inin? Taga balakat iye duk taga kapatut ngandaꞌak meꞌ seyitanin. Tuhutde pangandaꞌakannen duk paguwaꞌ siye."""
,44,37,Duk aka-aka sabab si Isahin palatag ne si meꞌ kalahatan mapaliputin.
,44,38,"Puwas miyaꞌan, paluwas si Isa amban langgal duk pī iye padiyalem si lumaꞌ si Simon. Na, saki hep matoꞌa si Simon dendehin maglemmun manamal, duk pākude pu si Isa weꞌ pakoleꞌne iye."
,44,39,Pī si Isa nengge si bihing dende masakihin duk daꞌakne tahalaꞌ lemmunnen duk kawuliꞌan ne dendehin. Magtawus iye dongaꞌ duk pinakan siye weꞌ ne.
,44,40,"Pagseddep ellewin, kēmon meꞌ taga bagay masakihin bisan saki ine-ine, binoꞌo siye weꞌ de pī pu si Isa. Binettad weꞌ si Isa tangannen si siye dangan-dangan, duk pakawuliꞌne siye."
,44,41,"Duk ekka isab aꞌa paguwaꞌan seyitan duk kakilahap-kilahapan meꞌ seyitanin, paꞌinde, ""Kaꞌu Anak Tuhanin!"" Saguwaꞌ inamāhan siye weꞌ si Isa gaꞌi siye dinaꞌak mabehe, peggeꞌ kataꞌuhande weꞌ iye Almasihin."
,44,42,"Pagellew ne, tahalaꞌ si Isa pī si lugal gaꞌ niyaꞌ aꞌane. Piniha iye weꞌ meꞌ aꞌahin duk pagtakasuwaꞌde iye, inohotan iye weꞌ de."
,44,43,"Saguwaꞌ paꞌinne si siye, ""Subey ku isab pī si meꞌ kalahatan seddilihin magmahalayak aka-aka hāp sabab pagbayaꞌ Tuhanin peggeꞌ iye inin puꞌunku pinapitu weꞌ Tuhanin si dunya."""
,44,44,Duk magmahalayak iye dem meꞌ kalanggal-langgalan laꞌi si Yahudiya.
,45,1,Dambuwaꞌ ellew laꞌi si Isa nengge-nengge si higad lamew Gennesaret. Meꞌ aꞌahin maglaray pī si iye pakale si lapal Tuhanin.
,45,2,Niyaꞌ kite si Isa duwe bangkaꞌ si higad lamew saguwaꞌ gaꞌ laꞌi dem bangkaꞌ meꞌ aꞌa magkennahin. Laꞌi siye ngosoꞌan meꞌ pokotden.
,45,3,Dambuwaꞌin bangkaꞌ si Simon. Pasakey si Isa laꞌi duk daꞌakne pu si Simon sinawunsungan kuweꞌahat amban tapiyan. Manjari ningkoloꞌ iye duk inusihatan ne paꞌin weꞌ ne meꞌ aꞌahin amban dem bangkaꞌin.
,45,4,"Pagubus ne iye magusihat, paꞌinne pu si Simon, ""Musey kew duk meꞌ saweꞌnun pī si kalaleman duk teppadanun bi meꞌ pokotbin duk kaꞌam makaꞌeddoꞌ kenna."""
,45,5,"Nambung si Simon, paꞌinne, ""Tuwan, kellawan kami magtuyuꞌ saguwaꞌ gaꞌ niyaꞌ taꞌeddoꞌ kami. Saguwaꞌ peggeꞌ paꞌinnu ne, teppadan kami saꞌ."""
,45,6,"Pagubus teppadande meꞌ pokotin, ekka teꞌed kenna taꞌeddoꞌde hangkan agen-agen garet pokotden."
,45,7,Kinawey weꞌ de meꞌ saweꞌde si bangkaꞌ seddilihin dinaꞌak pī nabangan siye ngonot. Hap pī ne siye duk pinaꞌisi weꞌ de meꞌ kennahin magdem bangkaꞌ. Pennoꞌ kaduwe bangkaꞌin weꞌ kenna hangkan agen-agen palenneb.
,45,8,"Pagkite si Simon Petros kenna mabanes inin, pasujud iye si antag bettis si Isa duk paꞌinne, ""O Tuwan, patala kew amban aku peggeꞌ aku inin dusehan."""
,45,9,Peggeꞌ ulaliꞌ teꞌed iye duk meꞌ saweꞌnen sabab ekka kenna taꞌeddoꞌden.
,45,10,"Ulaliꞌ du isab meꞌ saweꞌ si Simon magkennahin, disi Yakub duk Yahiya, meꞌ anak si Sebedehin. Manjari paꞌin si Isa pu si Simon, ""Daꞌa kew tinalew. Tinagnaꞌan kuweꞌitu bahannun mageddoꞌ-eddoꞌ aꞌa pinatuhut si aku."""
,45,11,"Pinatakas weꞌ de meꞌ bangkaꞌden pī si tapiyan, ubus inambanan weꞌ de meꞌ kēmonden duk nuhut ne siye si Isa."
,45,12,"Dambuwaꞌ ellew sābu si Isa laꞌi si dambuwaꞌ puweblo, niyaꞌ aꞌa laꞌi lapat weꞌ ipul barannen. Pagkite aꞌahin si Isa, pasujud iye muyuꞌ-muyuꞌ, paꞌinne, ""O Tuwan, bang kew mabayaꞌ, tapakawuliꞌnu ku."""
,45,13,"Pinasōng weꞌ si Isa tangannen duk inantan weꞌ ne aꞌa inipulin duk paꞌinne, ""Asal mabayaꞌ ku. Kawuliꞌan ne kew."" Magtawus ipulnen tahalaꞌ."
,45,14,"Duk sinessaꞌan teꞌed iye weꞌ si Isa, paꞌinne, ""Daꞌa kew magaka-aka bisan pu sine. Saguwaꞌ pī kew pakitehanun barannun si imamin duk magkuluban kew sa pangandaꞌakan si Musahin, hinang tandaꞌ si meꞌ aꞌahin weꞌ asal kawuliꞌan ne kew."""
,45,15,"Saguwaꞌ magkasōng bawag aka-aka sabab si Isahin, hangkan banes teꞌed aꞌa patipun pī si iye pakale si meꞌ panoloꞌnen duk makipakawuliꞌ meꞌ sakiden."
,45,16,"Saguwaꞌ bang patekka tahalaꞌ si Isa hap pī si antag gaꞌi tantu papīhan aꞌa, duk missā iye laꞌi si Tuhan."
,45,17,"Dambuwaꞌ ellew sasang si Isa magtoloꞌ, niyaꞌ meꞌ Pariseo duk meꞌ guru si saraꞌ āgama Yahudi magtingkoloꞌ laꞌi si bihingne. Meꞌ aꞌa inin amban puweblo Awrusalam duk amban meꞌ kalumaꞌan si lahat Jalil duk Yahudiya. Laꞌi balakat Tuhanin pu si Isa hangkan tapakawuliꞌne meꞌ masakihin."
,45,18,"Manjari niyaꞌ tekka pī meꞌ aꞌa moꞌo lella saki, matey barannen. Miha siye lān supaya iye taboꞌode padiyalem duk tabettadde si antag si Isa."
,45,19,"Saguwaꞌ hawal ekka aꞌahin gaꞌ niyaꞌ palānande hangkan manaꞌik siye pī diyataꞌ sapew lumaꞌ madatagin duk ilarakan weꞌ de sapewin. Ubus pinatuntun weꞌ de aꞌa masakihin diyataꞌ pabākanne pī diyalem si tengngaꞌ meꞌ aꞌahin, si antag si Isa."
,45,20,"Pagtakite si Isa weꞌ sandel teꞌed siye si iye, paꞌinne si aꞌa mamatey barannen, ""Bagay, taꞌampun ne meꞌ dusenun."""
,45,21,"Pagkale meꞌ guru si saraꞌ āgamahin duk meꞌ Pariseohin pinaꞌin si Isa inin, magtawus siye magtilew-tinilew, paꞌinde, ""Aꞌahey inin? Missā iye kuweꞌ Tuhanin iye. Sine makaꞌampun dusehin bang dumaꞌin dambuwaꞌ-buwaꞌ Tuhan."""
,45,22,"Kataꞌuhan si Isa bang ine pinikilden duk paꞌinne si siye, ""Weꞌey kaꞌam magtilew-tilew sa iyan dem ateybi?"
,45,23,"Ine mamurahin, pinaꞌin, 'Inampun ne dusenun,' atawa 'Dongaꞌ kew, bu nu ne lumengngan.'"
,45,24,"Pakoleꞌku aꞌa inin supaya kataꞌuhanbi weꞌ aku, Anak Manusiyaꞌin, taga kapatut tuꞌu si dunya ngampun meꞌ duse."" Manjari paꞌin si Isa si aꞌa mamatey barannen, ""Dongaꞌ kew. Boꞌohun pabākannun bu nu ne hap lumaꞌ."""
,45,25,"Magtawus dongaꞌ aꞌa masakihin si pagmatahande, bu ineddoꞌ weꞌ ne pabākannen, duk hap lumaꞌ iye, mudji-mudji Tuhanin."
,45,26,"Bengngangan siye kēmon duk pinudji weꞌ de Tuhanin. Asekan talew isab siye. Magbissā-bissā siye, paꞌinde, ""Asal hinangan makaꞌulaliꞌ takitete bi ellew inin!"""
,45,27,"Pagubus inin, paluwas iye amban kalumaꞌan miyaꞌan. Niyaꞌ takitene aꞌa magpāku-pāku sukey para si gubelno, ēnnen si Libi, ningkoloꞌ laꞌi si upisinane pagbayed-bayedan sukeyin. Paꞌin si Isa si iye, ""Dayiꞌ kew. Nuhut kew aku."""
,45,28,Manjari kuwat iye duk inambanan weꞌ ne kēmonne malaꞌihin duk nuhut ne iye si Isa.
,45,29,Manjari magjamu-jamu disi Libi laꞌi si lumaꞌne pamahadjene si Isa. Ekka teꞌed aꞌa magpāku-pāku sukey duk meꞌ aꞌa seddili magtingkoloꞌ mangan pasumbayaꞌ si siye.
,45,30,"Niyaꞌ meꞌ Pariseo duk meꞌ guru si saraꞌ āgama, meꞌ Pariseo du isab siye, gaꞌ siye kasulutan hangkan paꞌinde si meꞌ tindeg si Isahin, ""Weꞌey kaꞌam palamud magkakanan duk meꞌ aꞌa magpāku-pāku sukeyin duk meꞌ aꞌa dusehan sinduwehin?"""
,45,31,"Si Isa manambungan siyehin, paꞌinne, ""Meꞌ aꞌa saki hep hap doktolin. Bang meꞌ makoleꞌin gaꞌ niyaꞌ gunane hap doktol."
,45,32,"Dumaꞌin ku pitu miha meꞌ aꞌa mabentelin saguwaꞌ pitu ku miha meꞌ aꞌa dusehanin, supaya pagsusunande duk lebbahande ne meꞌ duseden."""
,45,33,"Manjari paꞌin meꞌ aꞌahin pu si Isa, ""Meꞌ tindeg Yahiyahin daran magpuwase duk ngampun si Tuhan. Damikkiyan isab meꞌ tindeg meꞌ Pariseohin, bu meꞌ tindegnun luwal ne hadja siye mangan duk nginum."""
,45,34,"Sambungan si Isa siye si dalilan. Pasaliꞌne meꞌ tindegnen si meꞌ aꞌa si pagkawinan. Paꞌinne, ""Tadaꞌakbi ke meꞌ aꞌa si pagkawinanin magpuwase samantaꞌan laꞌi pe si siye pangantin lellahin? Gaꞌi!"
,45,35,"Saguwaꞌ si sinōng inin bang ineddoꞌ ne amban siye pangantin lellahin, meke ne siye muwase."""
,45,36,"Manjari magdalilan si Isa sabab panoloꞌ matuꞌuhin duk panoloꞌnen. Paꞌinne, ""Gaꞌ niyaꞌ aꞌa nganggaret badjuꞌ baꞌahu panopakne pī si badjuꞌ andang. Peggeꞌ bang sa īꞌne, garet ne mabaꞌahuhin duk gaꞌi isab patalep mabaꞌahuhin panopak semmek maꞌandangin."""
,45,37,"Pinasaliꞌ isab weꞌ si Isa toloꞌnen si boheꞌ ubas baꞌahu inisi dem puyuꞌ kuwit kambing. Paꞌinne, ""Gaꞌ niyaꞌ aꞌa ngisi boheꞌ ubas baꞌahu, mukal-mukal pe, dem puyuꞌ andang. Peggeꞌ bang sa īꞌne buslad puyuꞌin weꞌ boheꞌ ubasin. Manjari buꞌus boheꞌ ubasin duk magkaꞌat puyuꞌin."
,45,38,Saguwaꞌ subey inisi boheꞌ ubas baꞌahuhin dem puyuꞌ baꞌahu.
,45,39,"Aꞌa mabiyaksa nginum boheꞌ ubas tiggel inennaꞌ-ennaꞌin, gaꞌi pihane boheꞌ ubas baꞌahuhin. Hāp koꞌ lessa boheꞌ ubas tiggel inennaꞌin."""
,46,1,"Dambuwaꞌ Sabtuꞌ, ellew liꞌi meꞌ Yahudi, pabutas si Isa duk meꞌ tindegnen dem tanaꞌ. Paglabey meꞌ tindegnen, ngalupuꞌ siye buwaꞌ tanaꞌin duk pagubus puliyasde, inintaꞌ weꞌ de."
,46,2,"Niyaꞌ laꞌi meꞌ Pariseo duk paꞌinde, ""Weꞌey hinangbi tinaggahan saraꞌ si ellew liꞌihin?"""
,46,3,"Nambung si Isa, paꞌinne, ""Gaꞌ ke bakas tabatsabi bang ine hininang Sultan Daꞌudin masaley paginusan iye duk meꞌ saweꞌnen?"
,46,4,"Padiyalem hep iye pī si lumaꞌ Tuhanin, duk ineddoꞌ weꞌ ne pan binettad laꞌi pangurung si Tuhanin, duk kinakan weꞌ ne, duk inurungan isab weꞌ ne meꞌ saweꞌnen. Bu tinaggahan hep weꞌ saraꞌ kinakan pan miyaꞌan, luwal hadja para si meꞌ imam. Saguwaꞌ gaꞌ du iye makaduse si hininangne miyaꞌan."""
,46,5,"Duk paꞌin si Isa si siye, ""Aku, Anak Manusiyaꞌin, taga kapatut ku magpaꞌin bang ine-ine mapatut hininang si ellew liꞌihin."""
,46,6,"Dambuwaꞌ isab ellew liꞌi, pī si Isa padiyalem si langgal magusihat. Niyaꞌ laꞌi aꞌa sapik tanganne kanawanin."
,46,7,Niyaꞌ isab laꞌi meꞌ guru si saraꞌ āgama duk meꞌ Pariseo. Miha siye jān duk niyaꞌ panuntutande si Isa hangkan pinateng-patengan iye weꞌ de bang makoleꞌ ke iye si ellew liꞌi.
,46,8,"Saguwaꞌ kataꞌuhan si Isa bang ine pinikilden duk paꞌinne si aꞌa masapik tangannen, ""Pitu kew nengge tuꞌu."" Manjari kuwat iye duk nengge iye laꞌi."
,46,9,"Manjari paꞌin si Isa si meꞌ aꞌahin, ""Tilewte kaꞌam, bang dem saraꞌ, ine mapatut hininang si ellew liꞌihin, hinangan makahāp atawa hinangan makalaꞌat? Nimbul aꞌa atawa mapatey?"""
,46,10,"Pinayaman siye kēmon weꞌ si Isa paliput. Manjari paꞌinne si aꞌahin, ""Pahintengun tangannun."" Na, pinahinteng weꞌ ne, manjari kawuliꞌan ne tangannen."
,46,11,Saguwaꞌ astel teꞌed manamal meꞌ Pariseohin duk meꞌ guru si saraꞌ āgamahin hangkan magisun siye bang inumeyde pu si Isahin.
,46,12,"Masa īꞌ, pataked si Isa pī si kakūdan missā si Tuhan. Laꞌi iye kellawan ngampun si Tuhan."
,46,13,"Pagellew ne, ilinganan weꞌ ne meꞌ tindegnen pī si iye duk meneꞌ iye sampūꞌ duk duwe, ēnanne siye meꞌ aꞌa kawakilan."
,46,14,"Meꞌ aꞌa tapeneꞌnen inin: si Simon, inēnan isab Petros weꞌ si Isa, duk Andariyas pungtinaꞌi si Simonin, si Yakub duk si Yahiya, si Pilip duk Bartolome,"
,46,15,"si Mateo duk si Tomas, si Yakub anak Alpahin duk si Simon iye ēnande Pangangatuhin,"
,46,16,"si Judas anak si Yakub duk si Judas Iskariyot, iye mamuddihan si Isahin si pasōngan."
,46,17,Manjari puwas miyaꞌan padurul si Isa duk meꞌ tindegne bakas kawakilannen. Nengge iye laꞌi si kadatagan. Banes meꞌ tindegne sinduwehin tipun laꞌi duk banes isab aꞌa ngagad-ngagad laꞌi amban kēmon kalahat-lahatan si Yahudiya duk amban puweblo Awrusalam duk amban meꞌ puweblo Tiros duk Sidon si higad tahikin.
,46,18,"Pī siye pakale si meꞌ panoloꞌ si Isahin duk makipakawuliꞌ meꞌ sakiden. Duk sasuku isab siye pasayedan seyitanin, pinaluwas weꞌ si Isa seyitanin."
,46,19,"Duk kēmon meꞌ aꞌa mabanesin, inapas ne paꞌin weꞌ de si Isa inabut duk tangande, peggeꞌ niyaꞌ balakat paluwas amban baranne hangkan kawuliꞌan siye kēmon."
,46,20,"Manjari pinayaman weꞌ si Isa meꞌ tindegnen duk paꞌinne,""Hāp pe kaꞌam meꞌ makaꞌaseꞌ-aseꞌin, peggeꞌ pagbayaꞌan kaꞌam weꞌ Tuhanin. 21""Hāp pe kaꞌam meꞌ maꞌinusan kuweꞌituhin peggeꞌ dinuhulan du kaꞌam si pasōngan.""Hāp pe kaꞌam meꞌ magtangis kuweꞌituhin peggeꞌ magsaye du kaꞌam si pasōngan. 22""Hāp pe kaꞌam bang kaꞌam kabunsihan aꞌa, duk bang gaꞌi kaꞌam tayimaꞌde, duk bang bissā-bissāhande duk pakaꞌatande kaꞌam si meꞌ saweꞌbin peggeꞌ nuhut kaꞌam aku, Anak Manusiyaꞌin."
,46,23,"Sa iyan du hep isab hininang meꞌ kamatettoꞌahanden si meꞌ kanabihanin. Bang tekka ellew kaꞌumantagne inin si kaꞌam, magkēg kaꞌam manamal duk palaksu du kaꞌam hawal kēgbin peggeꞌ hadje panumbas kaꞌamin si surgaꞌ. 24""Saguwaꞌ kaꞌam, meꞌ madayahan kuweꞌituhin, makaꞌaseꞌ-aseꞌ kaꞌam peggeꞌ talabeybi ne pāsahan mahāpin tuꞌu si dunya. 25""Kaꞌaseꞌ-aseꞌ kaꞌam meꞌ magduhul kuweꞌituhin, peggeꞌ niyaꞌ iyan waktu si pasōngan kaꞌinusanan du kaꞌam.""Kaꞌaseꞌ-aseꞌ kaꞌam meꞌ magsaye kuweꞌituhin peggeꞌ niyaꞌ iyan waktu si pasōngan magsugul kaꞌam duk magtangis. 26""Kaꞌaseꞌ-aseꞌ kaꞌam bang kēmon aꞌa nanglitan kaꞌam, peggeꞌ kuweꞌ du kaꞌam meꞌ nabi gaꞌi bennal matuꞌuley sinanglitan weꞌ meꞌ kapapuꞌanbin."" 27""Saguwaꞌ kaꞌam meꞌ mapakale si akuhin, inin paꞌinku si kaꞌam: Kalasahanun bi bantabin. Maghinang hāp kaꞌam si meꞌ mabunsi si kaꞌamin."
,46,28,Māku-māku kaꞌam kahāpan para si meꞌ manuknaꞌan kaꞌamin duk ngampun kaꞌam para si meꞌ mangalaꞌat kaꞌamin.
,46,29,"Bang niyaꞌ nampak luwenun dambiyaꞌ, patampalun isab pī si iye dambiyaꞌin ambat sampakne. Bang niyaꞌ ngeddoꞌ jaketnun, pasagadanun bisan eddoꞌne badjuꞌnun."
,46,30,"Sine-sine mākuhan kaꞌu, urunganun. Duk bang niyaꞌ ngeddoꞌ kēmonnun, daꞌa ne pākuhun balik."
,46,31,"Duk ine-ine kabayaꞌanbi hinang aꞌa si kaꞌam, damikkiyan isab hinangun bi si siye. 32""Bang iye hadja kinalasahanbin meꞌ mamalasa si kaꞌamin, niyaꞌ ke pananglitan kaꞌam? Gaꞌ. Peggeꞌ bisan meꞌ aꞌa dusehanin, kalasahande du meꞌ mamalasa si siyehin."
,46,33,"Duk bang iye hadja tinabanganbin meꞌ makatabangan kaꞌamin, niyaꞌ ke pananglitan kaꞌam? Gaꞌ. Peggeꞌ bisan meꞌ aꞌa dusehanin sa iyan du isab addatden."
,46,34,"Duk bang iye hadja pinasambiꞌanbin meꞌ taꞌase-asebi maniyaꞌ pagbayedden, niyaꞌ ke pananglitan kaꞌam? Gaꞌ niyaꞌ. Peggeꞌ bisan meꞌ aꞌa dusehanin masambiꞌ du si pagkaside dusehan, ngase-ngase weꞌ kabayedan du siye balik pamasambiꞌden."
,46,35,"Saguwaꞌ iye inin pamanoloꞌku si kaꞌamin: Kalasahanun bi bantabin duk tabanganun bi siye. Bang niyaꞌ ngutang si kaꞌam, paꞌutanganun bi, daꞌa kaꞌam ngase-ngase bayednen. Bang hinangbi inin, hadje pahalaꞌ tasangkabin duk manjari meꞌ anak Tuhanin ne kaꞌam. Peggeꞌ hāp iye bisan si meꞌ aꞌa malaꞌatin duk si meꞌ aꞌa manggaꞌi magsukulin."
,46,36,"Subey kaꞌam maꞌaseꞌ kuweꞌ Samabin du isab maꞌaseꞌ."" 37""Daꞌa kaꞌam ngandiyawaꞌan saweꞌbi duk kaꞌam gaꞌi hukum Tuhanin. Daꞌa kaꞌam magpaꞌin weꞌ saweꞌbin subey ilegga, duk kaꞌam gaꞌi legga Tuhanin. Ampunun bi saweꞌbin duk isab kaꞌam ampun Tuhanin."
,46,38,"Ngurung kaꞌam duk kaꞌam urungan Tuhanin. Dalilnen takesan hāp, dinasek duk jinedjeg pe duk pinennoꞌan sampay māsey, iye pinabuꞌus piyu si kaꞌamin. Ekkahan pangurungbin iye du isab ekkahan pangurung Tuhan si kaꞌamin."""
,46,39,"Inakahan isab siye weꞌ si Isa dambuwaꞌ dalilan, paꞌinne, ""Makajari ke aꞌa pessekin nundan aꞌa pessek isab? Gaꞌi ke siye kaduwangan laboꞌ pī dem lowang?"
,46,40,"Mulidin gaꞌi palabi kataꞌunen amban gurunen. Saguwaꞌ bang jukup ne pangadjiꞌnen, magsaliꞌ ne iye duk gurunen."
,46,41,"Kaꞌu mangandiyawaꞌan saweꞌnun,"" paꞌin si Isa, ""weꞌey iye tatīknun hapak-hapak dem mata saweꞌnun, bu kaꞌu batang kayu dem matanun, bu gaꞌi tatīknu."
,46,42,"Saꞌingge kapagpaꞌinnu si saweꞌnun, 'Bagay, tuhun koꞌ, ānante hapak-hapak dem matanu lu,' bang gaꞌi kitenu batang kayu dem di matanun? Kaꞌu iyan magmā-mā hadja. Ānanun dahuꞌ batang kayuhin amban dem matanu iyan, ubus pastiꞌ ne pamayamnun ngānan hapak-hapak dem mata saweꞌnun."""
,46,43,"Paꞌin si Isa pe, ""Kayu mahāpin gaꞌi buwaꞌ gaꞌi hāp duk kayu manggaꞌi mahāpin gaꞌi buwaꞌ hāp."
,46,44,Kayuhin kataꞌuhan si buwaꞌne. Gaꞌi kite bi mageddoꞌ buwaꞌ biyabas amban puhung atawa buwaꞌ buwahan amban sampinit.
,46,45,"Manusiyaꞌin kuweꞌ dalil kayuhin du isab. Aꞌa mahāpin hāp kawul-piꞌilnen duk hāp bissānen peggeꞌ hāp dem ateynen. Saguwaꞌ aꞌa malaꞌatin, peggeꞌ laꞌat dem ateynen hangkan gaꞌi hāp kawul-piꞌilnen duk bissānen. Ine-ine dem atey manusiyaꞌ, iye miyaꞌan mapaluwas amban behenen."" 46""Weꞌey paꞌinbi weꞌ aku Panuhutanbin, bu gaꞌi du hinangbi meꞌ pangandaꞌakanku kaꞌamin?"
,46,47,"Sasuku pitu si aku duk pakalene meꞌ bissākun duk tuhutne, pahātihanku si kaꞌam bang kuweꞌ sine iye."
,46,48,"Kuweꞌ iye aꞌa maghinang lumaꞌ. Ngalowang iye pinalalem sampay niyaꞌ batu taꞌabutne. Ubus pinatengge weꞌ ne meꞌ olom lumaꞌnen diyataꞌ batuhin. Pagubus lumaꞌin, dunuk boheꞌin duk taꞌabut lumaꞌin weꞌ lasey mabasagin saguwaꞌ gaꞌ usaꞌ lumaꞌnen peggeꞌ hāp pamatenggehan iyehin."
,46,49,"Na, bang aꞌahin pakale si meꞌ bissākun bu gaꞌi du tuhutne, kuweꞌ iye aꞌa maghinang lumaꞌ, saguwaꞌ gaꞌ kalihanne meꞌ olomin duk gaꞌ patenggene diyataꞌ batu. Pagtekka lasey mabasagin, magtawus hebbaꞌ duk jadjag teꞌed lumaꞌin."""
,47,1,"Pagubus inin kēmon bissā si Isa si meꞌ aꞌahin, pī iye si puweblo Kapernaum."
,47,2,"Na, laꞌi si puweblo miyaꞌan niyaꞌ dambuwaꞌ kapitan si armi bangsa Roma. Niyaꞌ daraꞌakanne lella legget manamal duk sōng matey ne. Asal kalasahanne teꞌed daraꞌakanne inin."
,47,3,"Pagkale kapitanin sabab si Isa, ngandaꞌak iye meꞌ bahiꞌ meꞌ Yahudihin pī pu si Isa nilew iye, bang makajari iye pī makoleꞌ daraꞌakanne miyaꞌan."
,47,4,"Pagtekkade laꞌi pu si Isa, boꞌode teꞌed iye duk paꞌinde, ""Pataꞌ teꞌed tabangannu kapitan miyaꞌan,"
,47,5,"peggeꞌ pabagay teꞌed iye si bangsate bi Yahudi duk iye hep maggastuhin pamatengge langgalte bi si puweblo inin."""
,47,6,"Manjari nuhut siye ne si Isa. Pagtapit ne siye si lumaꞌ, ngandaꞌak kapitanin meꞌ bagayne pī pasampang pu si Isa moꞌo bissānen, pinaꞌin, ""Tuwan, daꞌa ne kew mapekkengan dinu peggeꞌ gaꞌi ku pataꞌ papituhannu si lumaꞌku."
,47,7,"Peggeꞌ bangsahan kew teꞌed, hangkan pikilku gaꞌi ku isab pataꞌ paguwaꞌ piyu si kaꞌu. Saguwaꞌ missā kew hadja duk koleꞌ du daraꞌakankun."
,47,8,"Kataꞌuhanku peggeꞌ bisan aku inin, pagbayaꞌan ku weꞌ malangkew amban akuhin duk magbayaꞌ ku si meꞌ sundalukun. Bang paꞌinku si dangan, 'Pī kew,' pī iye. Bang paꞌinku si seddili, 'Pitu kew,' pitu iye. Duk bang paꞌinku si daraꞌakankun, 'Hinangun inin,' hinangne."""
,47,9,"Pagkale si Isa inin, ulaliꞌ iye si binissā kapitanin. Manjari hinarap weꞌ ne meꞌ aꞌa mabanes mapatuhut si dambulihannen, duk paꞌinne si siye, ""Akahante kaꞌam, bisan si bangsa Israꞌil gaꞌ ku bakas makadugpak aꞌa kuweꞌ kapitan miyaꞌan asal sandel manamal."""
,47,10,"Manjari balik ne meꞌ aꞌa bakas dinaꞌak kapitanin duk pagtekkade si lumaꞌ, takitede daraꞌakanin koleꞌ ne."
,47,11,"Gaꞌ du tiggel puwas miyaꞌan, hap pī si Isa si dambuwaꞌ puweblo inēnan Nain. Nuhut iye meꞌ tindegnen duk banes teꞌed meꞌ aꞌa patuhut si iye."
,47,12,"Pagtekka ne siye si tarangka paꞌasekan hap puweblo miyaꞌan, niyaꞌ meꞌ aꞌa magtanggung aꞌa matey binoꞌo paluwas pī si pagkubulan. Lella mamatey miyaꞌan anak dambuwaꞌ-buwaꞌ du duk saꞌinen balu ne. Banes aꞌa amban puweblo miyaꞌan nuhut baluhin pī ngubul anaknen."
,47,13,"Pagkite si Isa, Panuhutanin, dende balu miyaꞌan, maꞌaseꞌ teꞌed iye si dendehin duk paꞌinne si iye, ""Daꞌa ne kew magtangis, dende."""
,47,14,"Ubus pasōng iye duk inantanan weꞌ ne tanggunganin hangkan padeheng meꞌ aꞌa magtanggungin. Manjari paꞌinne, ""Bagay, dongaꞌ kew."""
,47,15,Magtawus aꞌa mamateyin ellum balik duk ningkoloꞌ iye duk missā. Duk dinaꞌak ne iye weꞌ si Isa ineddoꞌ si saꞌinen.
,47,16,"Kēmon aꞌa malaꞌihin asekan talew duk pinudji weꞌ de Tuhanin. Paꞌinde, ""Niyaꞌ nabi balakatan tuꞌu si kite bi! Taꞌesseb Tuhanin du kite bi meꞌ aꞌanen."""
,47,17,Bawag bakas hininang si Isa inin si meꞌ kalahatan si Yahudiya duk si meꞌ kalahatan mapaliputin.
,47,18,Kaꞌakahan isab Yahiya weꞌ meꞌ tindegnen sabab meꞌ hinangan si Isahin.
,47,19,"Manjari ngalingan iye duwangan meꞌ tindegne duk daꞌakne siye pī pu si Isa, Panuhutanin, nilew iye bang iye ne ke bakas pinaꞌal mapitu si dunyahin atawa bang niyaꞌ pe ke seddili amban iye subey ase-asede pitu."
,47,20,"Pagtekka duwanganin pī pu si Isa, paꞌinde, ""Dinaꞌak kami pitu si kaꞌu weꞌ Yahiya magpandi-pandi aꞌahin peggeꞌ batang kataꞌuhanne bang kaꞌu ne ke bakas pinaꞌal mapitu si dunyahin atawa bang niyaꞌ pe ke seddili subey ase-ase kami pitu."""
,47,21,"Papīden sābu si Isa miyaꞌan magpakawuliꞌ meꞌ aꞌa ekka taga saki bayuꞌ-bayuꞌan, duk pasayedan seyitan. Ekka isab meꞌ aꞌa pessek ngite balik weꞌ ne."
,47,22,"Manjari sambungan si Isa duwangan tindeg Yahiyahin, paꞌinne, ""Pī ne kaꞌam duk akahanun bi Yahiya meꞌ bakas takitebi hininangkun duk bakas takalebi binissākun. Akahanun bi iye weꞌ ngite ne meꞌ mapessekin, meꞌ kukuꞌin lumengngan ne, meꞌ inipulin kawuliꞌan ne, meꞌ mabisuhin makakale ne, meꞌ mamateyin ellum balik, duk minahalayak ne aka-aka mahāpin si meꞌ aꞌa makaꞌaseꞌ-aseꞌin."
,47,23,"Duk kēgan du sasuku gaꞌi magduwe-duwe si akuhin."""
,47,24,"Paglumikut ne meꞌ dinaꞌak Yahiyahin, missā si Isa si meꞌ aꞌa mabanesin sabab Yahiya. Paꞌinne, ""Ine teꞌ bakas kabayaꞌanbi pinayamanin papībi pu si Yahiya si lahat makagindew-gindewin? Kabayaꞌanbin ke mayaman aꞌa gaꞌi teteg pamikilnen kuweꞌ dalil udjung-udjung magpalehan weꞌ baliyu? Dumaꞌin?"
,47,25,"Na, ine teꞌ kabayaꞌanbi pinayaman mapīhin? Aꞌa magsemmek mahalgaꞌ? Meꞌ aꞌa magsemmek mamahalgaꞌin duk maparasahan teꞌedin laꞌi patennaꞌanden dem astanaꞌ."
,47,26,"Na, ine teꞌ pinayamanbi mapīhin? Nabi? Aweꞌ, akahante kaꞌam, nabi takitebin pasōng amban nabi sinduwehin."
,47,27,"Si Yahiya hep inin aꞌa sinulat dem kitabin, pinaꞌin laꞌi, 'Paꞌin Tuhanin: Daꞌakku pī pamasanankun dehellu amban kaꞌu duk memesne lānnun.'"
,47,28,"Akahante kaꞌam,"" paꞌin si Isa, ""gaꞌ niyaꞌ aꞌa bakas inanakan tuꞌu si dunya bangsahan amban Yahiya inin. Saguwaꞌ dem pagbayaꞌan Tuhanin, bisan aꞌahin diyawaꞌ teꞌed pagaꞌanen, bangsahan pe iye amban Yahiya."""
,47,29,"Kēmon meꞌ aꞌahin duk pasōng pe meꞌ magpāku-pāku sukeyin, pakale teꞌed pu si Isa. Siye inin bakas makipandi pu si Yahiya peggeꞌ kahagad siye weꞌ Tuhanin bentel."
,47,30,"Saguwaꞌ meꞌ Pariseohin duk meꞌ guru si saraꞌ āgamahin, gaꞌ siye makipandi pu si Yahiya peggeꞌ gaꞌi siye mabayaꞌ nuhut kinabayaꞌan Tuhan para si siyehin."
,47,31,"Manjari paꞌin si Isa, ""Ine pangandalilku meꞌ aꞌa maꞌellum kuweꞌitu inin? Kuweꞌ ine siye?"
,47,32,"Kuweꞌ siye dalil mākanak magtingkoloꞌ si tabuꞌan magdagey magkawin duk magkubul. Maglingan siye si saweꞌden, paꞌinde, 'Magtambul kami si kaꞌam saguwaꞌ gaꞌ du kaꞌam mansak. Magmatey kami saguwaꞌ gaꞌ du kaꞌam magtangis.'"
,47,33,"Kaꞌam kuweꞌ meꞌ mākanak miyaꞌan. Peggeꞌ pitu Yahiya magpandi-pandi aꞌahin, bu daran iye muwase duk gaꞌi iye nginum makalango, paꞌinbi weꞌ pasayedan seyitan iye."
,47,34,"Ubus aku, Anak Manusiyaꞌin, pitu ku bu mangan ku duk nginum, paꞌinbi, 'Payamanun bi aꞌa iyan, dahagaꞌ teꞌed duk palalango. Meꞌ bagaynen meꞌ aꞌa magpāku-pāku sukey duk meꞌ aꞌa dusehan sinduwehin.'"
,47,35,"Saguwaꞌ,"" paꞌin si Isa, ""meꞌ aꞌa manuhut Tuhanin naksiꞌ weꞌ lalem teꞌed kataꞌu Tuhanin."""
,47,36,Dambuwaꞌ ellew binoꞌo si Isa weꞌ dambuwaꞌ meꞌ Pariseohin pī si lumaꞌne mangan. Pī ne si Isa duk ningkoloꞌ iye sōng mangan.
,47,37,"Na, niyaꞌ dende si puweblo miyaꞌan bawag weꞌ dusehan. Pagkataꞌuhan dende inin weꞌ īꞌ si Isa si lumaꞌ Pariseo miyaꞌan mangan, pī iye moꞌo isellan bengngi mahalgaꞌ. Pangisihannen hininangin batu alabaster."
,47,38,"Pī iye nengge si antag bettis si Isa nangis duk basseꞌ ne bettis si Isahin weꞌ boheꞌ matanen. Manjari pinunasan weꞌ ne duk bulu kōkne duk inūkan weꞌ ne bettis si Isahin, ubus bu tinataꞌan weꞌ ne duk isellan bengngi mahalgaꞌin."
,47,39,"Pagkite inin weꞌ Pariseo mamoꞌo si Isahin, paꞌinne dem ateyne, ""Bang toꞌo si Isa inin nabi, kataꞌuhanne siꞌ bang sine dende mangantan bettisne inin. Kataꞌuhanne siꞌ weꞌ dende inin dusehan."""
,47,40,"Manjari missā si Isa si iye, paꞌinne, ""Simon, niyaꞌ batang paꞌinku si kaꞌu."" ""Ine Tuwan,"" paꞌin si Simon."
,47,41,"Manjari paꞌin si Isa, ""Niyaꞌ duwangan aꞌa saliꞌ-saliꞌ taga utang si dambuwaꞌ aꞌa. Dambuwaꞌin utangnen lime hatus pilak duk dambuwaꞌin limempūꞌ pilak."
,47,42,"Peggeꞌ gaꞌ niyaꞌ pamayedde, paꞌin aꞌa pangutanganden, ambat ne bisan ne siye gaꞌi magbayed. Na, bang si kaꞌu, sine si duwangan miyaꞌan asal malasa teꞌed si aꞌa bakas pangutanganden?"""
,47,43,"Nambung si Simon, paꞌinne, ""Araꞌ-araꞌku aꞌa maꞌekka utangnen, iye miyaꞌan mamalasa teꞌed si iyehin."" ""Tewwaꞌ sambungnu iyan,"" paꞌin si Isa."
,47,44,"Manjari paharap si Isa si dendehin duk paꞌinne pu si Simon, ""Kitenu dende inin? Pitu ku dem lumaꞌnu ensiniꞌ, gaꞌ ku bisan panyapannu boheꞌ pangosoꞌku bettisku. Saguwaꞌ dende inin kinosoꞌan weꞌ ne bettiskun duk boheꞌ matane duk pinunasan weꞌ ne duk bulu kōkne."
,47,45,"Gaꞌ ku ūkannu sa addatten bi saguwaꞌ dende inin, kemuwe padiyalem ku pitu, gaꞌ iye bakas pahali ngūkan bettiskun."
,47,46,"Gaꞌ isellanannu kōkkun pangaddatnu aku, saguwaꞌ dende inin isellan bengngi mahalgaꞌ pe pangalatagne bettiskun."
,47,47,"Hangkan akahante kew, dende inin hadje lasane si akuhin peggeꞌ dusene maꞌekkahin taꞌampun ne. Bang kulang du duse aꞌa taꞌampunin, kulang du isab lasa pinakitehannen."""
,47,48,"Manjari paꞌinne si dendehin, ""Taꞌampun ne meꞌ dusenun."""
,47,49,"Meꞌ saweꞌ si Isa magtingkoloꞌ si lamisahanin magtilew dem ateyde, ""Aꞌahey inin, ngampun meꞌ duse?"""
,47,50,"Saguwaꞌ paꞌin si Isa si dendehin, ""Timbul ne kew peggeꞌ sandel kew si aku. Pī ne kew, daꞌa kew suse."""
,48,1,"Gaꞌ du tiggel puwas miyaꞌan, ilatag weꞌ si Isa meꞌ puweblohin duk kalumaꞌanin magmahalayak aka-aka hāp sabab pagbayaꞌ Tuhan si meꞌ aꞌahin. Nuhut iye tindegne sampūꞌ duk duwehin."
,48,2,"Niyaꞌ isab meꞌ dende nuhut iye. Meꞌ dende miyaꞌan, niyaꞌ siye bakas pakawuliꞌ si Isa sakiden. Niyaꞌ isab bakas pasayedan seyitan ubus bu paluwas si Isa meꞌ seyitanin. Dambuwaꞌ meꞌ dende inin si Mariyam, dende amban Magdala, bakas paluwasan seyitan pituꞌin."
,48,3,"Sinduwehin si Joꞌanna, anda si Kusa kapatas meꞌ daraꞌakan Sultan Herodin, duk si Susanna, duk ekka pe meꞌ dende seddili. Siye ne inin mangatasan disi Isahin."
,48,4,"Dambuwaꞌ ellew pagbanes aꞌa patipun pu si Isa, duk magkatekka siye amban meꞌ kalumaꞌanin, missā si Isa si siye magdalilan. Paꞌinne, 5""Niyaꞌ aꞌa pī si tanaꞌne magsabulak binihiꞌ. Pagsabulakne, niyaꞌ binihiꞌ tapisik si lān. Manjari tadiꞌik-diꞌik duk pī meꞌ manuk-manukin manganne."
,48,6,"Meꞌ binihiꞌ sinduwehin laboꞌ diyataꞌ batu pānas, duk sakaliꞌ ne tomoꞌ, lanes peggeꞌ gaꞌi paꞌessepan boheꞌ."
,48,7,"Sinduwehin laboꞌ dem kasampinitan, duk nuhut nulig sampinitin manjari katalungan tinanemin."
,48,8,"Niyaꞌ isab meꞌ binihiꞌ sinduwehin laboꞌ si kahāpan bulak. Meꞌ binihiꞌ inin tomoꞌ duk nulig duk moꞌo buwaꞌne. Ekka manamal jarihannen."" Manjari missā si Isa, paꞌinne, ""Amey-amey pakalehun bi bang niyaꞌ pinaꞌin si kaꞌam."""
,48,9,Tinilew si Isa weꞌ meꞌ tindegnen bang ine hāti dalilan miyaꞌan.
,48,10,"Paꞌinne, ""Kaꞌurungan ne kaꞌam kataꞌu, supaya tahātibi meꞌ tinapukan Tuhan dem pikilannen sabab bang saꞌingge pagbayaꞌne si meꞌ aꞌanen. Saguwaꞌ si meꞌ aꞌa sinduwehin inaka kēmon si dalilan, supaya payamande saguwaꞌ gaꞌi takitede, duk supaya takalede saguwaꞌ gaꞌi tasabutde."" 11""Na, iye inin hāti dalilan miyaꞌan,"" paꞌin si Isa. ""Binihiꞌin lapal Tuhanin."
,48,12,"Meꞌ kasabulakan si lānin, dalil meꞌ aꞌa makakale lapal Tuhanin, manjari pī nakuraꞌ seyitanin ngagew lapalin amban dem pikilande supaya siye gaꞌi kahagad duk gaꞌi siye timbul."
,48,13,"Duk meꞌ kasabulakan diyataꞌ batu pānasin, dalil meꞌ aꞌa makakale lapal Tuhanin duk magtawus kahagadde duk kēgan siye. Saguwaꞌ kuweꞌ siye dalil binihiꞌ gaꞌ nganggamut. Kahagad siye daddaliꞌ saguwaꞌ pagtekka sassatin, gaꞌi ne siye kahagad."
,48,14,"Duk meꞌ binihiꞌ malaboꞌ dem kasampinitanin, dalil meꞌ aꞌa makakale lapal Tuhanin saguwaꞌ sābude mapasōngin, ekka makasuse siye duk alal siye weꞌ meꞌ alataꞌden duk sinna siye magadjak. Kuweꞌ siye dalil meꞌ tinanem katalungan duk gaꞌ abutan toꞌe buwaꞌden."
,48,15,"Duk meꞌ sinabulakan dem bulak mahāpin, dalil meꞌ aꞌa makakale lapal Tuhanin, ateyden hāp duk lunuk. Ellegde teꞌed lapalin dem ateyde duk magtuyuꞌ teꞌed siye nuhutne, hangkan dalil tinanemin buwaꞌ siye, hātinen hāp kaꞌujudanden."""
,48,16,"Paꞌin si Isa pe, ""Gaꞌ niyaꞌ aꞌa mekketan payitaꞌan ubus bu lekkebanne duk palanggana atawa papīne diyawaꞌ kantil. Saguwaꞌ papīne payitaꞌanin diyataꞌ tengenanne, supaya meꞌ aꞌa mapadiyalemin kitede dantaꞌin."
,48,17,"Peggeꞌ gaꞌ niyaꞌ tinapukan kuweꞌitu weꞌ gaꞌi ujud pinaguwaꞌ si pasōngan, duk kēmon manggaꞌi tahāti kuweꞌituhin, ujud kataꞌuhan du si pasōngan."
,48,18,"Hangkan pakalehun bi pahāp-hāp. Peggeꞌ sine-sine makasabut, inurungan du iye duk tasabutne namba. Saguwaꞌ sine-sine gaꞌi makasabut, bisan kannalne niyaꞌ kuweꞌahat tasabutne, inānan du amban iye."""
,48,19,"Manjari tekka pī saꞌi si Isahin duk meꞌ pungtinaꞌine lellahin, saguwaꞌ gaꞌ siye tumapit si iye hawal ekka aꞌahin."
,48,20,"Niyaꞌ ngakahan si Isa, paꞌinne, ""Tuwan, īꞌ saꞌinun duk meꞌ pungtinaꞌinun si bukut duk batang kew kitede."""
,48,21,"Paꞌin si Isa si meꞌ aꞌa malaꞌihin, ""Sasuku pakale duk nuhut lapal Tuhanin, siye iyan saꞌiku duk meꞌ pungtinaꞌiku."""
,48,22,"Dambuwaꞌ ellew pasakey si Isa duk meꞌ tindegnen dem bangkaꞌ duk paꞌinne si siye, ""Sūng kite bi pī palipag si dambiyaꞌ lamew."" Hangkan patulak ne siye."
,48,23,"Sasangde mapīhin tumuli si Isa. Bessuwang nihup baliyu mabasagin duk sōng pennoꞌ ne bangkaꞌden weꞌ boheꞌ, hangkan piligdu siye palenneb."
,48,24,"Pī siye mangun si Isa, paꞌinde, ""O Tuwan, matey kite bi inin!"" Manjari dongaꞌ si Isa duk pinadeheng weꞌ ne baliyuhin duk meꞌ goyak mabasagin. Magtawus ne padeheng baliyuhin duk teddoꞌ ne lamewin."
,48,25,"Ubus paꞌin si Isa si meꞌ tindegnen, ""Weꞌey kaꞌam gaꞌi ngandel si aku?"" Tinalew siye duk ulaliꞌ teꞌed siye. Magtilew-tilew siye, paꞌinde, ""Aꞌahey inin? Tadaꞌakne bisan baliyuhin duk goyakin duk tuhutde pangandaꞌakannen."""
,48,26,"Manjari palanjal siye palipag duk tekka siye si lahat Gerasa, magantag du duk lahat Jalil."
,48,27,"Pagduwaꞌi si Isa amban dem bangkaꞌ, niyaꞌ pasampang si iye dambuwaꞌ aꞌa amban puweblo lahat miyaꞌan pasayedan meꞌ seyitan. Tiggel ne iye gaꞌ magsemmek duk patennaꞌannen dumaꞌin si lumaꞌ saguwaꞌ si meꞌ lingab pagkubulan."
,48,28,"Pagkitene si Isa, magkolehak iye duk pasujud iye si dehelluhan si Isa duk maggasud iye, paꞌinne, ""Gaꞌ niyaꞌ lamudnu si aku, Isa. Kaꞌu Anak Tuhanin, iye Tuhan Tamanan Malangkewin. Junjungku si kaꞌu, daꞌa ku binasahun."""
,48,29,"Missā iye sa miyaꞌan peggeꞌ dinaꞌak hep weꞌ si Isa seyitanin paluwas amban iye. Matuꞌuhin daran ne hep iye pagbayaꞌan weꞌ seyitanin duk bisan iye iningketan duk karena duk binanteyan weꞌ meꞌ aꞌa, ujud bekkat du weꞌ ne karenahin duk binoꞌo iye tahalaꞌ weꞌ seyitanin pī si lahat makagindew-gindew."
,48,30,"Manjari tinilew iye weꞌ si Isa, paꞌinne, ""Sine ēnnun?"" Nambung iye, paꞌinne, ""Ēnkun si Ibuhan."" Peggeꞌ ekka hep seyitan mapaꞌasek si aꞌa miyaꞌan."
,48,31,"Duk pabuyuꞌ-buyuꞌ teꞌed meꞌ seyitanin pu si Isa, gaꞌi siye makipapī dem narkaꞌ."
,48,32,"Niyaꞌ magsungkal laꞌi diyataꞌ bīd panenan bawi, ekka manamal. Pabuyuꞌ-buyuꞌ meꞌ seyitanin pu si Isa weꞌ paꞌasek siye pī dem meꞌ bawihin. Dinaꞌak ne siye weꞌ si Isa."
,48,33,Manjari paluwas meꞌ seyitanin amban aꞌahin duk padiyalem siye pī magdem baran meꞌ bawihin. Magtawus panenan bawihin magubas padurul pī si pampang magdem lamew duk lambo siye kēmon.
,48,34,"Pagkite meꞌ aꞌa magipat bawihin maꞌumantag inin, magubas siye duk magaka-aka siye laꞌi si puweblo duk si meꞌ lahat diyataꞌ."
,48,35,"Manjari pī meꞌ aꞌahin mayaman bakas maꞌumantag miyaꞌan. Pagtekkade laꞌi pu si Isa, takitede aꞌa bakas pasayedan seyitanin ningkoloꞌ laꞌi si bihing bettis si Isa. Magsemmek ne iye duk hāp ne pikilannen. Manjari tinalew siye."
,48,36,Ubus inaka-akahan ne siye weꞌ meꞌ aꞌa bakas mangitehin bang saꞌingge pamakawuliꞌ si Isa aꞌa bakas pasayedan seyitanin.
,48,37,"Manjari kēmon meꞌ aꞌa miyaꞌan, meꞌ amban kalahat-lahatan laꞌi si Gerasa, dinaꞌak weꞌ de si Isa tahalaꞌ peggeꞌ paꞌasekan talew teꞌed siye. Hangkan pasakey si Isa dem bangkaꞌ duk sōng patulak ne."
,48,38,"Aꞌa makawuliꞌanin pabuyuꞌ-buyuꞌ nuhut iye. Saguwaꞌ papoleꞌ si Isa iye, paꞌinne, 39""Hap lumaꞌ ne kew duk magaka-aka kew si meꞌ aꞌahin sabab hinangan hadje tahinang Tuhan si kaꞌuhin."" Manjari lumengngan ne aꞌahin duk ilatag weꞌ ne puweblohin magaka-aka sabab hinangan hadje bakas tahinang si Isa si iyehin."
,48,40,"Pagbalik si Isa si dambiyaꞌ lamew, sinna meꞌ aꞌahin pasampang si iye peggeꞌ inagad-agad hep iye weꞌ de."
,48,41,"Niyaꞌ tekka pī si iye dambuwaꞌ nakuraꞌ si langgal lahat miyaꞌan, ēnnen si Jairus. Pasujud iye si antag bettis si Isa duk pabuyuꞌ-buyuꞌ teꞌed iye moꞌo si Isa si lumaꞌne."
,48,42,"Peggeꞌ niyaꞌ anakne dende dambuwaꞌ-buwaꞌ, sampūꞌ duk duwen tahun umulnen, legget manamal duk sōng matey ne. Nuhut si Isa iye.Sasangde mapīhin, taligpit ne si Isa weꞌ meꞌ aꞌa mabanes mapatuhut si iyehin."
,48,43,"Niyaꞌ laꞌi dem kaꞌekkahan aꞌahin dambuwaꞌ dende saki, luwal paguwaꞌan lahaꞌ. Sampūꞌ duk duwen tahun ne kemuwe kasakinen. Ubus ne tagastune kēmon sīnnen si meꞌ doktol, saguwaꞌ gaꞌ niyaꞌ makakawuliꞌ iye."
,48,44,"Pī iye patapit si bukutan si Isa, duk inantan weꞌ ne tuggu badjuꞌ si Isahin. Magtawus padeheng paglahaꞌnen. 45""Sine bakas mangantan akuhin?"" paꞌin si Isa. Maggaꞌ siye kēmon. Manjari paꞌin si Petros, ""Tuwan, kabanes meꞌ aꞌa mapalaray si kaꞌu inin, magtilew pe kew?"""
,48,46,"Saguwaꞌ paꞌin si Isa, ""Asal niyaꞌ bakas ngantan aku, peggeꞌ talessaku weꞌ niyaꞌ balakat paguwaꞌ amban dem baranku."""
,48,47,"Sakaliꞌ kataꞌuhan dendehin weꞌ gaꞌi katapukanne bakas hininangne miyaꞌan, patapit iye pī migpid duk pasujud iye si antag bettis si Isa. Duk inakahan weꞌ ne si Isa si pakalehan meꞌ aꞌahin bang weꞌey iye antanne, duk inakahan isab weꞌ ne weꞌ kawuliꞌan iye magtawus."
,48,48,"Paꞌin si Isa si iye, ""Dende, kawuliꞌan ne kew peggeꞌ sandel kew si aku. Pī ne kew, daꞌa kew suse."""
,48,49,"Sasang si Isa pe mamissā si dendehin, niyaꞌ ne aꞌa tekka amban lumaꞌ si Jairus. Paꞌinne pu si Jairus, ""Anaknu dendehin gaꞌ ne. Daꞌa ne sasewun guruhin."""
,48,50,"Takale si Isa inin, ubus paꞌinne pu si Jairus, ""Daꞌa kew tinalew. Sandel kew hadja. Ellum du iyan anaknun."""
,48,51,"Pagtekkade laꞌi si lumaꞌ si Jairus, gaꞌ niyaꞌ daꞌakne padiyalem luwal hadja si Petros, si Yahiya, si Yakub, duk saꞌi-sama nakanakin."
,48,52,"Kēmon aꞌa malaꞌihin magtangis duk magmatey sabab nakanakin. Saguwaꞌ paꞌin si Isa si siye, ""Daꞌa kaꞌam magtangis. Dumaꞌin matey nakanakin saguwaꞌ tuli hadja."""
,48,53,"Pinagsayehan iye weꞌ de, peggeꞌ kataꞌuhande weꞌ asal matey ne nakanakin."
,48,54,"Manjari inantanan weꞌ si Isa tangan nakanakin duk paꞌinne pinapales, ""Endeng, dongaꞌ kew."""
,48,55,"Na, balik niyawanen duk magtawus iye dongaꞌ. Duk dinaꞌak iye weꞌ si Isa pinakan."
,48,56,"Ulaliꞌ manamal saꞌi-sama nakanakin. Saguwaꞌ sinessaꞌan teꞌed siye weꞌ si Isa, gaꞌi dinaꞌak inaka bisan pu sine sabab miyaꞌan."
,49,1,Manjari ilinganan weꞌ si Isa tindegne sampūꞌ duk duwehin pī si iye duk inurungan siye weꞌ ne balakat duk kapatut pangandaꞌag meꞌ seyitan duk magpakawuliꞌ meꞌ bayuꞌ-bayuꞌan saki.
,49,2,Ubus pinalengngan siye weꞌ ne magmahalayak sabab pagbayaꞌan Tuhanin. Dinaꞌak isab siye magpakawuliꞌ meꞌ masakihin.
,49,3,"Duk paꞌinne si siye, ""Daꞌa kaꞌam magboꞌo ine-ine si palengngananbin. Daꞌa kaꞌam moꞌo tungkud atawa bāg atawa kinakan atawa sīn. Duk daꞌa kaꞌam moꞌo badjuꞌ pagsayinanbi."
,49,4,"Antag-antag kalumaꞌan katekkahanbi, bang kaꞌam dinaꞌak manaꞌik weꞌ aꞌa si lumaꞌne, laꞌi ne kaꞌam patennaꞌ tiggelanbi laꞌi si lahat miyaꞌan."
,49,5,"Duk bang niyaꞌ kalumaꞌan papīhanbi bu meꞌ aꞌahin gaꞌi ngaddatan kaꞌam, tahalaꞌ kaꞌam amban kalumaꞌan miyaꞌan. Pagpaganun bi dahuꞌ leppug bettisbin, tandaꞌ weꞌ muwas ne kaꞌam si siye, ubus bu tahalaꞌ ne kaꞌam."""
,49,6,"Manjari lumengngan ne meꞌ tindeg si Isahin duk ilatag weꞌ de meꞌ kalumaꞌanin. Antag-antag katekkahande, minahalayak weꞌ de aka-aka mahāpin duk pinakawuliꞌ weꞌ de meꞌ masakihin."
,49,7,"Manjari inin, takale weꞌ si Herod, sultan si lahat Jalilin, kēmon meꞌ bakas tahinang si Isahin. Gaꞌi iye magkataꞌu-taꞌu peggeꞌ niyaꞌ meꞌ aꞌa magpaꞌin weꞌ si Isa miyaꞌan si Yahiya magpandi-pandi aꞌahin koꞌ, ellum balik amban kamateynen."
,49,8,Magpaꞌin isab sinduwehin weꞌ si Nabi Eliyas miyaꞌan pabagala tuꞌu si dunya. Niyaꞌ pe isab sinduwe magpaꞌin weꞌ si Isa koꞌ miyaꞌan dambuwaꞌ meꞌ nabi awwalley ellum balik.
,49,9,"Paꞌin si Herod, ""Si Yahiya bakas daꞌakku pinunggelan. Sine enteꞌ aꞌa takaleku inaka-aka inin?"" Duk piha-piha si Herod bang saꞌingge pakakitene si Isahin."
,49,10,"Na, meꞌ aꞌa bakas kawakilan weꞌ si Isahin magtipun ne balik pī si iye. Inaka-akahan weꞌ de si Isa kēmon meꞌ bakas tahinangden. Manjari binoꞌo siye weꞌ si Isa pī tudju puweblo Betsaida, siye-siye du hadja."
,49,11,"Sakaliꞌ inin kataꞌuhan weꞌ meꞌ aꞌa mabanesin, paturul siye. Sinagina siye weꞌ si Isa duk inusihatan siye weꞌ ne sabab pagbayaꞌan Tuhanin, duk pinakawuliꞌ weꞌ ne kēmon meꞌ masakihin."
,49,12,"Pagkohap ne teꞌed, pī si iye tindegne sampūꞌ duk duwehin duk paꞌinde si iye, ""Daꞌakun ne meꞌ aꞌa inin pī si meꞌ kalumaꞌan mapaliputin duk si meꞌ lahat diyataꞌin miha kinakande duk patulihande, peggeꞌ lahat gaꞌi hep inin tantu papituhan aꞌa."""
,49,13,"Saguwaꞌ paꞌinne si siye, ""Kaꞌam ne mamakan siyehin."" Paꞌinde, ""Luwal maniyaꞌ si kamitu, lime kayuꞌ pan duk duwe kenna - luwal bang pī kami melli kinakan para si meꞌ aꞌa mabanes inin."" 14(Peggeꞌ niyaꞌ lime ngibu meꞌ lella malaꞌihin.) Paꞌin si Isa si meꞌ tindegnen, ""Daꞌakun bi siye ningkoloꞌ lime-limempūꞌ da tumpuk."""
,49,15,Tinuhut weꞌ de pangandaꞌakan si Isahin duk pinatingkoloꞌ ne weꞌ de meꞌ aꞌahin kēmon.
,49,16,"Manjari ineddoꞌ weꞌ si Isa pan lime kayuꞌin duk kenna duwehin, bu mayam iye magdiyataꞌ langit magpasalamat si Tuhan. Ubus bu binahagiꞌ-bahagiꞌ weꞌ ne panin duk pinangurung weꞌ ne si meꞌ tindegnen, dinaꞌak pangurung si meꞌ aꞌahin."
,49,17,"Mangan siye kēmon duk esso siye. Ubus tinipun weꞌ meꞌ tindeg si Isahin lukas meꞌ aꞌahin, niyaꞌ sampūꞌ duk duwe bakaꞌ pennoꞌ."
,49,18,"Dambuwaꞌ ellew sābu si Isa ngampun dendangan, patapit meꞌ tindegnen pī si iye. Manjari tilewne siye, paꞌinne, ""Ine paꞌin meꞌ aꞌahin, sine koꞌ ku?"""
,49,19,"Nambung siye, paꞌinde, ""Niyaꞌ meꞌ aꞌa magpaꞌin weꞌ kaꞌu koꞌ si Yahiya magpandi-pandi meꞌ aꞌahin. Saguwaꞌ sinduwehin isab magpaꞌin weꞌ si Nabi Eliyas koꞌ kew. Duk niyaꞌ pe isab magpaꞌin weꞌ kaꞌu koꞌ dambuwaꞌ meꞌ nabi masaley ellum balik."" 20""Saguwaꞌ bang kaꞌam,"" paꞌin si Isa, ""ine paꞌinbi? Sine teꞌ ku?"" Nambung si Petros, paꞌinne, ""Kaꞌu Almasihin, tapeneꞌ Tuhan magbayaꞌin."""
,49,21,Sinessaꞌan teꞌed siye weꞌ si Isa weꞌ subey siye gaꞌi magaka-aka bisan pu sine bang sine iye.
,49,22,"Duk paꞌin si Isa pe, ""Aku inin, Anak Manusiyaꞌin, ekka kabinasahan subey sandalanku duk gaꞌi du ku pinagmasi weꞌ meꞌ kabahiꞌanin, duk meꞌ nakuraꞌ imamin, duk meꞌ guru si saraꞌ āgamahin. Pinapatey du ku duk katellu ellewnen ellum du ku balik."""
,49,23,"Manjari paꞌinne si siye kēmon, ""Bang niyaꞌ aꞌa mabayaꞌ nuhut aku, subey iye tuhutne kinabayaꞌankun, dumaꞌin kinabayaꞌannen. Duk subey isab iye moꞌo olom pamapateyan iyehin kahabaꞌ ellew, hātinen, maglillaꞌ nandal kabinasahan duk bisan pe matey. Manjari makajari ne iye nuhut aku."
,49,24,"Peggeꞌ,"" paꞌin si Isa, ""bang aꞌahin ellegne umulnen, gaꞌ niyaꞌ umulne salama-lama. Saguwaꞌ bang aꞌahin gaꞌi ellegne umulnen duk maglillaꞌ pe matey hawal tuyuꞌne manuhut akuhin, taga umul du iye salama-lama."
,49,25,"Peggeꞌ aꞌahin, bisan pe tepe si iye kēmon alataꞌ dem dunyahin, gaꞌ du niyaꞌ gunane bang gaꞌi tepe si iye umul salama-lamahin duk ilegga pe iye."
,49,26,"Sine-sine iyaꞌ magpatampal si meꞌ aꞌa weꞌ tindegku iye duk weꞌ nuhut iye toloꞌkun, aku Anak Manusiyaꞌin, iyaꞌ du ku isab ngilale iye tindegku bang ku balik pitu liput weꞌ sahayaku, duk sahaya Samaku Tuhanin, duk meꞌ malaꞌikatne masutsihin."
,49,27,"Sabennal akahante kaꞌam,"" paꞌin si Isa, ""niyaꞌ kaꞌam matuꞌu inin gaꞌi matey bang gaꞌi dahuꞌ takitebi pagbayaꞌ Tuhanin."""
,49,28,"Palabey walum bahangi amban pamissā si Isa inin, binoꞌo weꞌ ne si Petros duk Yahiya duk si Yakub pī diyataꞌ punu duk ngampun iye laꞌi si Tuhan."
,49,29,"Sasangne mangampunin, pinda luwenen duk semmeknen sahaya teꞌed duk asal poteꞌ manamal."
,49,30,Manjari bessuwang niyaꞌ duwe lella magbissā duk si Isa. Siye inin disi eymulla Musa duk eymulla Eliyas.
,49,31,Pabagala siye laꞌi duk sahaya du isab kēmon puhuꞌden. Magbissā siye sabab sōng kamatey si Isahin laꞌi si puweblo Awrusalam sa panganggaraꞌ Tuhan iyehin.
,49,32,"Na, disi Petros duk meꞌ saweꞌnen kapatuli hep, saguwaꞌ ngape siye duk takitede sahaya si Isahin duk duwangan manengge si bihingnen."
,49,33,"Manjari inin, sakaliꞌ sōng tahalaꞌ ne duwanganin amban si Isa, paꞌin si Petros pu si Isa, ""Tuwan, hāp peggeꞌ tiyaꞌ kami tuꞌu. Ngahinang kami tellu payad-payad. Dambuwaꞌ si kaꞌu, dambuwaꞌ pu si Musa, duk dambuwaꞌ pu Nabi Eliyas."" (Missā ne hadja iye saguwaꞌ gaꞌ taꞌāb-ābne bang ine binissānen.)"
,49,34,"Sasangne pe mamissāhin, niyaꞌ inalak paguwaꞌ duk kalandungan siye, duk kadahitan siye sakaliꞌ ne siye kalandungan weꞌ inalakin."
,49,35,"Duk niyaꞌ suwala amban dem inalakin magpaꞌin, ""Anakku inin pineneꞌkun. Pakalehun bi iye."""
,49,36,"Pagubus suwala miyaꞌan missā, si Isa saꞌ dendangan takiteden. Gaꞌ siye mabehe, duk masa īꞌ gaꞌ siye magaka bisan pu sine sabab bakas takitede miyaꞌan."
,49,37,"Pagsasumuhin, pagdumurul ne siye amban punuhin, banes teꞌed aꞌa pasampang pu si Isa."
,49,38,"Niyaꞌ lella amban dem kaꞌekkahanin ngalingan, paꞌinne, ""O Tuwan, pabuyuꞌ-buyuꞌ ku si kaꞌu, kaꞌaseꞌanun anakkun, anakku inin dambuwaꞌ-buwaꞌ."
,49,39,Peggeꞌ pasayedan iye weꞌ seyitan. Bessuwang hadja iye magkolehak ubus ngoral ne iye duk magpaspadan sampay magbukal behenen. Duk meke iye lebbahan seyitanin bang pekkengan ne iye duk bebbag ne puhuꞌnen.
,49,40,"Bakas pināku weꞌ ku si meꞌ tindegnu inin pakipaluwasku seyitanin, saguwaꞌ gaꞌ tapaluwasde."""
,49,41,"Paꞌin si Isa si meꞌ aꞌahin, ""Kaꞌam, meꞌ aꞌa kuweꞌitu inin, salaꞌ teꞌed pamikilbin. Gaꞌ teꞌed niyaꞌ sandelbi si Tuhan. Taman sumiyan pe ku tuꞌu si kaꞌam? Taman sumiyan pe ku nandalan addatbin meke kaꞌam kahagad?"" Manjari paꞌinne si sama nakanakin, ""Boꞌohun anaknun pitu."""
,49,42,"Sasang hap pī pe nakanakin, hinantakan iye diyataꞌ bulak weꞌ seyitanin duk magpaspadan iye. Saguwaꞌ inamāhan weꞌ si Isa seyitanin duk pinakawuliꞌ weꞌ ne nakanakin. Ubus bu sinōngan weꞌ ne si samanen."
,49,43,"Kēmon aꞌa malaꞌihin ulaliꞌ manamal pagkitede balakat Tuhanin.Sābu meꞌ aꞌahin pe magulaliꞌ sabab meꞌ hinangan si Isahin, paꞌin si Isa si meꞌ tindegnen, 44""Indananun bi teꞌed meꞌ bissāku si kaꞌam inin. Aku, Anak Manusiyaꞌin, sinōngan du ku iyan si antanan meꞌ aꞌa."""
,49,45,Saguwaꞌ gaꞌ tahātide bissāne miyaꞌan peggeꞌ tinapukan amban siye supaya gaꞌi tahātide. Duk gaꞌ siye makatawakkal nilew iye bang ine hāti pinaꞌinnen.
,49,46,Dambuwaꞌ ellew magsuweyan meꞌ tindeg si Isahin bang sine siye tamanan malangkewin.
,49,47,"Kataꞌuhan si Isa bang ine dem pikilanden, hangkan ngeddoꞌ iye dambuwaꞌ nakanak dikiꞌ duk pinatengge weꞌ ne si bihingne."
,49,48,"Manjari paꞌinne si siye, ""Bang niyaꞌ aꞌa bu sabab sandelne si akuhin ngaddatan nakanak dikiꞌ kuweꞌ inin, aku inaddatannen. Duk bang niyaꞌ ngaddatan aku, addatanne isab Tuhanin, mamapitu aku si dunyahin. Sine-sine kaꞌam tamanan madiyawaꞌ pagateynen, iye iyan tamanan malangkewin."""
,49,49,"Manjari missā Yahiya, paꞌinne, ""Tuwan, niyaꞌ dambuwaꞌ aꞌa tadugpak kami, sabbutne ēnnun pagpaluwasne seyitan amban meꞌ aꞌa. Pinages iye weꞌ kami peggeꞌ dumaꞌin iye saweꞌte bi."""
,49,50,"Saguwaꞌ paꞌin si Isa si iye, ""Daꞌa iye pagesun bi. Peggeꞌ manggaꞌi manguntarahan kaꞌamin, bēbbeg amban kaꞌam."""
,49,51,"Manjari inin, peggeꞌ sōng taꞌabut ne waktu paꞌangkat si Isa hap surgaꞌin, magtuyuꞌ teꞌed iye pī hap Awrusalam."
,49,52,Niyaꞌ meꞌ aꞌa daꞌakne pī padehellu amban iye. Hangkan lumengngan ne meꞌ dinaꞌakne miyaꞌan duk hap pī siye si kalumaꞌan laꞌi si lahat Samariya manyap pahalihan si Isa laꞌi.
,49,53,"Saguwaꞌ meꞌ aꞌa si kalumaꞌan miyaꞌan gaꞌ ngatu patennaꞌan si Isa laꞌi, peggeꞌ kataꞌuhande weꞌ tudju Awrusalam lengngannen."
,49,54,"Pagkataꞌuhan inin weꞌ duwe tindegnen, si Yakub duk Yahiya, paꞌinde pu si Isa, ""Tuwan, mabayaꞌ kew bang kami ngandaꞌak ebbut laboꞌ amban diyataꞌ langit duk siye ubus matey?"""
,49,55,Saguwaꞌ hinarap duwanganin weꞌ ne bu inamāhan.
,49,56,Manjari palanjal siye pī si kalumaꞌan seddili.
,49,57,"Sasangde malumengnganin, niyaꞌ aꞌa missā pu si Isa, paꞌinne, ""Tuwan, mabayaꞌ ku nuhut kaꞌu tungan-tungan papīhannu."""
,49,58,"Nambung si Isa, paꞌinne, ""Gam pe meꞌ pāhangin niyaꞌ lowangde duk meꞌ manuk-manukin niyaꞌ sabakande. Saguwaꞌ aku, Anak Manusiyaꞌin, gaꞌ niyaꞌ bisan pahalihanku."""
,49,59,"Paꞌin si Isa si aꞌa dambuwaꞌin, ""Nuhut kew aku."" Saguwaꞌ nambung aꞌahin, paꞌinne, ""Aweꞌ, Tuwan, saguwaꞌ pī ku dahuꞌ hap lumaꞌ. Pagubus kubulku samakun, balik saꞌ ku pitu nuhut kaꞌu."""
,49,60,"Paꞌin si Isa, ""Ambat mamateyin kinubul weꞌ meꞌ aꞌa manggaꞌ niyaꞌ umulde salama-lamahin. Saguwaꞌ kaꞌu, pī kew lumengngan magmahalayak sabab pagbayaꞌan Tuhanin."""
,49,61,"Niyaꞌ isab dangan, paꞌinne pu si Isa, ""Nuhut ku kaꞌu, Tuwan, saguwaꞌ tiyaꞌ ku dahuꞌ pī nabiyaꞌ si meꞌ aꞌa lumaꞌkun."""
,49,62,"Saguwaꞌ paꞌin si Isa si iye, ""Bang aꞌahin magbadjaꞌ bu luwal maghalengan, gaꞌi hāp. Damikkiyan bang aꞌahin nuhut aku bu alal iye si meꞌ taꞌambannen, gaꞌi iye pataꞌ pinagbayaꞌan weꞌ Tuhanin."""
,50,1,Puwas miyaꞌan niyaꞌ pe pitumpūꞌ duk duwe aꞌa kawakilan weꞌ ne duk dinaꞌak weꞌ ne padehellu pī si kēmon meꞌ kalahat-lahatan sōng papīhannen. Pinalengngan siye weꞌ ne duwangan-duwangan.
,50,2,"Paꞌinne si siye, ""Meꞌ aꞌahin kuweꞌ dalil tanaꞌ sarang ne pinagani. Luha tanaꞌin saguwaꞌ kulang mamaganihin. Hangkan subey kaꞌam māku-māku si Tuhan, iye dapuꞌ tanaꞌin, supaya iye ngandaꞌak meꞌ aꞌa pī maganine."
,50,3,"Na, lumengngan ne kaꞌam. Saguwaꞌ pahatul kaꞌam, peggeꞌ palengngante kaꞌam pī si meꞌ aꞌa laꞌatan; kuweꞌ kaꞌam dalil meꞌ anak bili-bili pī dem kaꞌekkahan asu bingis."
,50,4,"Daꞌa kaꞌam magboꞌo pitaka atawa bāg atawa tehompaꞌ. Sine-sine tasampangbi si lān, daꞌa kaꞌam subey pahali missā."
,50,5,"Duk bang niyaꞌ lumaꞌ pamanaꞌikanbi, paꞌinun bi dahuꞌ, 'Karayaw urungan Tuhanin kasanyangan kēmon dem lumaꞌ inin.'"
,50,6,"Bang niyaꞌ aꞌa laꞌi pataꞌ inurungan kasanyangan, paꞌamban du kasanyangan pinākubin laꞌi si iye. Saguwaꞌ bang gaꞌ, gaꞌ du niyaꞌ kaꞌujudan pinaꞌinbi miyaꞌan."
,50,7,"Patennaꞌ kaꞌam si dambuwaꞌ lumaꞌ hadja. Daꞌa kaꞌam magpinda-pinda patennaꞌan. Mangan kaꞌam duk nginum kaꞌam ine-ine bettadande kaꞌam, peggeꞌ kuweꞌ miyaꞌan tangdande si kaꞌamin. Aꞌa maghinangin pataꞌ tinangdanan."
,50,8,"Kalumaꞌan antag-antag katekkahanbi, bang addatan meꞌ aꞌahin du kaꞌam, kakanun bi ine-ine bettadande kaꞌam."
,50,9,"Pakoleꞌun bi meꞌ masaki malaꞌihin duk paꞌinun bi si meꞌ aꞌahin, 'Taꞌabut ne pagbayaꞌ Tuhan si kaꞌamin.'"
,50,10,"Saguwaꞌ kalumaꞌan antag-antag katekkahanbi, bu gaꞌi kaꞌam addatan meꞌ aꞌahin, pī kaꞌam si meꞌ kalsara duk paꞌinun bi, 11'Pagpagan kami amban bettis kami bisan leppug bulak kalumaꞌanbi inin, tandaꞌ weꞌ muwas ne kami si kaꞌam. Saguwaꞌ subey kataꞌuhanbi weꞌ asal taꞌabut ne pagbayaꞌ Tuhanin.'"
,50,12,"Akahante kaꞌam,"" paꞌin si Isa, ""weꞌ pagtaꞌabut ellew pangahukum Tuhan manusiyaꞌin, pasōng teꞌed bohat hukuman si meꞌ aꞌa si kalumaꞌan miyaꞌan amban hukuman si lahat Sodomin, lahat mabawag sabab duse meꞌ aꞌanen."" 13""Kaꞌaseꞌ-aseꞌ kaꞌam meꞌ aꞌa Korasinin. Kaꞌaseꞌ-aseꞌ kaꞌam meꞌ aꞌa Betsaidahin. Peggeꞌ bang laꞌi miyaꞌan si lahat Tiros duk Sidon pangahinanganku meꞌ hinangan balakatan tahinangku luꞌu si kaꞌamin, tiggel ne miyaꞌan meꞌ aꞌa malaꞌihin magsusun duk ngalebbahan duseden duk sa addatden magsemmek karut siye duk mandi duk abu pamakitede pagsusunden."
,50,14,"Pagtaꞌabut ellew paghukumin, pasōng teꞌed bohat hukuman si kaꞌamin amban hukuman si meꞌ aꞌa Tiros duk Sidonin."
,50,15,"Duk kaꞌam, meꞌ aꞌa Kapernaumin,"" paꞌin si Isa, ""weꞌ kannalbi pinalangkew kaꞌam pī diyataꞌ langit? Pinadiyawaꞌ du kaꞌam pī dem narkaꞌ."""
,50,16,"Paꞌin si Isa pe si meꞌ tindegnen, ""Sine-sine pakale si panoloꞌbin, kuweꞌ du aku pinakalenen. Sine-sine gaꞌi ngasip kaꞌam, kuweꞌ du aku manggaꞌi inasipnen. Duk sine-sine gaꞌi ngasip aku, hātinen gaꞌi du isab asipne Tuhanin, iye mamapitu aku si dunyahin."""
,50,17,"Gaꞌ du tiggel tekka ne balik pitumpūꞌ duk duwehin laꞌi pu si Isa. Kēgan siye manamal. Paꞌinde pu si Isa, ""Tuwan, bisan hatiꞌ meꞌ seyitanin tuhutde pangandaꞌakan kamihin basta taꞌat kami ēnnun."""
,50,18,"Paꞌin si Isa si siye, ""Asal takiteku nakuraꞌ seyitanin laboꞌ kuweꞌ lalat. Tadaꞌag ne basagnen."
,50,19,"Payamanun bi, kaꞌurungan kaꞌam weꞌ ku balakat supaya bisan kaꞌam makadiꞌik sawe atawa sipitkāꞌ, gaꞌi du makaꞌine kaꞌam. Duk gaꞌi isab kaꞌam tadaꞌag weꞌ bantaten bi nakuraꞌ seyitanin. Gaꞌ isab niyaꞌ makapagkaꞌat kaꞌam bisan ine."
,50,20,"Daꞌa iye kasinnahanbin peggeꞌ meꞌ seyitanin nuhut pangandaꞌakanbin, saguwaꞌ subey kasinnahanbin peggeꞌ tasulat ne ēnbin weꞌ Tuhanin si surgaꞌ."""
,50,21,"Manjari waktu miyaꞌan, pinakēg teꞌed si Isa weꞌ Niyawa Sutsihin duk paꞌinne, ""O Ammaꞌ, kaꞌu magbayaꞌ si langit duk bulakin, pudjite kew teꞌed peggeꞌ urungannu kataꞌu meꞌ aꞌa maꞌawamin duk tapukannu kataꞌu inin amban meꞌ aꞌa malangkew pangadjiꞌnen duk amban meꞌ makasabutin. Aweꞌ, Ammaꞌ, asal pudjite kew peggeꞌ kuweꞌ inin kinabayaꞌannun."""
,50,22,"Duk paꞌin si Isa pe, ""Bakas pinangandel ne si aku kēmon-kēmonin weꞌ Samaku, Tuhanin. Gaꞌ niyaꞌ ngataꞌuhan bang sine ku, aku Anak Tuhanin, luwal hadja Samakun, Tuhanin. Duk gaꞌ isab niyaꞌ ngataꞌuhan bang sine Samakun, luwal hadja aku, anaknen duk sine-sine pineneꞌkun, iye pamakilalehanku Samakun."""
,50,23,"Manjari paharap si Isa si meꞌ tindegnen duk paꞌinne si siye hadja, ""Asal hāp pe kaꞌam peggeꞌ takitebi kēmon meꞌ takitebi inin."
,50,24,"Akahante kaꞌam, ekka meꞌ nabi duk meꞌ sultan awwalley mabayaꞌ teꞌed ngite takitebi kuweꞌitu inin, saguwaꞌ gaꞌ inin takitede. Mabayaꞌ teꞌed isab takalede meꞌ takalebi kuweꞌitu inin saguwaꞌ gaꞌ takalede."""
,50,25,"Manjari niyaꞌ dambuwaꞌ guru pandey si saraꞌ āgama pī pu si Isa. Niyaꞌ tilewne panuleyanne si Isa. Paꞌinne, ""Tuwan, ine subey hinangku supaya ku pinasukuꞌan umul gaꞌ niyaꞌ tamananne?"""
,50,26,"Nambung si Isa, paꞌ inne, ""Ine teꞌ tasulat dem saraꞌ Tuhan inambanan si Musahin? Ine tabatsanun laꞌi?"""
,50,27,"Nambung iye, paꞌinne, ""Paꞌin saraꞌin: Subey kalasahannu Tuhanin, Panuhutannun, dambūs-būs ateynun duk pikilannun duk basagnun. Duk subey kalasahannu saweꞌnun kuweꞌ pangalasanu dinun."" 28""Tewwaꞌ sambungnun,"" paꞌin si Isa. ""Hinangun iyan duk pinasukuhan du kew umul gaꞌ tamananne."""
,50,29,"Manjari guru miyaꞌan gaꞌi bayaꞌ tadaꞌag, hangkan paꞌinne pu si Isa, ""Sine teꞌ saweꞌku subey kinalasahankun?"""
,50,30,"Nambung si Isa magdalilan, paꞌinne, ""Niyaꞌ dambuwaꞌ Yahudi padurul amban Awrusalam hap puweblo Ariha. Sābune si lān, ilaꞌugan iye weꞌ meꞌ mundu. Pinapeddiꞌan iye weꞌ de duk ineddoꞌ weꞌ de meꞌ kēmonnen sampay semmek si barannen. Sōng matey iye ubus bu inambanan iye weꞌ de."
,50,31,"Duk magsātaꞌ, niyaꞌ dambuwaꞌ imam Yahudi nuhut lān miyaꞌan. Pagkitene aꞌahin, palibuwad iye amban dambiyaꞌ."
,50,32,"Damikkiyan isab niyaꞌ seddili aꞌa lumabey si antag miyaꞌan. Aꞌa inin Yahudi isab, tubuꞌ si Libi duk hinangnen nabangan imam si langgalin. Pagkitene aꞌahin, palibuwad isab iye."
,50,33,"Gaꞌ du tiggel niyaꞌ dambuwaꞌ aꞌa bangsa Samariya, si paglengngananne tapī iye laꞌi si antag miyaꞌan. Pagkitene aꞌahin, maꞌaseꞌ teꞌed iye."
,50,34,"Patapit iye pī duk tambalanne bakatnen duk isellan duk boheꞌ ubas, ubus bu pinekkes weꞌ ne. Ubus binengket weꞌ ne bu pinasakey si hayepne duk binoꞌo weꞌ ne pī si lumaꞌ paghegpaꞌ-hegpaꞌan duk inuntul weꞌ ne laꞌi."
,50,35,"Pagsasumuhin, ngurung iye sīn si dapuꞌ lumaꞌin duk paꞌinne si iye, 'Ipatun aku aꞌa inin. Bang kagastu kew labi amban sīn inin, bayedante saꞌ kew pagbalik ku pitu.' """
,50,36,"Manjari paꞌin si Isa si guruhin, ""Na, si aꞌa tellungan miyaꞌan, inggehin pikilnu asal bennal mapasaweꞌ si aꞌa ilaꞌugan weꞌ meꞌ munduhin?"""
,50,37,"Nambung iye, paꞌinne, ""Mamaꞌaseꞌ si iyehin duk manabang iyehin."" Manjari paꞌin si Isa si iye, ""Pī kew, hinangun sa hininang aꞌa miyaꞌan."""
,50,38,Palanjal disi Isa duk meꞌ tindegnen duk tekka siye si dambuwaꞌ kalumaꞌan. Niyaꞌ laꞌi dambuwaꞌ dende inēnan si Marta. Inaddatan si Isa laꞌi si lumaꞌne.
,50,39,Niyaꞌ pungtinaꞌi si Marta dende inēnan Mariyam. Si Mariyam inin ningkoloꞌ si antag bettis si Isa pakale-kale si meꞌ binissānen.
,50,40,"Si Marta sasew teꞌed weꞌ hinangne maꞌekkahin magpanyap para pu disi Isa. Hangkan patapit iye pu si Isa duk paꞌinne, ""Tuwan, gaꞌi ke hinangnu ine bisan ku tiyaꞌ pasagadan pungtinaꞌikun maghinang dendang-dendangan? Daꞌakun be iye nabangan aku."""
,50,41,"Saguwaꞌ sambungan si Isa iye, paꞌinne, ""Kaꞌu Marta, suse kew duk ekka makasasew kaꞌu bu gaꞌ du niyaꞌ tantu kagunahanne."
,50,42,"Dambuwaꞌ du hadja mahadje kagunahannen. Duk tapeneꞌ weꞌ Mariyam mahāp inin duk gaꞌi inin kaꞌānan amban iye."""
,51,1,"Dambuwaꞌ ellew ngampun si Isa. Pagubus iye ngampun, paꞌin dangan meꞌ tindegnen si iye, ""Tuwan, toloꞌanun koꞌ kami bang saꞌingge pangampunin, sa Yahiyahin tinoloꞌan weꞌ ne meꞌ tindegnen."""
,51,2,"Nambung si Isa, paꞌinne, ""Bang kaꞌam ngampun subey kuweꞌ inin. Paꞌinun bi,'O Ammaꞌ, karayaw ēnnun pinagaddatan weꞌ kēmon manusiyaꞌin. Karayaw weꞌ gaꞌi tiggel, magbayaꞌ ne kew si kēmon manusiyaꞌ."
,51,3,Urunganun kami kinakan ellew-ellew.
,51,4,"Ampunun meꞌ duse kamihin kuweꞌ du isab pangampun kami meꞌ makaduse si kamihin. Patalahun kami amban sassat.' """
,51,5,"Paꞌin si Isa pe si siye, ""Saꞌupama niyaꞌ kaꞌam taga bagay duk pī kaꞌam si iye tengaꞌ bahangi duk paꞌinbi, 'O bagay, pasambiꞌun koꞌ ku tellu kayuꞌ pan,"
,51,6,"peggeꞌ īꞌ niyaꞌ bagayku bahu tekka amban paglengngananne, bu gaꞌ niyaꞌ pamakanku iye.'"
,51,7,"Manjari nambung iye amban diyalem, paꞌinne, 'Daꞌa ku sasewun. Bagat ne gawangin duk tiyaꞌ ne ku duk meꞌ anakkun pabāk. Gaꞌi ku makasaggaꞌ dongaꞌ ngurungan kaꞌu ine-ine.'"
,51,8,"Akahante kaꞌam,"" paꞌin si Isa, ""sudda dongaꞌ du bagaybi iyan duk urunganne kaꞌam kēmon sukalbin, dumaꞌin peggeꞌ magbagay kaꞌam saguwaꞌ peggeꞌ gaꞌi kaꞌam padeheng māku."
,51,9,"Hangkan paꞌinku si kaꞌam: Māku-māku kaꞌam, ubus bu inurungan du kaꞌam. Miha kaꞌam, ubus bu ngasuwaꞌ du kaꞌam. Makipadiyalem kaꞌam, ubus bu ilukahan du kaꞌam."
,51,10,"Peggeꞌ kēmon mamākuhin, inurungan du, mamihahin ngasuwaꞌ du, duk makipadiyalemin, ilukahan du."
,51,11,"Kaꞌam meꞌ taga anakin, bang māku anakbin kenna, urunganbi ke iye sawe?"
,51,12,"Atawa bang māku iye pugad, urunganbi ke iye sipitkāꞌ?"
,51,13,"Kaꞌam, bisan kaꞌam dusehan, taꞌu du kaꞌam ngurungan anakbin meꞌ bayuꞌ-bayuꞌan mahāpin. Pasōng pe teꞌed Tuhanin, Samabi si surgaꞌin, pangurungne si kaꞌam Niyawa Sutsihin bang kaꞌam māku si iye."""
,51,14,"Mintedde isab, magpaluwas si Isa seyitan makaꞌumew. Pagluwas seyitanin, aꞌa maꞌumewin kapamissā ne. Ulaliꞌ teꞌed meꞌ aꞌahin."
,51,15,"Saguwaꞌ paꞌin meꞌ sinduwehin, ""Kaꞌurungan iye balakat weꞌ Belsebul, nakuraꞌ meꞌ seyitanin, hangkan iye kapagpaluwas meꞌ seyitan."""
,51,16,"Meꞌ sinduwehin isab, panuleyande si Isa, makipakite hinangan makaꞌulaliꞌ duk kataꞌuhande bang bennal iye amban Tuhan."
,51,17,"Saguwaꞌ kataꞌuhan si Isa bang ine dem pikilanden hangkan paꞌinne si siye, ""Saꞌupama bang niyaꞌ pagsultanan bu magbonoꞌ meꞌ aꞌanen, suddanen magkaꞌat pagsultanan miyaꞌan. Duk bang magtewtey-anakin magkuntara, magkaꞌat du isab."
,51,18,"Hangkan, bang nakuraꞌ seyitanin maluwas tindegne seyitanin, hātinen weꞌ magkuntara ne siye duk gaꞌi layun pagbayaꞌan seyitanin. Paꞌinbi weꞌ magpaluwas ku seyitan peggeꞌ kaꞌurungan ku balakat weꞌ Belsebul, nakuraꞌ seyitanin."
,51,19,"Bang bennal inin, na meꞌ tindegbin, amban balakat sine pagpaluwasde seyitanin? Siye ne iyan magpaꞌinin weꞌ salaꞌ pamikilbin."
,51,20,"Saguwaꞌ iye matoꞌohin, asal amban Tuhan balakatku magpaluwas seyitanin. Hātine inin, Tuhanin magbayaꞌ ne tuꞌu si kaꞌam. 21""Saꞌupama bang niyaꞌ aꞌa basag duk diyalem bessi manteyan lumaꞌnen, gaꞌi siya-siya meꞌ alataꞌnen."
,51,22,"Saguwaꞌ bang niyaꞌ pasōng basag amban iye hap pī nekka iye bu tadaꞌag iye, ineddoꞌ amban iye meꞌ bessi pangandelannen, duk binahagiꞌ-bahagiꞌ meꞌ alataꞌnen weꞌ mangandaꞌagin pangurung pī si meꞌ saweꞌnen."""
,51,23,"Paꞌin si Isa pe, ""Manggaꞌi mamēbbegan akuhin, nguntarahan aku. Duk manggaꞌi manabangan aku magtipunin, nganat-nganat du."" 24""Bang niyaꞌ seyitan,"" paꞌin si Isa, ""paluwas amban aꞌa, maglengngan-lengngan iye dem lahat makagindew-gindew miha pahalihanne. Bang gaꞌi iye ngasuwaꞌ, paꞌinne dem pikilanne, 'Tiyaꞌ ku balik pī si bakas patennaꞌankun.'"
,51,25,"Pagtekkane laꞌi, takitene weꞌ bakas pinahidan ne duk memes ne."
,51,26,"Ubus pī iye ngeddoꞌ pituꞌ meꞌ seyitan seddili, pasōng pe laꞌatden amban iye duk paꞌasek siye kēmon pī dem baran aꞌahin patennaꞌ laꞌi. Kaꞌujudan aꞌa miyaꞌan, pasōng pe laꞌatan maꞌumantag si iye kuweꞌituhin amban tagnaꞌin."""
,51,27,"Manjari, pagubus hadja miyaꞌan bissā si Isa, niyaꞌ dambuwaꞌ dende amban dem kaꞌekkahanin missā papales, paꞌinne, ""Asal kēgan manamal dende manganakan kaꞌuhin duk mamasusu kaꞌuhin."""
,51,28,"Saguwaꞌ nambung si Isa, paꞌinne, ""Pasōng pe teꞌed kēgan aꞌa mapakale si lapal Tuhanin duk manuhut meꞌ pangandaꞌakannen."""
,51,29,"Pagmagkatamba ne paꞌin meꞌ aꞌa mapaliput pu si Isahin, paꞌinne si siye, ""Kaꞌam meꞌ aꞌa kuweꞌitu inin, laꞌat kaꞌam. Makapakite tandaꞌ kaꞌam pangilalehanbi aku bang sabennal-bennal ku amban Tuhan. Saguwaꞌ gaꞌ niyaꞌ tandaꞌ pinakitehan si kaꞌam luwal hadja tandaꞌ Nabi Yunus awwalley."
,51,30,"Peggeꞌ kuweꞌ si Nabi Yunus hininang weꞌ Tuhanin tandaꞌ para si meꞌ aꞌa Ninibahin awwalley, damikkiyan isab aku, Anak Manusiyaꞌin, hinang tandaꞌ ku para si kaꞌam meꞌ aꞌa kuweꞌitu inin."
,51,31,"Bang tekka ellew pangahukum Tuhan meꞌ manusiyaꞌin, pī iyan nengge sultan dende amban lahat Seba masa awwalley duk taksilne kaꞌam. Peggeꞌ iye, pitu iye amban higad dunya peggeꞌ bayaꞌ pakalene meꞌ bissā Sultan Sulaimanin, aꞌa lalem teꞌed kataꞌunen masaley. Akahante kaꞌam, kuweꞌitu niyaꞌ tuꞌu si kaꞌam pasōng kataꞌunen amban Sulaiman, saguwaꞌ gaꞌi tayimaꞌbi panoloꞌnen."
,51,32,"Bang tekka ellew pangahukum Tuhan meꞌ manusiyaꞌin, pī iyan nengge meꞌ aꞌa si lahat Niniba awwalley duk taksilde kaꞌam. Peggeꞌ siye, pagsusunande duk lebbahande duseden sakaliꞌ takalede usihat Nabi Yunusin. Akahante kaꞌam, kuweꞌitu niyaꞌ tuꞌu si kaꞌam pasōng langkew amban Nabi Yunus, saguwaꞌ gaꞌi tayimaꞌbi panoloꞌnen duk gaꞌi pagsusunanbi dusebin."""
,51,33,"Paꞌin si Isa pe, ""Gaꞌ niyaꞌ aꞌa mekketan payitaꞌan ubus bu tapukanne atawa lekkebanne lagaꞌ. Saguwaꞌ bettadne diyataꞌ tengenanne supaya meꞌ mapadiyalemin kitede dantaꞌin."
,51,34,"Mataten dalil payitaꞌan si barante. Bang pastiꞌ pamayamten, hātinen bentel hinanganten, kuweꞌ dantaꞌ tibuꞌukan baranten, saguwaꞌ bang labut pamayamten, hātinen laꞌat hinanganten, kuweꞌ lindem tibuꞌukan baranten."
,51,35,"Hangkan pahatul kaꞌam supaya gaꞌi salaꞌ pamikilbin. Kaw paꞌinbi weꞌ dantaꞌ dem baranbin, ine kew lindem hatiꞌ."
,51,36,"Bang tibuꞌukan barannun dantaꞌ duk gaꞌ niyaꞌ bisan kuweꞌahat lindem, tibuꞌukan barannun dantaꞌ du manamal, kuweꞌ niyaꞌ payitaꞌan ninaganne."""
,51,37,"Pagubus si Isa missā, binoꞌo iye weꞌ dambuwaꞌ Pariseo hap lumaꞌne mangan. Pī iye duk ningkoloꞌ sōng mangan."
,51,38,Ulaliꞌ Pariseohin peggeꞌ gaꞌ si Isa ngosoꞌ tangan meke mangan.
,51,39,"Paꞌin si Isa si iye, ""Kaꞌam meꞌ Pariseohin, kinosoꞌan weꞌ bi tikungin duk laleyin, saguwaꞌ dem ateybin pennoꞌ weꞌ napsu duk laꞌat."
,51,40,"Babbal pahāp kaꞌam iyan. Gaꞌi ke kataꞌuhanbi weꞌ dumaꞌin hadja pinapanjari Tuhanin meꞌ takite si bukutin saguwaꞌ pinapanjari isab weꞌ ne diyalemin, meꞌ manggaꞌi takitehin."
,51,41,"Saguwaꞌ pangurungun bi si meꞌ mamiskinin meꞌ diyalem tikungbin duk laleybin, manjari gī ne kēmon si kaꞌam. 42""Kaꞌaseꞌ-aseꞌ kaꞌam meꞌ Pariseohin. Magjakat kaꞌam bisan sampay meꞌ bawing duk saley duk meꞌ bayuꞌ-bayuꞌan pagpā-pā, saguwaꞌ gaꞌi tapikilbi maghinangan bentel si pagkasibi duk gaꞌi tapikilbi malasa si Tuhan. Hāp bang kaꞌam magjakat saguwaꞌ subey gaꞌi tayikutanbi meꞌ hinangan pinaꞌinku miyaꞌan. 43""Kaꞌaseꞌ-aseꞌ kaꞌam meꞌ Pariseohin. Bang kaꞌam dem langgal, kabayaꞌanbin ningkoloꞌ si kōkan. Bang kaꞌam dem tabuꞌan, sinna teꞌed kaꞌam bang kaꞌam sinalam weꞌ aꞌa. 44""Kaꞌaseꞌ-aseꞌ kaꞌam. Peggeꞌ kuweꞌ kaꞌam dalil meꞌ kubul pasad ne, hangkan meꞌ aꞌahin magbutasan diyataꞌne bu gaꞌ kataꞌuhande weꞌ makabatal siye."""
,51,45,"Manjari dangan meꞌ guru si saraꞌ āgamahin nambungan si Isa, paꞌinne, ""Tuwan, bang kew missā sa iyan, paꞌiyaꞌnu isab sampay kami."" 46""Aweꞌ,"" paꞌin si Isa. ""Kaꞌaseꞌ-aseꞌ isab kaꞌam, meꞌ guru si saraꞌ āgamahin. Peggeꞌ pinabohatan weꞌ bi meꞌ aꞌahin duk meꞌ saraꞌ gaꞌi takoleꞌde, bu gaꞌi kaꞌam nabang moꞌone bisan kuweꞌahat. 47""Asal kaꞌaseꞌ-aseꞌ kaꞌam. Peggeꞌ kaꞌam mahāpan kubul meꞌ nabi - bu siye meꞌ nabi pinapatey weꞌ meꞌ kapapuꞌanbi ley."
,51,48,Pakitehanbi weꞌ paꞌuyun kaꞌam si meꞌ hinangan meꞌ kapapuꞌanbin. Siye mamapatey meꞌ nabihin duk kaꞌam mahāpan kubulden.
,51,49,"Hangkan hep Tuhanin, iye malalem kataꞌunen, paꞌinne, 'Ngandaꞌak du ku pī si bangsa Israꞌil meꞌ nabi duk meꞌ aꞌa kawakilanku. Saguwaꞌ sinduwe pinapīkun, papateyde du duk sinduwehin binasade.'"
,51,50,"Hangkan hep, kaꞌam meꞌ aꞌa kuweꞌitu inin, ilegga du kaꞌam sabab duse meꞌ kapapuꞌanbin, pamonoꞌde meꞌ kanabi-nabihanin kemuwe tagnaꞌ dunyahin pinapanjari."
,51,51,"Asal ilegga du kaꞌam sabab kamatey meꞌ kanabihan īꞌen, tinagnaꞌan amban si Habil anak Apuꞌ Adamin sampay Jakariya, iye pinapateyde si ellet pagkuluban-kulubananin duk langgal hadjehin. Aweꞌ, akahante kaꞌam, kēmon meꞌ hininangde miyaꞌan moleꞌ si kaꞌam, meꞌ aꞌa maꞌellum kuweꞌituhin. 52""Kaꞌaseꞌ-aseꞌ kaꞌam meꞌ guru si saraꞌ āgamahin. Binembelan weꞌ bi meꞌ aꞌahin supaya gaꞌi kataꞌuhande lān mabennal tudju Tuhanin. Gaꞌi du tuhutbi lān miyaꞌan duk pagesbi pe sasuku mabayaꞌ manuhut lān miyaꞌan."""
,51,53,"Pagtahalaꞌ si Isa amban lumaꞌ miyaꞌan, kaꞌastelan teꞌed iye weꞌ meꞌ guru si saraꞌ āgamahin duk meꞌ Pariseohin duk ekka tilew-tilewde,"
,51,54,"panguhi-nguhide iye kaw niyaꞌ salaꞌ ujud tabissāne, manjari katuntutande iye."
,52,1,"Sābu miyaꞌan, ibuhan meꞌ aꞌa mapatipunin hangkan maglewlaray siye. Manjari missā si Isa dehellu si meꞌ tindegnen, paꞌinne, ""Pahatul-hatul kaꞌam kaw kaꞌam katimboꞌohan weꞌ hinangan meꞌ Pariseohin. Maghinang hadja siye duk siye takite weꞌ aꞌa. Addatde iyan kuweꞌ pasulig palatag."
,52,2,"Gaꞌ niyaꞌ dinebbunan weꞌ gaꞌi ujud paguwaꞌ, gaꞌ niyaꞌ tinapukan weꞌ gaꞌi ujud kataꞌuhan."
,52,3,"Ine-ine pagsuwi-suwibi sangem, takale du bang ellew ne. Ine-ine pagkemotbi dem bilik, pinalataꞌ du si meꞌ aꞌa si tabuꞌan."" 4""Akahante kaꞌam, meꞌ bagay, daꞌa kaꞌam tinalew si meꞌ makapapatey baranbin duk ubus gaꞌ du niyaꞌ tahinangde namba."
,52,5,"Saguwaꞌ akahante kaꞌam bang sine subey katalewanbin. Iye subey katalewanbin, Tuhanin, peggeꞌ dumaꞌin hadja baran tapapateynen, saguwaꞌ taga balakat iye ngalakasan niyawabin pī dem narkaꞌ. Aweꞌ, asal iye subey katalewanbin."""
,52,6,"Paꞌin si Isa pe, ""Niyaꞌ meꞌ manuk-manuk dikiꞌ tabellite lime kayuꞌ duwe sīn. Bisan mura du halgaꞌden saguwaꞌ gaꞌ niyaꞌ siye bisan dambuwaꞌ takayipat weꞌ Tuhanin."
,52,7,"Na, pasōng ne kaꞌam, gaꞌi kaꞌam takayipat weꞌ Tuhanin. Bisan kōkbin kataꞌuhanne bang piye lamba ekkahannen. Hangkan daꞌa kaꞌam tinalew. Mahalgaꞌ pe kaꞌam si iye amban meꞌ manuk-manuk maꞌekkahin."" 8""Akahante kaꞌam,"" paꞌin si Isa, ""weꞌ sine-sine magbennal si harapan aꞌa weꞌ patuhut iye si aku, Anak Manusiyaꞌin, asal magbennal du ku isab si harapan meꞌ malaꞌikat Tuhanin weꞌ patuhut iye si aku."
,52,9,"Saguwaꞌ sine-sine masuwey si harapan aꞌa weꞌ gaꞌi iye patuhut si aku, Anak Manusiyaꞌin, masuwey du ku isab si harapan meꞌ malaꞌikat Tuhanin weꞌ gaꞌi iye patuhut si aku."
,52,10,"Sine-sine missā laꞌat si aku, Anak Manusiyaꞌin, makajari du iye inampun. Saguwaꞌ bang Niyawa Sutsihin binissā-bissāhannen asal gaꞌi teꞌed iye inampun."
,52,11,"Bang si pasōngan siggew meꞌ aꞌa kaꞌam bu boꞌode pī si meꞌ langgalde hinukum, atawa boꞌode kaꞌam pī si harapan meꞌ nakuraꞌde duk meꞌ magbayaꞌ si lahatin, daꞌa kaꞌam magsuse bang saꞌingge pamēbbegbi dibin atawa bang ine binissābin."
,52,12,"Peggeꞌ panoloꞌan Niyawa Sutsihin du kaꞌam si waktu miyaꞌan bang ine subey binissābin."""
,52,13,"Manjari niyaꞌ dangan amban meꞌ aꞌa mabanesin missā. Paꞌinne pu si Isa, ""O Tuwan, daꞌakun be sakakun ambat ku bahagiꞌanne pusakaꞌ amban sama kamiley."""
,52,14,"Saguwaꞌ paꞌin si Isa si iye, ""Oy lella. Gaꞌ ku kaꞌurungan kapatut ngahukum kaꞌam duk gaꞌ niyaꞌ kapatutku mahagiꞌ alataꞌbin."""
,52,15,"Manjari paꞌin si Isa si meꞌ aꞌahin, ""Pahatul-hatul kaꞌam. Halliꞌanun bi kēmon bayuꞌ-bayuꞌan napsu, peggeꞌ bisan aꞌahin dayahan manamal, dumaꞌin alataꞌ maꞌekkahin makaꞌellum iyehin."""
,52,16,"Ubus inakahan siye weꞌ ne dambuwaꞌ dalilan, paꞌinne, ""Niyaꞌ dambuwaꞌ aꞌa dayahan taga meꞌ bulakan. Manjari teꞌed kēmon meꞌ tinanemnen."
,52,17,"Manjari paꞌinne dem ateyne, 'Ine enteꞌ hinangku peggeꞌ gaꞌ ne niyaꞌ pangennaꞌanku jari meꞌ tinanemkun?"
,52,18,"A, kataꞌuhanku bang ine subey hinangku,' paꞌinne. 'Larakku meꞌ kamaligkun bu matengge ku hadje pe amban tagnaꞌin, duk ennaꞌku laꞌi kēmon jari tinanemkun duk kēmon alataꞌkun."
,52,19,"Ubus paꞌinku si diku: Asal hāp sukudkun. Ekka ne taꞌennaꞌku para si meꞌ tahun maꞌekka si pasōnganin. Pahali-hali ne ku. Mangan ku, nginum ku duk magadjak-adjak ku.'"
,52,20,"Saguwaꞌ paꞌin Tuhanin si iye, 'Asal dupang kew iyan! Sangem inin du, ineddoꞌ ne amban kaꞌu umulnun. Manjari, pu sine ne meꞌ alataꞌ pinanyapnun?' """
,52,21,"Ubus miyaꞌan paꞌin si Isa, ""Na, asal sa iyan du isab aꞌahin bang nipun iye alataꞌ para si dine bu miskin iye si matahan Tuhan."""
,52,22,"Manjari missā si Isa si meꞌ tindegnen, paꞌinne, ""Hangkan hep paꞌinku si kaꞌam, daꞌa kaꞌam maggagal sabab kaꞌellumanbin, bang ine kinakanbin atawa sabab baranbin, bang ine panemmekbin."
,52,23,Peggeꞌ mahalgaꞌ pe hep umulin amban kinakan duk mahalgaꞌ pe hep baranin amban semmek.
,52,24,Payamanun bi meꞌ owakin. Gaꞌi siye magtanem atawa magpagani duk gaꞌ niyaꞌ pagennaꞌ-ennaꞌande kinakan. Saguwaꞌ pakan Tuhanin du siye. Pasōng teꞌed kaꞌam mahalgaꞌ amban meꞌ manuk-manukin.
,52,25,Sine kaꞌam tapatahaꞌbi umulbin bisan da ora bang kaꞌam magsuse?
,52,26,"Bang gaꞌi du tahinangbi bisan kuweꞌahat inin, weꞌey pe pagsusehanbi sinduwehin?"
,52,27,"Payamanun bi meꞌ sumpingin bang saꞌingge panuligden. Gaꞌi siye maghinang, gaꞌi siye magtennun. Bu paꞌin akahante kaꞌam, bisan Sultan Sulaiman madayahan awwalley, gaꞌ bakas makapagsemmek hāpnen kuweꞌ dambuwaꞌ meꞌ sumping inin."
,52,28,"Bang Tuhanin tapasemmekanne pahāp-hāp meꞌ sumping sabetin bu gaꞌi du siye natas, ellum siye kuweꞌitu, pagsumu ineggas, na, kaꞌam pe gaꞌi tapasemmekanne? Asal kulang sandelbi si Tuhanin."
,52,29,Daꞌa kaꞌam suse duk daꞌa iye luwal pinikilbin bang ine kinakanbin atawa ininumbin.
,52,30,"Meꞌ aꞌa manggaꞌi mangataꞌuhan Tuhanin, iye hep inin luwal pinikilden. Saguwaꞌ kaꞌam, subey kaꞌam gaꞌi magsuse peggeꞌ kataꞌuhan Samabi Tuhanin weꞌ iye inin meꞌ sukalbin."
,52,31,"Saguwaꞌ iye subey pinikilbin, sabab pagbayaꞌan Tuhanin duk sabab panuhut kinabayaꞌannen. Manjari urunganne du kaꞌam kēmon sukalbi inin."" 32""Kaꞌam, meꞌ tindegkun,"" paꞌin si Isa, ""daꞌa kaꞌam tinalew bisan kaꞌam kulang. Peggeꞌ sinna Samabi Tuhanin weꞌ magbayaꞌ kaꞌam kuweꞌ iyehin."
,52,33,"Pabellihanun bi alataꞌbin duk pangurungun bi ulinen si meꞌ mamiskinin. Bang hinangbi inin, kuweꞌ du kaꞌam dalil ngennaꞌ alataꞌbin dem pitaka gaꞌi ngaꞌandang, hātinen alataꞌbin gaꞌ niyaꞌ kaꞌubusne laꞌi si surgaꞌ. Duk laꞌi gaꞌ niyaꞌ aꞌa nangkewne duk gaꞌ niyaꞌ aney makaꞌatanne."
,52,34,"Peggeꞌ antag-antag pangennaꞌanbi alataꞌbin, laꞌi isab patetegan ateybin."" 35-36,Manjari paꞌin si Isa pe, ""Subey kaꞌam luwal memes ngagadan pabalikkun, kuweꞌ meꞌ daraꞌakan ngagadan amuden bang moleꞌ amban pagkawinan. Magsemmek siye paghinang duk gaꞌi palemde payitaꞌanin. Pagtekka amuden bu ngalingan amban bukut, magtawus iye lukahande."
,52,37,"Asal kēgan meꞌ daraꞌakan miyaꞌan bang pagtekka amuden ngape pe siye duk andang siye panyap. Sabennal akahante kaꞌam, weꞌ patingkoloꞌ amuden siye si lamisahan duk tāgadne siye."
,52,38,"Bisan tengaꞌ bahangi atawa subu-subu katekkanen, bang kitene pe siye magjaga, bugtuꞌ ne kēg meꞌ daraꞌakan miyaꞌan."
,52,39,"Saguwaꞌ essebun bi inin, weꞌ bang kataꞌuhan dapuꞌ lumaꞌin bang lisag piye katekka panangkewin, tapagjaga iye duk gaꞌi tapasagadanne lumaꞌnen ilangkat duk inasek."
,52,40,"Damikkiyan isab kaꞌam, subey kaꞌam luwal panyap peggeꞌ aku, Anak Manusiyaꞌin, tekka du ku pitu balik baytu gaꞌi ku ase-asebi."""
,52,41,"Manjari tilew si Petros iye, paꞌinne, ""Tuwan, dalilan inakanu miyaꞌan, para si kami ke hadja atawa para si kēmon?"""
,52,42,"Nambung si Isa magdalilan balik, paꞌinne, ""Bang niyaꞌ daraꞌakan tapangandelan, duk hantap maghinang, iye iyan tahinang amunen nakuraꞌ meꞌ daraꞌakanne sinduwehin. Bang taꞌabut gantaꞌ pagurung-urungin, iye mangurung bānyaꞌ si meꞌ daraꞌakanin."
,52,43,"Pagtekka amunen balik, sinna manamal daraꞌakan miyaꞌan bang kite amunen weꞌ tuhutne kēmon pangandaꞌakan iyehin."
,52,44,"Sabennal akahante kaꞌam, weꞌ pangandel amunen du si iye kēmon alataꞌnen."
,52,45,"Saguwaꞌ bang saꞌupama paꞌin daraꞌakan miyaꞌan dem ateyne, weꞌ tiggel pe du tekka amunen, ubus bu papeddiꞌanne meꞌ pagkasine daraꞌakanin sampay meꞌ dendehin, duk iye bahannen, magkakan duk maginuman duk maglangohan,"
,52,46,"ubus bu bessuwang tekka amunen ellew gaꞌi ase-asene duk waktu gaꞌi kataꞌuhanne. Na, manjari bininasa teꞌed iye weꞌ amunen duk pinatuhut iye pī si lugal pinasukuꞌ si meꞌ manggaꞌi makahagad si Tuhanin. 47""Bang daraꞌakanin kataꞌuhanne bang ine kinabayaꞌan amune hininangnen, bu gaꞌi iye magmemes duk hinangne, ilagutan iye manamal."
,52,48,"Saguwaꞌ bang daraꞌakanin awam sabab kinabayaꞌan amunen, bu niyaꞌ tahinangne pataꞌ pangaleggahan iye, ilagutan isab iye saguwaꞌ gaꞌi du kuweꞌ ingge. Sine-sine kaꞌurungan ekka, ekka isab inase-ase si iyehin. Duk bang pasōng pe ekka pinangandel si iyehin, pasōng pe isab ekka inase-ase si iyehin."""
,52,49,"Paꞌin si Isa pe, ""Pitu ku moꞌo ebbut si dunya duk kabayaꞌankun weꞌ asal kayat ne siꞌ."
,52,50,Niyaꞌ meꞌ kabinasahan subey talabeyku. Kabohatan ku teꞌed samantaꞌan gaꞌi pe inin puwas.
,52,51,"Weꞌ kannalbi pitu ku moꞌo kasanyangan si dunya? Dumaꞌin kasanyangan, saguwaꞌ akahante kaꞌam, pitu ku moꞌo jān pagsaggaꞌan."
,52,52,"Peggeꞌ tinagnaꞌan maꞌin, bang niyaꞌ lime magdambuwaꞌ lumaꞌ, magsaggaꞌ du siye, tellungan kuntara duwangan duk duwangan kuntara tellungan."
,52,53,"Magsaggaꞌ siye, samahin kuntara anakne lellahin, duk anak lellahin kuntara samanen; saꞌihin kuntara anakne dendehin, duk anakne dendehin kuntara saꞌinen; matoꞌa dendehin kuntara eyuꞌanne dendehin, duk eyuꞌan dendehin kuntara matoꞌane dendehin."""
,52,54,"Paꞌin si Isa isab si meꞌ aꞌa mabanesin, ""Tuꞌu si lahatte bi inin, bang maglindem langitin si tampal seddepan, magtawus paꞌinbi, 'Sōng ulan;' ubus ujud ulan du."
,52,55,"Duk bang nihup sātanin, paꞌinbi, 'Sōng panas teꞌed ellewin;' duk ujud panas du."
,52,56,"Kaꞌam iyan, magmā-mā awam kaꞌam. Kataꞌuhanbi hatiꞌ bang ine hāti meꞌ tapandogabi si bantuk langit duk bulakin, weꞌey managhāꞌ gaꞌi kataꞌuhanbi hāti meꞌ maꞌumantag si waktu kuweꞌitu inin?"" 57""Weꞌey kaꞌam gaꞌi taꞌu magpikil dihananbi bang ine patut hinangbi?"
,52,58,"Bang saꞌupama niyaꞌ aꞌa nuntutan kaꞌu sabab utangnu bu binoꞌo kew weꞌ ne pī si paghukuman, iye mahāpin si kaꞌu, bang sābubi pe si lān, boꞌonu ne maghāp manuntutan kaꞌuhin. Peggeꞌ bang gaꞌi inin hinangnu, kaw kew lalasne pī si hukum, bu kew sōngan hukumin pī si pulis, duk isi pulisin kew dem kalabusu."
,52,59,"Akahante kew, weꞌ gaꞌi teꞌed kew lumuwas billaꞌi samantaꞌan gaꞌi tapuwasannu kēmon pinamulta si kaꞌuhin. Bisan dambuwaꞌ sīn gaꞌi kakulangan."""
,53,1,"Sābu miyaꞌan, niyaꞌ meꞌ aꞌa tekka pī magaka-aka pu si Isa sabab meꞌ aꞌa Jalil, dinaꞌak koꞌ siye pinapatey weꞌ Gubnul Pilatus sasangde magsumbaliꞌ hayep pagkulubande si langgal mahadjehin."
,53,2,"Sambungan si Isa siye, paꞌinne, ""Kannalbi ke pasōng duseden amban kēmon meꞌ aꞌa matuꞌu si Jalilin peggeꞌ kuweꞌ miyaꞌan maꞌumantag si siyehin?"
,53,3,"Dumaꞌin! Saguwaꞌ akahante kaꞌam, bang gaꞌi du pagsusunanbi duk lebbahanbi dusebin, kēmon kaꞌam matey du isab."
,53,4,"Duk meꞌ aꞌa sampūꞌ duk waluꞌ mamatey laꞌi si Siluwamin, peggeꞌ kahebbaꞌan siye weꞌ lumaꞌ malangkewin, kannalbi ke pasōng duseden amban kēmon meꞌ aꞌa sinduwe mapatennaꞌ si Awrusalamin?"
,53,5,"Dumaꞌin! Saguwaꞌ akahante kaꞌam, bang gaꞌi du pagsusunanbi duk lebbahanbi dusebin, kēmon kaꞌam matey du isab."""
,53,6,"Manjari aka si Isa si siye dalilan inin. Paꞌinne, ""Niyaꞌ dambuwaꞌ aꞌa taga likus ubas duk laꞌi dem likus miyaꞌan niyaꞌ dam poꞌon kayu igira. Dambuwaꞌ ellew pī iye laꞌi miha buwaꞌ igira saguwaꞌ gaꞌ niyaꞌ kasuwaꞌne."
,53,7,"Hangkan paꞌinne si tungguꞌ likusin, 'Payamanun, tellun tahun ne pagpitu-pituku si poꞌon igira inin miha buwaꞌne, saguwaꞌ gaꞌ niyaꞌ kasuwaꞌku. Tebbenganun ne. Iyuꞌ hadja makasimbel meꞌ jambangan sinduwehin.'"
,53,8,"Saguwaꞌ nambung tatungguꞌ bulakin, paꞌinne, 'Daꞌa kew dahuꞌ, Tuwan. Ambat tahun inin bungkalku bulakin duk papīhanku pagpalemmek bulak."
,53,9,"Bang buwaꞌ iye tahun mapasōng inin, hāp. Saguwaꞌ bang gaꞌi du buwaꞌ, daꞌakun saꞌ tinebbengan.' """
,53,10,"Dambuwaꞌ ellew Sabtuꞌ, ellew liꞌi, laꞌi si Isa magusihat si langgal meꞌ Yahudihin."
,53,11,Niyaꞌ dende laꞌi saki weꞌ seyitan dem sampūꞌ duk walun tahun ne. Bongkok iye duk gaꞌi tapatiludne barannen.
,53,12,"Pagkite si Isa iye, ilinganan iye weꞌ ne duk paꞌinne, ""Dende, lumuwas ne kew amban sakinu iyan."""
,53,13,Duk binettad weꞌ si Isa tangannen si iye. Magtawus iye tumilud duk pinudji weꞌ ne Tuhanin.
,53,14,"Saguwaꞌ astel manamal nakuraꞌ langgal miyaꞌan peggeꞌ magpakoleꞌ si Isa si ellew liꞌi. Duk paꞌinne si meꞌ aꞌahin, ""Ennem ellew dem da simanahin subey kite bi maghinang. Pitu kaꞌam meꞌ ellew miyaꞌan magpakoleꞌ, daꞌa bang ellew liꞌi."""
,53,15,"Sambungan si Isa iye, paꞌinne, ""Magmā-mā hadja kaꞌam iyan. Weꞌ gaꞌi kaꞌam dangan-dangan lekkahanbi sapiꞌbin atawa kuraꞌbin amban pangingketanbi iyehin bu boꞌobi pinaꞌinum bisan si ellew liꞌi?"
,53,16,"Dende inin tubuꞌ Ibrahim du kuweꞌ kaꞌamin. Iningketan iye weꞌ nakuraꞌ seyitanin dem sampūꞌ duk walun tahun. Gaꞌi ke iye sukat ilekkahan si ellew liꞌi?"""
,53,17,"Pamissā si Isa miyaꞌan, kaꞌiyaꞌ-iyaꞌan teꞌed meꞌ kuntaranen. Saguwaꞌ kēmon meꞌ aꞌahin kēgan teꞌed sabab meꞌ hinangan makaꞌulaliꞌ hininangnen."
,53,18,"Missā pe si Isa namba, paꞌinne, ""Ine pamasaliꞌante bi pagbayaꞌ Tuhan si meꞌ aꞌanen? Ine pangandalilku iyehin?"
,53,19,"Pagbayaꞌ Tuhan si meꞌ aꞌanen,"" paꞌin si Isa, ""kuweꞌ dalil da bayuꞌ bigi dikiꞌ-dikiꞌ teꞌed tinanem weꞌ aꞌa dem likusne. Tomoꞌ inin duk manjari kayu. Duk meꞌ manuk-manukin ngahinang sabakande diyataꞌ meꞌ pangene."""
,53,20,"Duk paꞌin si Isa balik, ""Ine pangandalilku pagbayaꞌ Tuhan si meꞌ aꞌanen?"
,53,21,"Pagbayaꞌ Tuhan si meꞌ aꞌanen kuweꞌ dalil pasulig ineddoꞌ weꞌ dende bu pinasaget weꞌ ne pī dem tirigu duwempuk-lime kilu. Ubus inaddun weꞌ ne. Ubus nulig ne kēmon addunin."""
,53,22,Palanjal si Isa tudju Awrusalam duk pabutas iye amban meꞌ puweblo duk meꞌ kalumaꞌan magtoloꞌ si meꞌ aꞌahin.
,53,23,"Niyaꞌ dangan nilew iye, paꞌinne, ""Tuwan, kulang du ke meꞌ aꞌa matimbulin?"" Nambung si Isa duk paꞌinne si siye, ""Pagbayaꞌan Tuhanin kuweꞌ dalil lumaꞌ gawangnen kiput."
,53,24,"Tuyuꞌanun bi teꞌed paꞌasek amban gawang makiputin. Peggeꞌ akahante kaꞌam, weꞌ ekka iyan nuley paꞌasek, saguwaꞌ gaꞌi siye umasek."
,53,25,"Pagkumuwat ne dapuꞌ lumaꞌin duk tabagatne ne gawangin, manjari laꞌi ne hadja kaꞌam si bukut nuttuk si gawang duk ngalingan, 'O Tuwan, lukahanun kami.' Sambunganne kaꞌam, paꞌinne, 'Gaꞌi kataꞌuhanku bang amban kaꞌam.'"
,53,26,"Manjari paꞌinbi iyan, 'Gaꞌi taꞌessebnu? Matuꞌuhin magtuhut du kite mangan duk magusihat kew laꞌi si puweblo kami.'"
,53,27,"Saguwaꞌ paꞌinne iyan si kaꞌam, 'Akahante kaꞌam, asal gaꞌi kataꞌuhanku bang amban kaꞌam. Tahalaꞌ kaꞌam amban aku, kēmon kaꞌam maghinangan malaꞌatin.'"
,53,28,"Manjari magmatey kaꞌam iyan laꞌi duk magtageꞌot meꞌ impenbin bang kitebi laꞌi diyalem kapapuꞌanbin disi Ibrahim duk si Isahak duk si Yakub duk kēmon meꞌ kanabi-nabihanin, bu kaꞌam laꞌi hadja si bukut."
,53,29,"Duk tekka du iyan pī meꞌ aꞌahin amban ampat pidjū alamin magtipun, duk ningkoloꞌ siye laꞌi magkakanan dem pagbayaꞌan Tuhanin."
,53,30,"Duk payamanun bi, niyaꞌ meꞌ aꞌa dumambuli kuweꞌituhin, dumehellu du si pasōngan, duk niyaꞌ meꞌ aꞌa dumehellu kuweꞌituhin, dumambuli du si pasōngan."""
,53,31,"Manjari niyaꞌ tekka pī meꞌ Pariseo duk paꞌinde pu si Isa, ""Palanjal ne kew, peggeꞌ batang koꞌ kew papatey Sultan Herod."""
,53,32,"Paꞌin si Isa si siye, ""Pī kaꞌam, akahanun bi si Herod maꞌakkalan miyaꞌan weꞌ maꞌin duk sumu palanjalku hinangkun magpaluwas seyitan duk magpakawuliꞌ meꞌ masakihin, duk si katellu ellewnen ubus ne hinangkun."
,53,33,"Saguwaꞌ subey ku palanjal si palumengngananku maꞌin, duk sumu, duk sampay sumudde. Gaꞌ du niyaꞌ umantag si aku tuꞌu. Peggeꞌ meꞌ nabi maꞌekkahin pinapatey laꞌi si Awrusalam."""
,53,34,"Manjari dukka si Isa sabab hinangan meꞌ aꞌa si Awrusalamin duk paꞌinne, ""O meꞌ aꞌa Awrusalam, suse ku sabab kaꞌam. Luwal papateybi meꞌ nabihin duk pagtibaganbi meꞌ dinaꞌak Tuhan mapiyu si kaꞌamin. Mimpiye ne kaꞌam batang pagtipunku duk ipatku kuweꞌ dalil bukaran magtipun meꞌ usuynen diyawaꞌ peppikne, saguwaꞌ gaꞌi kaꞌam ngatu."
,53,35,"Payamanun bi, tinayikutan ne lahatbin weꞌ Tuhanin. Duk akahante kaꞌam weꞌ gaꞌi ne ku teꞌed kitebi samantaꞌan gaꞌi tekka ellew pagpaꞌinbin, 'Pudjite bi pinapitu Tuhanin!' """
,54,1,"Dambuwaꞌ ellew liꞌi, pī si Isa mangan si lumaꞌ dambuwaꞌ nakuraꞌ meꞌ Pariseohin. Paglaꞌi iye, pinateng-patengan iye weꞌ meꞌ aꞌa malaꞌihin."
,54,2,"Niyaꞌ laꞌi aꞌa saki, bahaꞌ lengngennen duk pusuꞌnen."
,54,3,"Tinilew weꞌ si Isa meꞌ guru si saraꞌ āgamahin duk meꞌ Pariseohin, paꞌinne, ""Ngalanggalan saraꞌ ke magpakoleꞌ si ellew liꞌihin atawa gaꞌi?"""
,54,4,"Saguwaꞌ gaꞌ siye nambung. Manjari inantan weꞌ si Isa aꞌa masakihin duk pinakoleꞌ weꞌ ne, ubus bu pinapoleꞌ ne weꞌ ne."
,54,5,"Ubus miyaꞌan, tilewne meꞌ aꞌahin, paꞌinne, ""Ine hinangbi bang upama niyaꞌ anakbi atawa sapiꞌbi laboꞌ dem kupung baytu ellew liꞌi? Araꞌ-araꞌku asal magtawus kaꞌam pī nabang iye bisan ne ellew liꞌi."""
,54,6,Gaꞌ ne siye kapanganjawab.
,54,7,"Tapandoga si Isa meꞌ aꞌa tabatikin, weꞌ peneꞌde meꞌ paningkoloꞌan para si meꞌ mabangsahanin. Hangkan inakahan siye weꞌ ne dambuwaꞌ dalilan, paꞌinne, 8""Bang kew tabatik pī si pagkawinan, daꞌa kew ningkoloꞌ si paningkoloꞌan para si meꞌ mabangsahanin. Kaw-kaw pe niyaꞌ bangsahan amban kaꞌu tabatik."
,54,9,"Bu ne pī dapuꞌ pagkādjaꞌanin duk magpaꞌin si kaꞌu, 'Palinda be kew. Ambat aꞌa inin ningkoloꞌ luꞌu.' Manjari iyaꞌ kew bu subey ne kew ningkoloꞌ si tindakan."
,54,10,"Saguwaꞌ bang kew tabatik, ningkoloꞌ kew si tindakan, duk pagpī dapuꞌ pagkādjaꞌanin, paꞌinne du si kaꞌu, 'Bagay, daꞌa kew ningkoloꞌ luꞌu. Pī kew pakōkan.' Manjari takite du weꞌ meꞌ sinduwe tabatikin weꞌ pinahadje kew."
,54,11,"Peggeꞌ sine-sine mahadje dine, pinadiyawaꞌ du. Duk sine-sine madiyawaꞌ dine, pinahadje du."""
,54,12,"Manjari paꞌin si Isa si aꞌa makabatik iyehin, ""Na, kaꞌu isab, bagay, bang kew ngahinang pagjamu-jamuhan, daꞌa iye batikun meꞌ bagaynun atawa meꞌ pungtinaꞌinun atawa meꞌ usbanun, atawa meꞌ saweꞌnu magtapit lumaꞌ madayahanin. Peggeꞌ bang siye binatiknun, batikde du kew isab iyan bang siye magkādjaꞌan. Manjari tatumbasande hininangnu si siyehin."
,54,13,"Saguwaꞌ bang kew ngahinang pagjamu-jamuhan, iye batikun meꞌ aꞌa mamiskinin, makukuꞌin, mapengkaꞌin, duk mapessekin."
,54,14,"Bang inin hinangnu, kēgan du kew iyan manamal peggeꞌ gaꞌi kew katumbasande. Tuhanin manumbasan kaꞌuhin si ellew dambuli bang pinakellum ne balik meꞌ aꞌa mabentelin."""
,54,15,"Dangan meꞌ mamangan malaꞌihin, pagkalene meꞌ binissā si Isa miyaꞌan, paꞌinne, ""Asal kēgan paꞌin aꞌa mamangan si pagjamu-jamuhan dem pagbayaꞌan Tuhanin."""
,54,16,"Manjari inakahan iye weꞌ si Isa dambuwaꞌ dalilan, paꞌinne, ""Niyaꞌ aꞌa bakas magpanyap pagjamu-jamuhan hadje duk ekka tabatiknen."
,54,17,"Pagtekka ellew pagjamu-jamuhin, dinaꞌak weꞌ ne daraꞌakannen pī si meꞌ tabatiknen moꞌo bissā, pinaꞌin, 'Dayiꞌ ne kaꞌam, panyap ne kēmon.'"
,54,18,"Saguwaꞌ saliꞌ-saliꞌ siye kēmon magtubad. Paꞌin tagnaꞌ papīhannen, 'Gaꞌi ku tapī peggeꞌ bakas ku makabelli bulak duk subey dahuꞌ payamanku pī. Daꞌa ku puggutanun.'"
,54,19,"Duk paꞌin dambuwaꞌin, 'Bakas ku makabelli sapiꞌ sampūꞌ kayuꞌ duk tiyaꞌ ku dahuꞌ pī nginaman siye bang kapagbadjaꞌan ke. Daꞌa ku hadja puggutanun.'"
,54,20,"Duk paꞌin dambuwaꞌin, 'Baꞌahu du ku bakas kinawin, hangkan gaꞌi ku tapiyu.'"
,54,21,"Manjari hap lumaꞌ ne daraꞌakanin duk inakahan weꞌ ne amunen. Astel teꞌed amunen pagkalene miyaꞌan duk paꞌinne si daraꞌakannen, 'Pakale kew, pī kew palakkes si meꞌ kalsara duk si meꞌ kalān-lānan tuꞌu si lahat inin, duk boꞌohun pitu meꞌ mamiskinin, meꞌ makukuꞌin, meꞌ mapessekin, duk meꞌ mapengkaꞌin.'"
,54,22,"Gaꞌ tiggel tekka ne balik daraꞌakanin duk paꞌinne si amunen, 'Bakas hinangku ne pangandaꞌakannun, Tuwan, saguwaꞌ niyaꞌ pe lugal.'"
,54,23,"Manjari paꞌin amuhin si daraꞌakannen, 'Pī kew si meꞌ kalān-lānan mapadiyataꞌin duk si meꞌ lahat diyalemin duk buyuꞌ-buyuꞌun meꞌ aꞌahin nuhut pitu supaya pennoꞌ lumaꞌkun."
,54,24,"Peggeꞌ akahante kaꞌam,' paꞌinne, 'gaꞌ niyaꞌ meꞌ aꞌa tabatikku dehelluhin makakinam kinakan pinanyapkun.' """
,54,25,"Palanjal ne isab si Isa si palengngananne duk banes teꞌed aꞌa nuhut iye. Manjari paharap iye si siye duk paꞌinne, 26""Bang niyaꞌ aꞌa pitu mabayaꞌ patindeg si aku, subey lasane si akuhin hadje amban lasane si saꞌi-samanen, duk si anak-andanen, duk si meꞌ pungtinaꞌinen lella-dende. Duk bisan lasane si dinen subey gaꞌi pahadje amban lasane si akuhin. Bang gaꞌi du kuweꞌ inin, gaꞌi iye makajari tindegku."
,54,27,"Duk subey iye maglillaꞌ nandal kabinasahan duk bisan pe pinapatey sabab panuhutne akuhin. Dalilnen, kuweꞌ iye moꞌo olom pamapateyan iyehin. Bang gaꞌi iye maglillaꞌ bu nuhut aku, gaꞌi iye makajari tindegku."
,54,28,"Bang niyaꞌ kaꞌam mabayaꞌ matengge lumaꞌ hadje, ningkoloꞌ dahuꞌ kaꞌam ngalkulane bang piye gastubin, supaya kataꞌuhanbi bang araꞌ-araꞌ takoleꞌbi du ke ngagastuhan sampay ubus atawa gaꞌi."
,54,29,"Peggeꞌ bang gaꞌi kalkulabi dahuꞌ, pagtumengge ne meꞌ olomnen bu gaꞌ niyaꞌ pangubusbi, ujudnen kēmon mangite miyaꞌan ngahinang kaꞌam hadja dagey."
,54,30,"Paꞌinde, 'Aꞌa inin takoleꞌne nagnaꞌan lumaꞌnen matengge saguwaꞌ gaꞌi taꞌubusne.'"
,54,31,"Atawa bang saꞌupama niyaꞌ sultan sōng pī magbonoꞌ duk sultan seddili, ningkoloꞌ iye mikil-mikil dahuꞌ bang araꞌ-araꞌ makaꞌatu ke iye duk tindegne sampūꞌ ngibuhin magbonoꞌ duk sultan duwempūꞌ ngibu tindegnen."
,54,32,"Bang araꞌ-araꞌ gaꞌi iye makaꞌatu, na, tala pe kuntaranen, ngandaꞌak ne iye meꞌ aꞌane pī pasampang moꞌo bissā weꞌ mabayaꞌ ne iye maghāp."
,54,33,"Damikkiyan isab kaꞌam,"" paꞌin si Isa, ""pikil-pikilun bi dahuꞌ peggeꞌ bang gaꞌi du kaꞌam maglillaꞌ nayikutan kēmonbin, gaꞌi kaꞌam makajari tindegku."""
,54,34,"Magdalilan ne isab si Isa, paꞌinne, ""Kataꞌuhanbi du weꞌ asinin asal hāp. Saguwaꞌ bang asinin gaꞌ ne niyaꞌ lessane, gaꞌi ne maꞌasin balik."
,54,35,"Gaꞌ ne niyaꞌ kagunahanne. Gaꞌi bisan taguna pagpalemmek bulak. Saguwaꞌ ilakasan hadja weꞌ aꞌa. Na,"" paꞌin si Isa, ""amey-amey pakalehun bi bang niyaꞌ pinaꞌin si kaꞌam."""
,55,1,"Dambuwaꞌ ellew ekka meꞌ aꞌa magpāku-pāku sukey para si gubelno duk meꞌ aꞌa sinduwehin gaꞌi nuhut saraꞌ āgama, pī siye patapit pu si Isa peggeꞌ bayaꞌ siye pakale si usihatnen."
,55,2,"Manjari meꞌ Pariseohin duk meꞌ guru si saraꞌ āgamahin ngunub-ngunub, paꞌinde, ""Aꞌa inin magtuhut-tuhut duk meꞌ aꞌa dusehanin duk sampay mangan magsawu siye."""
,55,3,"Hangkan inaka weꞌ si Isa si siye dalilan inin, paꞌinne, 4""Saꞌupama, bang niyaꞌ kaꞌam taga bili-bili dahatus ekkahannen bu ne niyaꞌ dambuwaꞌ sumapeꞌ, ine enteꞌ hinangbi? Bugtuꞌ ambananbi siyampūꞌ duk siyamin laꞌi si kahayangan duk pī kaꞌam miha dambuwaꞌ masumapeꞌin tiggelan gaꞌi takasuwaꞌbi."
,55,5,"Duk pagtakasuwaꞌbi ne, sinna teꞌed kaꞌam hangkan pinippi weꞌ bi binoꞌo hap lumaꞌ."
,55,6,"Pagtekka si lumaꞌ, ilinganan weꞌ bi meꞌ bagaybin duk meꞌ saweꞌbi magtapit lumaꞌin dinaꞌak magtipun laꞌi si lumaꞌbi, duk paꞌinbi si siye, 'Magkēg kite bi peggeꞌ takasuwaꞌku ne bili-biliku masumapeꞌin.'"
,55,7,"Akahante kaꞌam,"" paꞌin si Isa, ""damikkiyan du isab pasōng magkēg malaꞌi si surgaꞌin bang niyaꞌ dambuwaꞌ aꞌa dusehan magsusun duk ngalebbahan dusenen amban magkēg siye sabab siyampūꞌ duk siyam meꞌ aꞌa magpaꞌin weꞌ bentel siye duk gaꞌi siye subey magsusun."" 8""Atawa,"" paꞌinne, ""saꞌupama niyaꞌ dende taga sampūꞌ dublun bu ne lepas dambuwaꞌin, ine enteꞌ hinangne? Bugtuꞌ mekket iye payitaꞌan bu pahidanne dem lumaꞌin duk pihane pahāp-hāp tiggelan gaꞌi takasuwaꞌne."
,55,9,"Duk pagtakasuwaꞌne ne, lingananne meꞌ bagaynen duk meꞌ saweꞌne magtapit lumaꞌin dinaꞌak magtipun si lumaꞌne. Duk paꞌinne si siye, 'Magkēg kite bi, peggeꞌ takasuwaꞌku ne dublunku malepasin.'"
,55,10,"Akahante kaꞌam,"" paꞌin si Isa, ""damikkiyan magkēg du isab meꞌ malaꞌikat Tuhanin bang niyaꞌ dambuwaꞌ aꞌa dusehan magsusun duk ngalebbahan dusenen."""
,55,11,"Manjari paꞌin si Isa pe, ""Niyaꞌ dambuwaꞌ aꞌa taga anak lella duwangan."
,55,12,"Dambuwaꞌ ellew paꞌin salihin si samanen, 'Ammaꞌ, bahagiꞌun ne alataꞌnun duk pangurungun ne aku bahagiꞌkun.' Na, iye ne miyaꞌan, binahagiꞌ ne weꞌ aꞌahin alataꞌnen si duwangan anaknen."
,55,13,"Gaꞌ tiggel, pinabellihan weꞌ salihin bahagiꞌnen, eddoꞌne sīnnen, ubus bu lumengngan iye pī si lahat tala. Paglaꞌi iye, inubus weꞌ ne sīnnen si meꞌ bayuꞌ-bayuꞌan gaꞌ niyaꞌ kagunahanne."
,55,14,"Pagubus ne tagastune kēmon, bessuwang isab inunus teꞌed lahat miyaꞌan. Manjari kasukalan teꞌed iye."
,55,15,Hangkan pī iye si dambuwaꞌ aꞌa si lahat miyaꞌan duk manjari daraꞌakanne. Dinaꞌak iye pī weꞌ aꞌahin si bulakne ngipat meꞌ bawi.
,55,16,"Hawal kawugtuꞌnen, mabayaꞌ ne kakanne bisan kinakan bawihin, saguwaꞌ gaꞌ niyaꞌ ngurungan iye bisan ine."
,55,17,"Manjari bahune makapikil kadupangannen duk paꞌinne dem ateyne, 'Kēmon daraꞌakan samakun, maglabi-labi kinakanden. Bu aku inin tiyaꞌ ne ku sōng matey tuꞌu weꞌ kawugtuꞌin."
,55,18,"Hāp pe ku moleꞌ pī pu si Ammaꞌ duk paꞌinku si iye: Ammaꞌ, kapagduse ku si Tuhan duk si kaꞌu."
,55,19,Gaꞌi ne ku pataꞌ ēnannu anaknu. Kimmatanun ne ku hadja kuweꞌ dambuwaꞌ meꞌ daraꞌakannun.'
,55,20,"Ubus bu tahalaꞌ ne iye duk lumengngan ne iye pī balik si samanen.""Saguwaꞌ tala-tala pe iye, takite ne iye weꞌ samanen. Maꞌaseꞌ teꞌed samanen si iye duk magubas iye pī ngalipunesan anaknen."
,55,21,"Paꞌin anaknen si iye, 'Ammaꞌ, kapagduse ku si Tuhan duk si kaꞌu. Gaꞌi ne ku pataꞌ ēnannu anaknu.'"
,55,22,"Saguwaꞌ ilinganan weꞌ samanen meꞌ daraꞌakanin duk paꞌinne si siye, 'Palakkes kaꞌam, boꞌohun bi pitu semmek tamanan mahāp lu duk pasemmekanun bi iye. Pasinsimanun bi isab duk patehompaꞌanun bi."
,55,23,"Ubus pī kaꞌam, eddoꞌun bi anak sapiꞌ pinalemmekante bi ley bu sumbaliꞌun bi. Magjamu-jamu kite bi duk maglami-lami."
,55,24,"Peggeꞌ anakku inin kuweꞌ bakas matey, bu ellum du balik. Kuweꞌ iye bakas lepas, bu tapoleꞌ du.' Manjari nagnaꞌ ne siye maglami-lami. 25""Saguwaꞌ anakne sakahin baytu laꞌi miyaꞌan si tanaꞌ. Pag hap lumaꞌ ne iye duk sakaliꞌ iye tapit, niyaꞌ takalene magkulintang duk magpansak laꞌi diyalem lumaꞌden."
,55,26,Ilinganan weꞌ ne dangan meꞌ daraꞌakanin duk tinilew weꞌ ne bang ine paglami-lamihanin.
,55,27,"Paꞌin daraꞌakanin si iye, 'Tekka ne salinun duk dinaꞌak sinumbaliꞌ weꞌ samanun sapiꞌ pinalemmekanin peggeꞌ salinu inin gaꞌ niyaꞌ baya-bayane.'"
,55,28,Saguwaꞌ astel iye duk gaꞌi iye bayaꞌ padiyalem. Paluwas samanen pī muyuꞌ-muyuꞌ iye binoꞌo padiyalem.
,55,29,"Saguwaꞌ sambunganne samanen, paꞌinne, 'Payamanun Ammaꞌ, piyen tahun ne paghinangku si kaꞌuhin kuweꞌ dambuwaꞌ banyagaꞌnu. Gaꞌ niyaꞌ pangandaꞌakannu aku weꞌ gaꞌi hinangku. Saguwaꞌ gaꞌ ku bakas kaꞌurungannu bisan dambuwaꞌ anak kambing duk ku kapagjamu-jamu duk meꞌ bagaykun."
,55,30,"Saguwaꞌ pagtekka pitu anaknu iyan, pagubus pakaꞌatanne alataꞌnun si meꞌ dende dupang, sinumbaliꞌ ne weꞌ nu para si iye sapiꞌ pinalemmekannun.' 31'Totoꞌ,' paꞌin samanen, 'luwal du kew tuꞌu si aku duk kēmon maniyaꞌ si akuhin, si kaꞌu du."
,55,32,"Talep kite maglami-lami duk magkēg, peggeꞌ salinu iyan kuweꞌ bakas matey, bu ellum du balik. Kuweꞌ iye bakas lepas, bu tapoleꞌ du.' """
,56,1,"Manjari inakahan weꞌ si Isa meꞌ tindegnen dalilan seddili. Paꞌinne, ""Niyaꞌ dambuwaꞌ aꞌa dayahan, hininang weꞌ ne dambuwaꞌ meꞌ daraꞌakannen tatungguꞌ si meꞌ alataꞌnen kēmon. Manjari tasumbung si iye tatungguꞌ miyaꞌan weꞌ luwal koꞌ ngakkal duk pakaꞌatanne alataꞌ amunen."
,56,2,"Hangkan pinasan iye weꞌ ne duk pagtekka iye, paꞌin amunen si iye, 'Ine teꞌ takaleku sabab kaꞌu inin? Sōnganun ne si aku listahan meꞌ bayuꞌ-bayuꞌan si antanannun duk sīn mapaꞌasek duk sīn mapaluwasin peggeꞌ gaꞌi ne kew hinangku tatungguꞌ.'"
,56,3,"Paꞌin daraꞌakanin si dine, 'Ine enteꞌ hinangku kuweꞌitu? Tiyaꞌ ne ku patahalaꞌ amukun. Gaꞌi ne ku basag maghinang si bulak duk leman ku isab māku-māku sīn."
,56,4,"A, kataꞌuhanku ne,' paꞌinne, 'bang ine subey hininangkun, duk bang pinatahalaꞌ ne ku amban hinangkun, niyaꞌ du meꞌ aꞌa makajari papīhanku.'"
,56,5,"Manjari ilinganan weꞌ ne dangan-dangan kēmon meꞌ taga utang si amunen. Paꞌinne si dehellu mapīhin, 'Piye utangnun si amukun?' 6'Dahatus mital isellan,' sambungnen. Manjari paꞌinne si iye, 'Tiyaꞌ disibunun. Ningkoloꞌ kew padayiꞌ bu sulatun luꞌu limempūꞌ mital hadja.'"
,56,7,"Duk paꞌinne si dambuwaꞌin, 'Kaꞌu, piye utangnun?' Paꞌinne, 'Dahatus karut paley.' Manjari paꞌinne si iye, 'Tiyaꞌ disibunun, sulatun luꞌu walumpūꞌ.'"
,56,8,"Pagkale amunen hininang daraꞌakanne mangakkal miyaꞌan, sinanglitan pe iye weꞌ ne peggeꞌ akkalan iye. Taꞌu koꞌ iye mikil para si pasōngannen."" Manjari paꞌin si Isa, ""Meꞌ aꞌa manggaꞌi manuhut Tuhanin akkalan teꞌed amban meꞌ aꞌa manuhut Tuhanin, peggeꞌ taꞌu siye maꞌuntungan saweꞌden para si di kahāpanden. 9""Hangkan akahante kaꞌam,"" paꞌin si Isa, ""gunahun bi alataꞌbi tuꞌu si dunyahin paghinang hāp, supaya bang taꞌabut kaꞌam matey duk gaꞌi ne tagunabi alataꞌbin, tinayimaꞌ du kaꞌam laꞌi si lahat patennaꞌanbi salama-lamahin."
,56,10,"Bang kapangandelan aꞌahin si alataꞌ kuweꞌahat, kapangandelan du isab iye si alataꞌ ekka. Damikkiyan isab bang aꞌahin gaꞌi kapangandelan si alataꞌ kuweꞌahat, gaꞌi du isab iye kapangandelan si alataꞌ ekka."
,56,11,"Na, bang kaꞌam pinasukuꞌan alataꞌ tuꞌu si dunya inin bu gaꞌi kaꞌam kapangandelan, asal gaꞌi pinangandel si kaꞌam alataꞌ mabennalin."
,56,12,"Duk bang gaꞌi kaꞌam kapangandelan ngantan alataꞌ dumaꞌin si kaꞌamin, gaꞌi pinangurung si kaꞌam sukuꞌ si kaꞌamin. 13""Gaꞌ niyaꞌ daraꞌakan makajari magbanyagaꞌ si duwe amu. Peggeꞌ kalasahanne iyan dambuwaꞌin duk kabunsihanne dambuwaꞌin. Atawa tuhutne teꞌed dambuwaꞌin duk gaꞌi asipne dambuwaꞌin. Bang pilakin mamahalgaꞌ si kaꞌamin, gaꞌi kaꞌam makajari maghinang isab si Tuhan."""
,56,14,Takale weꞌ meꞌ Pariseohin meꞌ pinaꞌin si Isa miyaꞌan. Pinagsayehan si Isa weꞌ de peggeꞌ sinna siye si pilak.
,56,15,"Saguwaꞌ paꞌin si Isa si siye, ""Kaꞌam iyan magpakite si aꞌa weꞌ bentel kaꞌam, saguwaꞌ kataꞌuhan Tuhanin du dem ateybin. Meꞌ kinimmatan mahalgaꞌ weꞌ meꞌ aꞌahin, gaꞌ du niyaꞌ kagunahanne bang si Tuhan. 16""Masa gaꞌ pe pitu si Yahiya magpandi-pandi meꞌ aꞌahin, iye minahalayakin sabab saraꞌ si Musahin duk meꞌ tasulat kanabihanin. Saguwaꞌ kemuwe pitu Yahiya duk sampay maꞌin iye minahalayakin aka-aka hāp sabab pagbayaꞌan Tuhanin duk meꞌ aꞌahin magtuyuꞌ teꞌed duk siye umasek pī si pagbayaꞌan Tuhanin."
,56,17,"Saguwaꞌ saraꞌ si Musahin asal gaꞌi du pinda kapatutnen. Mura pe ilūnan bulak duk langitin amban dambuwaꞌ balis si saraꞌin ginantiꞌan."""
,56,18,"Paꞌin si Isa pe, ""Sine-sine nimanan andanen bu maganda seddili, magjina iye. Duk sine-sine maganda si dende bituwanan, magjina iye."""
,56,19,"Ubus paꞌin si Isa, ""Niyaꞌ dambuwaꞌ aꞌa dayahan, luwal magsemmek mahalgaꞌ manamal duk kahabaꞌ ellew hāp hadja kinakannen. Gaꞌ niyaꞌ kulang si iye."
,56,20,"Duk niyaꞌ isab aꞌa miskin, ēnnen si Lasarus. Lapat puhuꞌnen weꞌ dugsal. Kahabaꞌ ellew binoꞌo iye pī si tarangka lumaꞌ aꞌa madayahan miyaꞌan."
,56,21,Peggeꞌ kabayaꞌannen bang du siꞌ iye kaꞌurungan meꞌ lebbi-lebbi kinakan aꞌa dayahanin duk iye makaꞌakan. Bisan meꞌ asuhin pī ngandelatan meꞌ dugsalnen.
,56,22,Manjari matey aꞌa mamiskin miyaꞌan duk binoꞌo iye weꞌ meꞌ malaꞌikatin pī si palaꞌihan Ibrahimin si surgaꞌ. Ubus matey du isab aꞌa dayahanin duk kinubul iye.
,56,23,Laꞌi si ahilat kapeddiꞌan manamal aꞌa dayahanin. Pahangad iye duk takitene laꞌi si katalahan Ibrahim. Takitene isab si Lasarus laꞌi si bihing Ibrahim.
,56,24,"Magtawus iye ngalingan pu si Ibrahim. 'O Apuꞌ Ibrahim,' paꞌinne. 'Maꞌaseꞌ ne kew si aku. Daꞌakun Lasarus pitu. Ambat patottokne timbōꞌnen dem boheꞌ bu pettakanne dellaꞌkun peggeꞌ peddiꞌan ku teꞌed tuꞌu dem ebbut inin.'"
,56,25,"Saguwaꞌ paꞌin Ibrahim, 'Bagay, essebun weꞌ tasangkanu ne kēmon bayuꞌ-bayuꞌan mahāpin kaꞌellumnun, bu si Lasarus tasangkanen malaꞌatin. Saguwaꞌ kuweꞌitu hāp ne pāsahannen tuꞌu, bu kaꞌu magsandal peddiꞌ."
,56,26,"Duk dumaꞌin hadja inin, saguwaꞌ si ellette bi niyaꞌ kongkong luha pinapī, supaya matuꞌu mabayaꞌ mapiyuhin gaꞌi tapiyu, duk damikkiyan maluꞌuhin gaꞌi tapitu.'"
,56,27,"Manjari paꞌin aꞌa dayahanin, 'Bang sa iyan, Apuꞌ, gaꞌ dapatku. Saguwaꞌ pabuyuꞌ-buyuꞌ ku si kaꞌu, daꞌakun si Lasarus pī si lumaꞌ samakun,"
,56,28,peggeꞌ niyaꞌ laꞌi lime pungtinaꞌiku lella. Daꞌakun siye sinessaꞌan pu Lasarus subey pindahande kawul-piꞌilden supaya siye gaꞌi tapitu si lahat pagsandalan peddiꞌ inin.'
,56,29,"Saguwaꞌ paꞌin Ibrahim, 'Laꞌi du si siye meꞌ tasulat si Musahin duk tasulat meꞌ kanabihan sinduwehin. Ambat pakalede.' 30'Gaꞌi be pakalede, Apuꞌ Ibrahim,' paꞌinne. 'Saguwaꞌ bang niyaꞌ dambuwaꞌ aꞌa matey ellum balik bu pī si siye, asal pagsusunande iyan duseden duk lebbahande ne.'"
,56,31,"Saguwaꞌ paꞌin Ibrahim si iye, 'Bang gaꞌi pakalede meꞌ tasulat si Musahin duk meꞌ kanabihan sinduwehin, gaꞌi du siye iyan tasegeꞌ bisan pe niyaꞌ aꞌa bakas matey bu ellum balik hap pī si siye ngakahan siye.' """
,57,1,"Manjari paꞌin si Isa si meꞌ tindegnen, ""Bugtuꞌ niyaꞌ teꞌed meꞌ sassat tekka si manusiyaꞌ makapaduse siye. Saguwaꞌ kaꞌaseꞌ-aseꞌ aꞌa manassat saweꞌnen duk iye makaduse, peggeꞌ asal legga Tuhanin teꞌed iye."
,57,2,Hāp pe siꞌ iye miyaꞌan tapatowengan dahuꞌ batu hadje si kellongne bu ilaboꞌ iye pī dem tahik duk hadja gaꞌi tasassatne magduse dangan meꞌ madiyawaꞌ ateynen duk masandel si akuhin.
,57,3,"Hangkan pahatul-hatul kaꞌam. Bang saweꞌnun kapagduse si kaꞌu, boꞌohun magbissā duk toloꞌanun. Bang pagsusunanne dusenen duk lebbahanne dusenen ampunun iye."
,57,4,"Bang dem da ellewin kapagduse iye mimpituꞌ si kaꞌu duk mimpituꞌ isab iye piyu si kaꞌu māku ampun, subey iye ampunnu."""
,57,5,"Manjari paꞌin meꞌ tindeg si Isa bakas kawakilannen si iye, Panuhutanden, ""Tuwan, pabasagun sandel kami si Tuhanin."""
,57,6,"Nambung Panuhutanden, paꞌinne, ""Bang sandel kaꞌam si Tuhan bisan hadja kuweꞌahat, dalilnen kuweꞌ hadja hadjehan bigi mustasa, makajari paꞌinbi si poꞌon kayu mahadje miyaꞌan, 'Pabeddut kew duk palinda kew pī dem tahik,' ubus bu tuhutne du pinaꞌinbin."""
,57,7,"Paꞌin si Isa pe, ""Bang saꞌupama dangan kaꞌam taga daraꞌakan duk hinangnen magbadjaꞌ si tanaꞌ atawa magipat hayepbi. Bang tekka iye amban paghinangannen, paꞌinbi ke si iye, 'Na, mangan ne kew?'"
,57,8,"Asal gaꞌi. Saguwaꞌ iye paꞌinbi si iye, 'Magsayin ne kew bu panyapun kinakankun duk ku makaꞌakan. Bang ku ubus, meke ne kew mangan.'"
,57,9,Magsampūꞌ-sāmat pe ke kaꞌam si daraꞌakanbin peggeꞌ hinangne pangandaꞌakanbin? Gaꞌi du.
,57,10,"Damikkiyan kaꞌam isab, bang tahinangbi ne kēmon pangandaꞌakan si kaꞌamin, paꞌinun bi, 'Kite bi inin meꞌ daraꞌakan gaꞌi pataꞌ sinanglitan, peggeꞌ iye du hadja tahinangten, sukuꞌ hininangten.' """
,57,11,"Palumengngan si Isa hap Awrusalamin, palabey iye amban ellet lahat Samariya duk lahat Jalil."
,57,12,"Pagtapit ne iye si kalumaꞌan, niyaꞌ pī si iye sampūꞌ aꞌa inipul. Nengge siye patala-tala,"
,57,13,"duk ngalingan siye, paꞌinde, ""O Isa! Tuwan! Maꞌaseꞌ ne kew si kami."""
,57,14,"Pagkite si Isa siye, paꞌinne si siye, ""Pī kaꞌam si meꞌ imamin, ambat lilingde baranbin weꞌ kawuliꞌan ne."" Duk sasangde mapīhin, kawuliꞌan ne siye."
,57,15,"Dangan siye, pagkitene weꞌ kawuliꞌan ne iye, magtawus iye balik duk pinudji weꞌ ne Tuhanin pinapales."
,57,16,Pasujud iye si antag bettis si Isa magpasalamat si iye. Aꞌa inin bangsa Samariya.
,57,17,"Paꞌin si Isa, ""Dumaꞌin ke sampūꞌ aꞌa kawuliꞌanin? Antag ne siyamin?"
,57,18,"Weꞌey aꞌa liyu-liyu inin du hadja mabalik mapitu magpasalamat si Tuhanin?"""
,57,19,"Manjari paꞌin si Isa si iye, ""Nengge kew, bagay, duk palanjal ne kew. Kawuliꞌan kew peggeꞌ sandel kew."""
,57,20,"Dambuwaꞌ ellew tinilew si Isa weꞌ meꞌ Pariseohin bang sumiyan ne Tuhanin magbayaꞌ si meꞌ aꞌahin. Sambunganne siye, paꞌinne, ""Gaꞌ niyaꞌ takite bang nagnaꞌ ne Tuhanin magbayaꞌ."
,57,21,"Gaꞌ iyan niyaꞌ magpaꞌin, 'Payamanun bi, tiyaꞌ tuꞌu pagbayaꞌan Tuhanin!' atawa, 'Īꞌ laꞌi!' Peggeꞌ pagbayaꞌan Tuhanin luꞌu diyalembi."""
,57,22,"Manjari paꞌin si Isa si meꞌ tindegnen, ""Niyaꞌ du iyan meꞌ ellew si pasōngan asal bayaꞌ teꞌed kitebi weꞌ aku, Anak Manusiyaꞌin, magbayaꞌ ne. Bayaꞌ takitebi bisan da ellew hadja, saguwaꞌ gaꞌi pe takitebi."
,57,23,"Niyaꞌ iyan magpaꞌin si kaꞌam, 'O, īꞌ iye laꞌi!' atawa, 'Tiyaꞌ iye tuꞌu!' Daꞌa kaꞌam pī miha aku."
,57,24,"Peggeꞌ aku, Anak Manusiyaꞌin, bang ne ku pitu, keddut papitukun duk takite meꞌ aꞌahin kēmon, kuweꞌ lalat bessuwang ninagan dunyahin amban dengkepak pī si dengkepak."
,57,25,"Saguwaꞌ meke inin umantag, subey ku dahuꞌ magsandal kabinasahan duk gaꞌi ku tinayimaꞌ weꞌ meꞌ aꞌa kuweꞌituhin."
,57,26,"Si pasōngan, bang ne ku pitu balik si dunya, meꞌ hinangan meꞌ aꞌahin kuweꞌ du hinangan meꞌ aꞌa masa si Nu ley."
,57,27,"Masa miyaꞌan mangan siye duk nginum, maganda siye duk magella sampay taꞌabut ellew paꞌasek si Nu dem kappalin. Manjari ilaseyan weꞌ Tuhanin dunyahin duk magmula siye kēmon."
,57,28,"Damikkiyan du isab kuweꞌ masa si Lot ley. Mangan siye duk nginum, magbelli duk magdagang, magtanem duk magpatengge meꞌ lumaꞌ."
,57,29,"Saguwaꞌ pagtekka ellew patahalaꞌ si Lot amban puweblo Sodomin, laboꞌ kuweꞌ ulan ebbutin duk meylangin amban diyataꞌ langit duk magmula siye kēmon."
,57,30,"Damikkiyan du isab kuweꞌ miyaꞌan hinangan meꞌ aꞌa si dunyahin bang tekka ne ellew pamakite akuhin, aku Anak Manusiyaꞌin. 31""Pagtekka ellew miyaꞌan, bang niyaꞌ aꞌa si luwasan lumaꞌne bu meꞌ kēmonnen laꞌi diyalem lumaꞌ, subey ne iye gaꞌi padiyalem ngeddoꞌne saguwaꞌ subey ne iye lahi. Damikkiyan isab aꞌa malaꞌi si tanaꞌnen subey ne gaꞌi balik pī si lumaꞌne."
,57,32,Essebun bi bang ine maꞌumantag si anda si Lot masa awwalley.
,57,33,"Sine-sine ngelleg umulne, gaꞌ niyaꞌ umulne salama-lama. Saguwaꞌ sine-sine gaꞌi ngelleg umulne sababku, bisan iye matey, niyaꞌ du umulne salama-lama."
,57,34,"Akahante kaꞌam, bang ne ku pitu balik, niyaꞌ iyan duwangan magulid sangem, dambuwaꞌin ineddoꞌ duk dambuwaꞌin taꞌamban."
,57,35,"Niyaꞌ iyan duwangan dende magtabang maggiling, dambuwaꞌin ineddoꞌ duk dambuwaꞌin taꞌamban. (36,Niyaꞌ iyan duwangan lella maghinang si tanaꞌ, dambuwaꞌin ineddoꞌ duk dambuwaꞌin taꞌamban.)"""
,57,37,"Manjari tilew meꞌ tindegnen iye, paꞌinde, ""Tuwan, antag inin umantag?"" Sambungan si Isa siye duk eliꞌan, paꞌinne, ""Antag-antag kaniyaꞌan bangkeyin, laꞌi magtipun meꞌ owakin."""
,58,1,Manjari inakahan weꞌ si Isa meꞌ tindegnen dambuwaꞌ dalilan pamintangande supaya siye luwal ngampun si Tuhan duk gaꞌi jumuꞌ.
,58,2,"Paꞌinne, ""Si dambuwaꞌ lahat niyaꞌ hukum gaꞌi tinalew si Tuhan duk gaꞌi magaddat si pagkasine manusiyaꞌ."
,58,3,"Niyaꞌ isab si lahat miyaꞌan dende balu taga palkalaꞌ. Dende inin luwal pī si hukum miyaꞌan māku tabang si iye duk pabuyuꞌ-buyuꞌ duk tapakitene kabennalannen. Paꞌinne, 'Tabanganun be ku duk gaꞌi ngandaꞌag kuntarakun.'"
,58,4,"Tagnaꞌ gaꞌi ngatu hukum miyaꞌan nabangan dendehin saguwaꞌ pagtiggel-tiggel ne, paꞌinne si dine, 'Aku inin gaꞌi talew si Tuhan duk gaꞌi magaddat si manusiyaꞌ,"
,58,5,"saguwaꞌ peggeꞌ tiyaꞌ makasasew aku balu inin, tabanganku iye. Jumuꞌ ne ku luwal papituhanne.' """
,58,6,"Manjari paꞌin si Isa, ""Na, pakalehun bi pinaꞌin hukum manggaꞌi mabentel miyaꞌan. Tinabangan du weꞌ ne dendehin."
,58,7,"Na, gaꞌi ke isab tabangan Tuhanin meꞌ aꞌa tapeneꞌnen, mamāku-māku si iye ellew-sangemin? Magdayan-dayan pe ke iye nabangan siye?"
,58,8,"Akahante kaꞌam,"" paꞌin si Isa, ""asal palakkes Tuhanin nabangan siye. Saguwaꞌ si pasōngan bang aku, Anak Manusiyaꞌin, balik pitu si dunya, ngasuwaꞌ enteꞌ ku meꞌ aꞌa sandel si aku?"""
,58,9,Niyaꞌ isab dalilan inaka weꞌ si Isa si meꞌ aꞌa pangimmatde si diden weꞌ bentel siye duk diniyawaꞌan weꞌ de meꞌ aꞌa sinduwehin.
,58,10,"Paꞌinne, ""Niyaꞌ duwangan aꞌa pataked pī si langgal hadje ngampun. Dambuwaꞌin Pariseo duk dambuwaꞌin aꞌa magpāku-pāku sukey."
,58,11,"Paglaꞌi ne siye dem langgal, nengge Pariseohin duk ngampun iye diyalem ateyne. Paꞌinne, 'O Tuhan, magpasalamat ku si kaꞌu weꞌ dumaꞌin ku kuweꞌ meꞌ aꞌa sinduwehin napsuhan duk ngaliba duk magjina. Duk magpasalamat ku isab weꞌ dumaꞌin ku kuweꞌ aꞌa magpāku-pāku sukey miyaꞌan."
,58,12,Kahabaꞌ simana minduwe ku magpuwase duk jakatanku kēmon usahakun.'
,58,13,"Saguwaꞌ aꞌa magpāku-pāku sukeyin, nengge patala-tala duk gaꞌi bisan mayam padiyataꞌ saguwaꞌ patondok hadja iye. Tineppak-teppak weꞌ ne dākannen hawal susenen duk paꞌinne, 'O Tuhan, maꞌaseꞌ kew si aku, dusehan ku.'"
,58,14,"Akahante kaꞌam,"" paꞌin si Isa, ""weꞌ aꞌa inin hap lumaꞌ kinimmatan ne bentel weꞌ Tuhanin duk dumaꞌin Pariseohin mabentelin. Peggeꞌ sine-sine mahadje dine, pinadiyawaꞌ du, duk sine-sine madiyawaꞌ dine, pinahadje du."""
,58,15,"Na, niyaꞌ meꞌ aꞌa moꞌo meꞌ anakde dikiꞌ pī pu si Isa supaya siye antananne. Pagkite inin weꞌ meꞌ tindegnen, pinagamāhan siye weꞌ de."
,58,16,"Saguwaꞌ ilinganan weꞌ si Isa meꞌ mākanakin duk paꞌinne si meꞌ tindegnen, ""Ambat pitu si aku meꞌ mākanakin duk daꞌa siye saggaꞌun bi. Peggeꞌ aꞌa kuweꞌ meꞌ mākanakin ngatu du pinagbayaꞌan weꞌ Tuhanin."
,58,17,"Sabennal akahante kaꞌam,"" paꞌin si Isa, ""bang pangandel aꞌa si Tuhanin dumaꞌin kuweꞌ pangandel mākanakin, na, aꞌa iyan asal gaꞌi sumakup dem pagbayaꞌan Tuhanin."""
,58,18,"Dambuwaꞌ ellew niyaꞌ Yahudi bangsahan pī pu si Isa nilew iye, paꞌinne, ""Tuwan, aꞌa hāp kew. Ine subey hinangku duk ku pinasukuꞌan umul salama-lama?"""
,58,19,"Sambungan si Isa iye, paꞌinne, ""Weꞌey paꞌinnu weꞌ hāp ku? Gaꞌ niyaꞌ hāp luwal Tuhan dambuwaꞌ-buwaꞌ."
,58,20,"Kataꞌuhannu du meꞌ pangandaꞌakan Tuhanin: Daꞌa kew magjina. Daꞌa kew monoꞌ. Daꞌa kew nangkew. Daꞌa kew naksiꞌ gaꞌi bennal. Pagaddatanun saꞌi-samanun."""
,58,21,"Paꞌin lellahin si iye, ""Kēmon iyan, Tuwan, tinuhut weꞌ ku kemuwe nakanak pe ku."""
,58,22,"Pagkale si Isa inin, paꞌinne si iye, ""Niyaꞌ pe dambuwaꞌ gaꞌ tahinangnu. Pī kew, pabellihanun kēmon alataꞌnun bu pangurungun ulinen si meꞌ mamiskinin. Manjari niyaꞌ du iyan alataꞌnu laꞌi si surgaꞌ. Pagubus, balik kew pitu bu nuhut kew aku."""
,58,23,"Pagkalene bissā si Isa miyaꞌan, suse teꞌed iye peggeꞌ dayahan iye manamal."
,58,24,"Takite si Isa weꞌ suse aꞌahin, duk paꞌinne, ""Asal hunit teꞌed meꞌ madayahanin ngatu pinagbayaꞌan weꞌ Tuhan."
,58,25,"Mura pe untaꞌin palabey si lowang dalum amban aꞌa dayahanin ngatu pinagbayaꞌan weꞌ Tuhan."""
,58,26,"Pagkale meꞌ aꞌahin pinaꞌin si Isa miyaꞌan, paꞌinde, ""Na, sine ne tapī si surgaꞌin bang kuweꞌ iyan?"""
,58,27,"Saguwaꞌ paꞌin si Isa, ""Meꞌ manggaꞌi tahinang manusiyaꞌin, tahinang du weꞌ Tuhanin."""
,58,28,"Manjari missā si Petros. ""Payamanun kami inin,"" paꞌinne, ""ubus ne ambanan kami meꞌ lumaꞌ kamihin duk nuhut ne kami kaꞌu."" 29""Aweꞌ,"" paꞌin si Isa si siye, ""sabennal akahante kaꞌam, bang niyaꞌ aꞌa ngambanan lumaꞌnen, andanen, meꞌ pungtinaꞌinen, saꞌi-samanen atawa meꞌ anaknen basta sumakup iye dem pagbayaꞌan Tuhanin,"
,58,30,"asal tumbasan Tuhanin iye tiggelanne tuꞌu si dunya labi pe teꞌed amban inambanannen, duk inurungan du iye umul gaꞌ tamananne laꞌi si ahilat."""
,58,31,"Manjari binoꞌo weꞌ si Isa tindegne sampūꞌ duk duwehin patala-tala duk paꞌinne si siye, ""Pakale kaꞌam, kite bi inin pataked hap Awrusalam. Paglaꞌi ne kite bi, tinumanan du kēmon bakas tasulat meꞌ kanabihan sabab aku, Anak Manusiyaꞌin."
,58,32,"Sinōngan du ku pī si antanan meꞌ aꞌa dumaꞌin Yahudi, duk hinangde du ku dagey duk paꞌiyaꞌde ku duk pagluraꞌande."
,58,33,"Lubakande ku ubus bu papateyde ku. Saguwaꞌ puwas tellum bahangi, ellum du ku balik."""
,58,34,Saguwaꞌ gaꞌ tahāti meꞌ tindegnen binissāne miyaꞌan. Gaꞌ pastiꞌ si siye duk gaꞌ kataꞌuhande bang ine hāti pinaꞌinnen.
,58,35,"Sakaliꞌ ne siye tapit si puweblo Ariha, niyaꞌ laꞌi ningkoloꞌ si higad lān palabeyanden aꞌa pessek magpāku-pāku sīn."
,58,36,"Pagkale aꞌa mapessekin meꞌ aꞌa maꞌekka mapalabeyin, tilewne bang weꞌey miyaꞌan."
,58,37,"Inakahan iye, paꞌinde, ""Si Isa, aꞌa amban Nasaretin mapalabeyin."""
,58,38,"Pagkalene inin magtawus iye ngalingan papales, paꞌinne, ""O Isa, tubuꞌ Sultan Daꞌud, maꞌaseꞌ ne kew si aku."""
,58,39,"Inamāhan iye weꞌ meꞌ aꞌa si dehelluhanin, gaꞌi iye dinaꞌak magbukag. Saguwaꞌ namba ne papalesne paglingannen. ""O tubuꞌ Sultan Daꞌud,"" paꞌinne, ""maꞌaseꞌ ne kew si aku."""
,58,40,"Manjari padeheng si Isa duk daꞌakne aꞌahin binoꞌo pī si iye. Pagtapit ne aꞌahin, tilew si Isa iye, paꞌinne, 41""Ine kabayaꞌannu hininangku si kaꞌuhin?"" ""Tuwan,"" paꞌinne, ""kabayaꞌankun makakite ne ku."""
,58,42,"Paꞌin si Isa si iye, ""Makakite ne kew. Kawuliꞌan kew peggeꞌ sandel kew si aku."""
,58,43,"Magtawus iye makakite duk nuhut ne iye si Isa lumengngan. Pinudji ne paꞌin weꞌ ne Tuhanin. Duk meꞌ aꞌa mangite miyaꞌan, pinudji isab weꞌ de Tuhanin."
,59,1,Paꞌasek si Isa dem puwebo Ariha duk pabutas iye dem tengngaꞌ puweblohin.
,59,2,"Niyaꞌ aꞌa maglahat laꞌi, ēnnen si Sakkiyas. Iye nakuraꞌ meꞌ aꞌa magpāku-pāku sukeyin duk dayahan iye."
,59,3,"Batang teꞌed kitene si Isa, bang saꞌingge bantuknen, saguwaꞌ gaꞌi takitene peggeꞌ ekka teꞌed aꞌa bu pandak iye."
,59,4,"Hangkan magubas iye padehellu amban meꞌ aꞌahin duk manaꞌik iye diyataꞌ kayu sikamol si higad lān, supaya takitene si Isa bang palabey laꞌi."
,59,5,"Pagtekka si Isa si antag kayu miyaꞌan, padeheng iye duk pahangad duk paꞌinne, ""O Sakkiyas. Duwaꞌi kew palakkes, peggeꞌ subey ku pahali si lumaꞌnu ellew inin."""
,59,6,Hangkan magdayiꞌ-dayiꞌ si Sakkiyas duwaꞌi duk kēgan iye moꞌo si Isa si lumaꞌne.
,59,7,"Pagkale meꞌ aꞌahin pinaꞌin si Isa pu si Sakkiyasin, ngunub-ngunub siye, paꞌinde, ""Na, weꞌey dang iye nuhut pī si lumaꞌ aꞌa dusehan miyaꞌan?"""
,59,8,"Ubus nengge Sakkiyas duk paꞌinne pu si Isa, ""Tuwan, dan tengaꞌ alataꞌkun pangurungku si meꞌ mamiskinin. Duk bang niyaꞌ bakas tapalelongku, pabalikku si iye sīnnen ilapisan minampat."""
,59,9,"Paꞌin si Isa si iye, ""Ellew inin timbul ne kew duk meꞌ anak-andanun, peggeꞌ kaꞌu hep isab tubuꞌ Ibrahim."
,59,10,"Aku, Anak Manusiyaꞌin, akaku mapitu si dunyahin miha meꞌ aꞌa matala amban Tuhanin duk nimbul siye."""
,59,11,"Sasang meꞌ aꞌahin pakale si meꞌ binissā si Isahin, inakahan isab siye weꞌ ne dambuwaꞌ dalilan peggeꞌ tapit ne siye si Awrusalam duk kannalde weꞌ pagtekkade laꞌi, tagnaꞌan Tuhanin ne pagbayaꞌne si meꞌ aꞌahin."
,59,12,"Hangkan paꞌin si Isa magdalilanin, ""Niyaꞌ dambuwaꞌ aꞌa bangsahan. Hap pī iye si lahat tala duk iye tagellal sultan laꞌi, ubus bu balik du iye si lahatne magsultan."
,59,13,"Sōng patahalaꞌnen, ilinganan dahuꞌ weꞌ ne sampūꞌ meꞌ daraꞌakannen, duk inurungan siye dangan-dangan weꞌ ne dublun. Paꞌinne si siye, 'Paglituhun bi iyan tiggelanku gaꞌi tekka.'"
,59,14,"Saguwaꞌ kabunsihan aꞌa miyaꞌan weꞌ meꞌ aꞌa si lahatnen hangkan paglumikut ne iye, dinaꞌak sinduwehin weꞌ de pī paturul si iye magaka weꞌ gaꞌi siye mabayaꞌ weꞌ magsultan aꞌa miyaꞌan si siye. 15""Saguwaꞌ masi du iye ginellal sultan. Pagbalikne si lahatne, daꞌakne ilinganan pī si iye meꞌ daraꞌakanne bakas inurunganne dublunin supaya kataꞌuhanne bang piye untungden dangan-dangan."
,59,16,"Pī dehelluhin si iye duk paꞌinne, 'Tuwan, dublunnu dambuwaꞌin makaꞌuntung sampūꞌ dublun.' 17'Hāp hininangnun,' paꞌin amunen, sultanin. 'Daraꞌakan hāp kew. Tapangandelan kew si meꞌ kuweꞌahat, hangkan urungante kew kapatut magbayaꞌ si sampūꞌ puweblo.'"
,59,18,"Ubus pī isab kaduwe daraꞌakanin si iye duk paꞌinne, 'Tuwan, dublunnu dambuwaꞌin makaꞌuntung lime dublun.'"
,59,19,"Paꞌin sultanin si iye, 'Hāp. Kaꞌu isab magbayaꞌ kew si lime puweblo.'"
,59,20,"Manjari pī isab dambuwaꞌin duk paꞌinne, 'Tuwan, o, tiyaꞌ du dublunnun. Pinutus weꞌ ku pinahāp-hāp dem panyitu duk inennaꞌ weꞌ ku."
,59,21,Tinalew ku si kaꞌu peggeꞌ gaꞌi kew maꞌaseꞌ si aꞌa. Eddoꞌnu dumaꞌin si kaꞌuhin duk paganinu manggaꞌ bakas pagluꞌugannun.'
,59,22,"Paꞌin sultanin si iye, 'Kaꞌu iyan daraꞌakan laꞌat duk bulasan. Si meꞌ bissānu miyaꞌan hukumte kew. Kataꞌuhannu hatiꞌ weꞌ gaꞌi ku maꞌaseꞌ. Kataꞌuhannu weꞌ eddoꞌku dumaꞌin si akuhin, duk paganiku manggaꞌ bakas pagluꞌugankun."
,59,23,"Na, weꞌey gaꞌ papīnu sīnkun si bangku duk nganak? Manjari pagbalikku pitu, taꞌeddoꞌku siꞌ sampay anaknen.'"
,59,24,"Manjari paꞌin sultanin si meꞌ manengge matapitin, 'Eddoꞌun bi dublunin amban iye duk pangurungun bi pī si manguntung sampūꞌin.' 25'Saguwaꞌ Tuwan,' paꞌinde, 'niyaꞌ ne sampūꞌ dublunnen.'"
,59,26,"Paꞌin sultanin, 'Akahante kaꞌam, weꞌ aꞌa tapangandelanin, inurungan pe namba. Saguwaꞌ manggaꞌi tapangandelanin, bisan kuweꞌahat bakas pinangandel si iyehin, ineddoꞌ du amban iye."
,59,27,"Na, meꞌ bantaku miyaꞌan,' paꞌin sultanin, 'meꞌ aꞌa manggaꞌi mabayaꞌ weꞌ aku magsultan si siyehin, boꞌohun bi siye pitu duk papateyun bi tuꞌu si matahanku.' """
,59,28,"Pagubus inin bissā si Isa, lumengngan iye padehellu amban siye tudju Awrusalam."
,59,29,"Pagtapit ne iye si meꞌ kalumaꞌan Betpage duk Betani, laꞌi si kūd Jaitun, ngandaꞌak iye duwangan tindegne padehellu."
,59,30,"Paꞌinne si siye, ""Pī kaꞌam si kalumaꞌan si dehelluhanbi miyaꞌan, duk pagtekkabi laꞌi ngite kaꞌam iyan anak asnu dinagtel, gaꞌ pe bakas kasakeyan. Lekkahanun bi duk boꞌohun bi pitu."
,59,31,"Bang niyaꞌ nilew kaꞌam bang weꞌey lekkahanbi, paꞌinun bi, 'Niyaꞌ kagunahan Panuhutanin si iye.' """
,59,32,Manjari hap pī ne meꞌ dinaꞌaknen si kalumaꞌan miyaꞌan duk takitede kēmon sa pangaka si Isa si siyehin.
,59,33,"Sasangde mangalekkahan anak asnuhin, paꞌin meꞌ dapuꞌnen si siye, ""Hoy, weꞌey lekkahanbi anak asnu iyan?"""
,59,34,"Nambung siye, paꞌinde, ""Niyaꞌ guna Panuhutanin si iye."""
,59,35,"Manjari binoꞌo ne weꞌ de asnuhin pu si Isa duk ilampiruhan weꞌ de duk meꞌ semmekde, ubus bu pasakey ne si Isa."
,59,36,"Sasangne mapīhin, binellat weꞌ meꞌ aꞌahin meꞌ semmekden si lān palabeyannen."
,59,37,"Pagtapit ne si Isa si Awrusalam, laꞌi ne si padurulan kūd Jaitun, kēmon meꞌ tindegne mabanesin magsukul si Tuhan duk pinudji iye weꞌ de pinapales sabab meꞌ hinangan balakat bakas takitede hininang si Isahin."
,59,38,"Paꞌinde, ""Pudjite bi sultan inin, iye pinapitu weꞌ Tuhanin! Sanyang laꞌi si surgaꞌ duk pinudji teꞌed Tuhanin!"""
,59,39,"Niyaꞌ meꞌ Pariseo laꞌi dem kaꞌekkahan meꞌ aꞌahin. Paꞌinde pu si Isa, ""Tuwan, pagesun meꞌ tindegnun. Daꞌakun siye padeheng nanglitan kaꞌu."""
,59,40,"Nambung iye, paꞌinne, ""Akahante kaꞌam, weꞌ bang gaꞌi siye inin mabehe, meꞌ batu si lān inin asal ngellang mudji aku."""
,59,41,"Pagtapit-tapit ne si Isa si puweblo Awrusalam duk takitene ne meꞌ kalumaꞌanin, magtangis iye hawal aseꞌne si meꞌ aꞌa puweblo miyaꞌan."
,59,42,"Paꞌinne, ""Bang siꞌ hadja tahātibi bisan ellew inin bang ine subey hininangbin supaya kaꞌam ngasuwaꞌ kasanyangan. Saguwaꞌ asal gaꞌi tahātibi."
,59,43,"Makaꞌaseꞌ-aseꞌ teꞌed kaꞌam peggeꞌ niyaꞌ du iyan meꞌ ellew tekka, iliput lahatbin weꞌ meꞌ bantabin. Ngahinang siye iyan kutaꞌ bulak liputde kaꞌam inelletan duk kaꞌam gaꞌi lumahi."
,59,44,"Lubude iyan kēmon kalumaꞌanbin hangkan gaꞌ iyan niyaꞌ nengge meꞌ batu pinagbangkat-bangkatin dem puweblobi iyan. Duk kēmon kaꞌam maglahat luꞌu diyalemin, papateyde du. Umantag du inin si kaꞌam peggeꞌ gaꞌ pegmasibi waktu pamakite Tuhan aseꞌne si kaꞌamin."""
,59,45,"Manjari pagtekka si Isa dem puweblo Awrusalam, paꞌasek iye pī dem langgal hadjehin duk binudjew weꞌ ne meꞌ aꞌa magdagang-dagang malaꞌihin"
,59,46,"duk paꞌinne si siye, ""Tasulat dem kitab, paꞌin Tuhanin, 'Lumaꞌkun inēnan du lumaꞌ pangampunan.' Saguwaꞌ kaꞌam,"" paꞌin si Isa, ""hininang weꞌ bi lumaꞌ Tuhanin kuweꞌ lumaꞌ patapukan meꞌ aꞌa panangkew."""
,59,47,Magtoloꞌ si Isa ellew-ellew dem langgal hadjehin. Meꞌ nakuraꞌ meꞌ imamin duk meꞌ guru si saraꞌ āgamahin duk sampay meꞌ aꞌa mabangsahanin miha-miha lān supaya si Isa tapapateyde.
,59,48,Saguwaꞌ gaꞌ niyaꞌ tahinangde peggeꞌ kēmon aꞌahin sinna teꞌed pakale si meꞌ bissānen.
,60,1,Dambuwaꞌ ellew laꞌi si Isa magtoloꞌ si meꞌ aꞌahin dem langgal hadjehin duk magmahalayak isab aka-aka mahāpin si siye. Manjari patapit pī si iye meꞌ nakuraꞌ imamin duk meꞌ guru si saraꞌ āgamahin duk meꞌ kabahiꞌanin.
,60,2,"Paꞌinde si iye, ""Ine kapatutnu ngahinang meꞌ hininangnu ellew miyaꞌan? Sine mangurungan kaꞌu kapatutin?"""
,60,3,"Sambungan si Isa siye, paꞌinne, ""Niyaꞌ isab tilewku si kaꞌam. Akahanun bi ku,"
,60,4,"pamandi Yahiya meꞌ aꞌahin, amban Tuhan ke atawa amban manusiyaꞌ hadja?"""
,60,5,"Manjari magisun-isun siye. Paꞌinde, ""Bang saꞌupama paꞌinte bi weꞌ kapatut Yahiya pamandine meꞌ aꞌahin amban Tuhan, paꞌinne iyan, 'Na, weꞌey Yahiya gaꞌ kahagadbi?'"
,60,6,"Saguwaꞌ bang paꞌinte bi, 'Amban manusiyaꞌ,' na, pagtibagan kite bi iyan weꞌ meꞌ aꞌahin kēmon, peggeꞌ kahagad siye weꞌ Yahiya asal nabi Tuhanin."""
,60,7,"Hangkan nambung siye, ""Gaꞌi kataꞌuhan kami bang amban kapatut Yahiyahin."""
,60,8,"Manjari paꞌin si Isa si siye, ""Na, gaꞌi isab kaꞌam akahanku bang amban kapatutku maghinang meꞌ hininangku miyaꞌan."""
,60,9,"Manjari inakahan weꞌ si Isa meꞌ aꞌahin dalilan inin. ""Niyaꞌ,"" paꞌinne, ""aꞌa maglikus bāhan ubas duk pinatungguꞌ weꞌ ne si meꞌ aꞌa, pagbahagiꞌan uli tinanemnen. Ubus bu tahalaꞌ iye pī si lahat tala duk tiggel iye laꞌi."
,60,10,"Pagtaꞌabut pagbuwaꞌ ubasin, dinaꞌak weꞌ dapuꞌ likusin dambuwaꞌ daraꞌakanne pī si meꞌ aꞌa tatungguꞌnen māku bahagiꞌne si meꞌ buwaꞌ ubasin. Saguwaꞌ pinapeddiꞌan daraꞌakanin weꞌ de duk pinapoleꞌ iye gaꞌ niyaꞌ taboꞌone."
,60,11,Ubus ngandaꞌak ne isab dapuꞌ likusin seddili daraꞌakanne pī si siye. Pinapeddiꞌan du isab weꞌ de duk pinaꞌiyaꞌ duk pinapoleꞌ gaꞌ niyaꞌ taboꞌone.
,60,12,"Ubus ngandaꞌak ne isab iye daraꞌakanne pī kamintellunen. Inin bakat-bakat du isab weꞌ de, ubus bu sinōgadan weꞌ de pī si bukut birang likusin."
,60,13,"Manjari paꞌin dapuꞌ likusin, 'Ine enteꞌ hinangku? Gam pe daꞌakku pī anakku kinalasahanku teꞌedin. Bugtuꞌ pagaddatande iye.'"
,60,14,"Saguwaꞌ pagkite meꞌ tatungguꞌ likusin anakne miyaꞌan, magisun siye, paꞌinde, 'Iye hep inin pinusakaꞌanin. Dayiꞌ kaꞌam, papateyte bi duk likus inin tepe si kite bi.'"
,60,15,"Manjari siniggew iye weꞌ de duk sinōgadan pī si bukut birang likusin duk pinapatey weꞌ de. Na,"" paꞌin si Isa, ""ine enteꞌ hinang dapuꞌ likus miyaꞌan si siye?"
,60,16,"Hap pī iye duk papateyne meꞌ tatungguꞌ miyaꞌan duk patungguꞌanne likusnen si seddili."" Pagkale meꞌ aꞌahin inin, paꞌinde, ""Karayaw patala Tuhanin!"""
,60,17,"Saguwaꞌ pinayaman siye weꞌ si Isa duk paꞌinne, ""Na, ine paꞌinbi hāti ayat inin, tasulat dem kitab, pinaꞌin,'Batu tinayikutan weꞌ meꞌ pandey maghinang lumaꞌ batuhin, peggeꞌ kannalde gaꞌi taguna, kuweꞌitu iye ne miyaꞌan batu tamanan maniyaꞌ kagunahannen.' """
,60,18,"Paꞌin si Isa pe, ""Kēmon malaboꞌ diyataꞌ batu inin posak-posak barannen. Duk sasuku kalaboꞌan batu inin, pipis iye."""
,60,19,"Meꞌ guru si saraꞌ āgamahin duk meꞌ nakuraꞌ imamin, batang ne siggewde si Isa duꞌun-duꞌun, peggeꞌ tahātide weꞌ siye inandigne si dalilan sabab likus miyaꞌan. Saguwaꞌ gaꞌ iye siggewde peggeꞌ talew siye si meꞌ aꞌa maꞌekkahin."
,60,20,"Hangkan miha-miha siye lān supaya iye tasōngande pī si antanan gubnulin. Nangdan siye meꞌ aꞌa dinaꞌak pī pakale pu si Isa, magmā-mā weꞌ siye meꞌ aꞌa asal nuhut saraꞌ, supaya iye takuhide si meꞌ bissānen."
,60,21,"Manjari paꞌin meꞌ aꞌa tinangdanan miyaꞌan pu si Isa, ""Tuwan, kataꞌuhan kami weꞌ patut meꞌ binissānun duk pamanoloꞌnun. Gaꞌi pagbiddaꞌnu aꞌahin duk bennal meꞌ panoloꞌnu sabab kahandak Tuhanin."
,60,22,"Ine paꞌinnu. Patuhut ke si saraꞌte bi bang kite bi magbayed sukey si Sultan Nakuraꞌ bangsa Romahin atawa gaꞌi."""
,60,23,"Saguwaꞌ kataꞌuhan si Isa pangakkalden. Paꞌinne si siye, 24""Pakitehanun bi ku sīn tuwas."" Paglaꞌi ne sīnin, paꞌinne, ""Pattaꞌ sine teꞌ duk sulat sine si sīn inin?"" Paꞌinde, ""Pattaꞌ Sultan Nakuraꞌin duk sulatnen."" 25""Na,"" paꞌin si Isa, ""pangurungun bi si Sultan Nakuraꞌin sukuꞌ si iyehin, duk pangurungun bi si Tuhan sukuꞌ si Tuhanin. (Hātinen, magbayed kaꞌam sukey duk pangurungun bi dibin dambūs-būs si Tuhan.)"""
,60,26,"Gaꞌ iye takuhide si meꞌ binissāne si harapan meꞌ aꞌahin. Saguwaꞌ ulaliꞌ teꞌed siye si sambungnen, hangkan gaꞌ ne niyaꞌ bissāde."
,60,27,"Puwas miyaꞌan, niyaꞌ pī pu si Isa meꞌ Sadduseo. Siye inin gaꞌi kahagad weꞌ ellum balik meꞌ pateyin si ellew dambuli."
,60,28,"Paꞌinde pu si Isa, ""Tuwan, niyaꞌ saraꞌ pangurung si Musa kite bi, paꞌinne, 'Bang niyaꞌ lella bu matey iye gaꞌ niyaꞌ anakne, subey ne maganda salinen si balu miyaꞌan duk niyaꞌ tubuꞌ sakanen.'"
,60,29,"Na manjari, niyaꞌ miyaꞌan pituꞌ lella magpungtinaꞌi. Sakahin maganda, manjari matey iye gaꞌ anakde."
,60,30,"Ubus mapasunuꞌin maganda si baluhin, duk matey iye gaꞌ du isab niyaꞌ anakde."
,60,31,"Ubus bu katelluhin pagantiꞌ nganda baluhin, sampay kēmon siye kapituꞌ magpungtinaꞌihin maggantiꞌ nganda baluhin, duk matey siye gaꞌ niyaꞌ anak ambanande."
,60,32,Si kakapusannen matey isab dendehin.
,60,33,"Na, Tuwan,"" paꞌinde, ""si ellew pagellum balik meꞌ pateyin, anda sine iye? Bu pituꞌ magpungtinaꞌihin makaꞌanda iye."""
,60,34,"Nambung si Isa, paꞌinne, ""Meꞌ aꞌa si dunya inin maganda duk magella."
,60,35,"Saguwaꞌ meꞌ aꞌa kinimmatan weꞌ Tuhan mapataꞌ pinakellum balik amban meꞌ pateyin duk maglahat laꞌi si surgaꞌin, gaꞌi ne siye maganda atawa magella."
,60,36,Peggeꞌ gaꞌi ne siye matey saguwaꞌ kuweꞌ ne siye meꞌ malaꞌikatin. Meꞌ anak Tuhanin ne siye peggeꞌ bakas pinakellum ne siye balik amban kamateyden.
,60,37,"Na, pasal meꞌ aꞌa mamateyin weꞌ pinakellum balik, pinapastiꞌ inin weꞌ si Musa dem kitab. Sinulat hep weꞌ ne laꞌi sabab poꞌon puhung makayatin. Pangēnne Tuhanin laꞌi, 'Tuhan pagtuhanan disi Ibrahim duk si Isahak duk si Yakubin.'"
,60,38,"Tuhanin Tuhan meꞌ maꞌellumin dumaꞌin Tuhan meꞌ mamateyin. (Hātinen bisan disi Ibrahim duk Isahak duk si Yakub tiggel ne matey, ellum siye laꞌi si surgaꞌ peggeꞌ inisbat pe weꞌ de Tuhanin.) Bang si bistahan Tuhan, ellum kēmon aꞌahin."""
,60,39,"Paꞌin sinduwe meꞌ guru si saraꞌ āgamahin pu si Isa, ""Tuwan, hāp sambungnu miyaꞌan."""
,60,40,Gaꞌ ne siye makatawakkal nilew iye namba.
,60,41,"Manjari paꞌin si Isa si siye, ""Weꞌey meꞌ aꞌahin magpaꞌin weꞌ Almasihin tubuꞌ Sultan Daꞌud koꞌ."
,60,42,"Peggeꞌ si Daꞌud ne teꞌed magpaꞌinin dem kitab Jabur, paꞌinne,'Missā Tuhanin si Panuhutankun.Paꞌin Tuhanin:Dayiꞌ kew, ningkoloꞌ kew tuꞌu si kanawananku, tuꞌu si paningkoloꞌan mabangsahanin."
,60,43,Bettadku du meꞌ bantanun diyawaꞌ pat bettisnu.'
,60,44,"Na,"" paꞌin si Isa, ""bang Almasihin inēnan Panuhutan weꞌ si Daꞌud, saꞌingge kajarinen weꞌ tubuꞌ Sultan Daꞌud iye?"""
,60,45,"Duk sasang meꞌ aꞌahin kēmon pakale, paꞌin si Isa si meꞌ tindegnen, 46""Paghalliꞌ-halliꞌanun bi meꞌ guru si saraꞌ āgamahin. Sinna siye lumengngan magsemmek tahaꞌ duk sinna siye sinalam si meꞌ tabuꞌan. Bang dem langgal, mabayaꞌ siye ningkoloꞌ si meꞌ paningkoloꞌan para si meꞌ aꞌa pinagaddatanin. Damikkiyan bang siye si meꞌ pagjamu-jamuhan, kabayaꞌanden ningkoloꞌ si meꞌ paningkoloꞌan mabangsahanin."
,60,47,"Sinigpitan weꞌ de meꞌ dende baluhin supaya taꞌeddoꞌde meꞌ lumaꞌden, duk panapukde hinangande malaꞌat inin, magsambahayang siye patahaꞌ, magmā-mā weꞌ aꞌa hāp siye. Bugtuꞌ hukuman hadje tasangkaden si ahilat."""
,61,1,Manjari mayam si Isa duk takitene meꞌ aꞌa dayahanin ngalaboꞌ meꞌ sīn pangurungde si Tuhanin pī dem pangisi-ngisihan sīn laꞌi dem langgal hadjehin.
,61,2,Niyaꞌ isab takitene dambuwaꞌ dende balu miskin ngalaboꞌ duwe sīn peyat.
,61,3,"Paꞌin si Isa, ""Sabennal akahante kaꞌam, dende balu mamiskin inin, labi pe sīn talaboꞌnen amban kēmon siye."
,61,4,"Peggeꞌ siye kēmon,"" paꞌin si Isa, ""ngurung siye amban alataꞌde maglabi-labihin. Saguwaꞌ dende inin, bisan iye miskin, pinangurung weꞌ ne kēmon sīnnen, bisān diddaꞌ panabangne sukalnen."""
,61,5,"Niyaꞌ meꞌ tindegne sinduwehin magbissā-bissā sabab langgal hadje miyaꞌan. Paꞌinde weꞌ makasinna-sinna koꞌ meꞌ batu ginuna pangahinang langgal miyaꞌan duk makasinna-sinna isab koꞌ meꞌ bayuꞌan alat-alatne pinangurung weꞌ meꞌ aꞌahin. Pagkale si Isa pinaꞌinde miyaꞌan, paꞌinne, 6""Kēmon takitebi inin, si pasōngan pinagkaꞌat du. Niyaꞌ ellew, gaꞌ du iyan niyaꞌ talebbi tuꞌu meꞌ batu magbangkat-bangkat iyan, saguwaꞌ kēmon kinanat-kanat du."""
,61,7,"Manjari tinilew si Isa weꞌ de, paꞌinde, ""Tuwan, sumiyan umantag meꞌ pinaꞌinnu iyan? Duk ine tandaꞌ mapaguwaꞌin bang sōng ne umantag meꞌ kēmon miyaꞌan?"""
,61,8,"Nambung iye, paꞌinne, ""Pahatul-hatul kaꞌam duk kaꞌam gaꞌi kaꞌakkalan. Peggeꞌ ekka iyan pitu magēnan ēnkun duk magpaꞌin weꞌ siye ne Almasihin. Duk paꞌinde isab iyan, 'Kiyamat ne.' Saguwaꞌ daꞌa kaꞌam nuhut siye."
,61,9,"Duk bang kaꞌam makakale sabab magbonoꞌ duk sabab meꞌ sasew, daꞌa kaꞌam tinalew. Kēmon inin subey umantag dahuꞌ, saguwaꞌ dumaꞌin pe inin ellew kiyamat."""
,61,10,"Manjari paꞌinne si siye, ""Dambuwaꞌ bangsa magbonoꞌ duk bangsa seddili, duk dambuwaꞌ pagsultanan magbonoꞌ duk pagsultanan seddili."
,61,11,Duk tekka iyan meꞌ linug mabasagin duk meꞌ unusin duk meꞌ saki malaꞌatin si meꞌ kalahat-lahatan tuꞌu si dunya. Niyaꞌ isab iyan takite meꞌ aꞌahin meꞌ tandaꞌ diyataꞌ langit makaꞌulaliꞌ duk makatalew-talew.
,61,12,"Saguwaꞌ meke inin umantag kemōn, siggewde kaꞌam duk binasade kaꞌam. Boꞌode kaꞌam pī si meꞌ langgalde hinukum duk kalabusude kaꞌam. Binoꞌo du isab kaꞌam iyan si harapan meꞌ sultan duk meꞌ gubnul duk hukumde kaꞌam peggeꞌ nuhut kaꞌam aku."
,61,13,"Bang laꞌi ne kaꞌam si harapande, taꞌakabi ne si siye aka-aka mahāp sabab akuhin."
,61,14,Kimmatanun bi teꞌed dem ateybi weꞌ gaꞌi pikilbi andang bang ine panambungbin bang kaꞌam binistiga.
,61,15,Peggeꞌ urunganku du kaꞌam kataꞌu duk kaꞌam taꞌu nambungan siye. Duk gaꞌ iyan niyaꞌ meꞌ kuntarabin makasaggaꞌ binissābin atawa makajawab kaꞌam.
,61,16,"Bisan meꞌ matettoꞌabin, meꞌ pungtinaꞌibin, meꞌ baꞌanbin, duk meꞌ bagaybin, sōngande du kaꞌam iyan si kuntarabin. Duk niyaꞌ kaꞌam papateyde du."
,61,17,"Duk kaꞌam, meꞌ tindegkun,"" paꞌin si Isa, ""kabunsihan du kaꞌam weꞌ kēmon aꞌa peggeꞌ nuhut kaꞌam aku."
,61,18,Saguwaꞌ gaꞌ du iyan niyaꞌ lepas bisan da lamba kōkbin.
,61,19,"Bang gaꞌi usaꞌ sandelbin taga umul du kaꞌam si surgaꞌ gaꞌ niyaꞌ tamananne."" 20""Bang takitebi ne puweblo Awrusalamin liput weꞌ meꞌ sundalu, na, kataꞌuhanbi weꞌ sōng tekka ne balaꞌnen."
,61,21,"Manjari meꞌ aꞌa malaꞌi si Yahudiyahin subey ne lahi pī si meꞌ kapunuhan. Meꞌ malaꞌi diyalem puweblo Awrusalamin subey ne paluwas magdayiꞌ-dayiꞌ, duk meꞌ andang malaꞌi si luwasanin subey ne gaꞌi padiyalem pī dem puweblo."
,61,22,"Peggeꞌ miyaꞌan ne meꞌ ellew pangalegga Tuhan meꞌ aꞌahin, duk tinumanan ne kēmon tasulat dem kitabin."
,61,23,"Andūꞌ, makaꞌaseꞌ-aseꞌ teꞌed meꞌ mabettengin duk meꞌ maganak dikiꞌin laꞌi si meꞌ ellew īꞌ. Peggeꞌ niyaꞌ iyan kasigpitan hadje tekka tuꞌu si lahat inin duk meꞌ aꞌanen tewwaꞌ mulkaꞌ Tuhanin."
,61,24,"Niyaꞌ siye matey binonoꞌ weꞌ meꞌ sundaluhin, duk sinduwehin siniggew duk binoꞌo hinang pilisu si kēmon kalahatan si dunya. Duk puweblo Awrusalam inin pinagkaꞌat du weꞌ meꞌ kabangsahan seddili, duk gaꞌi siye usaꞌ bittuꞌu samantaꞌan gaꞌi pe jukup gantaꞌan pagbayaꞌ meꞌ bangsa seddilihin."" 25""Duk niyaꞌ iyan meꞌ tandaꞌ takite si mata ellewin duk si bulanin duk si meꞌ poteꞌanin. Duk tuꞌu si dunya kaꞌumagadan iyan meꞌ kabangsa-bangsahanin duk gaꞌi siye magkataꞌu-taꞌu sabab begeddu tahikin duk meꞌ goyak mahadjehin."
,61,26,Duk meꞌ aꞌahin agen matey hawal talewden duk hawal pagsusede sabab meꞌ balaꞌ inase-asede sōng matekka si dunyahin. Peggeꞌ meꞌ bayuꞌan diyataꞌ langitin tahalaꞌ amban lugalden.
,61,27,"Manjari pagubus inin,"" paꞌin si Isa, ""kitede du ku, Anak Manusiyaꞌin, pitu dem inalak. Takite meꞌ aꞌahin du sahayakun duk balakatku mahadjehin."
,61,28,"Na, bang nagnaꞌ ne umantag meꞌ pinaꞌinku inin, nengge kaꞌam duk patongas, peggeꞌ gaꞌi ne tiggel tinimbul ne teꞌed kaꞌam."""
,61,29,"Ubus magdalilan si Isa si siye, paꞌinne, ""Pandogahanun bi kayu igirahin duk meꞌ kayu sinduwehin."
,61,30,"Bang takitebi numbuꞌ meꞌ dawennen, kataꞌuhanbi weꞌ sōng baytu panas ne."
,61,31,"Damikkiyan isab bang takitebi ne meꞌ pinaꞌinku ensiniꞌ miyaꞌan umantag, na, kataꞌuhanbi weꞌ tapit ne pagbayaꞌ Tuhan tuꞌu si dunyahin."
,61,32,"Sabennal akahante kaꞌam,"" paꞌin si Isa, ""gaꞌi pe ubus matey kēmon aꞌa kuweꞌitu inin, tekka ne meꞌ bakas pinaꞌinku inin."
,61,33,"Palabey hadja langitin duk dunyahin, saguwaꞌ bang bissākun asal gaꞌi usaꞌ."" 34""Subey kaꞌam papateng-pateng,"" paꞌin si Isa. ""Kaw iye luwal tapikilbin magadjak-adjak duk maginuman duk magsuse sabab kaꞌellumanbin. Bu bessuwang tekka ellew pabalikkun, manjari tasaꞌut kaꞌam si kadupangan."
,61,35,"Peggeꞌ asal bessuwang tekka ellew miyaꞌan, kuweꞌ dalil tagen tabekkas, duk tewwaꞌ kēmon aꞌa si babew dunya inin."
,61,36,"Papateng-pateng kaꞌam teꞌed. Subey kaꞌam luwal ngampun weꞌ karayaw pabasag Tuhanin ateybin supaya tasandalbi du kēmon miyaꞌan. Ngampun kaꞌam karayaw gaꞌ niyaꞌ kaꞌiyaꞌanbi bang kaꞌam nengge si harapanku, Anak Manusiyaꞌin."""
,61,37,"Kahabaꞌ ellew magtoloꞌ si Isa dem langgal mahadjehin, saguwaꞌ bang sangem, paluwas iye amban puweblo miyaꞌan duk laꞌi iye patennaꞌ si antag kūd Jaitun."
,61,38,"Duk salung-salung pe, pī ne kēmon aꞌahin si langgal hadje pakale si usihatnen."
,62,1,Tapit ne pagkādjaꞌan meꞌ Yahudihin pamangande pan gaꞌi sinagetan pasuligin. Pagkādjaꞌan miyaꞌan inēnan Kādjaꞌan Pangesseban.
,62,2,"Meꞌ nakuraꞌ imamin duk meꞌ guru si saraꞌ āgamahin, pinikil-pikil weꞌ de bang saꞌingge si Isa tapapateyde duk gaꞌi kataꞌuhan meꞌ aꞌahin. Peggeꞌ talew siye si meꞌ aꞌahin."
,62,3,"Manjari paꞌasek nakuraꞌ seyitanin pu si Judas. Iye inin si Judas Iskariyot, dambuwaꞌ meꞌ tindeg si Isa sampūꞌ duk duwehin."
,62,4,Tahalaꞌ iye duk pī iye si meꞌ nakuraꞌ meꞌ imamin duk si meꞌ kapitan meꞌ guwaldiya si langgal hadjehin moꞌo siye magisun bang saꞌingge pamuddine si Isahin duk tasōnganne si siye.
,62,5,Sinna teꞌed siye duk nanggup siye ngurungan iye sīn.
,62,6,"Magaweꞌ ne si Judas. Manjari kemuwe miyaꞌan, miha ne iye waktu hāp panōngne si Isa supaya iye tasiggewde duk gaꞌi kataꞌuhan meꞌ aꞌahin."
,62,7,Manjari taꞌabut ne kādjaꞌan pamangande pan gaꞌi sinagetan pasuligin. Duk si ellew miyaꞌan subey meꞌ aꞌahin numbaliꞌ anak bili-bili kakande pangessebande masa pamaluwas Tuhan bangsaden amban kamatey laꞌi si lahat Misil awwalley.
,62,8,"Dinaꞌak weꞌ si Isa si Petros duk Yahiya, paꞌinne, ""Pī kaꞌam magpanyap kinakanten bi para si pagjamu-jamuhan Pangesseban inin."""
,62,9,"Paꞌinde si iye, ""Tuwan, antag kami kabayaꞌannu magpanyapin?"""
,62,10,"Paꞌinne si siye, ""Pagdiyalembi si puweblo, niyaꞌ iyan aꞌa tasampangbi magboꞌo komboꞌ isihan boheꞌ. Nuhut kaꞌam iye pī si lumaꞌ padiyalemannen,"
,62,11,"duk paꞌinun bi si dapuꞌ lumaꞌin, 'Dinaꞌak kew tinilew weꞌ guruhin bang antag koꞌ bilik pagjamu-jamuhanne duk meꞌ tindegnen para si Kādjaꞌan Pangessebanin.'"
,62,12,"Manjari niyaꞌ iyan pakitehanne kaꞌam bilik luha laꞌi diyataꞌ lumaꞌ,"" paꞌin si Isa. ""Andang ne panyap bilik miyaꞌan. Laꞌi kaꞌam maghatul kinakanten bi."""
,62,13,Manjari hap pī ne siye duk takitede laꞌi sa pangaka si Isa si siyehin. Duk maghatul ne siye laꞌi kinakande para si pagjamu-jamuhan Pangessebanin.
,62,14,"Pagtekka ne waktu pagjamu-jamuhin, ningkoloꞌ ne si Isa duk meꞌ kawakilannen mangan."
,62,15,"Manjari paꞌin si Isa si siye, ""Asal iye hep teꞌed kinabayaꞌankun kapagtuhut kite bi mangan kinakan para si pagjamu-jamuhan Pangesseban inin meke ku nandal kabinasahan."
,62,16,"Peggeꞌ akahante kaꞌam, puwas inin gaꞌi ne ku mangan inin balik. Meke ku mangan inin balik bang Tuhanin ne magbayaꞌ si meꞌ aꞌahin duk tuman ne bang ine asal hāti pagjamu-jamuhan inin."""
,62,17,"Manjari ngeddoꞌ iye sawan duk pagubus iye magpasalamat, paꞌinne si siye, ""Eddoꞌun bi inin duk inumun bi maggantiꞌ-gantiꞌ."
,62,18,"Peggeꞌ akahante kaꞌam, tinagnaꞌan maꞌin, gaꞌi ne ku nginum balik boheꞌ ubas samantaꞌan gaꞌi pe Tuhanin magbayaꞌ si meꞌ aꞌahin."""
,62,19,"Ubus, ngeddoꞌ iye pan duk pagubus iye magpasalamat si Tuhan, kinepak-kepak weꞌ ne bu pinangurung weꞌ ne si siye. Paꞌinne, ""Pan inin barankun, paglillaꞌku sabab kaꞌam. Hinangun bi inin supaya ku luwal taꞌessebbi."""
,62,20,"Damikkiyan isab ubus siye mangan, pinangurung weꞌ ne sawanin duk paꞌinne, ""Ininum inin tandaꞌ janjiꞌ Tuhan si kaꞌam mabaꞌahuhin. Bugtuꞌ janjiꞌ Tuhan inin sabab buꞌus lahaꞌkun para si kaꞌam."
,62,21,"Saguwaꞌ, payamanun bi,"" paꞌin si Isa, ""aꞌa sōng mamuddihan akuhin, saweꞌte bi du magtingkoloꞌ tuꞌu si lamisahan."
,62,22,"Aku inin, Anak Manusiyaꞌin, matey du ku peggeꞌ inin pangagantaꞌ Tuhan akuhin. Saguwaꞌ makaꞌaseꞌ-aseꞌ teꞌed aꞌa mamuddihan akuhin."""
,62,23,Manjari magtilew-tilew siye bang sine enteꞌ siye magsakap mamuddihan iyehin.
,62,24,"Na, magsuweyan meꞌ tindeg si Isahin bang sine siye subey pinalangkewin."
,62,25,"Saguwaꞌ paꞌin si Isa si siye, ""Tuꞌu si dunya, meꞌ sultanin magbayaꞌ teꞌed si meꞌ aꞌaden. Duk meꞌ aꞌa taga kapatutin, kabayaꞌanden pinaꞌin weꞌ siye mangurung kahāpan si lahatin."
,62,26,Saguwaꞌ kaꞌam subey gaꞌi magsa miyaꞌan. Tamanan mabangsahan si kaꞌamin subey boꞌohannen kuweꞌ iye sali-salihin. Duk nakuraꞌin subey tapikilne dinen kuweꞌ iye daraꞌakanin.
,62,27,"Sine teꞌ bangsahan, maningkoloꞌ mamanganin atawa manāgad iyehin? Dumaꞌin ke maningkoloꞌ mamanganin? Saguwaꞌ aku inin tuꞌu ku si kaꞌam kuweꞌ daraꞌakan. 28""Kaꞌam ne iyan maneteg si akuhin bisan dem meꞌ kasusehanku."
,62,29,Aku inin kaꞌurungan kapatut weꞌ Samaku Tuhanin magbayaꞌ si pasōngan. Damikkiyan isab urungante kaꞌam kapatut magbayaꞌ.
,62,30,"Magtuhut kite bi magkakanan laꞌi dem pagsultananku. Duk patingkoloꞌku du kaꞌam si meꞌ paningkoloꞌan bangsahan duk magbayaꞌ kaꞌam si sampūꞌ duk duwe bangsa tubuꞌ Israꞌilin."""
,62,31,"Manjari paꞌin si Isa pu si Petros, ""Simon, pakale kew. Bakas kaꞌam pāku nakuraꞌ seyitanin sinuleyan bang taboꞌone ke kaꞌam si kalaꞌatan. Panuleyannen kuweꞌ paley bang tinahapan duk pinagseddili buwasin duk apanen."
,62,32,"Saguwaꞌ bakas kew ampunanku si Tuhan, Simon, karayaw teteg sandelnu si akuhin. Tayikutannu du ku, saguwaꞌ pagbalik ne kew si aku, pahagetun sandel meꞌ pungtinaꞌinun."""
,62,33,"Paꞌin si Petros, ""Tuwan, gaꞌi kew tayikutanku. Bang kew kinalabusu nuhut ku kaꞌu. Bang kew pinapatey, maglillaꞌ ku isab pinapatey basta magtuhut kite."""
,62,34,"Paꞌin si Isa, ""Akahante kew Petros, gaꞌi pe makatingkowak manukin sangem inin, kapamasuwey ne kew mintellu weꞌ gaꞌi ku kataꞌuhannu."""
,62,35,"Paꞌin si Isa pe si siye, ""Matuꞌuhin pangandaꞌakku kaꞌam malumengnganin, gaꞌi magboꞌo pitaka atawa bāg atawa tehompaꞌ, niyaꞌ ke kulang si kaꞌam?"" ""Gaꞌ,"" paꞌinde."
,62,36,"Manjari paꞌinne si siye, ""Saguwaꞌ kuweꞌitu, bang niyaꞌ sīnbi duk semmek pagsayinanbi, boꞌohun bi si paglengngananbi. Duk manggaꞌ niyaꞌ barungnen, ambat pabellihanne jaketnen pamelline barung."
,62,37,"Peggeꞌ akahante kaꞌam, subey tinumanan tasulat dem kitab sabab akuhin. Pinaꞌin hep laꞌi sabab aku, 'Pinalamud iye si meꞌ aꞌa ngalanggalan saraꞌ.' Sōng ne taꞌabut katumanne inin."""
,62,38,"Manjari paꞌinde, ""Tuwan, payamanun, niyaꞌ tuꞌu duwe barung."" ""Sarang ne iyan,"" paꞌinne."
,62,39,Manjari paluwas si Isa amban puweblo hap pī si kūd Jaitun sa hinangannen. Patuhut meꞌ tindegnen si iye.
,62,40,"Pagtekkane laꞌi si lugal papīhannen, paꞌinne si meꞌ tindegnen, ""Māku-māku kaꞌam si Tuhan supaya kaꞌam gaꞌi taboꞌo weꞌ sassat."""
,62,41,"Ubus patala-tala iye amban siye, talahannen niyaꞌ meꞌ limempūꞌ deppe duk laꞌi nengge iye si tuꞌutne ngampun si Tuhan."
,62,42,"Paꞌinne, ""O Ammaꞌ. Bang kew mabayaꞌ, daꞌa ku pasagadanun bininasa. Saguwaꞌ dumaꞌin tinuhutin kinabayaꞌankun saguwaꞌ kinabayaꞌannun."""
,62,43,Manjari niyaꞌ pabagala si iye dambuwaꞌ malaꞌikat amban surgaꞌ ngurungan iye basag.
,62,44,"Peggeꞌ dukka teꞌed ateynen, ngampun teꞌed iye manamal, hangkan songotnen kuweꞌ lahaꞌ mettak-mettak si bulak."
,62,45,"Ubus iye ngampun, kuwat iye duk balik iye pī si meꞌ tindegnen. Takitene siye kapatuli peggeꞌ pannahan siye hawal dukkaden."
,62,46,"Paꞌinne si siye, ""Weꞌey kaꞌam tuli? Kuwat kaꞌam duk māku-māku kaꞌam si Tuhan supaya kaꞌam gaꞌi taboꞌo weꞌ sassat."""
,62,47,"Sasangne pe mamissāhin, banes aꞌa tekka. Panuhutanden si Judas, dangan si meꞌ sampūꞌ duk duwe tindeg si Isahin. Patapit si Judas duk inūk weꞌ ne si Isa."
,62,48,"Paꞌin si Isā si iye, ""Kuweꞌ inin ke, Judas, pamuddinu Anak Manusiyaꞌin?"""
,62,49,"Pagtahāti meꞌ tindeg si Isa mapaliput si iyehin bang ine sōng hininang meꞌ aꞌahin, paꞌinde pu si Isa, ""Tuwan, guna kami ne ke barung kamihin?"""
,62,50,"Duk dangan siye, pineddang weꞌ ne daraꞌakan imam nakuraꞌin duk butas tayingene kanawanin."
,62,51,"Saguwaꞌ paꞌin si Isa, ""Sarang ne iyan."" Manjari inantan weꞌ ne tayinge daraꞌakanin duk kawuliꞌan weꞌ ne."
,62,52,"Sinduwe meꞌ aꞌa mapī maniggew si Isahin, meꞌ nakuraꞌ meꞌ imamin, duk meꞌ kapitan guwaldiya si langgal hadjehin, duk meꞌ bahiꞌ meꞌ Yahudihin. Paꞌin si Isa si siye, ""Weꞌ kannalbi mundu ku hangkan kaꞌam pitu niggew aku magbarung duk magboꞌo meꞌ kakakal?"
,62,53,"Ellew-ellew laꞌi ku si kaꞌam dem langgal hadjehin, bu gaꞌ ku siggewbi. Saguwaꞌ iye ne inin waktu pinasukuꞌ si kaꞌamin duk ku tasiggewbi, duk inin isab waktu pagbayaꞌ nakuraꞌ seyitanin."""
,62,54,Manjari siggewde si Isa duk boꞌode tahalaꞌ hap pī si lumaꞌ imam nakuraꞌin. Si Petros paturul pu si Isa saguwaꞌ patala-tala.
,62,55,Makellum meꞌ sundaluhin ebbut si tengngaꞌ lame lumaꞌ imam nakuraꞌin duk magtingkoloꞌ siye paliput. Ningkoloꞌ isab si Petros patuhut si siye.
,62,56,"Manjari takite iye weꞌ dambuwaꞌ dende daraꞌakan sasangne maningkoloꞌ-ningkoloꞌ dem kasinagan ebbutin. Dinendengan iye weꞌ dendehin duk paꞌinne, ""Aꞌa inin saweꞌ si Isa du isab."""
,62,57,"Saguwaꞌ masuwey si Petros, paꞌinne, ""Dende, gaꞌi iye kataꞌuhanku."""
,62,58,"Gaꞌ du tiggel niyaꞌ dambuwaꞌ lella ngite iye duk paꞌinne, ""Saweꞌde du kew isab."" Saguwaꞌ paꞌin si Petros, ""Dumaꞌin, ella."""
,62,59,"Paglabey niyaꞌ da ora, niyaꞌ ne isab seddili makatīk si Petros duk paꞌinne, ""Kataꞌuhanku aꞌa inin asal bennal saweꞌne du isab. Peggeꞌ aꞌa Jalil du iye inin."""
,62,60,"Saguwaꞌ paꞌin si Petros, ""Lella, gaꞌi kataꞌuhanku bang ine pinaꞌinnu iyan."" Magtawus tingkowak manukin sasangne pe mamissāhin."
,62,61,"Manjari pahaleng si Isa duk pinayaman weꞌ ne si Petros, duk taꞌesseb weꞌ si Petros bakas pinaꞌin si Isa si iyehin, ""Gaꞌi pe makatingkowak manukin sangem inin, kapamasuwey ne kew mintellu weꞌ gaꞌi ku kataꞌuhannu."""
,62,62,Manjari tahalaꞌ si Petros duk magtangis teꞌed iye.
,62,63,"Hinang dagey si Isa weꞌ meꞌ aꞌa mamanteyan iyehin, duk pinapeddiꞌan weꞌ de."
,62,64,"Binennesan pe weꞌ de luwenen duk sinampak weꞌ de duk tilewde iye, paꞌinde, ""Untukun koꞌ, sine manampak kaꞌuhin?"""
,62,65,Duk ekka pe bissāde seddili pamaꞌiyaꞌde iye.
,62,66,"Pagsalung ne, magtipun meꞌ kabahiꞌanin duk meꞌ nakuraꞌ meꞌ imamin duk meꞌ guru si saraꞌ āgamahin. Siye meꞌ kakunsihalan mangahukumin. Binoꞌo si Isa pinaharap si siye."
,62,67,"Paꞌinde pu si Isa, ""Akahanun kami bang asal kaꞌu ne Almasihin."" Paꞌin si Isa si siye, ""Bisan kaꞌam akahanku, gaꞌi du ku kahagadbi."
,62,68,"Duk bang niyaꞌ tilewku si kaꞌam, gaꞌi du kaꞌam nambung."
,62,69,"Saguwaꞌ tinagnaꞌan kuweꞌitu aku, Anak Manusiyaꞌin, laꞌi du ku ningkoloꞌ si kanawanan Tuhan Mabalakatanin."""
,62,70,"Paꞌinde kēmon, ""Bang sa īꞌ, Anak Tuhanin kew?"" Nambung si Isa, paꞌinne, ""Sa pinaꞌinbin, aku ne."""
,62,71,"Manjari paꞌinde, ""Weꞌey pe kite bi subey miha saksiꞌ seddili? Bu kite bi ne du makakale binissānen."""
,63,1,Manjari kēmon kakunsihalanin kuwat duk binoꞌo weꞌ de si Isa pī paharap pu si Pilatus.
,63,2,"Pagtekkade laꞌi, tinuntutan si Isa weꞌ de. Paꞌinde, ""Takuhi kami aꞌa inin nimboꞌohan bangsa kamihin nguntarahan gubelnohin. Gaꞌi daꞌakne meꞌ aꞌahin magbayed sukey si Sultan Nakuraꞌin. Duk paꞌinne pe weꞌ iye koꞌ Almasihin, hātinen, tapeneꞌ Tuhan magsultanin."""
,63,3,"Tilew Pilatus iye, paꞌinne, ""Sultan meꞌ Yahudihin ke kew?"" Nambung si Isa, paꞌinne, ""Iye du pinaꞌinnu iyan."""
,63,4,"Paꞌin Pilatus si meꞌ nakuraꞌ imamin duk si meꞌ aꞌa mabanesin, ""Gaꞌ niyaꞌ takasuwaꞌku duse aꞌa inin."""
,63,5,"Saguwaꞌ pasegeꞌ teꞌed siye, paꞌinde, ""Magsasew iye si meꞌ aꞌahin sabab toloꞌnen. Tinagnaꞌan weꞌ ne pagtoloꞌnen laꞌi si lahat Jalil, duk magtoloꞌ isab iye si tibuꞌukan Yahudiya, duk kuweꞌitu tiyaꞌ ne isab iye tuꞌu si Awrusalam."""
,63,6,"Pagkale Pilatus inin, paꞌinne, ""Aꞌa Jalil ke aꞌa inin?"" 7""Aweꞌ,"" paꞌinde. Pagkataꞌuhan Pilatus weꞌ si Isa amban lahat diyalem pagsultanan si Herod, dinaꞌak weꞌ ne si Isa binoꞌo pī pu Sultan Herod, peggeꞌ sābu laꞌi iye si Awrusalam masa miyaꞌan."
,63,8,"Pagkite si Herod si Isa, kēgan teꞌed iye peggeꞌ tiggel ne kabayaꞌne mangite iyehin. Ekka aka-aka bakas takalene sabab si Isa duk bayaꞌ iye ngite hinangan balakat hinangne."
,63,9,"Hangkan tiggel panilew-nilewne si Isahin, saguwaꞌ gaꞌ si Isa nambung."
,63,10,Manjari meꞌ nakuraꞌ meꞌ imamin duk meꞌ guru si saraꞌ āgamahin patapit pī duk pinabasag weꞌ de panuntutde si Isahin.
,63,11,"Manjari hinang dagey si Isa weꞌ si Herod duk meꞌ sundalunen duk diniyawaꞌan weꞌ de. Pinasemmekan iye weꞌ de juba tanam manamal, ubus bu daꞌak si Herod ne iye binoꞌo balik pī pu si Pilatus."
,63,12,Ellew miyaꞌan magbagay ne Pilatus duk si Herod. Matuꞌuhin magbanta hep siye.
,63,13,Manjari tinawag weꞌ Pilatus patipun meꞌ nakuraꞌ meꞌ imamin duk meꞌ bahiꞌin duk meꞌ aꞌahin.
,63,14,"Paꞌinne si siye, ""Binoꞌo weꞌ bi aꞌa inin pitu si aku duk paꞌinbi weꞌ katimboꞌohan weꞌ ne meꞌ aꞌahin nguntarahan gubelnohin. Bakas ne iye paliksaꞌku tuꞌu si panaꞌananbi, saguwaꞌ gaꞌ niyaꞌ kasuwaꞌku duse aꞌa inin kuweꞌ panuntutanbi iyehin."
,63,15,"Duk bisan si Herod damikkiyan du isab, peggeꞌ daꞌakne ne iye binoꞌo balik pitu si kite bi. Pastiꞌ teꞌed weꞌ gaꞌ niyaꞌ laꞌat tahinang aꞌa inin talep pamapateyan iye."
,63,16,"Hangkan daꞌakku hadja iye ilubakan ubus bu paluwasku ne iye."" (17,Hangkan miyaꞌan paꞌin Pilatus, peggeꞌ iye addatnen, kahabaꞌ tahun bang magkādjaꞌan meꞌ Yahudihin inēnande Kādjaꞌan Pangessebanin, maluwas iye si meꞌ aꞌahin dambuwaꞌ pilisu.)"
,63,18,"Pagkale meꞌ aꞌahin pinaꞌin si Pilatus miyaꞌan, magkalolop siye kēmon, paꞌinde, ""Papateyun aꞌa iyan! Barabbas kabayaꞌan kami pinaluwasin."" (19,Si Barabbas inin tahan dem kalabusu peggeꞌ bakas iye nuhut meꞌ aꞌa nguntarahan gubelnohin laꞌi dem puweblo Awrusalam, duk makapapatey iye aꞌa.)"
,63,20,Bayaꞌ si Isa paluwas Pilatus hangkan ngalingan iye balik si meꞌ aꞌahin.
,63,21,"Saguwaꞌ magkalolop siye, paꞌinde, ""Lansangun iye diyataꞌ olom. Lansangun iye diyataꞌ olom."""
,63,22,"Kamintellunen paꞌin Pilatus si siye, ""Weꞌey, ine laꞌat tahinangnen? Gaꞌ niyaꞌ takasuwaꞌku dusene talep pamapateyan iye. Hangkan daꞌakku hadja iye ilubakan ubus bu paluwasku ne iye."""
,63,23,Saguwaꞌ pasegeꞌ teꞌed siye duk magkalolop ne paꞌin weꞌ subey si Isa ilansang diyataꞌ olom. Ujudnen tatuhut du kinabayaꞌanden.
,63,24,Hangkan ngalaboꞌ hukuman Pilatus weꞌ subey tinuhut kinabayaꞌanden.
,63,25,"Pinaluwas weꞌ ne aꞌa pinākude pinaluwasin, aꞌa kinalabusu sabab pangatune si gubelnohin duk sabab pamapateynen. Saguwaꞌ si Isa sinōngan weꞌ ne si meꞌ sundalu duk tahinang kinabayaꞌan meꞌ aꞌahin."
,63,26,"Manjari binoꞌo ne weꞌ de si Isa lumengngan tudju pī si lugal pangalansangan iyehin. Sasangde si lān, niyaꞌ tasampangde aꞌa amban lahat Kirene, ēnnen si Simon. Bakas amban lahat diyataꞌ iye balik pī si puweblo. Ginagahan iye weꞌ meꞌ sundaluhin duk dinaꞌak pinanangkit si iye olom sōng pangalansangan si Isahin, dinaꞌak binoꞌo si dambulihan si Isa."
,63,27,Banes teꞌed aꞌa patuhut pu si Isa sampay niyaꞌ meꞌ dende magtangis duk magmatey sababne.
,63,28,"Pahaleng si Isa duk paꞌinne si siye, ""O meꞌ dende Awrusalam, daꞌa ku pagtangisanun bi. Iye pagtangisanun bi dibin duk meꞌ anakbin."
,63,29,"Peggeꞌ niyaꞌ iyan meꞌ ellew tekka si pasōngan, paꞌin meꞌ aꞌahin, 'Hāp sukud meꞌ dende manggaꞌi manganakin duk meꞌ dende manggaꞌ bakas manganak duk magpasusuhin.'"
,63,30,"Duk suknaꞌan meꞌ aꞌahin iyan diden, paꞌinde, 'Weꞌey pe ku gaꞌi tahanan punu inin. Weꞌey pe ku gaꞌi lekkeban kūd inin.'"
,63,31,"Peggeꞌ,"" paꞌin si Isa, ""bang kuweꞌ inin hininangde si aꞌa manggaꞌ niyaꞌ dusenen, pasōng pe iyan hininangden si meꞌ aꞌa taga dusehin si meꞌ ellew īꞌ."""
,63,32,Niyaꞌ isab duwangan aꞌa seddili amban si Isa binoꞌo weꞌ de pinapatey. Duwangan miyaꞌan bakas ngalanggalan saraꞌ.
,63,33,"Pagtekkade laꞌi si lugal ēnande ""Bungkug,"" ilansang weꞌ de si Isa diyataꞌ olom bu pinatengge weꞌ de olomin. Ilansang isab weꞌ de duwangan ngalanggalan saraꞌin si olomde. Dambuwaꞌ olomin patenggede si kanawanan si Isa duk dambuwaꞌin si bibanganne."
,63,34,"Ngampun si Isa si Tuhan para si meꞌ mangalansang iyehin, paꞌinne, ""O Ammaꞌ, ampunun siye peggeꞌ gaꞌi tahātide hininangde inin."" Meꞌ sundaluhin maglegot pagbahagiꞌde meꞌ semmek si Isahin."
,63,35,"Sasang meꞌ aꞌa magtengge malaꞌihin mayam-mayam, meꞌ nakuraꞌ meꞌ Yahudihin, pinagudjiꞌan si Isa weꞌ de duk binissāhan. Paꞌinde, ""Tatabangne meꞌ aꞌa seddilihin, ambat tabangne dinen bang asal bennal iye Almasihin, tapeneꞌ Tuhan magsultanin."""
,63,36,Hinang dagey isab iye weꞌ meꞌ sundaluhin. Patapit siye pī duk sinōngan iye weꞌ de ininum pamaꞌinum iye.
,63,37,"Duk paꞌinde, ""Bang sultan meꞌ Yahudihin kew, tabangun dinun."""
,63,38,"Duk niyaꞌ sinulat si olom diyataꞌan kōkne pinaꞌin, ""Inin sultan meꞌ Yahudihin."""
,63,39,"Binissā-bissāhan isab si Isa weꞌ dangan meꞌ aꞌa ngalanggalan saraꞌ ilansangin, paꞌinne, ""Dumaꞌin ke kew Almasihin. Na, timbulun be dinun duk sampay kami isab."""
,63,40,"Saguwaꞌ inamāhan iye weꞌ saweꞌnen, paꞌinne, ""Weꞌey kew missā sa iyan? Weꞌ gaꞌi kew talew si Tuhan? Saliꞌ-saliꞌ hep hukuman si kitehin bi tellungan."
,63,41,"Saguwaꞌ kite duwangan patut kite pinapatey kuweꞌ inin peggeꞌ inin tumbas meꞌ hinanganten. Saguwaꞌ aꞌa inin gaꞌ niyaꞌ laꞌat tahinangne."""
,63,42,"Manjari paꞌinne pu si Isa, ""O Isa, daꞌa ku kayipatanun bang ne kew magsultan."""
,63,43,"Paꞌin si Isa si iye, ""Sabennal akahante kew, ellew inin du, laꞌi kite magtuhut si surgaꞌ."""
,63,44,"Paglettu ellew ne, ngalindem mata ellewin duk maglindem dem tibuꞌukan lahat miyaꞌan sampay lisag tellu kohapin."
,63,45,Duk garet isab paduwe semmek subuk hinang ellig dem langgal hadjehin.
,63,46,"Manjari ngalingan si Isa papales, paꞌinne, ""O Ammaꞌ, sōnganku niyawakun si antanannu."" Pagubus inin bissāne, bekkat ne napasnen."
,63,47,"Pagkite kapitan meꞌ sundaluhin maꞌumantag miyaꞌan, pinudji weꞌ ne Tuhanin duk paꞌinne, ""Asal aꞌa hāp teꞌed aꞌa inin!"""
,63,48,"Duk kēmon aꞌa malaꞌi magtipun mamayamin, pagkitede maꞌumantag miyaꞌan, hap lumaꞌ siye neppak-neppak dākanden peggeꞌ dukka siye manamal."
,63,49,"Kēmon meꞌ bagay si Isahin, sampay meꞌ dende manuhut iye amban Jalilin, laꞌi siye nengge patala-tala duk takitede kēmon bakas maꞌumantagin. 50-51,Niyaꞌ aꞌa laꞌi inēnan si Yusup amban puweblo Arimati, laꞌi si lahat Yahudiya. Aꞌa hāp iye duk bentel kawul-piꞌilnen. Inagad-agad weꞌ ne katuman meꞌ paꞌalan sabab pagbayaꞌ Tuhanin. Dangan iye si meꞌ kakunsihalanin, saguwaꞌ gaꞌ iye patuhut si meꞌ pikilande duk hinangande pamapateyde pu si Isahin."
,63,52,Si Yusup inin pī pu si Pilatus duk pināku weꞌ ne bangkey si Isahin.
,63,53,Manjari ilebbes ne weꞌ ne duk sinaput weꞌ ne. Ubus bu pinabāk weꞌ ne diyalem lingab ilowangan dem batu gaꞌ pe bakas pangubulan.
,63,54,"Kohap Jumaꞌat ne miyaꞌan, duk seddep ne ellewin. Iye ne miyaꞌan tagnaꞌan ellew liꞌihin."
,63,55,"Meꞌ dende manuhut si Isa amban Jalilin, paturul pu si Yusup duk takitede kubulin duk bang saꞌingge pamettadne si Isahin diyalem kubul."
,63,56,"Manjari hap lumaꞌ ne siye manyap meꞌ laksiꞌ duk meꞌ isellan bengngi pangalaksiꞌde bangkey si Isahin. Pagellew liꞌi ne, pahali siye sa pangandaꞌakan saraꞌin."
,64,1,"Subu-subu ellew Ahadin, hap pī meꞌ dende miyaꞌan si kubul moꞌo meꞌ laksiꞌ pinanyapden."
,64,2,"Pagtekkade laꞌi, takitede weꞌ ubus ne iligidan batu bakas panampeng lingabin."
,64,3,Padiyalem siye saguwaꞌ takitede weꞌ gaꞌ ne laꞌi bangkey si Isahin.
,64,4,"Gaꞌi siye magkataꞌu-taꞌu sabab miyaꞌan. Manjari bessuwang niyaꞌ nengge si bihingde duwangan lella, semmekden makasilew manamal."
,64,5,"Kadahitan teꞌed meꞌ dendehin duk pakusu siye. Saguwaꞌ paꞌin meꞌ lellahin si siye, ""Weꞌey pihabi aꞌa maꞌellumin tuꞌu si pangubulande meꞌ aꞌa mateyin?"
,64,6,Gaꞌ ne tuꞌu si Isa. Ubus ne iye ellum balik. Essebun bi pinaꞌinne si kaꞌamin palaꞌine pe si Jalilin.
,64,7,"Paꞌinne hep weꞌ iye, Anak Manusiyaꞌin, sinōngan du pī si antanan meꞌ aꞌa dusehan duk lansangde iye diyataꞌ olom duk katellu ellewnen ellum du iye balik."""
,64,8,Manjari taꞌesseb weꞌ meꞌ dendehin meꞌ bakas binissā si Isa miyaꞌan.
,64,9,Tahalaꞌ siye amban kubulin duk hap lumaꞌ ne siye. Inaka weꞌ de kēmon inin si meꞌ tindeg si Isa sampūꞌ duk dambuwaꞌin duk si kēmon meꞌ tindeg si Isa sinduwehin.
,64,10,"Meꞌ dende inin disi Mariyam, dende amban Magdalahin, si Joꞌanna, duk si Mariyam isab, saꞌi si Yakubin, duk niyaꞌ isab meꞌ dende seddili saweꞌde. Siye inin mangakahan meꞌ tindeg kawakilan si Isahin sabab takiteden."
,64,11,"Saguwaꞌ meꞌ kawakilanin, gaꞌ kinahagad weꞌ de inaka meꞌ dendehin peggeꞌ paꞌinde meꞌ koto-koto hadja miyaꞌan."
,64,12,"Saguwaꞌ paghulangkad si Petros magubas pī si kubul. Pagtekkane laꞌi, pakokkoꞌ iye pasīp diyalem lingabin. Luwal takitene malaꞌihin meꞌ saputin. Manjari tahalaꞌ iye hap lumaꞌ, ulaliꞌ teꞌed sabab bakas maꞌumantagin."
,64,13,"Ellew miyaꞌan du isab niyaꞌ duwangan tindeg si Isa maglengngan hap pī si kalumaꞌan inēnan Emmaus, niyaꞌ sampuk-dambuwaꞌ kilumetro talahannen amban Awrusalam."
,64,14,Magbissā-bissā siye si lān sabab meꞌ bakas maꞌumantag baꞌahu miyaꞌan.
,64,15,"Sasangde magbissā-bissāhin, pī si Isa patapit duk patuhut iye si siye."
,64,16,Takitede iye saguwaꞌ gaꞌ takilalede si Isa.
,64,17,"Paꞌinne si siye, ""Ine pagbissā-bissābi miyaꞌan sasangbi malumengnganin?"" Padeheng siye duk takite si bantuk luwe duwanganin weꞌ suse siye."
,64,18,"Manjari dangan siye, ēnnen si Kelopas, nambung, paꞌinne, ""Weꞌ gaꞌi kataꞌuhannu maꞌumantag si Awrusalam baꞌahu miyaꞌan, bu kēmon aꞌa laꞌi ngataꞌu?"" 19""Weꞌey, ine maꞌumantagin?"" paꞌin si Isa. ""Maꞌumantag pu si Isahin be, aꞌa Nasaretin,"" paꞌinde. ""Si Isa inin nabi balakatan si matahan Tuhan duk meꞌ aꞌahin kēmon. Taga balakat iye si meꞌ bissānen duk si meꞌ hinangannen."
,64,20,"Sinōngan iye weꞌ meꞌ nakuraꞌ meꞌ imam kamihin duk meꞌ nakuraꞌ lahat kamihin pī si gubnulin duk ilaboꞌan iye hukuman pinapatey, ubus bu ilansang iye weꞌ de diyataꞌ olom duk iye matey."
,64,21,"Bu asal ase-ase kami teꞌed miyaꞌan, weꞌ iye ne pinapitu Tuhan mamaluwas meꞌ tubuꞌ Israꞌilin. Aweꞌ, duk dumaꞌin hadja miyaꞌan, saguwaꞌ tellum bahangi ne kuweꞌitu kemuwe pamapateyde iyehin."
,64,22,"Duk niyaꞌ isab meꞌ dende saweꞌ kamihin, niyaꞌ inaka weꞌ de si kami makaꞌulaliꞌ kami teꞌed. Ensiniꞌ salung, subu-subu pe, hap pī koꞌ siye si kubul si Isa."
,64,23,"Saguwaꞌ gaꞌ ne koꞌ laꞌi baran si Isahin, duk paꞌinde weꞌ niyaꞌ koꞌ takitede pabagala meꞌ malaꞌikat magpaꞌin si siye weꞌ ellum ne koꞌ si Isa."
,64,24,"Manjari sinduwe meꞌ saweꞌ kamihin hap pī si kubul, duk takitede sa pinaꞌin meꞌ dendehin. Saguwaꞌ si Isa gaꞌ du isab takitede."""
,64,25,"Manjari paꞌin si Isa si siye, ""Babbal pahāp kaꞌam iyan. Weꞌey gaꞌi kahagadbi kēmon pinaꞌin meꞌ kanabihan dem kitabin?"
,64,26,"Paꞌin meꞌ kanabihanin hep weꞌ Almasihin subey dahuꞌ makalabey kabinasahan meke iye magsultan si kēmon-kēmonin."""
,64,27,Manjari pinahāti weꞌ si Isa si siye kēmon sinulat dem kitab sabab iyehin. Tinagnaꞌan weꞌ ne amban meꞌ tasulat si Musahin hap pī si meꞌ tasulat meꞌ kanabihanin kēmon.
,64,28,"Pagtapit ne siye si kalumaꞌan papīhanden, si Isa magmā-mā kuweꞌ sōng patalus,"
,64,29,"saguwaꞌ inohotan teꞌed iye weꞌ de, paꞌinde, ""Tuꞌu ne kew dahuꞌ si kami peggeꞌ iyuꞌ ne kohap teꞌed. Sōng lindem ne."" Hangkan padiyalem ne si Isa nuhut siye."
,64,30,"Manjari inin, paglaꞌi siye magtingkoloꞌ sōng mangan, ngeddoꞌ si Isa pan duk magpasalamat iye si Tuhan, ubus bu kinepak-kepak weꞌ ne duk pinangurung weꞌ ne si siye."
,64,31,Bessuwang hadja takilalede ne si Isa. Saguwaꞌ magtawus iye lanyap amban bihingde.
,64,32,"Manjari magbissā-bissā siye duwangan, paꞌinde, ""Hangkan du hatiꞌ landuꞌ kēgten sābune mamissā si kite si lānin, pagpahātine kitab si kitehin."""
,64,33,"Kuwat siye duꞌun-duꞌun duk balik siye hap Awrusalam. Pagtekkade laꞌi, takasuwaꞌde tindeg si Isa sampūꞌ duk dambuwaꞌin magtipun-tipun duk meꞌ sinduwehin."
,64,34,"Paꞌinde si duwanganin, ""Asal ellum ne teꞌed balik Panuhutanin duk bakas pakite iye pu si Simon."""
,64,35,"Manjari magsuwi-suwi isab duwanganin sabab malumabey si siye si lānden, duk bang saꞌingge pakakilalede pu si Isahin. Paꞌinde weꞌ pangilalehande iyehin pangepak-ngepakne panin."
,64,36,"Sasang magsuwi-suwi pe duwanganin, bessuwang si Isa laꞌi nengge si tengngaꞌde. Duk paꞌinne si siye, ""Karayaw sanyang kaꞌam."""
,64,37,Takeddut siye duk kadahitan siye peggeꞌ kannalde panyataꞌ takitede miyaꞌan.
,64,38,"Saguwaꞌ paꞌinne si siye, ""Weꞌey kaꞌam takeddut duk weꞌey pe kaꞌam duwe-duwehan?"
,64,39,"Payamanun bi meꞌ tangankun duk meꞌ bettiskun. Asal aku hep ituꞌ. Antanun bi be ku duk kataꞌuhanbi weꞌ dumaꞌin ku ituꞌ panyataꞌ. Peggeꞌ panyataꞌin gaꞌ hep niyaꞌ baranne. Saguwaꞌ aku inin takitebi du weꞌ niyaꞌ baranku."""
,64,40,Paꞌinne inin duk pinakitehan weꞌ ne si siye meꞌ tangannen duk meꞌ bettisnen.
,64,41,"Saguwaꞌ kuweꞌ kahunitan siye kahagad weꞌ asal toꞌo miyaꞌan, peggeꞌ kēgan teꞌed siye duk ulaliꞌ siye. Manjari paꞌinne si siye, ""Niyaꞌ ke tuꞌu kinakan ine-ine?"""
,64,42,Sinōngan iye weꞌ de dambuwaꞌ kenna tinunuꞌ.
,64,43,Ineddoꞌ weꞌ ne duk kinakan weꞌ ne si matahande.
,64,44,"Puwas miyaꞌan, paꞌinne si siye, ""Iye ne hep inin bakas pinaꞌinku si kaꞌam matuꞌuhin, masa pagtuhut-tuhutten bi pe. Paꞌinku hep weꞌ subey du tinumanan kēmon bakas tasulat sabab akuhin, iye tasulat dem saraꞌ si Musahin duk tasulat meꞌ kanabihanin duk dem kitab Jabur. Na, meꞌ maꞌumantag si aku miyaꞌan, katumanan ne meꞌ tasulatden."""
,64,45,"Manjari inurungan siye pikilan supaya tasabutde kitabin,"
,64,46,"duk paꞌinne si siye, ""Iye inin tasulat dem kitabin, weꞌ Almasihin subey nandalan kabinasahan sampay pinapatey duk katellu ellewnen puwas kamateynen ellum balik."
,64,47,"Tasulat isab laꞌi weꞌ subey minahalayak si meꞌ aꞌa amban kēmon kabangsa-bangsahan weꞌ bang pagsusunande duk lebbahande meꞌ duseden, ampun Tuhanin du siye sabab tahinang Almasihin. Duk subey nagnaꞌ minahalayak tuꞌu si Awrusalam."
,64,48,"Peggeꞌ kaꞌam ne teꞌed bakas mangite meꞌ maꞌumantag si akuhin, hangkan subey kaꞌam manaksiꞌin,"" paꞌin si Isa. 49""Duk papituku du si kaꞌam,"" paꞌinne, ""pananggup Samaku Tuhanin. Hangkan daꞌa dahuꞌ kaꞌam usaꞌ amban puweblo Awrusalam inin samantaꞌan gaꞌi pe kaꞌam paꞌasekan balakat amban Tuhanin."""
,64,50,"Manjari binoꞌo siye weꞌ ne paluwas amban Awrusalam hap pī si antag kalumaꞌan Betani. Pagtekkade laꞌi, pinadiyataꞌ weꞌ ne meꞌ tangannen māku-mākuhan siye kahāpan amban Tuhan."
,64,51,"Sasangne pe mamāku-māku si Tuhanin, tahalaꞌ ne iye amban siye duk paꞌangkat iye hap surgaꞌ."
,64,52,"Pasujud siye pu si Isa laꞌi, ubus bu balik ne siye hap Awrusalam. Kēgan teꞌed siye manamal,"
,64,53,"duk luwal siye laꞌi dem langgal hadjehin mudji Tuhanin.
Yahiya 1"
,65,1,Gaꞌ pe dunya inin pinapanjari asal andang ne Lapalin. Lapalin magdambuwaꞌ duk Tuhanin duk Lapalin Tuhanin ne.
,65,2,Kemuwe awwalley Lapalin duk Tuhanin dambuwaꞌ du.
,65,3,Kēmon-kēmonin pinapanjari weꞌ Lapalin amban pangandaꞌakan Tuhanin. Gaꞌ niyaꞌ pinapanjari bisan ine tuꞌu dem alam inin bang dumaꞌin amban Lapalin.
,65,4,Lapalin asal poꞌon umulin duk umul inin mangurung dantaꞌ si pikilan manusiyaꞌin.
,65,5,Dantaꞌ inin ninag dem kalindeman duk dantaꞌin gaꞌi teꞌed tapalem weꞌ lindemin.
,65,6,"Manjari, niyaꞌ aꞌa kawakilan weꞌ Tuhanin, ēnnen Yahiya."
,65,7,"Dinaꞌak iye weꞌ Tuhanin pitu magaka sabab dantaꞌ inin, supaya kēmon aꞌahin makakale inakanen duk kahagad."
,65,8,Dumaꞌin Yahiya dantaꞌ inin. Saguwaꞌ akane mapituhin magaka-aka sabab dantaꞌin.
,65,9,"Dantaꞌ mabennal inin, hātinen Lapalin, tiyaꞌ ne pitu si dunya ngurung dantaꞌ si pikilan manusiyaꞌin kēmon."
,65,10,"Saguwaꞌ bisan ne Lapalin tuꞌu si dunya duk pinapanjari hep weꞌ ne dunyahin, gaꞌ du Lapalin takilale weꞌ meꞌ aꞌa si dunyahin."
,65,11,"Pitu iye si lahatne, saguwaꞌ gaꞌ iye tinayimaꞌ weꞌ bangsanen."
,65,12,"Saguwaꞌ sine-sine nayimaꞌ Lapalin duk makahagad si iyehin, urunganne siye kapatut manjari meꞌ anak Tuhanin."
,65,13,Tahinang siye anak Tuhanin dumaꞌin kuweꞌ paganak manusiyaꞌ atawa amban kabayaꞌan manusiyaꞌ atawa amban napsu manusiyaꞌ. Saguwaꞌ tahinang siye anak Tuhanin amban kabayaꞌan Tuhanin.
,65,14,"Manjari, Lapalin palahil tuꞌu si dunya taga baran manusiyaꞌ duk patennaꞌ diyaleman manusiyaꞌ. Kēmon lasa duk bennal laꞌi si iye. Takite kami balakatnen duk sahayanen, duk balakatne duk sahayane inin talep si iye peggeꞌ iye Anak Tuhan dambuwaꞌ-buwaꞌin."
,65,15,"Si Yahiya magaka-aka sabab Lapalin. Missā iye papales, paꞌinne, ""Iye ne hep inin bakas inakaku si kaꞌamin, paꞌinku, 'Niyaꞌ pitu dambuli amban aku. Pasōng iye langkew amban aku peggeꞌ gaꞌ pe ku inanakan, asal andang ne iye.' "" Iye inin inaka Yahiyahin."
,65,16,"Peggeꞌ laꞌi si Lapalin kēmon lasahin, kite bi kēmon makahampit isab lasanen duk tabangnen. Lasanen duk tabangnen pinagtamba-tamba si kite bi."
,65,17,"Saraꞌ Tuhanin pinasampay si manusiyaꞌ weꞌ si Musa, saguwaꞌ lasa Tuhanin duk bennalin pinangurung si manusiyaꞌ weꞌ Isa Almasi, iye inēnan Lapal Tuhanin."
,65,18,"Gaꞌ niyaꞌ bakas ngite Tuhanin. Saguwaꞌ pinakataꞌu Tuhanin si manusiyaꞌ weꞌ Anakne dambuwaꞌ-buwaꞌin, peggeꞌ asal Tuhan du iye duk magdambuwaꞌ iye duk Samanen.Manjari niyaꞌ meꞌ aꞌa pī pu si Yahiya sābune magpandi meꞌ aꞌa si lipag boheꞌ Jordan, si kalumaꞌan Betani."
,65,19,Dambuwaꞌ ellew niyaꞌ meꞌ imam duk meꞌ tabang meꞌ imamin dinaꞌak weꞌ meꞌ nakuraꞌ meꞌ Yahudi si puweblo Awrusalamin hap pī pu Yahiya nilew iye bang sine iye.
,65,20,"Gaꞌ magellig-ellig Yahiya saguwaꞌ magbennal teꞌed iye, paꞌinne, ""Dumaꞌin ku Almasihin."" 21""Na, sine kew?"" paꞌinde. ""Si Eliyas ke kew?"" Paꞌin Yahiya, ""Dumaꞌin."" Paꞌin meꞌ imamin, ""Kaꞌu ke nabi inagad-agad bangsate bi Israꞌilin?"" Nambung Yahiya, ""Dumaꞌin."""
,65,22,"Manjari paꞌinde si iye, ""Akahanun kami bang sine kew teꞌed. Subey kami akahannu supaya niyaꞌ pangaka kami si meꞌ mangandaꞌak kami mapituhin. Ine paꞌinnu sabab dinun?"""
,65,23,"Sambung Yahiyahin saliꞌ du teꞌed kuweꞌ bakas tasulat Nabi Isaya dem kitabin. Paꞌin Yahiya, ""Aku aꞌa maglingan papales dem lahat makagindew-gindewin. Paꞌinku: Pabentelun bi lān sōng palabeyan Tuhanin."""
,65,24,Meꞌ imam inin bakas dinaꞌak pī weꞌ meꞌ Yahudi be-āgama teꞌed inēnan meꞌ Pariseo.
,65,25,"Manjari tinilew weꞌ de Yahiya balik, paꞌinde, ""Na, weꞌey kew magpandi meꞌ aꞌa bang dumaꞌin kew Almasihin atawa si Nabi Eliyas atawa nabi inagad-agad bangsate bi Israꞌilin?"""
,65,26,"Sambungan Yahiya siye, paꞌinne, ""Aku inin, magpandi ku meꞌ aꞌa duk boheꞌ. Saguwaꞌ niyaꞌ dambuwaꞌ nengge luꞌu si tengngaꞌbi saguwaꞌ gaꞌi kataꞌuhanbi bang sine."
,65,27,"Dambuli iye amban aku pitu, saguwaꞌ gaꞌi ku pataꞌ bisan ngalekkahan ingket tehompaꞌnen peggeꞌ langkew teꞌed iye amban aku."""
,65,29,"Pagsasumuhin, kite Yahiya si Isa pī patudju si iye. Pagkitene si Isa, paꞌin Yahiya si meꞌ aꞌa malaꞌihin, ""Iye ne hep inin dalil gantiꞌ bili-bili pangurung Tuhanin pagkuluban para si manusiyaꞌ. Iye inin mamuwasan duse manusiyaꞌin kēmon."
,65,30,"Iye ne hep inin bakas inakaku si kaꞌamin, paꞌinku, 'Niyaꞌ pitu dambuli amban aku. Langkew iye amban aku, peggeꞌ gaꞌ pe ku inanakan asal andang ne iye.'"
,65,31,"Tagnaꞌ gaꞌ kataꞌuhanku bang sine aꞌa mapitu dambuli amban akuhin,"" paꞌin Yahiya. ""Saguwaꞌ pitu ku magpandi meꞌ aꞌa duk boheꞌ supaya iye tapakilale si bangsa Israꞌilin. 32-33,Gaꞌ pe iye kataꞌuhanku, saguwaꞌ paꞌin Tuhan mangandaꞌak aku magpandi meꞌ aꞌa duk boheꞌin, 'Bang takitenu Niyawa Sutsihin paduwaꞌi pī si dambuwaꞌ aꞌa duk pateteg laꞌi si iye, iye iyan seddili pamandine manusiyaꞌin; papīne si siye Niyawa Sutsihin.' "" Manjari naksiꞌ Yahiya sabab si Isa, paꞌinne, ""Bakas takiteku teꞌed Niyawa Sutsihin duwaꞌi amban diyataꞌ langit kuweꞌ bantuk assang padapuꞌ duk pateteg pu si Isa."
,65,34,"Asal takiteku teꞌed,"" paꞌin Yahiya, ""hangkan kasaksiꞌanku weꞌ bennal-bennal teꞌed si Isa inin Anak Tuhanin."""
,65,35,"Pagsasumuhin, laꞌi ne isab si Yahiya si lipag boheꞌ Jordan duk duwangan meꞌ tindegnen."
,65,36,"Takite Yahiya si Isa palabey. Magtawus paꞌinne, ""Iye hep miyaꞌan dalil bili-bili Tuhanin."""
,65,37,"Takale meꞌ tindegne duwanganin pinaꞌin Yahiya miyaꞌan, manjari paturul siye pu si Isa."
,65,38,"Paghaleng si Isa, takitene duwanganin paturul si iye. Tinilew siye weꞌ ne, paꞌinne, ""Ine akabin?"" Nambung siye, paꞌinde, ""Rabbi, (hātinen Guru) antag patennaꞌannun?"""
,65,39,"Paꞌin si Isa, ""Nuhut kaꞌam aku duk takitebi."" Manjari nuhut ne siye si Isa. Hatu ne miyaꞌan meꞌ lisag ampat kohap. Takite weꞌ de patennaꞌan si Isahin duk laꞌi pe siye ngeregseꞌ lindem."
,65,40,"Dambuwaꞌ mapaturul pu si Isahin, ēnnen si Andariyas. Si Andariyas inin pungtinaꞌi si Simon Petros."
,65,41,"Manjari magtawus piniha weꞌ Andariyas pungtinaꞌinen. Pagtakasuwaꞌne ne, paꞌinne si iye, ""Takasuwaꞌ kami ne Almasihin."" (Almasihin iye tapeneꞌ Tuhan magsultan matuꞌu si dunyahin.)"
,65,42,"Ubus binoꞌo weꞌ ne si Simon pī pu si Isa. Pinayaman si Simon pahantap weꞌ si Isa duk paꞌinne, ""Kaꞌu si Simon; ēn samanun Yahiya. Saguwaꞌ ēnante kew si Kepas."" (Ēn Kepas inin saliꞌ du kuweꞌ ēn Petros, hātinen, batu.)"
,65,43,"Pagsasumuhin, tapikil si Isa hap pī si lahat Jalil. Takasuwaꞌne si Pilip duk paꞌinne si iye, ""Nuhut kew aku."""
,65,44,"Si Pilip inin amban Betsaida, lahat si Andariyas duk si Petrosin."
,65,45,"Piniha weꞌ si Pilip si Natanael. Pagtakasuwaꞌne, inakahan weꞌ ne, paꞌinne, ""Takasuwaꞌ kami ne aꞌa bakas inaka si Musa dem kitab Tawratin duk inaka isab weꞌ meꞌ kanabi-nabihanin dem sulatden. Iye si Isa anak si Yusupin amban kalumaꞌan Nasaret."""
,65,46,"Paꞌin Natanael, ""Oy, gaꞌ niyaꞌ aꞌa hāp paguwaꞌ amban Nasaret."" Paꞌin si Pilip, ""Nuhut be kew aku duk kitenu."""
,65,47,"Pagkite si Isa si Natanael tudju pī si iye, paꞌin si Isa, ""Tiyaꞌ niyaꞌ dambuwaꞌ aꞌa Israꞌil teꞌed. Gaꞌi iye ngakkal."""
,65,48,"Paꞌin Natanael pu si Isa, ""Saꞌingge pangataꞌunu akuhin?"" Sambungan si Isa iye, paꞌinne, ""Gaꞌ pe kew linganan si Pilip, takitete ne kew diyawaꞌ poꞌon kayu igirahin."""
,65,49,"Paꞌin Natanael si iye, ""Tuwan, kaꞌu Anak Tuhanin. Kaꞌu sultan bangsa Israꞌilin."""
,65,50,"Paꞌin si Isa si iye, ""Kahagad ke kew si aku peggeꞌ paꞌinku weꞌ takitete kew diyawaꞌ poꞌon igirahin? Si pasōngan makakite du kew iyan meꞌ hinanganku labi pe makaꞌulaliꞌ amban inin."""
,65,51,"Duk paꞌin si Isa si siye, ""Sabennal akahante kaꞌam, si pasōngan takitebi du iyan surgaꞌin luka duk takitebi isab meꞌ malaꞌikat Tuhanin magduwaꞌi-manaꞌik amban aku, Anak Manusiyaꞌin.""
Yahiya 2"
,66,1,"Pagpuwas duwem bahangi kemuwe pagbissā si Isa duk Natanaelin, niyaꞌ magkawin laꞌi si kalumaꞌan Kana, laꞌi si lahat Jalil. Saꞌi si Isahin laꞌi si pagkawinan."
,66,2,Si Isa duk meꞌ tindegnen tabatik isab pī.
,66,3,"Manjari laꞌi si pagkawinan, ininumden boheꞌ ubas bu ubus ne weꞌ meꞌ aꞌahin ininum. Paꞌin saꞌi si Isahin si iye, ""Ubus ne boheꞌ ubas ininumden."""
,66,4,"Paꞌin si Isa si saꞌinen, ""Daꞌa kew magsuse sabab iyan. Aku saꞌ taꞌu si iyan. Gaꞌ pe taꞌabut waktu pamakiteku balakatkun."""
,66,5,"Manjari paꞌin saꞌinen si meꞌ daraꞌakan si lumaꞌ miyaꞌan, ""Ine-ine pangandaꞌakan si Isa kaꞌam, hinangun bi."""
,66,6,"Niyaꞌ laꞌi ennem poga batu pangisihan boheꞌ pangosoꞌan meꞌ Yahudihin, nuhut addatde pagsutsihin. Dambuwaꞌ poga isihan meꞌ lime mital."
,66,7,"Paꞌin si Isa si meꞌ daraꞌakanin, ""Pennoꞌanun bi meꞌ poga iyan duk boheꞌ."" Pinennoꞌan ne weꞌ de, sampay sōng buꞌus."
,66,8,"Manjari daꞌak si Isa siye, paꞌinne, ""Nginduk ne kaꞌam amban meꞌ poga iyan bu boꞌohun bi pī si mangantan pagkādjaꞌan inin."" Binoꞌo ne weꞌ de pī si mangantan pagkādjaꞌanin,"
,66,9,"duk kininaman weꞌ ne boheꞌ mamanjari boheꞌ ubasin. Gaꞌ kataꞌuhanne bang amban boheꞌ ubas miyaꞌan, saguwaꞌ meꞌ daraꞌakan bakas manginduk boheꞌin kataꞌuhande. Manjari magtawus ilinganan weꞌ ne pangantin lellahin."
,66,10,"Paꞌinne si iye, ""Iye addatin bang magtāgad, pamaꞌinum dehellu ininum mahāpin. Manjari bang ekka ne taꞌinum meꞌ aꞌahin, meke ne pamaꞌinum ininum manggaꞌi mahāpin. Saguwaꞌ kaꞌu, taꞌennaꞌnu pe sampay kuweꞌitu ininum mahāpin."""
,66,11,"Iye inin hinangan makaꞌulaliꞌ tagnaꞌ hininang si Isahin. Hininang inin weꞌ ne laꞌi si Kana, si lahat Jalil. Pinakitehan weꞌ ne balakatnen, manjari kahagad meꞌ tindegnen si iye."
,66,12,"Pagubus inin, padurul disi Isa hap pī si puweblo Kapernaum. Saweꞌne magtuhutin saꞌinen, meꞌ pungtinaꞌinen, duk meꞌ tindegnen. Laꞌi siye patennaꞌ bang piyem bahangi."
,66,13,"Tapit ne pagkādjaꞌan meꞌ bangsa Israꞌilin ēnande Pangesseban. Hangkan pataked si Isa duk meꞌ tindegnen hap Awrusalam, lahat pagkādjaꞌanin."
,66,14,"Pagtekkade laꞌi, padiyalem siye dem langgal hadjehin. Iye takite si Isahin dem langgal miyaꞌan, meꞌ aꞌa magdagang sapiꞌ duk meꞌ bili-bili duk meꞌ assang para pagkuluban. Duk takitene isab meꞌ aꞌa magtingkoloꞌ si bihing lamisahanden magsambiꞌ-sambiꞌ sīn."
,66,15,"Pagkite si Isa siye laꞌi, ngeddoꞌ iye lubid hinangne lalagut bu pinaluwas siye kēmon weꞌ ne amban dem langgalin, sampay meꞌ bili-biliden duk meꞌ sapiꞌden. Ilintuwadan isab weꞌ ne meꞌ lamisahan meꞌ aꞌa magsambiꞌ-sambiꞌ sīnin duk kinanat weꞌ ne sīnden."
,66,16,"Duk paꞌinne si meꞌ aꞌa magdagang assangin, ""Paluwasun bi meꞌ daganganbi iyan amban dem langgal inin! Daꞌa hinangun bi tabuꞌan langgal inin, peggeꞌ inin lumaꞌ Samaku, Tuhanin."""
,66,17,"Pagkite meꞌ tindeg si Isahin hininangne inin, taꞌessebde weꞌ tasulat dem kitab, pinaꞌin laꞌi, ""Ellegku si lumaꞌnun, o Tuhan, kuweꞌ ebbut dem ateyku makapagkaꞌat aku."""
,66,18,"Manjari tinilew si Isa weꞌ meꞌ nakuraꞌ meꞌ Yahudihin, paꞌinde, ""Ine kapatutnu ngahinang meꞌ hininangnu miyaꞌan? Pakitehanun kami hinangan makaꞌulaliꞌ tandaꞌ kapatutnun."""
,66,19,"Sambungan si Isa siye, paꞌinne, ""Larakun bi langgal inin, duk patenggeku balik dem tellu ellew."" 20""Uy,"" paꞌin meꞌ nakuraꞌin, ""langgal inin, ampatpūꞌ duk ennem tahun pangahinang inin. Tapatenggenu balik dem tellu ellew hadja?"""
,66,21,"Saguwaꞌ hāti langgal pinaꞌin si Isahin, dumaꞌin langgal miyaꞌan, saguwaꞌ barannen."
,66,22,"Hangkan pagellum ne balik si Isa amban kamateynen, taꞌesseb meꞌ tindegnen weꞌ bakas bissāne inin. Duk kinahagad ne weꞌ de tasulat dem kitabin duk bakas binissā si Isahin."
,66,23,"Palaꞌi si Isa si Awrusalamin, baytu Kādjaꞌan Pangessebanin, ekka kahagad si iye pagkitede meꞌ hinangan makaꞌulaliꞌ hininangnen."
,66,24,"Saguwaꞌ si Isa gaꞌ ngandel si siye, peggeꞌ kataꞌuhanne pikilan duk diyalem atey manusiyaꞌin kēmon."
,66,25,"Bisan iye gaꞌi inakahan, kataꞌuhanne du bang ine dem atey manusiyaꞌin.
Yahiya 3"
,67,1,"Manjari inin, niyaꞌ dambuwaꞌ nakuraꞌ meꞌ Yahudihin, ēnnen si Nikodemus. Dambuwaꞌ iye Pariseo."
,67,2,"Dambuwaꞌ sangem pī iye pu si Isa duk paꞌinne, ""Tuwan, kataꞌuhan kami weꞌ kaꞌu dambuwaꞌ guru dinaꞌak weꞌ Tuhanin pitu. Peggeꞌ gaꞌi tahinangnu meꞌ hinangan makaꞌulaliꞌ hininangnun bang gaꞌ kew kaꞌurungan balakat weꞌ Tuhanin."""
,67,3,"Nambung si Isa, paꞌinne, ""Sabennal akahante kew, bang aꞌahin gaꞌi inanakan balik, gaꞌi takitene pagbayaꞌan Tuhanin."""
,67,4,"Paꞌin Nikodemus, ""Saꞌingge aꞌahin inanakan balik bang bahiꞌ ne iye? Gaꞌi iye umasek balik pī dem betteng saꞌinen bu inanakan balik."""
,67,5,"Nambung si Isa, paꞌinne, ""Sabennal akahante kew, bang aꞌahin gaꞌi inanakan amban boheꞌ duk amban Niyawa Tuhanin, gaꞌi iye umasek dem pagbayaꞌan Tuhanin."
,67,6,"Inanakan weꞌ manusiyaꞌin, manusiyaꞌ du. Saguwaꞌ bang aꞌahin inanakan balik amban Niyawa Tuhanin, tahinang iye anak Tuhanin."
,67,7,"Daꞌa kew ulaliꞌ peggeꞌ paꞌinku si kaꞌu weꞌ subey kaꞌam kēmon inanakan balik,"" paꞌin si Isa. 8""Dalilnen baliyuhin. Baliyuhin nihup tungan-tungan kabayaꞌanne. Gaꞌi kataꞌuhan bang amban baliyuhin atawa bang tungan, saguwaꞌ takalenu begeddunen. Sa miyaꞌan du isab bang aꞌahin inanakan amban Niyawa Tuhanin, gaꞌi kataꞌuhan bang saꞌingge saguwaꞌ toꞌo."" 9""Saꞌingge kajarine inin?"" paꞌin Nikodemus."
,67,10,"Nambung si Isa, paꞌinne, ""Gaꞌi ke inin tahātinu bu guru bantu kew tuꞌu si bangsate Israꞌil?"
,67,11,"Sabennal akahante kew, kami iye inaka kamihin kinataꞌuhan kamihin, duk iye sinaksiꞌan kamihin meꞌ bakas takite kamihin. Saguwaꞌ gaꞌi kahagadbi panaksiꞌ kamihin."
,67,12,"Saꞌingge pakahagadbi panoloꞌku sabab surgaꞌin, bang bisan panoloꞌku sabab dunyahin gaꞌi kahagadbi?"
,67,13,"Gaꞌ niyaꞌ bakas tapī si surgaꞌ luwal aku, Anak Manusiyaꞌin. Duwaꞌi ku pitu amban surgaꞌ."
,67,14,"Si Musa awwalley, masa palaꞌine si lahat makagindew-gindewin magtuhut duk meꞌ bangsa Israꞌilin, ngahinang iye bantuk sawe amban tumbaga duk pinaꞌangkat duk binowet weꞌ ne diyataꞌ olom, supaya bang payaman meꞌ aꞌa bakas tatigtukin sawe miyaꞌan, kawuliꞌan siye. Damikkiyan aku, Anak Manusiyaꞌin, subey ku isab pinaꞌangkat diyataꞌ olom duk pinapatey,"
,67,15,"supaya kēmon masandel si akuhin ellum salama-lama laꞌi si panaꞌanan Tuhanin."" Iye inin bissā si Isa pu Nikodemusin."
,67,16,"Kinalasahan teꞌed weꞌ Tuhanin manusiyaꞌin, hangkan sinōngan weꞌ ne Anakne dambuwaꞌ-buwaꞌin pinapatey, supaya kēmon masandel si Anaknen gaꞌi pasapeꞌ amban Tuhan saguwaꞌ ellum siye salama-lama laꞌi si panaꞌanan Tuhanin."
,67,17,"Pinapitu weꞌ Tuhanin Anaknen si dunya dumaꞌin ngalaboꞌan manusiyaꞌin hukuman, saguwaꞌ muwasan duseden."
,67,18,"Sine-sine sandel si Anak Tuhanin gaꞌi tewwaꞌ hukuman Tuhanin. Manggaꞌi masandelin, tewwaꞌ hukuman Tuhanin ne, peggeꞌ gaꞌ iye sandel pu si Isa, Anak Tuhan dambuwaꞌ-buwaꞌin."
,67,19,"Iye inin jānnen hangkan siye tewwaꞌ hukuman Tuhanin, peggeꞌ tiyaꞌ ne pitu si Isa si dunya ngadantaꞌan pikilan manusiyaꞌin, saguwaꞌ gaꞌi manusiyaꞌin mabayaꞌ si dantaꞌin. Kabayaꞌande lindemin peggeꞌ meꞌ hinanganden laꞌat."
,67,20,"Kēmon maghinang malaꞌatin bunsi teꞌed si dantaꞌin duk gaꞌi iye patapit si dantaꞌin, peggeꞌ gaꞌi iye bayaꞌ weꞌ takite meꞌ hinanganne malaꞌatin."
,67,21,Saguwaꞌ kēmon maghinang mabentelin pī dem dantaꞌ supaya pastiꞌ takite weꞌ meꞌ hinangannen nuhut pangandaꞌakan Tuhanin.
,67,22,"Pagubus inin, hap pī si Isa duk meꞌ tindegnen si meꞌ kalahatan si Yahudiya. Tiggel-tiggel siye laꞌi duk magpandi siye meꞌ aꞌa laꞌi. 23-24,Gaꞌ pe miyaꞌan si Yahiya takalabusu. Magpandi meꞌ aꞌa isab Yahiya laꞌi si lahat Anon peggeꞌ ekka boheꞌ laꞌi. Lahat Anon inin tapit si lahat Salim. Ekka meꞌ aꞌa magpīhan si iye duk pinandi siye weꞌ ne."
,67,25,Manjari meꞌ tindeg Yahiyahin magsuꞌal duk dambuwaꞌ Yahudi sabab addat pagsutsihin.
,67,26,"Hap pī meꞌ tindeg Yahiya miyaꞌan si iye duk paꞌinde si iye, ""Tuwan, taꞌessebnu ke aꞌa saweꞌnu magtuhut laꞌi si lipag boheꞌ Jordanin, iye bakas inakanun? Na kuweꞌitu magpandi meꞌ aꞌa ne iye, duk ekka teꞌed aꞌa hap pī si iye."""
,67,27,"Nambung Yahiya, paꞌinne, ""Gaꞌ niyaꞌ kapatut aꞌa bang dumaꞌin pangurung Tuhan si iye."
,67,28,"Kaꞌam iyan magsaksiꞌan aku weꞌ bakas tapaꞌinku weꞌ dumaꞌin ku Almasihin. Pinapitu ku hadja dehellu amban iye, magpanyap para si iye."
,67,29,"Bang upama niyaꞌ magkawin, pangantin lellahin dapuꞌ andahin. Saguwaꞌ bagaynen nengge-nengge laꞌi duk pakale-kale. Sinna iye pagtakalene missā pangantin lellahin. Kami duk si Isa kuweꞌ siye miyaꞌan du isab,"" paꞌin Yahiya. ""Kēgan ne ku manamal."
,67,30,"Subey iye pasōng pinahadje saguwaꞌ aku subey ne padiyawaꞌ-diyawaꞌ,"" paꞌin Yahiya."
,67,31,"Mapitu amban surgaꞌin langkew amban kēmon. Aꞌa amban dunyahin, luwal hadja sabab dunya binissānen peggeꞌ aꞌa dunya iye. Saguwaꞌ mapitu amban surgaꞌin langkew amban kēmon."
,67,32,"Meꞌ panoloꞌnen meꞌ bakas takitene duk takalene laꞌi si surgaꞌin, saguwaꞌ gaꞌ niyaꞌ kahagad si panoloꞌnen."
,67,33,"Bang niyaꞌ kahagad si panoloꞌnen, magbennal iye sabab inin weꞌ kēmon pinaꞌin Tuhanin asal bennal."
,67,34,"Almasi pinapitu weꞌ Tuhanin, duk iye binissānen, lapal Tuhanin, peggeꞌ pangurung si iye Niyawa Tuhanin, Niyawa Tuhanin gaꞌ teꞌed niyaꞌ kulang pu Almasi."
,67,35,Malasa teꞌed Tuhanin si Anaknen duk inurungan iye weꞌ ne kapatut si kēmon-kēmonin.
,67,36,"Sine-sine sandel si Anak Tuhanin ellum salama-lama. Saguwaꞌ manggaꞌi masandel duk manuhut si Anak Tuhanin, gaꞌ niyaꞌ umulne salama-lama. Bisan miyaꞌan, pateteg si iye mulkaꞌ Tuhanin salama-lama.
Yahiya 4"
,68,1,"Manjari, takale meꞌ Pariseohin weꞌ mas ekka koꞌ aꞌa patindeg pu si Isa duk tapandi weꞌ ne amban meꞌ mapatindeg pu si Yahiyahin. 2(Saguwaꞌ iye matoꞌohin, dumaꞌin si Isa magpandi meꞌ aꞌahin saguwaꞌ meꞌ tindegnen hadja.)"
,68,3,"Pagkataꞌuhan weꞌ si Isa sabab meꞌ suwi-suwi inin, tahalaꞌ iye duk meꞌ tindegnen amban lahat Yahudiya balik pī si lahat Jalil."
,68,4,Subey siye pabutas amban lahat Samariya.
,68,5,"Pagtekka siye si lahat Samariya, hap pī siye si dambuwaꞌ puweblo inēnan Sikar. Tapit puweblo inin si bulak pinangurung weꞌ si Yakub si anaknen Yusup awwalley."
,68,6,"Laꞌi si antag miyaꞌan niyaꞌ kupung bakas hininang weꞌ si Yakub awwalley. Ningkoloꞌ si Isa si higad kupungin peggeꞌ pekkeng iye si paglengnganan. Lettu ne miyaꞌan ellewin. 7-8,Meꞌ tindegnen gaꞌ laꞌi peggeꞌ laꞌi siye hap puweblo melli kinakande. Gaꞌ tiggel niyaꞌ tekka pī dende Samariya nginduk boheꞌ. Paꞌin si Isa si iye, ""Dende, urungun ku boheꞌ inumku."""
,68,9,"Nambung dendehin, paꞌinne, ""Oy, bangsa Yahudi kew. Weꞌey kew māku boheꞌ si aku bu bangsa Samariya ku?"" Missā dendehin kuweꞌ miyaꞌan peggeꞌ meꞌ Yahudihin gaꞌi hep bayaꞌ ngangguna meꞌ panyap meꞌ aꞌa Samariyahin."
,68,10,"Nambung si Isa, paꞌinne, ""Bang hadja kataꞌuhannu bang ine pangurung Tuhan si manusiyaꞌin duk bang sine ku, mamāku boheꞌ si kaꞌu kuweꞌitu inin, bugtuꞌ asal māku kew isab boheꞌ si aku duk paꞌinumte kew boheꞌ makapakellumin."" 11""Tuwan,"" paꞌin dendehin, ""antag kew ngeddoꞌ boheꞌ makapakellumin? Gaꞌ hatiꞌ niyaꞌ panginduknu duk lalem hep kupung inin."
,68,12,"Kupung inin taꞌamban si kami weꞌ papuꞌten bi si Yakub. Siye magtewtey-anakin duk sampay meꞌ hayepden, tuꞌu si kupung inin panginumanden. Weꞌ labi kapatutnun amban kapatut si Yakubin?"""
,68,13,"Nambung si Isa, paꞌinne, ""Kēmon manginum boheꞌ kupung inin, lekkakan du balik."
,68,14,"Saguwaꞌ sine-sine makaꞌinum boheꞌ pamaꞌinumku iyehin, gaꞌi ne teꞌed lekkakan balik. Peggeꞌ boheꞌ pamaꞌinumku iyehin manjari kuweꞌ buwal neyibuwa diyalem ateyne, ngurungan iye boheꞌ makapakellum iye salama-lama."" 15""Tuwan,"" paꞌin dendehin, ""urungun ku boheꞌ pinaꞌinnu inin inumku, duk ne ku gaꞌi lekkakan balik duk gaꞌi ne ku subey magpituhan nginduk boheꞌ."" 16""Pī kew eddoꞌun ellanun,"" paꞌin si Isa, ""bu boꞌohun pitu."" 17""Gaꞌ niyaꞌ ellaku,"" sambung dendehin. Paꞌin si Isa si iye, ""Toꞌo pinaꞌinnu iyan. Gaꞌ niyaꞌ ellanu."
,68,18,"Peggeꞌ minlime kew bakas magella saguwaꞌ saweꞌnu magdambuwaꞌ kuweꞌituhin dumaꞌin ellanu. Toꞌo pinaꞌinnun."""
,68,19,"Paꞌin dendehin pu si Isa, ""Tuwan, bahu kataꞌuhanku weꞌ kaꞌu inin nabi hatiꞌ."
,68,20,"Meꞌ kapapuꞌan kami bangsa Samariyahin,"" paꞌinne, ""tuꞌu si punu inin lugal panambahayangande Tuhanin. Saguwaꞌ kaꞌam meꞌ Yahudihin, paꞌinbi weꞌ subey laꞌi si Awrusalam panambahayangante bi Tuhanin."""
,68,21,"Paꞌin si Isa si iye, ""Dende, kahagadun pinaꞌinku inin. Niyaꞌ du iyan waktu si pasōngan, bang meꞌ aꞌahin nambahayang si Samate bi Tuhanin, dumaꞌin tuꞌu si punu inin atawa laꞌi si Awrusalam."
,68,22,"Kaꞌam meꞌ bangsa Samariyahin, magsambahayang kaꞌam saguwaꞌ awam kaꞌam bang ine sinambahayangbin. Kami meꞌ Yahudihin, kataꞌuhan kami bang sine sinambahayang kamihin, peggeꞌ manimbul meꞌ manusiyaꞌin paguwaꞌ hep amban bangsa Yahudi."
,68,23,"Saguwaꞌ tekka du waktuhin duk kuweꞌitu ne hep, weꞌ meꞌ aꞌa manambahayang sabennalin, sambahayangde du Samate bi Tuhanin amban dem ateyde duk asal toꞌo panambahayangden. Kuweꞌ iyan kinabayaꞌan Samate bi Tuhanin panambahayang si iyehin."""
,68,24,"Paꞌin si Isa pe, ""Tuhanin poꞌon niyawa, lagiꞌ niyawa du iye, dumaꞌin du iye kuweꞌ manusiyaꞌ taga baran. Duk sasuku manambahayang si iyehin subey sambahayangde iye amban dem ateyde duk subey toꞌo panambahayangde si iyehin."""
,68,25,"Paꞌin dendehin pu si Isa, ""Asal kataꞌuhanku niyaꞌ du pitu si pasōngan magsultan si kite bi, iye Almasihin. Pagtekka iye pitu, pahātihanne du si kami kēmon-kēmonin."""
,68,26,"Paꞌin si Isa, ""Aku ne hep, iye mamissā si kaꞌu inin."""
,68,27,"Bahu ubus bissāne inin, tekka ne meꞌ tindeg si Isahin. Ulaliꞌ siye peggeꞌ kitede niyaꞌ dende saweꞌne magbissā-bissā. Saguwaꞌ gaꞌ siye nilew dendehin bang ine akanen, atawa nilew si Isa bang weꞌey iye magbissā-bissā duk dende miyaꞌan."
,68,28,"Manjari inambanan weꞌ dendehin komboꞌne pangisi-ngisihanne boheꞌin duk balik iye pī si puweblo. Pagtekkane laꞌi, missā iye si meꞌ aꞌa malaꞌihin."
,68,29,"Paꞌinne, ""Dayiꞌ be kaꞌam nuhut aku. Payamanun bi, niyaꞌ aꞌa ngakahan aku kēmon bakas tahinangku ilabeyin. Dumaꞌin enteꞌ iye Almasihin?"""
,68,30,Manjari paluwas meꞌ aꞌa miyaꞌan amban puweblo duk lumengngan siye pī mayaman si Isa.
,68,31,"Paglumikut ne dendehin hap puweblo, binuyuꞌ-buyuꞌ si Isa weꞌ meꞌ tindegnen dinaꞌak mangan. Paꞌinde, ""Tuwan, mangan kew."""
,68,32,"Saguwaꞌ sambungan si Isa siye, paꞌinne, ""Niyaꞌ du kinakanku gaꞌi kataꞌuhanbi."""
,68,33,"Hangkan meꞌ tindegnen magtilew-tinilew, paꞌinde, ""Niyaꞌ enteꞌ bakas moꞌohan iye kinakan?"""
,68,34,"Paꞌin si Isa si siye, ""Iye makaꞌesso akuhin, bang tahinangku kinabayaꞌan Tuhanin, iye mamapitu akuhin, duk subey ubusanku hinang pinahinangne si akuhin."
,68,35,"Dumaꞌin ke niyaꞌ eliꞌanbi, paꞌinbi, 'Ampat bulan pe meke pagani?' Saguwaꞌ akahante kaꞌam,"" paꞌin si Isa, ""taꞌabut ne paganihin. Pantewun bi be meꞌ aꞌa mapitu iyan. Bang ibatan paleyin, tahak ne siye duk sarang ne pinagani. Hātinen sōng ne siye kahagad si aku."
,68,36,"Meꞌ aꞌa magtipun siyehin binoꞌo si aku, tinumbasan du hāp. Duk meꞌ aꞌa tinipunden inurungan umul du salama-lama. Hangkan saliꞌ-saliꞌ kēgan magtanemin duk magtipunin."
,68,37,"Toꞌo eliꞌan inin, paꞌinde, 'Sakadangan magtanemin, seddili mamaganihin.'"
,68,38,"Daꞌakte kaꞌam magani gaꞌ pagluꞌuganbin. Seddili magluꞌugin saguwaꞌ makahampit kaꞌam amban pagluꞌuganden."""
,68,39,"Manjari ekka meꞌ aꞌa Samariya amban puweblo Sikarin kahagad pu si Isa sabab pinaꞌin dendehin. Paꞌinne hep, ""Inakahan ku weꞌ ne kēmon bakas tahinangku ilabeyin."""
,68,40,"Hangkan pagtekka meꞌ aꞌa Samariyahin laꞌi pu si Isa, inohotan iye weꞌ de laꞌi dahuꞌ si siye patennaꞌ. Duk patennaꞌ si Isa laꞌi duwem bahangi."
,68,41,"Sasang laꞌi pe iye, ekka pe meꞌ aꞌa kahagad pu si Isa sabab panoloꞌne si siyehin."
,68,42,"Paꞌinde si dendehin, ""Kuweꞌitu kahagad ne kami pu si Isa, dumaꞌin ne sabab inakanu si kamihin, saguwaꞌ peggeꞌ asal di kami ne makakale meꞌ panoloꞌnen, duk kataꞌuhan kami weꞌ sabennal iye manimbul meꞌ manusiyaꞌ si dunyahin."""
,68,43,"Pagpuwas duwem bahangi laꞌi, tahalaꞌ si Isa duk meꞌ tindegnen amban Sikar hap pī si lahat Jalil."
,68,44,"Bakas tabissā si Isa hep, paꞌinne, ""Basta nabi, gaꞌi pagaddatan weꞌ meꞌ aꞌa lahatnen."""
,68,45,"Pagtekka disi Isa laꞌi si lahat Jalil, sinampang siye weꞌ meꞌ aꞌahin peggeꞌ bakas siye laꞌi si Awrusalam baytu Kādjaꞌan Pangessebanin duk bakas takitede kēmon hininang si Isa malaꞌihin."
,68,46,"Manjari balik si Isa pī si Kana, laꞌi si lahat Jalil. Laꞌi hep si Kana bakas pinamanjari boheꞌ ubas weꞌ ne boheꞌin. Manjari sumābu isab laꞌi dambuwaꞌ bagellal sultanin. Saki anakne lellahin laꞌi si puweblo Kapernaum."
,68,47,"Pagkale bagellal inin weꞌ tekka ne si Isa laꞌi si lahat Jalil amban lahat Yahudiya, magtawus iye pī pu si Isa. Binuyuꞌ-buyuꞌ weꞌ ne si Isa binoꞌo pī hap Kapernaum makoleꞌ anaknen, peggeꞌ sōng ne matey."
,68,48,"Paꞌin si Isa si iye, ""Bang kaꞌam gaꞌi makakite meꞌ tandaꞌ duk meꞌ hinangan makaꞌulaliꞌ, gaꞌi kaꞌam kahagad."""
,68,49,"Paꞌin bagellalin si iye, ""Andūꞌ, Tuwan, nuhut ne kew aku pādpād gaꞌ pe matey anakkun."" 50""Hap lumaꞌ ne kew,"" paꞌin si Isa. ""Koleꞌ du anaknun."" Kinahagad weꞌ aꞌahin pinaꞌin si Isahin duk hap lumaꞌ ne iye."
,68,51,"Sasangne pe si lān hap lumaꞌin, pasampang si iye meꞌ daraꞌakannen duk inakahan iye weꞌ de, paꞌinde, ""Koleꞌ ne anaknun."""
,68,52,"Tinilew siye weꞌ ne bang lisag piye kakoleꞌnen duk paꞌinde, ""Diꞌilew lisag dambuwaꞌ kohapin, gaꞌ ne iye maglemmun."""
,68,53,"Manjari taꞌesseb sama nakanakin weꞌ iye ne teꞌed miyaꞌan ora pagpaꞌin si Isa si iyehin, ""Anaknun koleꞌ du."" Hangkan kahagad ne iye pu si Isa duk sampay kēmon saweꞌne dambuwaꞌ lumaꞌin kahagad du isab."
,68,54,"Kaduwe inin ne tandaꞌ makaꞌulaliꞌ hininang si Isa si lahat Jalilin, pabalikne si Jalil amban Yahudiyahin.
Yahiya 5"
,69,1,"Gaꞌ tiggel puwas inin, pataked disi Isa hap Awrusalam peggeꞌ niyaꞌ kādjaꞌan meꞌ Yahudihin laꞌi."
,69,2,"Laꞌi si Awrusalam niyaꞌ limbu, ēnnen bang si bissā Yahudi, limbu Betsata. Limbu inin si bihing dambuwaꞌ meꞌ tarangka padiyaleman hap Awrusalamin, inēnan tarangka bili-bili. Niyaꞌ lime lumaꞌ-lumaꞌ pasayindungan si bihing limbu miyaꞌan."
,69,3,"Tuꞌu si meꞌ lumaꞌ-lumaꞌ inin, ekka meꞌ aꞌa saki pabāk. Niyaꞌ siye pessek, niyaꞌ pengkaꞌ duk niyaꞌ matey baranden. (Inagad-agad weꞌ de paseyibuwa boheꞌ dem limbuhin."
,69,4,"Peggeꞌ bang patekka niyaꞌ malaꞌikat Tuhanin pī dem limbu ngutaꞌul boheꞌin. Duk madumehellu mapī dem boheꞌin, pagubus kutaꞌul boheꞌin, kawuliꞌan bisan ine sakinen.)"
,69,5,Niyaꞌ dambuwaꞌ aꞌa laꞌi tellumpūꞌ duk walun tahun ne sakinen.
,69,6,"Takite si Isa iye pabāk-bāk laꞌi duk kataꞌuhanne weꞌ tiggel ne saki aꞌa miyaꞌan. Manjari tilew si Isa iye, paꞌinne, ""Bayaꞌ ke kew koleꞌ?"""
,69,7,"Nambung aꞌa sakihin, paꞌinne, ""Aweꞌ, Tuwan. Saguwaꞌ gaꞌ niyaꞌ mengket aku pī dem limbu bang ne kutaꞌul boheꞌin. Duk sasangku pe paꞌinsud pī, niyaꞌ ne dumehellu amban aku."""
,69,8,"Paꞌin si Isa si iye, ""Kuwat kew, boꞌohun pabākannun bu nu ne lumengngan."""
,69,9,"Magtawus aꞌahin koleꞌ. Binoꞌo weꞌ ne pabākannen bu lumengngan ne iye.Na, ellew miyaꞌan, ellew Sabtuꞌ, ellew liꞌi meꞌ Yahudihin."
,69,10,"Hangkan pagkite meꞌ nakuraꞌ Yahudihin aꞌa makawuliꞌanin magboꞌo pabākannen, paꞌinde, ""Hoy! Ellew liꞌi maꞌin. Langgalannu saraꞌten bi pamoꞌonu pabākannu iyan."""
,69,11,"Sambunganne siye, paꞌinne, ""Aꞌa mamakoleꞌ akuhin, daꞌakne binoꞌo si aku pabākankun duk daꞌakne ku lumengngan."" 12""Sine aꞌa mangandaꞌak kaꞌuhin?"" paꞌinde."
,69,13,"Saguwaꞌ gaꞌ kataꞌuhanne bang sine, peggeꞌ ekka teꞌed aꞌa laꞌi si higad limbu duk magtawus si Isa tahalaꞌ."
,69,14,"Puwas inin, takasuwaꞌ si Isa aꞌa bakas masakihin laꞌi dem langgal hadjehin. Paꞌin si Isa si iye, ""Payamanun, koleꞌ ne kew. Hangkan lebbahanun ne dusenun, kaw pe niyaꞌ pasōng laꞌat tekka si kaꞌu."""
,69,15,Manjari tahalaꞌ aꞌahin duk pī iye ngakahan meꞌ nakuraꞌ meꞌ Yahudihin weꞌ si Isa makoleꞌ iyehin.
,69,16,"Hangkan hep si Isa kinuntarahan teꞌed weꞌ meꞌ nakuraꞌ meꞌ Yahudihin, peggeꞌ pinakoleꞌ weꞌ ne aꞌa sakihin baytu ellew liꞌi."
,69,17,"Manjari sambungan si Isa siye, paꞌinne, ""Samaku Tuhanin luwal maghinang sampay maꞌin, damikkiyan aku, maghinang ku isab."""
,69,18,"Peggeꞌ kuweꞌ miyaꞌan sambung si Isahin, hangkan tinuyuꞌan teꞌed iye pinapatey weꞌ de, dumaꞌin hadja peggeꞌ langgalanne saraꞌ ellew liꞌihin, saguwaꞌ peggeꞌ paꞌinne isab weꞌ Tuhanin Samanen, hātinen pasaliꞌne dinen si Tuhanin."
,69,19,"Sambungan si Isa meꞌ nakuraꞌ miyaꞌan, paꞌinne, ""Sabennal akahante kaꞌam, gaꞌ teꞌed niyaꞌ tahinangku bang baran-baranku hadja. Saguwaꞌ ine-ine takiteku hinang Samakun, iye isab miyaꞌan hininangkun. Kēmon hininang Samanen iye du isab hininang Anaknen."
,69,20,"Peggeꞌ kinalasahan ku weꞌ Samaku Tuhanin, duk pinakitaꞌu weꞌ ne si aku kēmon hininangnen. Duk si pasōngan pahinangne pe ku iyan meꞌ hinangan pasōng balakatan amban meꞌ tahinangku ilabeyin, ubus bu kēmon kaꞌam ulaliꞌ manamal."
,69,21,"Samaku Tuhanin makapakellum aꞌa matey. Damikkiyan isab aku, Anak Tuhanin, tapakellumku sine-sine kabayaꞌanku."
,69,22,"Duk dumaꞌin Samakun Tuhanin mangahukum me manusiyaꞌin. Saguwaꞌ pinangurung weꞌ ne si aku kapatut mangahukum manusiyaꞌin kēmon,"
,69,23,"supaya kēmon aꞌahin, pahadjede ku kuweꞌ pamahadjede Tuhanin. Sine-sine gaꞌi mahadje Anak Tuhanin, gaꞌi du isab pahadjene Samaku Tuhanin, iye mamapitu akuhin. 24""Sabennal akahante kaꞌam, sine-sine makakale meꞌ panoloꞌkun duk kahagad si mamapitu akuhin, ellum iye salama-lama. Gaꞌi iye tewwaꞌ hukuman Tuhanin. Gaꞌi ne iye legga Tuhanin saguwaꞌ ellum iye salamalama."
,69,25,"Sabennal akahante kaꞌam,"" paꞌin si Isa, ""taꞌabut ne waktuhin, kēmon manggaꞌ pe makahagadin, meꞌ dalil pateyin, kalede suwalakun, aku Anak Tuhanin. Duk kēmon makakalehin pinakellum du."
,69,26,"Samakun poꞌon umulin, duk aku inin poꞌon umulin kuweꞌ Samakun du, sabab kapatut pinangurungne si akuhin."
,69,27,"Duk kaꞌurungan ku isab weꞌ Samakun kapatut ngahukum meꞌ manusiyaꞌin, peggeꞌ aku iye inēnan Anak Manusiyaꞌin."
,69,28,"Daꞌa kaꞌam ulaliꞌ si bissāku inin,"" paꞌin si Isa. ""Niyaꞌ waktu si pasōngan, kēmon pateyin kalede du suwalakun."
,69,29,"Pagkalede, paguwaꞌ siye amban dem kubulde. Meꞌ aꞌa bakas maghinangan mahāpin, paguwaꞌ duk ellum siye salama-lama si surgaꞌ. Duk meꞌ aꞌa bakas maghinangan malaꞌatin, paguwaꞌ du isab duk tewwaꞌ hukuman Tuhanin siye, duk ilegga siye."""
,69,30,"Paꞌin si Isa, ""Gaꞌ niyaꞌ tahinangku bang baran-baranku hadja. Ngahukum ku hadja kuweꞌ pangandaꞌakan Samaku akuhin. Hangkan bentel hukumankun. Peggeꞌ dumaꞌin tinuyuꞌanku hininangin kinabayaꞌankun, saguwaꞌ kinabayaꞌan Tuhan mamapitu akuhin."
,69,31,"Bang aku hadja missā sabab dikun, gaꞌi du ku kahagadbi."
,69,32,"Saguwaꞌ niyaꞌ seddili naksiꞌan aku. Kataꞌuhanku weꞌ panaksiꞌne si akuhin asal bennal."""
,69,33,"Paꞌin si Isa pe, ""Bakas kaꞌam ngandaꞌak meꞌ aꞌabi pī pu Yahiya. Duk inaka weꞌ Yahiya mabennalin sabab aku."
,69,34,Saguwaꞌ dumaꞌin pangandelankun saksiꞌ manusiyaꞌ. Bissāku hadja inin sabab Yahiya supaya kaꞌam timbul.
,69,35,"Si Yahiya kuweꞌ dalil payitaꞌan kayat ngurung dantaꞌ si pikilan manusiyaꞌ duk sinna kaꞌam si dantaꞌnen, hātinen si panoloꞌnen, bisan daddaliꞌ hadja."
,69,36,Saguwaꞌ niyaꞌ saksiꞌ si aku pasōng basagnen amban panaksiꞌ Yahiyahin. Iye ne meꞌ hinang bakas tahinangkun. Meꞌ hinangku inin amban pangandaꞌakan Samaku Tuhanin duk daꞌakne si aku inubus. Asal meꞌ hinang hininangku ne inin naksiꞌan aku weꞌ Samaku Tuhanin mamapitu akuhin.
,69,37,"Duk Samakun, iye mamapitu akuhin, saksiꞌanne ku isab. Saguwaꞌ gaꞌ bakas takalebi suwalanen duk gaꞌ bakas takitebi bayhuꞌnen."
,69,38,"Duk gaꞌ lapalnen paꞌessep dem ateybi peggeꞌ gaꞌ kaꞌam kahagad si aku, iye pinapitune si kaꞌamin."
,69,39,"Kaꞌam iyan, magtuyuꞌ teꞌed kaꞌam ngadjiꞌ kitabin, peggeꞌ tapikilbi bang kaꞌam ngadjiꞌ ngasuwaꞌ umul kaꞌam salama-lama si surgaꞌ. Bu kitab inin ne magaka sabab akuhin."
,69,40,"Saguwaꞌ gaꞌi kaꞌam ngatu patuhut si aku, bu aku makaꞌurungan kaꞌam umul gaꞌ tamanannen."""
,69,41,"Paꞌin si Isa pe si meꞌ nakuraꞌ meꞌ Yahudihin, ""Dumaꞌin inapaskun sanglitan manusiyaꞌ ku."
,69,42,Saguwaꞌ kataꞌuhanku bang ine dem ateybin. Kataꞌuhanku gaꞌ niyaꞌ lasabi si Tuhan.
,69,43,"Bisan ku pitu inurungan kapatut amban Samaku Tuhanin, gaꞌi du ku kahagadbi. Saguwaꞌ bang niyaꞌ aꞌa seddili pitu magkapatutan dine, kahagadbi iye."
,69,44,"Saꞌingge pakahagadbi si akuhin bang iye kabayaꞌanbin sanglitan saweꞌbin kaꞌam? Gaꞌi iye apasbi sanglit amban Tuhanin, Tuhan dambuwaꞌ-buwaꞌin."
,69,45,"Daꞌa pikilun bi weꞌ sumbungte kaꞌam si Samaku Tuhanin laꞌi si ellew paghukum. Dumaꞌin aku saguwaꞌ si Musa, mamasampay si kaꞌam saraꞌ tinuhutbin, iye manumbung kaꞌamin."
,69,46,"Bang bennal kaꞌam kahagad pu si Musa, subey kaꞌam kahagad si aku peggeꞌ sabab aku hep sinulatne dem kitabin."
,69,47,"Saguwaꞌ peggeꞌ gaꞌi kahagadbi meꞌ sinulat si Musahin, saꞌingge pakahagadbi meꞌ bissākun?""
Yahiya 6
1-4,Dambuwaꞌ ellew, pagtapit ne isab pagkādjaꞌan meꞌ Yahudi inēnande Kādjaꞌan Pangessebanin, palipag si Isa pī si dambiyaꞌ lamew Jalil, inēnan isab lamew Tiberi. Banes teꞌed aꞌa paturul si iye peggeꞌ bakas takitede meꞌ hinanganne makaꞌulaliꞌin pagpakoleꞌne meꞌ aꞌa masakihin. Manjari pataked si Isa duk meꞌ tindegnen pī si punu duk ningkoloꞌ siye laꞌi."
,69,5,"Pagpayam si Isa, banes teꞌed aꞌa takitene hap pī si iye. Hangkan paꞌinne pu si Pilip, dambuwaꞌ tindegnen, ""Antag kite melli kinakan pamakan meꞌ aꞌa inin kēmon?"""
,69,6,"Paꞌin si Isa inin panuleyanne si Pilip bang ngandel ke iye si balakatnen. Bang si Isa, asal kataꞌuhanne bang ine sōng hininangnen."
,69,7,"Sambungan si Pilip iye, paꞌinne, ""Tangdan aꞌa maghinang dem walum bulan gaꞌi umabut pamelli kinakan pamakan meꞌ aꞌa inin, supaya dangan-dangan makaꞌakan tadaꞌahat."""
,69,8,"Manjari nambung dambuwaꞌ tindeg si Isa seddili, si Andariyas. Si Andariyas inin pungtinaꞌi si Simon Petros."
,69,9,"Paꞌinne pu si Isa, ""Niyaꞌ tuꞌu nakanak lella-lella, niyaꞌ lime kayuꞌ panne duk duwe kennane. Saguwaꞌ asal gaꞌi umabut pamakan meꞌ aꞌa inin kēmon."""
,69,10,"Manjari paꞌin si Isa si meꞌ tindegnen, ""Daꞌakun bi meꞌ aꞌahin ningkoloꞌ."" Laꞌi si antag miyaꞌan luha balilinen. Ningkoloꞌ siye kēmon laꞌi. Meꞌ lellahin hadja, niyaꞌ lime ngibu ekkahanden. Seddili pe meꞌ dendehin duk meꞌ nakanakin."
,69,11,"Manjari ineddoꞌ weꞌ si Isa pan nakanakin bu magpasalamat iye si Tuhan, ubus bu binahagiꞌ-bahagiꞌ weꞌ ne si meꞌ aꞌa magtingkoloꞌin. Damikkiyan isab binahagiꞌ-bahagiꞌ weꞌ ne kennahin duk inurungan siye taman kinabayaꞌanden."
,69,12,"Pagesso ne siye, paꞌin si Isa si meꞌ tindegnen, ""Tipunun bi meꞌ lukasin supaya gaꞌ niyaꞌ tapakaꞌat."""
,69,13,"Manjari tinipun ne weꞌ de kēmon lukasin. Amban pan lime kayuꞌ kinakan meꞌ aꞌahin, lukas tinipunden niyaꞌ sampuūꞌ duk duwe bakaꞌ pennoꞌ."
,69,14,"Pagkite meꞌ aꞌa malaꞌihin hinangan makaꞌulaliꞌ tahinang si Isa miyaꞌan, paꞌinde, ""Asal inin ne teꞌed nabi inagad-agadte bi mapitu si dunyahin."""
,69,15,"Kataꞌuhan si Isa weꞌ meꞌ aꞌahin sōng pī niggew iye dinaꞌak magsultan si siye, hangkan magtawus iye tahalaꞌ duk pī iye si punu dendang-dendangan."
,69,16,"Pagsōng magalib ne, padurul meꞌ tindegnen pī si higad lamew."
,69,17,Lindem ne bu gaꞌ pe si Isa pī si siye. Manjari pasakey siye si bangkaꞌ duk palipag siye pī si dambiyaꞌ lamew tudju lahat Kapernaum.
,69,18,Gaꞌ du tiggel basag ne baliyuhin duk hadje goyakin.
,69,19,"Pagubus ne siye kapamusey lime atawa ennem kilumetro talahannen, takitede si Isa lumengngan diyataꞌ kuwit-kuwit lamew patapit pī si bangkaꞌde. Kadahitan teꞌed siye manamal."
,69,20,"Saguwaꞌ paꞌin si Isa si siye, ""Daꞌa kaꞌam tinalew. Aku hep ituꞌ."""
,69,21,"Sinakey weꞌ de si Isa duk pagsumakey ne iye, magtawus siye tekka si lahat tinudjuden."
,69,22,"Pagsasumuhin, meꞌ aꞌa mabanes mapaꞌamban si dambiyaꞌ lamewin, takitede weꞌ dambuwaꞌ du bangkaꞌ bakas malaꞌihin; duk kataꞌuhande weꞌ gaꞌ si Isa pasakey laꞌi nuhut meꞌ tindegnen, saguwaꞌ luwal du meꞌ tindegnen mapatulakin."
,69,23,Niyaꞌ meꞌ bangkaꞌ bahu tekka amban puweblo Tiberi padungguꞌ tapit si antag bakas pagkakanande panin pagubus si Isa magpasalamat.
,69,24,"Manjari pagkite meꞌ aꞌahin weꞌ gaꞌ hatiꞌ laꞌi si Isa atawa meꞌ tindegnen, pasakey siye si meꞌ bangkaꞌ miyaꞌan miha si Isa pī si Kapernaum."
,69,25,"Pagtakasuwaꞌde si Isa laꞌi si dambiyaꞌ lamew, paꞌinde si iye, ""Tuwan, sumiyan papitunun?"""
,69,26,"Sambungan si Isa siye, paꞌinne, ""Sabennal akahante kaꞌam, hangkan ku pihabi, peggeꞌ esso kaꞌam weꞌ panin. Saguwaꞌ gaꞌ tahātibi hinangan makaꞌulaliꞌ tahinangku si matahanbin."
,69,27,"Daꞌa iye pagtuyuꞌanun bi kinakan mamagkaꞌatin. Saguwaꞌ iye subey pagtuyuꞌanbin kinakan manggaꞌi magkaꞌatin, kinakan makaꞌellum salama-lamahin. Aku, Anak Manusiyaꞌin, mangurungan kaꞌam kinakan inin, peggeꞌ kaꞌurungan ku kapatut weꞌ Samaku Tuhanin."""
,69,28,"Manjari tinilew weꞌ de si Isa, paꞌinde, ""Na, ine ne paꞌin subey hinang kami duk tatuhut kami kinabayaꞌan Tuhanin?"""
,69,29,"Sambungan si Isa siye, paꞌinne, ""Iye inin kabayaꞌan Tuhan subey hininangbin, weꞌ subey kaꞌam kahagad si aku, iye pinapitunen."" 30-31,Paꞌinde pu si Isa, ""Tandaꞌ ine pinakitehannu si kamihin duk kami kahagad si kaꞌu? Meꞌ kapapuꞌanten bi mangan manna laꞌi dem lahat makagindew-gindew awwalley. Paꞌin kitabin, 'Inurungan siye weꞌ ne kinakan amban surgaꞌ.' Na, kaꞌu,"" paꞌinde pu si Isa, ""ine hinang tahinangnun?"""
,69,32,"Paꞌin si Isa si siye, ""Sabennal akahante kaꞌam, mannahin, kinakan pinangurung si Musahin, dumaꞌin miyaꞌan kinakan mabennal amban surgaꞌin. Kinakan amban surgaꞌin, iye kinakan pangurung Samaku si kaꞌamin, duk pinangurungne inin, kinakan mabennalin."
,69,33,"Peggeꞌ kinakan pangurung Tuhan inin, iye ne mapitu amban Tuhanin duk ngurung umul iye si manusiyaꞌ."""
,69,34,"Manjari māku meꞌ aꞌa miyaꞌan pu si Isa, paꞌinde, ""Tuwan, tiggelan kami ellum, urungun kami kinakan pinaꞌinnu inin."""
,69,35,"Paꞌin si Isa, ""Aku ne hep kinakan makaꞌellumin. Sasuku manuhut akuhin gaꞌi ne teꞌed inusan balik. Duk sasuku makahagad si akuhin, gaꞌi ne teꞌed lekkakan balik."
,69,36,"Na, bakas ne kaꞌam akahanku weꞌ bisan ku takitebi, gaꞌi du kaꞌam kahagad."
,69,37,"Kēmon pinasukuꞌ Samaku si akuhin, nuhut du si aku. Duk kēmon manuhut si akuhin, gaꞌi patahalaꞌku,"
,69,38,"peggeꞌ pitu ku dumaꞌin ngahinang kinabayaꞌankun saguwaꞌ ngahinang kinabayaꞌan Tuhanin, iye mamapitu akuhin."
,69,39,Kabayaꞌan Tuhanin weꞌ gaꞌ teꞌed niyaꞌ lepas amban aku meꞌ aꞌa pinasukuꞌne si akuhin. Saguwaꞌ subey pakellumku siye kēmon si ellew dambuli.
,69,40,"Peggeꞌ kabayaꞌan Samaku Tuhanin, weꞌ subey ellum salama-lama kēmon mangite duk makahagad si akuhin, Anaknen. Duk pakellumku siye si ellew dambuli."""
,69,41,"Manjari ngunub-ngunub meꞌ aꞌahin sabab pinaꞌin si Isa miyaꞌan pagpaꞌinne, ""Aku kinakan amban surgaꞌin."""
,69,42,"Paꞌinde, ""Dumaꞌin ke aꞌa inin si Isa, anak si Yusupin? Kataꞌuhante bi hep saꞌi-samanen. Weꞌey iye magpaꞌin weꞌ amban surgaꞌ iye?"""
,69,43,"Nambung si Isa paꞌinne, ""Daꞌa kaꞌam magkunub-kunub luꞌu."
,69,44,Gaꞌ niyaꞌ kapanuhut si aku bang gaꞌi iye urungan Tuhan mamapitu akuhin bayaꞌ nuhut aku. Duk manuhut si akuhin pakellumku du si ellew dambuli.
,69,45,"Niyaꞌ tasulat dem kitab kanabi-nabihanin sa inin, 'Tinoloꞌan du siye kēmon weꞌ Tuhanin.' "" Paꞌin si Isa pe, ""Kēmon mapakale si panoloꞌ Samaku Tuhanin, siye ne matumuhut si akuhin."
,69,46,"Dumaꞌin hātine inin weꞌ niyaꞌ manusiyaꞌ bakas ngite Samaku Tuhanin. Gaꞌ niyaꞌ bakas ngite Samakun; luwal hadja aku, mapitu amban Tuhanin, bakas mangite iyehin."
,69,47,"Sabennal akahante kaꞌam,"" paꞌin si Isa, ""sasuku makahagad si akuhin ellum salama-lama."
,69,48,"Aku kinakan makaꞌellumin,"" paꞌin si Isa. 49""Meꞌ kapapuꞌanbin makaꞌakan manna laꞌi si lahat makagindew-gindew, saguwaꞌ matey du siye."
,69,50,"Saguwaꞌ kinakan amban surgaꞌ inin, bang niyaꞌ aꞌa makaꞌakanne, gaꞌi iye matey."
,69,51,"Aku ne kinakan amban surgaꞌin. Aku ne kinakan makaꞌellumin. Bang niyaꞌ mangan kinakan inin, ellum iye salama-lama. Duk kinakan pamakanku si iyehin isikun. Paglillaꞌku barankun supaya kēmon manusiyaꞌin ellum salama-lama,"" paꞌin si Isa."
,69,52,"Manjari magjawab meꞌ Yahudihin sabab binissā si Isa miyaꞌan. Paꞌinde, ""Inumey pangurung aꞌa inin isinen pamakanne kite?"""
,69,53,"Paꞌin si Isa si siye, ""Sabennal akahante kaꞌam, bang gaꞌi du kakanbi isi Anak Manusiyaꞌin, hātinen isikun, duk bang gaꞌi du inumbi lahaꞌkun, gaꞌ niyaꞌ umulbi bennal."
,69,54,"Mamangan isikun duk manginum lahaꞌkun, ellum salama-lama. Duk pakellumku iye si ellew dambuli."
,69,55,Peggeꞌ isikun asal kinakan teꞌedin duk lahaꞌkun asal ininum teꞌedin.
,69,56,"Sasuku mamangan isikun duk manginum lahaꞌkun, teteg si aku, duk teteg ku si iye."
,69,57,"Samaku Tuhanin, mamapitu akuhin, asal iye poꞌon umulin duk ellum ku sababne. Damikkiyan isab aꞌa mamangan akuhin ellum du sababku."
,69,58,"Inin hep kinakan mapitu amban surgaꞌin,"" paꞌin si Isa. ""Kinakan inin gaꞌi magsaliꞌ duk kinakan takakan meꞌ kapapuꞌanbin, peggeꞌ bisan kakande kinakan miyaꞌan matey du siye. Bu kinakan amban surgaꞌ inin, sasuku manganne ellum salama-lama."""
,69,59,Binissā inin weꞌ si Isa sābune magtoloꞌ dem langgal laꞌi si Kapernaum.
,69,60,"Ekka meꞌ tindeg si Isahin makakale panoloꞌne inin duk paꞌinde, ""Asal makalanduꞌ pamanoloꞌne inin. Gaꞌ niyaꞌ makasandal pakale si iyan."""
,69,61,"Gaꞌ niyaꞌ ngakahan si Isa saguwaꞌ kataꞌuhanne weꞌ ngunub-ngunub siye sabab panoloꞌne miyaꞌan. Hangkan paꞌinne si siye, ""Laꞌat ke ateybin sabab panoloꞌku miyaꞌan?"
,69,62,"Na saꞌingge enteꞌ, bang kitebi ku, Anak Manusiyaꞌin, balik pī si lahat bakas palaꞌihanku matuꞌuhin?"
,69,63,"Akahante kaꞌam,"" paꞌin si Isa, ""Niyawa Tuhanin hep makapakellum kitehin bi. Bang kabasag manusiyaꞌin gaꞌ niyaꞌ gunane, gaꞌi makapakellum manusiyaꞌ. Meꞌ bakas panoloꞌku si kaꞌamin makapakellum peggeꞌ paluwas inin amban Niyawa Tuhanin."
,69,64,"Saguwaꞌ niyaꞌ kaꞌam gaꞌi kahagad si aku,"" paꞌin si Isa. Paꞌin si Isa miyaꞌan peggeꞌ asal kataꞌuhanne kemuwe tagnaꞌ bang sine manggaꞌi makahagad si iyehin duk bang sine mamuddihan iyehin."
,69,65,"Duk paꞌinne pe, ""Iye hep inin sababnen hangkan bakas paꞌinku si kaꞌam weꞌ gaꞌ niyaꞌ tumuhut si aku bang dumaꞌin Samaku Tuhanin mangurung bayaꞌ si iyehin."""
,69,66,Sabab miyaꞌan ekka meꞌ tindeg si Isahin tahalaꞌ amban iye duk gaꞌi ne nuhut iye.
,69,67,"Hangkan paꞌin si Isa si tindegne sampūꞌ duk duwehin, ""Na, kaꞌam, mabayaꞌ ke isab kaꞌam tahalaꞌ?"""
,69,68,"Nambung si Simon Petros, paꞌinne, ""Tuwan, sine panuhutan kamihin bang dumaꞌin kaꞌu? Luwal du kaꞌu makabissā meꞌ bissā makapakellum salama-lamahin."
,69,69,"Kahagad ne teꞌed kami duk kataꞌuhan kami ne teꞌed weꞌ kaꞌu masutsi mapitu amban Tuhanin."""
,69,70,"Paꞌin si Isa si siye, ""Kaꞌam ne iyan sampūꞌ duk duwe meꞌ tindegku tapeneꞌkun. Saguwaꞌ dangan kaꞌam paꞌasekan seyitan."""
,69,71,"Bissā si Isa inin sabab si Judas, anak si Simon Iskariyotin. Peggeꞌ si Judas inin dangan si meꞌ tindeg si Isa sampūꞌ duk duwehin duk iye mamuddihan si Isahin si pasōngan.
Yahiya 7"
,70,1,"Puwas inin, lumengngan si Isa si meꞌ kalahatan laꞌi si Jalil hadja. Gaꞌi iye mabayaꞌ pī si lahat Yahudiya peggeꞌ batang iye papatey meꞌ nakuraꞌ meꞌ Yahudi malaꞌihin."
,70,2,Manjari tapit ne pagkādjaꞌan meꞌ Yahudihin patennaꞌde dem meꞌ payad-payadin.
,70,3,"Paꞌin meꞌ pungtinaꞌi si Isa lellahin si iye, ""Hāp pe kew tahalaꞌ bittuꞌu. Subey kew pī si lahat Yahudiya duk isab takite meꞌ tindegnun meꞌ hinangnun."
,70,4,"Peggeꞌ bang niyaꞌ aꞌa mabayaꞌ bantu, subey gaꞌi tapukanne meꞌ hinangannen. Peggeꞌ iyuꞌ kew maghinang meꞌ hinangan makaꞌulaliꞌ, subey kew pakite si meꞌ aꞌahin kēmon."""
,70,5,"Bisan hep meꞌ pungtinaꞌinen, gaꞌi kahagad si iye. 6-7,Manjari paꞌin si Isa si siye, ""Gaꞌ pe taꞌabut waktu pamakiteku dikun. Bang kaꞌam, bisan waktu ine makajari peggeꞌ gaꞌi du kaꞌam kabunsihan weꞌ meꞌ aꞌa si dunyahin. Bu aku, kabunsihan ku weꞌ de peggeꞌ luwal siye paꞌinanku weꞌ meꞌ hinanganden laꞌat."
,70,8,"Pī kaꞌam si Awrusalam si pagkādjaꞌan,"" paꞌin si Isa si meꞌ pungtinaꞌinen. ""Gaꞌi pe ku hap pī peggeꞌ gaꞌ pe taꞌabut waktukun."""
,70,9,"Ubus inin bissāne, gaꞌ iye usaꞌ amban lahat Jalil."
,70,10,"Paglumikut ne meꞌ pungtinaꞌinen hap pī si pagkādjaꞌan miyaꞌan, gaꞌ du tiggel paturul isab si Isa pī. Saguwaꞌ gaꞌ iye patuhut si meꞌ aꞌa maꞌekkahin hangkan gaꞌ niyaꞌ ngataꞌu papīnen."
,70,11,Pinagpiha iye weꞌ meꞌ nakuraꞌ Yahudihin laꞌi si pagkādjaꞌan. Magtilew siye bang antag iye.
,70,12,"Ekka meꞌ aꞌa magkemot-kemot sabab si Isa laꞌi dem kaꞌekkahan meꞌ aꞌahin. Paꞌin sinduwehin, ""Aꞌa hāp si Isa."" Paꞌin sinduwehin isab, ""Dumaꞌin, iyuꞌ padupangne meꞌ aꞌahin."""
,70,13,"Saguwaꞌ gaꞌ niyaꞌ missā binawag sabab si Isa, peggeꞌ tinalew siye si meꞌ nakuraꞌden."
,70,14,"Pagsōng nengaꞌ ne pagkādjaꞌanin, hap pī si Isa si langgal hadjehin duk nagnaꞌ iye magtoloꞌ si meꞌ aꞌahin."
,70,15,"Ulaliꞌ manamal meꞌ nakuraꞌ Yahudihin si panoloꞌ si Isahin. Paꞌinde, ""Gaꞌ hatiꞌ aꞌa inin bakas ngadjiꞌ. Antag pangeddoꞌanne kataꞌune inin?"""
,70,16,"Sambungan si Isa siye, paꞌinne, ""Panoloꞌkun dumaꞌin amban di kataꞌuku saguwaꞌ amban Tuhan, iye mamapitu akuhin."
,70,17,"Bang aꞌahin ngatu ngahinang kinabayaꞌan Tuhanin, kataꞌuhanne du bang panoloꞌkun amban Tuhan ke atawa bang amban di pikilanku hadja."
,70,18,"Bang aꞌahin missā amban di pikilanne, iye inapasnen kabantuhannen. Saguwaꞌ bang iye inapasnen weꞌ binantu mangandaꞌak iyehin, na, aꞌa iyan bentel duk gaꞌi iye ngakkal."""
,70,19,"Paꞌin si Isa pe si meꞌ nakuraꞌ miyaꞌan, ""Dumaꞌin ke pinangurung weꞌ si Musa si kaꞌam saraꞌin? Saguwaꞌ gaꞌ du niyaꞌ kaꞌam nuhut saraꞌin. Weꞌey ku batang papateybi?"""
,70,20,"Nambung meꞌ aꞌa maꞌekkahin, paꞌinde, ""Iyuꞌ kew kasayedan. Sine batang mapatey kaꞌuhin?"""
,70,21,"Nambung si Isa, paꞌinne, ""Mintedde du ku ngahinang hinangan makaꞌulaliꞌ baytu ellew liꞌi, na, iye ne inin pagulaliꞌanbin kēmon."
,70,22,"Dinaꞌak weꞌ si Musa si kaꞌam inislam meꞌ anakbi lellahin. (Bu dumaꞌin hep amban si Musa daꞌakan inin saguwaꞌ amban meꞌ kapapuꞌanbin du.) Manjari bang taꞌabut ellew pagislamin, bisan tewwaꞌ si ellew liꞌi, inislam du weꞌ bi meꞌ anakbi lellahin."
,70,23,"Kaꞌam hatiꞌ, magislam kaꞌam meꞌ anakbin bisan baytu ellew liꞌi supaya gaꞌi talanggalbi saraꞌ si Musahin, na weꞌey kaꞌam astel si aku peggeꞌ makoleꞌ ku aꞌa si ellew liꞌi?"
,70,24,"Daꞌa ku magtawus hukumun bi bang gaꞌi kaꞌam kapastiꞌan. Saguwaꞌ bang kaꞌam ngahukum, tuhutun bi hukuman mabentelin."""
,70,25,"Manjari niyaꞌ meꞌ aꞌa Awrusalam magbissā-bissā, paꞌinde, ""Dumaꞌin ke inin aꞌa batang pinapatey meꞌ nakuraꞌin?"
,70,26,"Payamanun bi,"" paꞌinde, ""tiyaꞌ iye missā patampal saguwaꞌ gaꞌi du iye saggaꞌ meꞌ nakuraꞌin. Kahagad ne enteꞌ siye weꞌ iye ne Almasihin?"
,70,27,"Saguwaꞌ bang Almasihin pitu,"" paꞌinde, ""gaꞌi kataꞌuhan bang amban iye. Bu aꞌa inin, kataꞌuhante bi kēmon bang amban iye."""
,70,28,"Magtoloꞌ pe si Isa dem langgal hadjehin, bu pinapales weꞌ ne suwalanen, paꞌinne, ""Weꞌ kataꞌuhanbi ku teꞌed duk kataꞌuhanbi bang amban ku? Gaꞌ ku pitu amban di kabayaꞌanku. Dinaꞌak ku weꞌ Tuhanin pitu, duk gaꞌi iye magdustaꞌ. Gaꞌi iye kataꞌuhanbi,"" paꞌin si Isa. 29""Saguwaꞌ aku, kataꞌuhanku iye peggeꞌ billaꞌi ku amban iye duk iye mangandaꞌak aku mapituhin."""
,70,30,"Manjari batang ne iye siggewde, saguwaꞌ gaꞌ niyaꞌ bisan makaꞌantan iye, peggeꞌ gaꞌ pe taꞌabut waktu pamapatey iyehin."
,70,31,"Saguwaꞌ ekka meꞌ aꞌa malaꞌihin kahagad pu si Isa. Paꞌinde, ""Asal inin ne Almasihin. Peggeꞌ gaꞌ niyaꞌ aꞌa makahinang meꞌ hinangan makaꞌulaliꞌ labi amban meꞌ hininang si Isa inin."""
,70,32,"Pagkataꞌuhan weꞌ meꞌ Pariseohin bang ine kinemot-kemot meꞌ aꞌa sabab si Isahin, magtawus siye duk meꞌ nakuraꞌ meꞌ imamin ngandaꞌak meꞌ guwaldiya pī niggew si Isa."
,70,33,"Manjari paꞌin si Isa si meꞌ aꞌa mapatipun si iyehin, ""Gaꞌi ne ku tiggel tuꞌu si kaꞌam. Sōng ne ku moleꞌ pī si mangandaꞌak aku mapituhin."
,70,34,"Pihabi du ku iyan, saguwaꞌ gaꞌi ku takasuwaꞌbi, peggeꞌ gaꞌi kaꞌam tapi si palaꞌihankun."""
,70,35,"Manjari magbissā-bissā meꞌ nakuraꞌ Yahudihin, paꞌinde, ""Sōng tungan hatu aꞌa inin hangkan gaꞌi iye takasuwaꞌte bi? Pī enteꞌ iye si meꞌ bangsate bi mapatennaꞌ si kalahatan laꞌi si lahat Girikin? Duk pī enteꞌ iye noloꞌan meꞌ bangsa Girikin?"
,70,36,"Paꞌinne weꞌ pihate bi iye saguwaꞌ gaꞌi koꞌ iye takasuwaꞌte bi. Duk gaꞌi koꞌ kite bi tapī laꞌi si palaꞌihannen. Ine enteꞌ hāti pinaꞌinne inin?"""
,70,37,"Kakapusan ellew pagkādjaꞌanin, iye ellew asal mahadjehin, nengge si Isa diyalem langgal hadjehin duk missā iye pinapales, paꞌinne, ""Sine-sine kaꞌam lekkakan, pitu kaꞌam si aku duk paꞌinumte kaꞌam."
,70,38,"Peggeꞌ tasulat dem kitab sabab aꞌa makahagad si akuhin; paꞌin kitabin, 'Niyaꞌ nubud kuweꞌ dalil meꞌ boheꞌ amban dem ateyne, boheꞌ makapakellum.' """
,70,39,"Boheꞌ manubud pinaꞌin si Isa inin, hātinen Niyawa Tuhanin sōng pinangurung ne si meꞌ makahagad si iyehin. Saguwaꞌ masa miyaꞌan gaꞌ pe tapangurung Niyawa Tuhanin, peggeꞌ gaꞌ pe taꞌabut waktu pamahadje si Isa weꞌ Tuhanin."
,70,40,"Pagkale meꞌ aꞌahin meꞌ bissā si Isa inin, paꞌin meꞌ sinduwehin, ""Asal aꞌa inin ne nabi inagad-agadten bi."""
,70,41,"Paꞌin meꞌ sinduwehin isab, ""Inin ne Almasihin."" Saguwaꞌ niyaꞌ sinduwe magpaꞌin, ""Dumaꞌin iye Almasihin. Peggeꞌ Almasihin dumaꞌin amban lahat Jalil."
,70,42,"Paꞌin kitabin hep weꞌ Almasihin tubuꞌ Sultan Daꞌud duk subey iye inanakan si kalurnaꞌan Betlehem peggeꞌ iye miyaꞌan lahat si Sultan Daꞌudin."""
,70,43,Hangkan magseddili-seddili tapikil meꞌ aꞌahin sabab si Isa.
,70,44,Niyaꞌ siye mabayaꞌ niggew iye saguwaꞌ gaꞌ niyaꞌ bisan makaꞌantan iye.
,70,45,"Manjari balik ne meꞌ guwaldiyahin. Tinilew siye weꞌ meꞌ Pariseohin duk meꞌ nakuraꞌ meꞌ imamin, paꞌinde, ""Weꞌey iye gaꞌ boꞌobi pitu?"""
,70,46,"Nambung meꞌ guwaldiyahin, paꞌinde, ""Gaꞌ teꞌed niyaꞌ aꞌa bakas magtoloꞌ kuweꞌ panoloꞌ aꞌa miyaꞌan."""
,70,47,"Sambungan meꞌ Pariseohin siye, paꞌinde, ""Sampay kaꞌam tapadupang du isab weꞌ ne?"
,70,48,"Kami meꞌ Pariseohin, gaꞌ niyaꞌ bisan dangan kami kahagad si iye. Duk meꞌ nakuraꞌ Yahudihin damikkiyan du isab."
,70,49,"Iye du makahagad si iyehin meꞌ aꞌa maꞌekka īꞌen peggeꞌ awam siye bang ine pinaꞌin dem saraꞌ si Musahin. Hangkan kamulkaꞌan siye weꞌ Tuhanin."""
,70,50,"Dangan meꞌ Pariseo malaꞌihin si Nikodemus. Iye hep miyaꞌan bakas mapī magbissā duk si Isa sangem īꞌen. Paꞌinne si meꞌ saweꞌnen, 51""Paꞌin saraꞌten weꞌ gaꞌi aꞌahin makajari laboꞌante hukuman bang gaꞌi dahuꞌ iye pinakale supaya kataꞌuhan bang ine bakas tahinangnen."""
,70,52,"Nambung siye, paꞌinde, ""Weꞌ amban Jalil kew isab? Payamanun dem kitab, gaꞌ tasulat dem kitab weꞌ niyaꞌ nabi paguwaꞌ amban lahat Jalil."""
,70,53,"Manjari kaniya-kaniya ne siye moleꞌ.
Yahiya 8"
,71,1,Saguwaꞌ si Isa hap pī pataked si kūd Jaitun.
,71,2,"Subu-subu pe pagsasumuhin, pī iye balik si langgal hadjehin. Banes aꞌa patipun pī si iye ubus ningkoloꞌ iye magtoloꞌ si siye."
,71,3,Manjari niyaꞌ dambuwaꞌ dende binoꞌo weꞌ meꞌ Pariseohin duk meꞌ guru si saraꞌ āgamahin pī pu si Isa. Dende inin bakas tasaꞌut magjina. Pinaharap iye weꞌ de si meꞌ aꞌa maꞌekkahin.
,71,4,"Paꞌinde pu si Isa, ""Tuwan, dende inin bakas tasaꞌut magjina."
,71,5,"Na, bang dem saraꞌ si Musa inambananne si kitehin bi, hukuman si meꞌ dende kuweꞌ inin, subey siye tinumbuk duk batu sampay matey. Na, bang kaꞌu, ine paꞌinnu?"""
,71,6,"Bissāde inin panguhi-nguhide si Isa kaw salaꞌ panambungnen, manjari niyaꞌ jān panuntutande iye. Saguwaꞌ patondok si Isa duk nulat iye duk timbōꞌne diyataꞌ bulak."
,71,7,"Pagtinilew ne isab iye weꞌ de, patongas iye duk paꞌinne si siye, ""Sine-sine kaꞌam gaꞌ niyaꞌ dusene, ambat iye dehellu numbuk dende inin duk batu."""
,71,8,Manjari patondok iye balik duk nulat ne isab iye duk timbōꞌne diyataꞌ bulak.
,71,9,"Pagkalede pinaꞌin si Isa inin, tahalaꞌ siye dangan-dangan tinagnaꞌan amban mabahiꞌin, duk taꞌamban si Isa duk dendehin laꞌi si panenggehannen."
,71,10,"Pagtongas si Isa balik, paꞌinne si dendehin, ""Dende, antag ne siye? Gaꞌ ke niyaꞌ bisan dangan taꞌamban numbuk kaꞌu duk batu?"" 11""Gaꞌ niyaꞌ, Tuwan,"" iye helling dendehin. Paꞌin si Isa, ""Bisan aku gaꞌi du kew laboꞌanku hukuman pinapatey. Hap lumaꞌ ne kew saguwaꞌ daꞌa ne kew magduse balik."""
,71,12,"Puwas miyaꞌan, missā si Isa balik si meꞌ Pariseohin. Paꞌinne, ""Aku inin dantaꞌ mangurung dantaꞌ dem pikilan manusiyaꞌin. Sine-sine nuhut aku, salama-lama gaꞌi ne teꞌed iye lumengngan dem lindem, peggeꞌ laꞌi dem pikilanne dantaꞌ makapakellum manusiyaꞌin."""
,71,13,"Paꞌin meꞌ Pariseohin pu si Isa, ""Naksiꞌan kew di nu. Bang aꞌahin naksiꞌan dine, gaꞌ niyaꞌ kahagad si iye."""
,71,14,"Nambung si Isa, paꞌinne, ""Bisan ku naksiꞌan diku, toꞌo panaksiꞌkun peggeꞌ kataꞌuhanku bang amban ku duk bang tungan ku. Saguwaꞌ kaꞌam, gaꞌi kataꞌuhanbi bang amban ku duk bang tungan ku."
,71,15,"Kaꞌam, bang kaꞌam ngahukum aꞌa, iye tinuhutbin pikilan manusiyaꞌ hadja. Aku,"" paꞌin si Isa, ""gaꞌi ku ngahukum aꞌa."
,71,16,"Saguwaꞌ bang saꞌupama aku mangahukumin, bentel hukumankun peggeꞌ dumaꞌin aku dendangan mangahukumin saguwaꞌ duwangan kami duk Samakun, Samaku mamapitu akuhin."
,71,17,"Tasulat dem saraꞌbi,"" paꞌin Si Isa, ""bang duwe aꞌa saliꞌ panaksiꞌden, toꞌo pinaꞌinden."
,71,18,"Na, bennal bissākun. Niyaꞌ duwe saksiꞌku. Aku naksiꞌan dikun duk Samaku mamapitu akuhin naksiꞌan aku du isab."""
,71,19,"Tinilew si Isa weꞌ meꞌ Pariseohin, paꞌinde, ""Antag samanun?"" Nambung si Isa, paꞌinne, ""Gaꞌi kataꞌuhanbi Samakun, duk aku, gaꞌi du ku isab kataꞌuhanbi. Peggeꞌ bang ku miyaꞌan kataꞌuhanbi, kataꞌuhanbi du isab Samakun."""
,71,20,"Binissā inin weꞌ si Isa sasangne magtoloꞌ dem langgal hadjehin, laꞌi si antag pamettadan meꞌ kahun pangalaboꞌ-laboꞌande pariyahin. Saguwaꞌ gaꞌ niyaꞌ niggew iye peggeꞌ gaꞌ pe taꞌabut gantaꞌnen."
,71,21,"Manjari binalik weꞌ si Isa bakas pinaꞌinne si meꞌ aꞌahin, paꞌinne, ""Sōng tahalaꞌ ne ku. Pihabi du ku iyan saguwaꞌ gaꞌi ku takasuwaꞌbi. Matey hadja kaꞌam moꞌo dusebin. Gaꞌi kaꞌam tapī si papihankun."""
,71,22,"Hangkan magtilew-tinilew meꞌ nakuraꞌ Yahudihin, paꞌinde, ""Ine hāti binissāne miyaꞌan weꞌ gaꞌi koꞌ kite tapī si papīhannen? Papateyne enteꞌ dinen?"""
,71,23,"Paꞌin si Isa pe, ""Kaꞌam iyan aꞌa dunya du, bu aku inin surgaꞌ lahatkun. Kēmon pikilanbin amban dunya hadja, bu pikilankun dumaꞌin."
,71,24,"Hangkan hep kaꞌam akahanku weꞌ matey du kaꞌam moꞌo dusebin. Peggeꞌ bang gaꞌi kahagadbi pinaꞌinku sabab dikun, asal matey kaꞌam moꞌo dusebin."" 25""Sine teꞌ kew teꞌed?"" paꞌinde. Paꞌin si Isa, ""Bakas akahante ne kaꞌam kemuwe tagnaꞌ."
,71,26,"Ekka pe makajari paꞌinku sabab addatbin,"" paꞌin si Isa. ""Duk ekka pe dusebi laboꞌanku hukuman. Saguwaꞌ iye hadja inakaku tuꞌu si dunya inin, meꞌ bakas inaka si aku weꞌ mamapitu akuhin. Duk kēmon inakanen bennal,"" paꞌin si Isa."
,71,27,"Saguwaꞌ gaꞌ tahātide weꞌ binissā si Isa miyaꞌan sabab Tuhanin, Samanen."
,71,28,"Hangkan paꞌin si Isa si siye, ""Bang ne bakas dangkatbi Anak Manusiyaꞌin diyataꞌ olom, meke ne kataꞌuhanbi weꞌ aku ne iye pinaꞌinkun. Duk kataꞌuhanbi du isab iyan weꞌ gaꞌ niyaꞌ hinangku bang baran-baranku hadja duk kēmon panoloꞌkun, iye hadja pangandaꞌakan Samaku akuhin."
,71,29,"Tattap tuꞌu si aku mamapitu akuhin. Gaꞌi ku pasagadanne peggeꞌ luwal hinangku kinabayaꞌannen."""
,71,30,"Pagkalede pinaꞌin si Isa miyaꞌan, ekka meꞌ aꞌahin sandel si iye."
,71,31,"Manjari missā si Isa si meꞌ Yahudi mapadūs si bissānen, paꞌinne, ""Bang kaꞌam matuyuꞌ nuhut panoloꞌku si kaꞌamin, bennal kaꞌam tindegku."
,71,32,"Duk kataꞌuhanbi du iyan bang ine mabennal amban Tuhanin. Duk mabennal inin iye mamaluwas kaꞌamin amban pamanyagaꞌan kaꞌamin."""
,71,33,"Nambung siye paꞌinde, ""Oy, kami inin meꞌ tubuꞌ Ibrahim. Gaꞌ kami bakas tabanyagaꞌ weꞌ sine-sine. Weꞌey kew magpaꞌin weꞌ lumuwas du kami amban pamanyagaꞌan kamihin?"""
,71,34,"Sambungan si Isa siye, paꞌinne, ""Akahante kaꞌam matoꞌohin, sasuku magduse, binanyagaꞌ siye weꞌ napsude magdusehin."
,71,35,Banyagaꞌ aꞌahin gaꞌi teteg si aꞌahin. Iye mateteg si iyehin anaknen.
,71,36,"Hangkan bang Anak Tuhanin mamaluwas kaꞌamin, bugtuꞌ teꞌed kaꞌam lumuwas."
,71,37,Kataꞌuhanku weꞌ kaꞌam iyan meꞌ tubuꞌ Ibrahim. Saguwaꞌ batang ku papateybi peggeꞌ gaꞌi tatayimaꞌbi panoloꞌkun.
,71,38,"Meꞌ panoloꞌku si kaꞌam inin takaleku amban Samakun saguwaꞌ kaꞌam, hininang weꞌ bi meꞌ takalebi amban samabin."""
,71,39,"Paꞌin meꞌ Yahudihin, ""Sama kamihin Ibrahim."" Paꞌin si Isa, ""Bang kaꞌam bennal meꞌ tubuꞌ Ibrahim, neppu siꞌ kaꞌam Ibrahim si meꞌ hinangannen."
,71,40,"Saguwaꞌ kaꞌam iyan, batang ku papateybi sewukat ne kaꞌam bakas akahanku mabennal takaleku amban Tuhanin. Gaꞌ Ibrahim bakas maghinangan kuweꞌ iyan."
,71,41,"Meꞌ hinanganbin saliꞌ duk hinangan samabin."" Magtawus meꞌ aꞌa miyaꞌan nambung, paꞌinde, ""Oy, dambuwaꞌ-buwaꞌ du sama kamihin, Tuhanin. Duk kami inin bennal meꞌ anakne."""
,71,42,"Paꞌin si Isa si siye, ""Bang bennal Tuhanin samabin, kalasahanbi siꞌ ku peggeꞌ aku amban Tuhanin hangkan ne ku tuꞌu. Gaꞌ ku pitu amban bayaꞌku saguwaꞌ pinapitu ku weꞌ Tuhanin."
,71,43,"Weꞌey teꞌ gaꞌi tahātibi binissākun? Hangkan gaꞌi tahātibi peggeꞌ gaꞌi tasandalbi makale binissākun."""
,71,44,"Paꞌin si Isa pe si meꞌ aꞌa miyaꞌan, ""Kaꞌam, samabin nakuraꞌ seyitanin duk iye kabayaꞌanbi tinuhutin meꞌ kinabayaꞌan samabin. Kemuwe amban tagnaꞌ asal be-papatey iye. Gaꞌ iye bakas nuhut mabennalin peggeꞌ gaꞌ niyaꞌ bennal laꞌi si iye. Iye bahannen, magdustaꞌ peggeꞌ inin addatnen. Dustaꞌan teꞌed iye duk iye poꞌon dustaꞌin kēmon."
,71,45,"Saguwaꞌ aku, bennal hadja meꞌ bissākun hangkan gaꞌi ku kahagadbi."
,71,46,Gaꞌ niyaꞌ kaꞌam makapagpaꞌin weꞌ dusehan ku; kēmon binissākun bennal. Weꞌey pe ku gaꞌi kahagadbi?
,71,47,"Bang aꞌahin sukuꞌ si Tuhan, pakalene toloꞌ Tuhanin. Saguwaꞌ kaꞌam dumaꞌin kaꞌam sukuꞌ si Tuhan, hangkan hep gaꞌi kaꞌam mabayaꞌ pakale."""
,71,48,"Sinambungan si Isa weꞌ meꞌ Yahudihin, paꞌinde, ""Tewwaꞌ teꞌed pinaꞌin kamihin weꞌ dumaꞌin kew iyan bennal aꞌa Israꞌil. Aꞌa Samariya kew duk pasayedan seyitan kew."" 49""Gaꞌ ku ituꞌ pasayedan seyitan,"" paꞌin si Isa. ""Pinahadje weꞌ ku Samakun saguwaꞌ bissā-bissāhanbi ku."
,71,50,Dumaꞌin inapaskun weꞌ pinahadje ku. Niyaꞌ seddili makapikilne mahadje aku duk iye mangahukumin.
,71,51,"Sabennal akahante kaꞌam,"" paꞌin si Isa, ""sine-sine nuhut panoloꞌkun, gaꞌi teꞌed matey salama-lama."""
,71,52,"Paꞌinde si iye, ""Na, kabugtuꞌan kami ne teꞌed weꞌ pasayedan seyitan kew. Bisan Apuꞌ Ibrahim duk meꞌ kanabihanin kēmon matey du. Hatiꞌ paꞌinnu weꞌ gaꞌi teꞌed matey salama-lama sasuku manuhut panoloꞌnun."
,71,53,"Weꞌey, balakatan pe kew amban papuꞌ kamihin, Ibrahim? Bisan meꞌ kanabi-nabihanin kēmon duk bisan Apuꞌ Ibrahim matey du. Weꞌ sine teꞌ kew?"""
,71,54,"Nambung si Isa, paꞌinne, ""Bang saꞌupama pahadjeku dikun, gaꞌ niyaꞌ kagunahan pamahadjeku miyaꞌan. Iye mahadje akuhin Samakun, iye ne pinaꞌinbi Tuhanbin."
,71,55,"Gaꞌi bisan kataꞌuhanbi Tuhanin. Saguwaꞌ aku, kataꞌuhanku iye. Bang saꞌupama paꞌinku weꞌ gaꞌi Tuhanin kataꞌuhanku, na kuweꞌ ne ku kaꞌamin dustaꞌan. Saguwaꞌ asal kataꞌuhanku teꞌed Tuhanin duk tuhutku teꞌed kēmon pangandaꞌakannen."
,71,56,"Papuꞌbin Ibrahim magkēg peggeꞌ kataꞌuhanne niyaꞌ waktu si pasōngan, kitene du ku pitu si dunya. Manjari pagkitene papitukun kēgan iye."""
,71,57,"Nambung siye, paꞌinde, ""Saꞌingge pagkitebi duk Ibrahimin? Gaꞌ pe hatiꞌ bisan limempūꞌ tahun umulnun."""
,71,58,"Paꞌin si Isa si siye, ""Akahante kaꞌam matoꞌohin, gaꞌ pe Ibrahim inanakan, andang ne ku."""
,71,59,"Manjari meꞌ Yahudi miyaꞌan nimuk batu panibagde si Isa. Saguwaꞌ paꞌellig si Isa duk paluwas iye amban dem langgal hadjehin.
Yahiya 9"
,72,1,"Sasang si Isa lumengngan, ngite iye dambuwaꞌ aꞌa pessek amban dem betteng."
,72,2,"Tinilew si Isa weꞌ meꞌ tindegnen, paꞌinde, ""Tuwan, weꞌey teꞌ aꞌa inin pessek amban dem betteng? Sabab dusene ke atawa sabab duse saꞌi-samanen?"""
,72,3,"Nambung si Isa, paꞌinne, ""Dumaꞌin sabab dusene atawa duse saꞌi-samanen hangkan iye pessek. Saguwaꞌ pessek iye supaya tapakitehan Tuhanin balakatnen bang ngite ne aꞌa inin."
,72,4,"Pādpād ellew pe subey hinangte meꞌ hinang Tuhanin, Tuhan mamapitu akuhin,"" paꞌin si Isa. ""Pagtaꞌabut ne sangem gaꞌ ne niyaꞌ kapaghinang."
,72,5,"Tiggelanku tuꞌu si dunya, aku mangurung dantaꞌ si pikilan manusiyaꞌin."""
,72,6,"Pagubus inin bissā si Isa, ngaluraꞌ iye diyataꞌ bulak duk pinaglagumey weꞌ ne luraꞌnen duk bulakin hinang pisak. Ubus bu pinasusut weꞌ ne pisakin pī si mata aꞌahin."
,72,7,"Ubus paꞌinne si aꞌahin, ""Pī kew ngulaꞌup si boheꞌ Siluwam."" Hāti Siluwamin - pinaboꞌohan. Manjari pī ne aꞌa pessekin ngulaꞌup. Pagbalikne ngite ne iye."
,72,8,"Takite iye weꞌ meꞌ saweꞌne magtapit lumaꞌin duk meꞌ aꞌa bakas mangite iye magpāku-pāku sīnin. Paꞌinde, ""Dumaꞌin ke inin aꞌa bakas maningkoloꞌ magpāku-pāku sīnin?"""
,72,9,"Paꞌin meꞌ sinduwehin, ""Aweꞌ, iye ne."" Paꞌin meꞌ sinduwehin isab, ""Dumaꞌin iye. Kuweꞌ bantuknen hadja."" Saguwaꞌ nambung ne aꞌahin, paꞌinne, ""Aku ne inin aꞌa bakas mapessekin."" 10""Saꞌingge pangitenun?"" paꞌinde."
,72,11,"Nambung iye, paꞌinne, ""Niyaꞌ aꞌa inēnan si Isa ngahinang pisak bu pinasusut weꞌ ne pī si mataku. Ubus daꞌakne ku pī si boheꞌ Siluwam ngulaꞌup. Na, hap pī ne ku ngulaꞌup. Pagubus ku hadja ngulaꞌup, magtawus ne ku ngite."" 12""Antag ne aꞌa miyaꞌan,"" paꞌinde. Nambung iye, paꞌinne, ""Inday, gaꞌi kataꞌuhanku."""
,72,13,Manjari binoꞌo weꞌ meꞌ aꞌahin aꞌa bakas mapessekin pī si meꞌ Pariseohin.
,72,14,"Ellew pangahinang si Isa pisakin duk pamakawuliꞌne aꞌa pessekin, ellew Sabtuꞌ, ellew liꞌi."
,72,15,"Tinilew isab aꞌa bakas mapessekin weꞌ meꞌ Pariseohin, bang saꞌingge pangitenen. Paꞌinne si siye, ""Binettadan weꞌ si Isa pisak meꞌ matakun. Ubus ngulaꞌup ku. Pagubus ku ngulaꞌup, magtawus ne ku ngite."""
,72,16,"Paꞌin meꞌ Pariseo sinduwehin, ""Aꞌa miyaꞌan dumaꞌin amban Tuhan peggeꞌ hininangne miyaꞌan ngalanggalan saraꞌ pasal ellew liꞌihin."" Saguwaꞌ paꞌin meꞌ sinduwehin, ""Bang aꞌahin dusehan, gaꞌi tahinangne meꞌ hinangan makaꞌulaliꞌ kuweꞌ tahinangne miyaꞌan."" Manjari magseddili-seddili pikilanden."
,72,17,"Manjari tinilew ne isab balik aꞌahin weꞌ meꞌ Pariseohin, paꞌinde, ""Paꞌinnu weꞌ kawuliꞌan matanun weꞌ aꞌa miyaꞌan. Na, bang kaꞌu, sine iye?"" Paꞌin aꞌa bakas mapessekin, ""Bang aku, dambuwaꞌ iye nabi."""
,72,18,"Saguwaꞌ meꞌ nakuraꞌ Yahudi miyaꞌan gaꞌi kahagad weꞌ aꞌa inin asal bakas pessek bu ngite ne, hangkan ilinganan weꞌ de saꞌi-samanen duk tinilewan weꞌ de."
,72,19,"Paꞌin meꞌ nakuraꞌ miyaꞌan si siye, ""Anakbi ke aꞌa inin? Toꞌo ke weꞌ pessek koꞌ iye amban dem betteng? Weꞌey managhāꞌ ngite ne iye kuweꞌitu?"""
,72,20,"Nambung meꞌ matettoꞌanen, paꞌinde, ""Aweꞌ, anak kami inin. Toꞌo pessek iye amban dem betteng."
,72,21,"Saguwaꞌ gaꞌi kataꞌuhan kami bang saꞌingge pangitene kuweꞌituhin atawa bang sine makakawuliꞌ matanen. Tilewun bi iye. Dumaꞌin ne du iye nakanak. Ambat iye ne nambungan kaꞌam."""
,72,22,"Kuweꞌ miyaꞌan panambung meꞌ matettoꞌanen peggeꞌ tinalew siye si meꞌ nakuraꞌden. Peggeꞌ bakas magisun ne meꞌ nakuraꞌin weꞌ bang niyaꞌ magpaꞌin weꞌ kahagad iye si Isa ne Almasihin, gaꞌi aꞌa miyaꞌan pinaꞌasek dem langgal."
,72,23,"Hangkan hep paꞌin meꞌ matettoꞌanen, ""Tilewun bi iye. Dumaꞌin ne du iye nakanak."""
,72,24,"Manjari ilinganan ne isab balik weꞌ meꞌ nakuraꞌ Yahudihin aꞌa bakas mapessekin duk paꞌinde si iye, ""Akahun matoꞌohin. Iyuꞌ Tuhanin pakale-kale. Kataꞌuhan kami weꞌ aꞌa magpakawuliꞌ si kaꞌu miyaꞌan dusehan."""
,72,25,"Nambung aꞌahin, paꞌinne, ""Gaꞌi kataꞌuhanku bang dusehan ke aꞌa miyaꞌan atawa gaꞌi. Iye hadja kataꞌuhankun, weꞌ tagnaꞌ pessek ku saguwaꞌ kuweꞌitu ngite ne ku."""
,72,26,"Tilewde iye balik, ""Inumeyne si kaꞌuhin hangkan kew ngite?"""
,72,27,"Sambunganne siye, paꞌinne, ""Bakas ne kaꞌam akahanku bu gaꞌ du pakalebi. Weꞌey pe batang takalebi balik? Hatu mabayaꞌ isab kaꞌam patindeg si iye."""
,72,28,"Binissā-bissāhan iye weꞌ meꞌ nakuraꞌ miyaꞌan, paꞌinde, ""Kaꞌu tindegnen. Kami inin tindeg si Musa."
,72,29,"Kataꞌuhan kami weꞌ Tuhanin missā pu si Musa saguwaꞌ bang aꞌa miyaꞌan, gaꞌi bisan kataꞌuhan kami bang amban iye."""
,72,30,"Nambung aꞌa bakas mapessekin, paꞌinne, ""Ulaliꞌ ku si kaꞌam. Gaꞌi kataꞌuhanbi bang amban iye bu iye makapakite akuhin."
,72,31,Kataꞌuhante bi weꞌ gaꞌi pakale Tuhanin aꞌa dusehanin. Iye pinakale Tuhanin magmātabat si iyehin duk maghinang meꞌ kinabayaꞌannen.
,72,32,"Kemuwe tagnaꞌ dunyahin, gaꞌ bakas takale weꞌ niyaꞌ makapakite aꞌa pessek amban dem betteng."
,72,33,"Bang aꞌa miyaꞌan dumaꞌin amban Tuhan, bugtuꞌ gaꞌi iye kapaghinang meꞌ hinangan kuweꞌ inin."""
,72,34,"Jinampa iye weꞌ de, paꞌinde, ""Weꞌey? Toloꞌannu pe kami? Bu kaꞌu iyan, amban dem betteng pe, andang ne kew taga duse."" Manjari pinaluwas iye weꞌ meꞌ nakuraꞌ miyaꞌan amban dem langgal."
,72,35,"Pagkale si Isa weꞌ pinaluwas weꞌ meꞌ nakuraꞌin aꞌa bakas mapessekin, magtawus si Isa pī si iye. Pagtakasuwaꞌne, paꞌinne si aꞌahin, ""Kahagad ke kew si aꞌa inēnan Anak Manusiyaꞌin?"""
,72,36,"Nambung aꞌahin, paꞌinne, ""Sine teꞌ iye, Tuwan? Akahanun ku duk ku kahagad si iye."""
,72,37,"Paꞌin si Isa si iye, ""Takitenu ne iye. Duk iye ne mamissā si kaꞌu inin."""
,72,38,"Magtawus aꞌahin pasujud pu si Isa duk paꞌinne, ""O Tuwan, kahagad ku si kaꞌu."""
,72,39,"Paꞌin si Isa, ""Hangkan ku pitu si dunya, supaya pinagsapeꞌ meꞌ aꞌahin. Meꞌ aꞌa dalil mapessekin, peggeꞌ gaꞌi kataꞌuhande mabennal sabab Tuhanin, ngite du. Duk meꞌ aꞌa magpaꞌinin weꞌ ngite siye, peggeꞌ kannalde kataꞌuhande mabennal sabab Tuhanin, ngapessek du."""
,72,40,"Takale pinaꞌin si Isa inin weꞌ meꞌ Pariseo sinduwe malaꞌihin duk paꞌinde si iye, ""Ine pinaꞌinnu miyaꞌan? Weꞌ pessek isab kami? Ngite kami inin."""
,72,41,"Paꞌin si Isa si siye, ""Bang kaꞌam pessek, hātinen gaꞌ teꞌed kataꞌuhanbi mabennalin, gaꞌ ne niyaꞌ dusebi. Saguwaꞌ peggeꞌ paꞌinbi ngite du kaꞌam, hātinen kataꞌuhanbi du mabennalin, taga duse pe kaꞌam, peggeꞌ gaꞌi tuhutbi mabennalin.""
Yahiya 10"
,73,1,"Manjari magdalilan si Isa, paꞌinne, ""Sabennal akahante kaꞌam, bang aꞌahin padiyalem dem kural meꞌ bili-bilihin bu gaꞌi palabey amban gawang saguwaꞌ padiyalem amban lān seddili, aꞌa miyaꞌan panangkew duk ngalangpas."
,73,2,"Aꞌa mapadiyalem amban gawangin, iye mangipat bili-bilihin."
,73,3,"Duk ilukahan iye weꞌ tatungguꞌ gawangin. Pakale meꞌ bili-bilihin suwalanen paglingananne ēn meꞌ bili-bilinen dambuwaꞌ-dambuwaꞌ, duk boꞌone siye paluwas amban dem kural."
,73,4,"Paglumuwas ne siye, padehellu iye duk patuhut meꞌ bili-bilihin amban dambulihanne peggeꞌ takilalede suwalanen."
,73,5,"Bang seddili aꞌa, gaꞌi tuhut meꞌ bili-bili inin saguwaꞌ lahi siye amban iye peggeꞌ gaꞌi takilalede suwalanen."""
,73,6,Dalilan inin inaka weꞌ si Isa si meꞌ aꞌahin saguwaꞌ gaꞌi tasabutde hātinen.
,73,7,"Hangkan missā si Isa si siye balik, paꞌinne, ""Sabennal akahante kaꞌam, aku inin dalil gawang palabeyan bili-bilihin."
,73,8,"Meꞌ aꞌa mapitu dehellu amban akuhin, meꞌ magtoloꞌ manggaꞌi matoꞌohin, kuweꞌ meꞌ aꞌa panangkew siye duk meꞌ aꞌa ngalangpas. Saguwaꞌ gaꞌ siye pinakale weꞌ meꞌ aꞌa sukuꞌ si akuhin."
,73,9,"Aku dalil gawangin,"" paꞌin si Isa. ""Sine-sine padiyalem amban aku, timbul iye. Luhaya iye padiyalem-pabukut duk inurungan iye kahāpan."
,73,10,"Aꞌa ngalangpasin, gaꞌ niyaꞌ akane pitu bang dumaꞌin nangkew, duk mapatey, duk makaꞌat. Saguwaꞌ aku, akaku mapituhin ngurungan meꞌ manusiyaꞌin umul, maglabi-labi hāpnen. 11""Aku inin,"" paꞌin si Isa, ""dalil pastul bili-bili hāp pagipatne meꞌ bili-bilinen. Pastul bili-bili mahāpin maglillaꞌ matey para si meꞌ bili-bilinen."
,73,12,"Aꞌa tinangdanan magbantey meꞌ bili-bilihin, dumaꞌin iye pastulin duk dumaꞌin iye dapuꞌ meꞌ bili-bilihin. Hangkan bang niyaꞌ takitene hayep talun hap pī si meꞌ bili-bilihin, lahi iye duk ambananne meꞌ bili-bilihin. Manjari siggew hayep talunin meꞌ bili-bilihin duk kanat-kanatne siye."
,73,13,"Hangkan iye lahi peggeꞌ tinangdanan hadja iye. Gaꞌ niyaꞌ lasane si meꞌ bili-bilihin. 14-15,Aku inin,"" paꞌin si Isa, ""dalil pastul bili-bili, hāp pagipatne meꞌ bili-bilinen. Magkinataꞌu teꞌed kami duk Samakun. Damikkiyan isab, kataꞌuhanku meꞌ aꞌa sukuꞌ si akuhin duk kataꞌuhande ku isab. Maglillaꞌ ku matey para si meꞌ aꞌa sukuꞌ si akuhin."
,73,16,"Niyaꞌ pe meꞌ sukuꞌku seddili amban meꞌ sukuꞌku inin, saguwaꞌ gaꞌ siye tuꞌu si pagipatanku inin. Subey isab siye boꞌoku. Pakalede du iyan bissākun. Pagdambuwaꞌku siye manjari dambuwaꞌ hadja pastulden. 17""Kinalasahan ku teꞌed weꞌ Samaku Tuhanin peggeꞌ maglillaꞌ ku matey supaya ku pinakellum balik."
,73,18,"Gaꞌ niyaꞌ manusiyaꞌ taga kapatut mapatey aku, peggeꞌ makapagbayaꞌ ku bang matey ku atawa gaꞌi. Paglillaꞌku umulkun amban kabayaꞌanku. Taga kapatut ku maglillaꞌ umulkun, duk taga kapatut ku makellum barankun balik. Inin pangandaꞌakan Samaku Tuhanin si aku."""
,73,19,"Pagkale meꞌ aꞌahin meꞌ bissā si Isa inin, magseddili-seddili tapikil ne isab siye balik."
,73,20,"Ekka siye magpaꞌin, ""Pasayedan seyitan iyan, duk binalew. Weꞌey kaꞌam pakale si iye?"""
,73,21,"Saguwaꞌ paꞌin meꞌ sinduwehin isab, ""Bang aꞌa pasayedan seyitan, gaꞌi iye makabissā kuweꞌ binissāne miyaꞌan. Duk bang seyitan, gaꞌi tapangitene aꞌa pessekin."""
,73,22,Manjari taꞌabut ne waktu pagkādjaꞌan ēnande 'Pagsutsi langgal hadjehin' laꞌi si Awrusalam. Tempo haggut masa miyaꞌan.
,73,23,Si Isa lumengngan-lengngan dem langgal laꞌi si ēnande Simpey Sulaiman.
,73,24,"Manjari patipun pī si iye meꞌ aꞌahin duk paꞌinde si iye, ""Sampay sumiyan pe kami paꞌagadnu meke kami akahannu bang sine kew? Bang asal bennal kaꞌu Almasihin, tapeneꞌ Tuhan magsultan si kamihin, akahanun kami papastiꞌ."""
,73,25,"Sambungan si Isa siye, paꞌinne, ""Bakas ne kaꞌam akahanku saguwaꞌ gaꞌi du ku kahagadbi. Meꞌ hinangan bakas hininangku amban kapatut Samakun, kuweꞌ ngakahan kaꞌam ne bang sine ku."
,73,26,Saguwaꞌ gaꞌi ku kahagadbi peggeꞌ dumaꞌin kaꞌam sukuꞌ si aku.
,73,27,"Meꞌ aꞌa sukuꞌ si akuhin, meꞌ dalil bili-bilikun, pakalede suwalakun. Kataꞌuhanku siye duk nuhut siye aku."
,73,28,Urunganku siye umul gaꞌ tamananne. Gaꞌi teꞌed siye pinasapeꞌ amban Tuhan salama-lama. Duk gaꞌ teꞌed niyaꞌ makaꞌagew siye amban aku.
,73,29,Pinasukuꞌ siye weꞌ Samakun si aku. Samakun balakatan amban kēmon. Gaꞌ niyaꞌ makaꞌagew meꞌ aꞌa sukuꞌ si akuhin amban iye.
,73,30,"Samakun duk aku dambuwaꞌ du."""
,73,31,"Pagkale meꞌ aꞌahin binissā si Isa miyaꞌan, nimuk ne isab siye batu panibagde si Isa."
,73,32,"Paꞌin si Isa si siye, ""Ekka meꞌ hinangan hāp tapakitehanku si kaꞌam. Meꞌ hinangku miyaꞌan pinahinang weꞌ Tuhanin si aku. Inggehin meꞌ hinangku miyaꞌan kabunsihanbi hangkan ku batang tibagbi?"""
,73,33,"Nambung meꞌ aꞌahin, paꞌinde, ""Dumaꞌin sabab hinangannu hāp hangkan kew batang tibag kami, saguwaꞌ sabab pamissānu kupul si Tuhanin. Manusiyaꞌ kew hadja bu paꞌinnu Tuhan kew."""
,73,34,"Paꞌin si Isa si siye, ""Tasulat bisan dem kitabbi pinaꞌin Tuhan si meꞌ aꞌa mangahukumin masaley. Paꞌin Tuhanin si siye, 'Kaꞌam iyan meꞌ tuhan.'"
,73,35,"Na, kataꞌuhante bi weꞌ kēmon tasulat dem kitabin gaꞌi teꞌed pinda salama-lama. Na, bang meꞌ pangurungan Tuhan lapalnen inēnan weꞌ ne meꞌ tuhan,"
,73,36,"pasōng ne aku asal talep inēnan Anak Tuhan. Peggeꞌ aku inin, tapeneꞌ weꞌ Tuhanin duk pinapitu ku weꞌ ne si dunya. Na, weꞌey paꞌinbi weꞌ bissāhanku Tuhanin kupul peggeꞌ magpaꞌin ku weꞌ Anak Tuhanin ku?"
,73,37,"Bang saꞌupama meꞌ hinangkun gaꞌi magsaliꞌ duk meꞌ hinang Samakun, na, daꞌa ku kahagadun bi."
,73,38,"Saguwaꞌ bang magsaliꞌ du, bisan ne gaꞌi kahagadbi meꞌ bissākun basta kahagadbi hadja meꞌ hinangkun, ujud kataꞌuhanbi du duk tahātibi du teꞌed weꞌ Samakun duk aku dambuwaꞌ du."""
,73,39,Ubus mabayaꞌ ne isab siye niggew si Isa sabab bissāhannen saguwaꞌ lumahi iye.
,73,40,"Manjari pī si Isa balik si dambiyaꞌ boheꞌ Jordan, laꞌi si lugal bakas pagpandihan Yahiya meꞌ aꞌahin. Patennaꞌ iye laꞌi bang piyem bahangi."
,73,41,"Ekka meꞌ aꞌa pī si iye. Magbissā-bissā meꞌ aꞌahin, paꞌinde, ""Gaꞌ niyaꞌ tahinang Yahiya meꞌ hinangan makaꞌulaliꞌ, saguwaꞌ kēmon inakane sabab si Isahin bennal."""
,73,42,"Duk ekka aꞌa laꞌi kahagad pu si Isa.
Yahiya 11"
,74,1,"Manjari, niyaꞌ dambuwaꞌ lella inēnan Lasarus saki. Patennaꞌannen laꞌi si kalumaꞌan Betani. Laꞌi du isab patennaꞌan duwangan pungtinaꞌine dendehin, si Mariyam duk si Marta."
,74,2,"Si Mariyam hep inin manataꞌan isellan bengngihin si bettis si Isa duk pinunasan weꞌ ne duk kōkne. Manjari peggeꞌ saki pungtinaꞌiden,"
,74,3,"masan duwangan magpungtinaꞌihin pī pu si Isa, paꞌinde, ""Tuwan, saki bagaynu kinalasahannun."""
,74,4,"Pagkale si Isa pasan miyaꞌan, paꞌinne, ""Saki si Lasarus miyaꞌan dumaꞌin duk iye matey saguwaꞌ duk du bawag balakat Tuhanin supaya bantu Anak Tuhanin."""
,74,5,"Na, kinalasahan weꞌ si Isa tellungan magpungtinaꞌi miyaꞌan, disi Marta duk Mariyam duk Lasarus."
,74,6,"Saguwaꞌ pagkataꞌuhan si Isa weꞌ saki si Lasarus, ngagad pe iye laꞌi duwem bahangi si kalumaꞌan palaꞌihannen."
,74,7,"Pagpuwas duwem bahangi miyaꞌan, paꞌin si Isa si meꞌ tindegnen, ""Sūng kite bi balik pī si lahat Yahudiya."""
,74,8,"Paꞌin meꞌ tindegnen si iye, ""Tuwan, gaꞌ du miyaꞌan tiggel arak kew pagtibagan me aꞌahin duk kew matey, hatiꞌ balik pe kew pī?"""
,74,9,"Nambung si Isa magdalilan, paꞌinne, ""Daꞌa kaꞌam suse. Dem da ellewin niyaꞌ sampūꞌ duk duwe ora dantaꞌ. Bang kite lumengngan ellew, gaꞌi kite sumampuk peggeꞌ dantaꞌ dunyahin."
,74,10,"Saguwaꞌ bang kite lumengngan sangem, sumampuk kite peggeꞌ dem lindem kite."""
,74,11,"Pagubus inin bissā si Isa, paꞌinne si meꞌ tindegnen, ""Si Lasarus bagayten bi, kapatuli ne. Saguwaꞌ pī ku mangun iye."""
,74,12,"Paꞌin meꞌ tindegnen si iye, ""Tuwan, ngakoleꞌ du iye bang kapatuli iye."""
,74,13,Hāti binissā si Isa miyaꞌan weꞌ asal matey ne si Lasarus. Saguwaꞌ kannal meꞌ tindegnen binissānen sabab tuli hadja.
,74,14,"Hangkan papastiꞌ si Isa ne si siye, paꞌinne, ""Si Lasarus matey ne."
,74,15,"Duk kēgan ku,"" paꞌin si Isa, ""peggeꞌ gaꞌ ku laꞌi. Inin para si kahāpanbi duk kaꞌam kahagad. Sūng kite bi pī si iye."""
,74,16,"Manjari si Tomas, ugey-ugeynen si Kambal, missā si meꞌ pagkasine tindeg si Isahin. Paꞌinne si siye, ""Sūng kite bi kēmon nuhut guruhin duk kite bi matey nuhut iye."""
,74,17,"Pagtekka disi Isa si Betani, kaꞌampat ellewnen ne si Lasarus dem kubul."
,74,18,"Tapit du kalumaꞌan Betanihin si Awrusalam, kulang-kulang tellu kilumetro hadja."
,74,19,Hangkan ekka meꞌ Yahudi pī pu si Marta duk Mariyam mahemokan siye peggeꞌ matey pungtinaꞌiden.
,74,20,"Manjari pagkale si Marta weꞌ īꞌ ne si Isa, pī iye pasampang. Si Mariyam laꞌi hadja dem lumaꞌ."
,74,21,"Pagmagkasuwaꞌ ne si Marta duk si Isa, paꞌinne pu si Isa, ""Tuwan, bang kew miyaꞌan tuꞌu, gaꞌ siꞌ matey pungtinaꞌi kamihin."
,74,22,"Saguwaꞌ kataꞌuhanku, bisan kuweꞌitu, duhulan Tuhanin kew bisan ine pākunu."""
,74,23,"Paꞌin si Isa si iye, ""Ellum du balik pungtinaꞌinun."""
,74,24,"Paꞌin si Marta, ""Aweꞌ, Tuwan, kataꞌuhanku weꞌ pinakellum du iye balik si ellew dambuli."""
,74,25,"Paꞌin si Isa si iye, ""Aku magpakellum meꞌ pateyin duk aku poꞌon umulin. Sine-sine sandel si aku, ellum du iye bisan ne iye matey."
,74,26,"Duk kēmon maꞌellumin bu sandel si aku, gaꞌi matey salama-lama."" Manjari tilew si Isa si Marta, paꞌinne, ""Kahagad ke kew?"" 27""Aweꞌ, Tuwan,"" paꞌin si Marta. ""Kahagad ne ku weꞌ kaꞌu Almasihin, Anak Tuhanin, asal dambuwaꞌ-buwaꞌ inagad kami mapitu si dunyahin."""
,74,28,"Pagubus inin bissā si Marta, pī iye ngalingan pungtinaꞌinen, si Mariyam, duk kinemotan weꞌ ne, paꞌinne, ""Tiyaꞌ ne guruhin duk pihane kew."""
,74,29,"Pagkale Mariyam inin, duwaꞌi iye magdayiꞌ-dayiꞌ duk pī iye pu si Isa."
,74,30,Gaꞌ pe hep si Isa tekka laꞌi si kalumaꞌan miyaꞌan saguwaꞌ laꞌi pe iye si antag pakasampangan si Marta iyehin.
,74,31,"Meꞌ Yahudi manaweꞌan si Mariyam dem lumaꞌin duk mamahemokan iyehin, pagkitede si Mariyam magdayiꞌ-dayiꞌ duwaꞌi, paturul siye. Kannalde pī iye si kubul pungtinaꞌinen magtangis laꞌi."
,74,32,"Saguwaꞌ papihannen laꞌi pu si Isa. Pagkite Mariyam si Isa, pasujud iye si antag bettis si Isa duk paꞌinne, ""Tuwan, bang kew miyaꞌan tuꞌu, gaꞌ siꞌ matey pungtinaꞌi kamihin."""
,74,33,"Magtangis si Mariyam duk sampay meꞌ saweꞌne Yahudihin magtangis isab. Pagkite si Isa siye magtangis, hansul ateynen duk dukka teꞌed iye."
,74,34,"Paꞌ inne, ""Antag pangubulanbi iyehin?"" Paꞌ inde, ""Nuhut kew, Tuwan, duk takitenu."""
,74,35,Manjari magtangis si Isa.
,74,36,"Magbissā-bissā meꞌ aꞌa malaꞌihin, paꞌinde, ""Payamanun bi be, asal kalasahanne teꞌed si Lasarus."""
,74,37,"Saguwaꞌ paꞌin meꞌ sinduwehin isab, ""Si Isa inin, tapangitene meꞌ aꞌa mapessekin. Weꞌey gaꞌ tabangne si Lasarus duk iye gaꞌ matey?"""
,74,38,Hansul ne isab atey si Isahin sasangne mapī si kubulin. Kubul inin lingab tinampengan duk batu.
,74,39,"Pagtekka siye si kubul, paꞌin si Isa, ""Ānanun bi batuhin."" Magtawus missā si Marta, pungtinaꞌi aꞌa mateyin. Paꞌinne pu si Isa, ""Bewwan ne iye, Tuwan, peggeꞌ ampat ellew ne kuweꞌitu."""
,74,40,"Paꞌin si Isa si iye, ""Bakas ne kew akahanku weꞌ bang kew hadja kahagad, asal kitenu balakat Tuhanin."""
,74,41,"Manjari inānan weꞌ de batu tampeng kubulin. Ubus mayam si Isa padiyataꞌ ngampun si Tuhan, paꞌinne, ""O Ammaꞌ, magsalamat ku si kaꞌu peggeꞌ pinakale ku weꞌ nu."
,74,42,"Kataꞌuhanku weꞌ luwal ku pakalenu. Saguwaꞌ bissāku inin si pakalehan meꞌ aꞌa matuꞌu inin, supaya du siye kahagad weꞌ asal kaꞌu mamapitu akuhin."""
,74,43,"Pagubus inin bissāne, ngalingan iye papales, paꞌinne, ""Lasarus, paguwaꞌ kew pitu."""
,74,44,"Magtawus paguwaꞌ aꞌa bakas mamateyin dem saput pe. Meꞌ tangannen duk meꞌ bettisnen pinekkes pe duk luwenen kinukuban. Paꞌin si Isa si siye, ""Lekkahanun bi saputnen duk iye tapa hap lumaꞌ."""
,74,45,Ekka meꞌ Yahudi manaweꞌan si Mariyamin kahagad ne pu si Isa peggeꞌ takitede hininang si Isa miyaꞌan.
,74,46,Saguwaꞌ meꞌ sinduwehin hap pī si meꞌ Pariseohin duk inaka weꞌ de si siye bakas hininang si Isahin.
,74,47,"Hangkan magtawus magtipun meꞌ Pariseohin duk meꞌ nakuraꞌ meꞌ imamin magisun, paꞌinde, ""Ine enteꞌ tahinangte bi si aꞌa inin? Iyuꞌ ne ekka tandaꞌ makaꞌulaliꞌ tahinangne."
,74,48,"Bang pasagadante bi iye,"" paꞌinde, ""ujud kahagad kēmon aꞌahin. Duk pitu iyan meꞌ nakuraꞌ bangsa Romahin makaꞌatan langgalten bi duk sampay bangsaten bi."""
,74,49,"Niyaꞌ dambuwaꞌ nambung, ēnnen si Kayapas. Iye imam nakuraꞌin tahun miyaꞌan. Paꞌin Kayapas, ""Gaꞌ niyaꞌ tasabutbi."
,74,50,"Gaꞌi tahātibi weꞌ si kahāpante bi hep bang dambuwaꞌ aꞌa hadja mamateyin gantiꞌ meꞌ aꞌahin duk dumaꞌin tibuꞌukan bangsahin magmulahin."""
,74,51,"Binissā si Kayapas miyaꞌan dumaꞌin amban di pikilanne. Saguwaꞌ peggeꞌ iye imam nakuraꞌin tahun miyaꞌan, pinaꞌal weꞌ ne weꞌ subey si Isa matey gantiꞌ bangsa Israꞌilin."
,74,52,"Duk matey iye dumaꞌin hadja ngagantiꞌan bangsa Israꞌilin, saguwaꞌ supaya isab meꞌ anak Tuhan makanat-kanat si meꞌ kalahatanin tapagdambuwaꞌ du weꞌ ne."
,74,53,"Manjari kemuwe ellew miyaꞌan, isunden weꞌ papateyde si Isa."
,74,54,Hangkan gaꞌ ne si Isa patampal si meꞌ aꞌa laꞌi si Yahudiyahin. Saguwaꞌ tahalaꞌ iye duk meꞌ tindegnen pī si dambuwaꞌ kalumaꞌan inēnan Epraim. Kalumaꞌan inin si sīng lahat gaꞌ niyaꞌ tantu aꞌane. Laꞌi siye patennaꞌ.
,74,55,Manjari tapit ne pagkādjaꞌan meꞌ Yahudihin ēnande Kādjaꞌan Pangesseban. Ekka meꞌ aꞌa amban meꞌ kalahatan pāngkat hap Awrusalam magsutsi baran meke siye sumakup si kādjaꞌanin.
,74,56,"Piniha weꞌ de si Isa laꞌi si Awrusalam duk pagbissā-bissāde sābude laꞌi dem langgal hadjehin. Paꞌinde, ""Ine pikilbi? Pitu enteꞌ si Isa si pagkādjaꞌan? Hatu gaꞌi, ēꞌ?"" Iye miyaꞌan pagbissā-bissāden,"
,74,57,"peggeꞌ bakas maguldin hep meꞌ nakuraꞌ meꞌ imamin duk meꞌ Pariseohin weꞌ bang niyaꞌ ngataꞌuhan palaꞌihan si Isahin, subey siye inakahan duk iye tasiggewde.
Yahiya 12"
,75,1,"Ennem ellew pe meke tinagnaꞌan Kādjaꞌan Pangessebanin, pī si Isa hap Betani, lahat si Lasarus aꞌa pinakellumne amban kamateynen."
,75,2,"Paglaꞌi iye si Betani, magjamu-jamu meꞌ aꞌa malaꞌihin pamahadjede si Isa. Si Marta nabang magtāgad si siye. Si Lasarus magtuhut mangan duk si Isa duk meꞌ sinduwehin."
,75,3,"Manjari ngeddoꞌ Mariyam isellan bengngi inēnan narda tengaꞌ kilu bohatnen. Mahalgaꞌ teꞌed isellan bengngi inin duk gaꞌ niyaꞌ lamud-lamudne. Pinatataꞌ weꞌ Mariyam isellan bengngi inin si bettis si Isa, ubus bu pinunasan weꞌ ne duk kōkne. Manyug bengnginen dem lumaꞌ."
,75,4,"Manjari naggaꞌ si Judas Iskariyot, dambuwaꞌ meꞌ tindeg si Isahin. Si Judas hep inin mamuddihan si Isahin."
,75,5,"Paꞌin si Judas, ""Gam pe isellan bengngi miyaꞌan pinabellihan, bu pangurung sīnin si meꞌ mamiskinin. Halgaꞌne miyaꞌan tangdan hinang dem dan tahun."""
,75,6,"Dumaꞌin weꞌ maꞌaseꞌ si Judas si meꞌ mamiskinin hangkan inin bissāne, saguwaꞌ peggeꞌ panangkew iye. Iye hep pinangandel magantan pangisihan sīnden duk daran iye ngeddoꞌ."
,75,7,"Manjari paꞌin si Isa, ""Pasagadanun dende inin. Ennaꞌne isellan bengngi inin para ellew pangubul akuhin."
,75,8,"Meꞌ mamiskinin gaꞌi du usaꞌ amban kaꞌam duk tatabangbi siye. Saguwaꞌ aku, gaꞌi ku teteg tuꞌu si kaꞌam."""
,75,9,"Ekka meꞌ aꞌa ngataꞌu weꞌ laꞌi si Isa si Betani, hangkan hap pī siye laꞌi. Pī siye dumaꞌin sabab si Isa hadja, saguwaꞌ batang kitede isab si Lasarus, iye bakas pinakellum si Isa amban kamateynen."
,75,10,Hangkan magisun meꞌ nakuraꞌ meꞌ imamin weꞌ dumaꞌin hadja si Isa pinapateyden saguwaꞌ sampay si Lasarus isab.
,75,11,"Hangkan siye magisun kuweꞌ miyaꞌan, peggeꞌ sabab Lasarus ekka meꞌ Yahudihin kahagad ne pu si Isa. Gaꞌi ne siye nuhut meꞌ imamden."
,75,12,"Pagsasumuhin, takale weꞌ meꞌ aꞌa maꞌekka si pagkādjaꞌan si Awrusalamin weꞌ laꞌi ne si Isa si lān tudju Awrusalam."
,75,13,"Manjari ngeddoꞌ siye kuweꞌ bantuk tuggu dawen lahing duk paguwaꞌ siye pī pasampang pu si Isa. Ngalingan-ngalingan siye papales, paꞌinde, ""Pudjite bi Tuhanin. Pudjite bi pinapitu weꞌ Tuhanin. Pudjite bi Sultan bangsa Israꞌilin."""
,75,14,"Ngasuwaꞌ hep si Isa dambuwaꞌ anak asnu (hayep kuweꞌ bantuk kuraꞌ) duk sinakeyan weꞌ ne. Hininang si Isa inin, maguyun duk niyaꞌ ayat tasulat dem kitab, pinaꞌin, 15""Kaꞌam, meꞌ aꞌa Awrusalamin, daꞌa kaꞌam tinalew. Tiyaꞌ pitu sultanbin pasakey diyataꞌ anak asnu."""
,75,16,"Waktu miyaꞌan, gaꞌ tahāti meꞌ tindeg si Isahin meꞌ kēmon inin. Saguwaꞌ pagtapoleꞌ ne si Isa si surgaꞌ, bahu taꞌessebde weꞌ meꞌ hininangde pu si Isahin asal tasulat hatiꞌ dem kitab. 17-18,Hangkan hep pasampang meꞌ aꞌa mabanesin pu si Isa si lān, peggeꞌ bakas takalede sabab hininang si Isa makaꞌulaliꞌin pangalingan si Isa si Lasarusin amban dem kubulin duk pamakellumne iyehin. Peggeꞌ meꞌ aꞌa masumābu malaꞌihin, siye hep magaka-aka si meꞌ aꞌahin sabab hininang si Isa inin."
,75,19,"Manjari magbissā-bissā meꞌ Pariseohin, paꞌinde, ""Payamanun bi, kēmon meꞌ aꞌahin patuhut ne si iye. Gaꞌ be niyaꞌ tahinangte bi."""
,75,20,Niyaꞌ meꞌ aꞌa bangsa Girik patuhut si meꞌ aꞌahin pī nambahayang si Awrusalam waktu pagkādjaꞌan miyaꞌan.
,75,21,"Pī siye pu si Pilip duk paꞌinde si iye, ""Tuwan, bayaꞌ kami magkite duk si Isa."" Si Pilip inin dambuwaꞌ tindeg si Isa amban kalumaꞌan Betsaida laꞌi si lahat Jalil."
,75,22,"Pī si Pilip ngakahan si Andariyas, ubus pī siye duwangan ngakahan si Isa."
,75,23,"Sambungan si Isa siye, paꞌinne, ""Taꞌabut ne waktukun. Aku, Anak Manusiyaꞌin, sōng pinahadje ne ku."
,75,24,"Sabennal akahante kaꞌam, weꞌ da lowang binihiꞌ tattap da lowang hadja samantaꞌan gaꞌi pinadem bulak. Saguwaꞌ bang pinadem bulak ne, kuweꞌ dalil matey bu kinubul, na, manjari tomoꞌ duk ekka buwaꞌne."
,75,25,"Damikkiyan isab aꞌahin. Bang ellegne teꞌed umulne si dunya inin, gaꞌ niyaꞌ umulne salama-lama. Saguwaꞌ bang gaꞌi du ellegne umulne si dunya inin, niyaꞌ du umulne salama-lama."""
,75,26,"Paꞌin si Isa, ""Sine-sine bayaꞌ daꞌak-daꞌakku, subey iye nuhut-nuhut aku. Manjari antag-antagku, laꞌi isab iye. Sine-sine ngahinang pangandaꞌakankun, pahadje Samakun iye."""
,75,27,"Missā-missā pe si Isa, paꞌinne, ""Suse teꞌed ateykun kuweꞌitu. Na, ine subey paꞌinku? Pākuku enteꞌ si Samakun weꞌ gaꞌi patekkane si aku kabinasahan inin? Gaꞌi inin pākuku peggeꞌ asal inin sababnen hangkan ku pitu, weꞌ subey ku makalabey kabinasahan inin."""
,75,28,"Manjari missā si Isa si Tuhanin, paꞌinne, ""O Ammaꞌ, pahadjehun ēnnun."" Magtawus niyaꞌ suwala amban langit magpaꞌin, ""Bakas ne pahadjeku ēnkun duk pahadjeku du balik."""
,75,29,"Meꞌ aꞌa magtengge malaꞌihin, takalede suwala inin. Paꞌin meꞌ sinduwehin, ""Uy, lugung hep īꞌen."" Paꞌin meꞌ sinduwehin isab, ""Malaꞌikat miyaꞌan, missā si iye."""
,75,30,"Saguwaꞌ paꞌin si Isa si siye, ""Suwala miyaꞌan pinakale si kaꞌam, dumaꞌin si kahāpanku saguwaꞌ si kahāpanbi."""
,75,31,"Paꞌinne, ""Taꞌabut ne waktu pangahukum meꞌ manusiyaꞌ si dunyahin. Taꞌabut ne waktu pangānan basag nakuraꞌ seyitanin, iye magnakuraꞌ tuꞌu si dunyahin."
,75,32,"Bang ne ku pinadangkat diyataꞌ olom,"" paꞌin si Isa, ""taboꞌoku du kēmon aꞌahin nuhut aku."" (33,Binissā si Isa inin, pamahātine si meꞌ aꞌa malaꞌihin bang saꞌingge kamateynen.)"
,75,34,"Nambung meꞌ aꞌa mabanesin pu si Isa, paꞌinde, ""Paꞌin kitab kamihin weꞌ Almasihin ellum salama-lama. Saguwaꞌ paꞌinnu weꞌ Anak Manusiyaꞌin subey pinadangkat duk pinapatey. Sine teꞌ Anak Manusiyaꞌ inin?"""
,75,35,"Nambung si Isa paꞌinne, ""Tiyaꞌ pe tuꞌu si kaꞌam dantaꞌ mangurung dantaꞌ si pikilanbin, saguwaꞌ gaꞌi ne tiggel. Pādpād tuꞌu pe si kaꞌam dantaꞌin, palanjalun bi paglengnganbin duk kaꞌam gaꞌi taꞌabut lindem. Peggeꞌ malumengngan dem lindemin, gaꞌi kataꞌuhanne papīhannen."
,75,36,"Hangkan,"" paꞌin si Isa, ""subey kaꞌam sandel si dantaꞌin pādpād tuꞌu pe si kaꞌam dantaꞌin duk kaꞌam manjari meꞌ aꞌa sukuꞌ si dantaꞌin.""Pagubus inin bissā si Isa, tahalaꞌ iye duk patapuk iye amban siye."
,75,37,"Bisan du ekka meꞌ hinangan makaꞌulaliꞌ tahinang si Isa si matahan meꞌ aꞌa malaꞌihin, masi du siye gaꞌi kahagad si iye."
,75,38,"Toꞌo teꞌed tasulat Nabi Isaya dem kitabin. Paꞌinne hep laꞌi,""O Tuhan, gaꞌ niyaꞌ kahagad si meꞌ inaka kamihin. Meꞌ aꞌa mangite balakatnun, kulang du siye makahātihin."""
,75,39,"Lagiꞌ pe, sinulat isab weꞌ Nabi Isaya jānnen bang weꞌey meꞌ aꞌa manggaꞌi mabayaꞌ makahagadin ujudnen gaꞌi ne makajari kahagad. Paꞌin Isaya, 40""Pinessekan weꞌ Tuhanin meꞌ mataden duk siye gaꞌi ngite, duk pinababbal weꞌ ne pikilanden duk siye gaꞌi makahāti. Manjari gaꞌi pinda ateyden, paꞌin Tuhanin, hangkan gaꞌi tapuwasanku duseden."""
,75,41,Binissā inin weꞌ Nabi Isaya peggeꞌ takitene sahaya si Isahin duk binissāne inin sabab si Isa.
,75,42,"Saguwaꞌ bisan ne sa miyaꞌan, ekka du meꞌ nakuraꞌ meꞌ Yahudihin kahagad pu si Isa, saguwaꞌ gaꞌ hadja siye missā patampal sabab inin, peggeꞌ tinalew siye kaw kataꞌuhan meꞌ Pariseohin ubus gaꞌi ne siye pinaꞌasek dem langgal."
,75,43,Peggeꞌ sinna pe siye bang kasulutan manusiyaꞌin si siye amban bang kasulutan Tuhanin si siye.
,75,44,"Manjari missā si Isa pinapales, paꞌinne, ""Makahagad si akuhin, dumaꞌin hadja aku kinahagadnen, saguwaꞌ kahagad isab iye si Tuhan, iye mamapitu akuhin."
,75,45,"Duk mangite akuhin, takitene isab mamapitu akuhin."
,75,46,Pitu ku si dunya ngurung dantaꞌ si pikilan manusiyaꞌ supaya sine-sine kahagad si aku gaꞌi teteg dem lindem.
,75,47,"Bang niyaꞌ aꞌa makakale meꞌ panoloꞌkun bu gaꞌi tuhutne, dumaꞌin aku mangahukum iyehin. Peggeꞌ dumaꞌin ku pitu ngahukum meꞌ aꞌa si dunyahin, saguwaꞌ pitu ku nimbul siye."
,75,48,"Si ellew dambuli, niyaꞌ du ngahukum meꞌ manggaꞌi manayimaꞌ akuhin duk meꞌ manggaꞌi manuhut meꞌ panoloꞌkun. Iye pangahukuman siyehin meꞌ bakas panoloꞌku si siyehin."
,75,49,"Peggeꞌ meꞌ panoloꞌkun dumaꞌin amban di pikilanku, saguwaꞌ amban Samaku mamapitu akuhin. Kēmon panoloꞌkun, iye hadja dinaꞌakne si aku pamanoloꞌin."
,75,50,"Duk kataꞌuhanku weꞌ meꞌ panoloꞌnen ngurung umul gaꞌ tamananne laꞌi si surgaꞌ. Hangkan hep gaꞌ niyaꞌ bissāku si manusiyaꞌ seddili amban pangandaꞌakan Samaku akuhin.""
Yahiya 13"
,76,1,"Gaꞌ pe tinagnaꞌan pagjamu-jamuhin, andang ne kataꞌuhan si Isa weꞌ tekka ne gantaꞌannen duk subey ne ambananne dunya inin duk balik pī si Samanen. Asal amban tagnaꞌ kinalasahan weꞌ si Isa meꞌ aꞌa sukuꞌ si iyehin, duk kuweꞌitu pakitehanne du si siye bang saꞌingge hadje lasane si siyehin."
,76,2,"Manjari pagsangem, magkakan disi Isa duk meꞌ tindegnen. Si Judas, anak si Simon Iskariyotin, bakas ne kaꞌurungan pikilan weꞌ seyitan nakuraꞌin muddihan si Isa."
,76,3,Asal du kataꞌuhan si Isa weꞌ kēmon kapatut Tuhanin tapangurung ne si iye. Duk kataꞌuhanne weꞌ pitu iye amban Tuhan duk balik du iye pī si Tuhan.
,76,4,"Manjari kuwat si Isa amban pagkakananden, bu iluwasan weꞌ ne da lapis badjuꞌnen duk magdikat iye duk tuwaliya."
,76,5,Manjari ngisi iye boheꞌ dem palanggana duk kinosoꞌan weꞌ ne bettis meꞌ tindegnen duk pinunasan weꞌ ne duk tuwaliya pagdikatnen.
,76,6,"Pagpīne pu si Simon Petros, paꞌin si Petros si iye, ""Kaꞌu, Tuwan, sōng kosoꞌannu ke meꞌ bettisku inin?"""
,76,7,"Sambungan si Isa iye, paꞌinne, ""Gaꞌi tahātinu kuweꞌitu bang ine hininangku inin, saguwaꞌ tahātinu iyan si ellew sinōng."""
,76,8,"Paꞌin si Petros, ""Gaꞌi teꞌed pakosoꞌku si kaꞌu bettiskun."" ""Bang gaꞌi kosoꞌanku bettisnun,"" paꞌin si Isa, ""dumaꞌin ne kew tindegku."""
,76,9,"Manjari paꞌin Simon Petros si iye, ""O Tuwan, bang kuweꞌ iyan, dumaꞌin hadja bettiskun saguwaꞌ sampay meꞌ tangankun duk kōkkun kosoꞌanun isab."""
,76,10,"Paꞌin si Isa si iye, ""Aꞌa bakas mamandihin, gī ne barannen. Luwal hadja bettisnen subey kinosoꞌan balik. Kēmon kaꞌam sutsi ne dem ateybin, luwal dangan manggaꞌi masutsi ateynen."""
,76,11,"Andang ne hep kataꞌuhan si Isa bang sine sōng mamuddihan iyehin hangkan paꞌinne, ""Kēmon kaꞌam sutsi ne dem ateybin, luwal dangan manggaꞌi masutsi ateynen."""
,76,12,"Pagubus ne kosoꞌan si Isa bettis meꞌ tindegnen, inasek weꞌ ne badjuꞌnen bu ningkoloꞌ balik. Paꞌinne si meꞌ tindegnen, ""Tahātibi ke bang ine bakas hininangku si kaꞌam miyaꞌan?"
,76,13,"Pangēnbi akuhin 'Guru' duk 'Panuhutan.' Patut teꞌed, peggeꞌ aku asal gurubi duk panuhutanbi."
,76,14,"Na, bang aku panuhutanbin duk gurubin ngosoꞌan bettisbin, subey ku lekkatbi. Subey kaꞌam magkosoꞌ-kinosoꞌ bettis."
,76,15,Hininangku miyaꞌan pinakitehan weꞌ ku si kaꞌam supaya niyaꞌ pamintanganbi weꞌ subey diyawaꞌ ateybin. Subey lekkatbi hininangku si kaꞌamin.
,76,16,Sabennal akahante kaꞌam weꞌ banyagaꞌin gaꞌi langkew amban amunen. Duk dinaꞌakin gaꞌi langkew amban mangandaꞌak iyehin.
,76,17,"Kuweꞌitu tahātibi ne panoloꞌku si kaꞌam inin. Bang tuhutbi inin, kēgan kaꞌam."""
,76,18,"Paꞌin si Isa, ""Dumaꞌin ku missā sabab kaꞌam kēmon. Kataꞌuhanku bang sine meꞌ aꞌa bakas tapeneꞌku manuhut akuhin. Saguwaꞌ subey du tuman pinaꞌin dem kitabin, pinaꞌin laꞌi, 'Binuddihan ku weꞌ dambuwaꞌ saweꞌku magsawu manganin.'"
,76,19,"Akahante kaꞌam inin kuweꞌitu pādpād gaꞌ pe umantag supaya bang umantag ne, kahagadbi du bakas pinaꞌinku sabab dikun, bang sine ku."
,76,20,"Sabennal akahante kaꞌam,"" paꞌin si Isa, ""weꞌ sine-sine ngaddatan aꞌa dinaꞌakkun, kuweꞌ du aku inaddatannen. Duk sine-sine ngaddatan aku, kuweꞌ du inaddatan weꞌ ne bakas mamapitu akuhin."""
,76,21,"Pagubus inin bissā si Isa, suse teꞌed dem ateynen duk paꞌinne si meꞌ tindegnen, ""Sabennal akahante kaꞌam, dangan kaꞌam muddihan aku du."""
,76,22,Magpayam meꞌ tindegnen. Gaꞌi kataꞌuhande bang sine binissāhannen.
,76,23,"Dangan meꞌ tindeg si Isahin, iye kinalasahannen, ningkoloꞌ si bihingne."
,76,24,"Sininyasan iye weꞌ Simon Petros duk paꞌinne si iye, ""Tilewun be si Isa bang sine binissāhannen."""
,76,25,"Manjari tindeg si Isa miyaꞌan patapit pu si Isa nilew iye, paꞌinne, ""Tuwan, sine teꞌ sōng mamuddihan kaꞌuhin?"""
,76,26,"Nambung si Isa, paꞌinne, ""Aꞌa pangurunganku pan inin pagubus lebbaganku dem pinggan, iye ne miyaꞌan."" Manjari ilebbagan weꞌ si Isa panin ubus bu pinangurung weꞌ ne pu si Judas, anak si Simon Iskariyotin."
,76,27,"Pageddoꞌ si Judas panin, magtawus paꞌasek nakuraꞌ seyitanin dem pikilanne. Paꞌin si Isa si iye, ""Hinangun ne padayiꞌ sōng hininangnun."""
,76,28,Gaꞌ niyaꞌ bisan dangan meꞌ tindegnen makahāti bang ine pinaꞌin si Isa pu si Judas miyaꞌan.
,76,29,"Peggeꞌ si Judas magantan sīnden, kannal meꞌ sinduwehin weꞌ daꞌak si Isa iye pī melli ginunade si pagkādjaꞌanin, atawa dinaꞌak iye magsarakka si meꞌ mamiskinin."
,76,30,"Manjari pagsangka si Judas panin, magtawus iye duwaꞌi. Duk sangem ne miyaꞌan."
,76,31,"Paglumikut ne si Judas, paꞌin si Isa, ""Kuweꞌitu pinakitehan ne pamahadje akuhin, aku Anak Manusiyaꞌin. Kuweꞌitu pinakitehan ne balakat Tuhanin sabab aku."
,76,32,"Bang tapakitehan balakat Tuhanin sababku, gaꞌi du tiggel pakitehan Tuhanin isab pamahadjene akuhin, aku Anak Manusiyaꞌin."""
,76,33,"Paꞌin si Isa, ""Kaꞌam meꞌ tindegkun, gaꞌi ne ku tiggel tuꞌu si kaꞌam. Pihabi du ku. Saguwaꞌ sa pinaꞌinku si meꞌ nakuraꞌ Yahudihin, paꞌinku si kaꞌam kuweꞌitu, 'Gaꞌi kaꞌam tapī si papīhankun.'"
,76,34,Niyaꞌ daꞌakan baꞌahu ambananku si kaꞌam. Subey kaꞌam maglasa-ilasa. Maglasa kaꞌam kuweꞌ pangalasaku si kaꞌamin.
,76,35,"Bang kaꞌam maglasa-ilasa, kataꞌuhan meꞌ aꞌahin kēmon weꞌ kaꞌam meꞌ tindegku."""
,76,36,"Paꞌin si Petros pu si Isa, ""Tuwan, hap tungan kew?"" Nambung si Isa, paꞌinne, ""Gaꞌi kew kapanuhut aku kuweꞌitu si papīhankun, saguwaꞌ paturul du kew si sinōng."""
,76,37,"Paꞌin si Petros si iye, ""Tuwan, weꞌey ku gaꞌi kapanuhut si kaꞌu kuweꞌitu? Maglillaꞌ ku bisan ku pinapatey bang sababnu."""
,76,38,"Sambungan si Isa iye, paꞌinne, ""Asal maglillaꞌ ke kew pinapatey bang sababku? Sabennal akahante kew, gaꞌi pe tingkowak manukin, masuwey ne kew iyan mintellu weꞌ gaꞌi ku kataꞌuhannu.""
Yahiya 14"
,77,1,"Paꞌin si Isa si meꞌ tindegnen, ""Daꞌa kaꞌam suse dem ateybi sabab meꞌ pinaꞌinku miyaꞌan. Sandel kaꞌam si Tuhan duk sandel isab kaꞌam si aku."
,77,2,"Laꞌi si lahat Samaku Tuhanin, ekka patennaꞌan. Bang inin gaꞌi toꞌo gaꞌi kaꞌam akahanku. Pī ku manyap patennaꞌanbin."
,77,3,"Manjari bang ubus ne ku magpanyap patennaꞌanbin, balik du ku pitu ngeddoꞌ kaꞌam duk boꞌote kaꞌam pī si patennaꞌankun duk kite bi magdambuwaꞌ patennaꞌan."
,77,4,"Duk kataꞌuhanbi du lān hap pī si papīhankun."""
,77,5,"Paꞌin si Tomas si iye, ""Tuwan, gaꞌi kataꞌuhan kami bang tungan papīhannun. Saꞌingge pangataꞌu kami lān hap pīhin?"""
,77,6,"Paꞌin si Isa si iye, ""Aku inin lān tudju Tuhanin, aku poꞌon sasuku mabennalin, duk aku poꞌon umulin. Gaꞌ niyaꞌ tapī si Samaku Tuhanin bang dumaꞌin aku palabeyannen."
,77,7,"Kuweꞌitu peggeꞌ kataꞌuhanbi ne ku,"" paꞌin si Isa, ""kataꞌuhanbi du isab Samakun. Tinagnaꞌan kuweꞌitu, kataꞌuhanbi ne Samakun duk takitebi ne iye."""
,77,8,"Paꞌin si Pilip pu si Isa, ""Tuwan, pakitehanun si kami Samanun duk kaduhulan ne kami."""
,77,9,"Sambungan si Isa iye, paꞌinne, ""Katiggelku ne tuꞌu si kaꞌam, gaꞌi pe kataꞌuhannu bang sine ku, Pilip? Sine-sine ngite aku, kuweꞌ Samakun ne teꞌed takitenen. Hangkan weꞌey paꞌinnu weꞌ subey pinakitehan si kaꞌu Samakun?"
,77,10,"Weꞌ gaꞌi kew kahagad, Pilip, weꞌ Samakun duk aku dambuwaꞌ du? Meꞌ pamanoloꞌku si kaꞌamin dumaꞌin amban aku, saguwaꞌ amban Samaku mateteg tuꞌu si akuhin. Kēmon meꞌ hinangkun iye mangahinangin."""
,77,11,"Paꞌin si Isa, ""Subey kahagadbi pinaꞌinkun weꞌ Samakun duk aku dambuwaꞌ du. Bang gaꞌi kaꞌam kahagad sabab bissāku inin, kahagad kaꞌam hadja sabab meꞌ hinang bakas hininangkun."
,77,12,"Sabennal akahante kaꞌam,"" paꞌin si Isa, ""sine-sine kahagad si aku, hinangne du isab meꞌ hinang hininangkun. Duk pasōng pe meꞌ tahinangnen amban meꞌ hininangkun, peggeꞌ pī ne ku si Samaku Tuhanin."
,77,13,"Ine-ine pākubi si Samakun sabab sandelbi si akuhin, hinangku si kaꞌam supaya tapudji Samakun sabab hininangkun."
,77,14,"Ine-ine pākubi si aku sabab sandelbi si akuhin, hinangku si kaꞌam."""
,77,15,"Paꞌin si Isa pe, ""Bang bennal ku kalasahanbi, bugtuꞌ tuhutbi meꞌ pangandaꞌakanku si kaꞌamin."
,77,16,Pākuku du si Samakun duk kaꞌam urunganne seddili nabangan kaꞌam gantiꞌku. Luꞌu du iye si kaꞌam salama-lama.
,77,17,"Manabang inin, Niyawa Tuhanin. Iye magaka mabennalin sabab Tuhanin. Saguwaꞌ meꞌ aꞌa manggaꞌi manuhut Tuhanin, gaꞌi tatayimaꞌde Niyawa Tuhanin peggeꞌ gaꞌi iye tahātide duk gaꞌi iye kataꞌuhande. Saguwaꞌ kaꞌam, kataꞌuhanbi du Niyawa Tuhanin peggeꞌ luꞌu iye si kaꞌam duk pateteg du iye dem ateybi."
,77,18,"Bisan ku tahalaꞌ, gaꞌi du kaꞌam siya-siyaku. Balik du ku pitu si kaꞌam."
,77,19,"Gaꞌi ne tiggel gaꞌi ne ku takite weꞌ meꞌ aꞌa manggaꞌi manuhut Tuhanin. Saguwaꞌ kaꞌam, kitebi du ku. Duk peggeꞌ ellum ku salama-lama, kaꞌam ellum du isab salama-lama."
,77,20,"Pagtekka ellew miyaꞌan, kataꞌuhanbi du weꞌ Samakun duk aku magdambuwaꞌ. Duk kataꞌuhanbi isab weꞌ kaꞌam duk aku magdambuwaꞌ."
,77,21,"Sine-sine nayimaꞌ meꞌ pangandaꞌakankun duk tuhutne du, iye iyan aꞌa asal mamalasa si akuhin. Aꞌa mamalasa si akuhin kinalasahan du iye weꞌ Samakun. Duk kalasahanku isab iye duk pahātiku du dikun si iye."""
,77,22,"Manjari tinilew si Isa weꞌ si Judas, dumaꞌin si Judas Iskariyot. Paꞌin si Judas, ""Tuwan, ine sababnen hangkan pahātinu dinun si kami hadja bu dumaꞌin si meꞌ manusiyaꞌin kēmon?"""
,77,23,"Nambung si Isa, paꞌinne, ""Bang aꞌahin malasa si aku, bugtuꞌ tuhutne meꞌ panoloꞌkun. Manjari kalasahan Samakun iye, duk laꞌi kami duk Samakun patennaꞌ si iye."
,77,24,"Saguwaꞌ aꞌa manggaꞌi malasa si akuhin, gaꞌi du isab tuhutne meꞌ pamanoloꞌkun. Duk meꞌ pamanoloꞌku si kaꞌamin dumaꞌin amban aku saguwaꞌ amban Samaku mamapitu akuhin. 25""Inaka inin kēmon weꞌ ku si kaꞌam pādpād tiyaꞌ pe ku tuꞌu si kaꞌam."
,77,26,"Saguwaꞌ papitu Samakun du si kaꞌam manabangin, gantiꞌku. Iye Niyawa Sutsihin. Toloꞌanne du kaꞌam kēmon-kēmonin duk paꞌessebanne kaꞌam kēmon bakas panoloꞌku si kaꞌamin."""
,77,27,"Paꞌin si Isa pe, ""Iye pangambanku si kaꞌamin atey sanyang. Kasanyangan inin amban aku duk gaꞌi inin magsaliꞌ duk kasanyangan si dunyahin. Hangkan daꞌa kaꞌam suse dem ateybi duk daꞌa kaꞌam tinalew."
,77,28,"Bakas ne kaꞌam akahanku weꞌ aku inin tahalaꞌ ne, saguwaꞌ balik du ku pitu si kaꞌam. Bang kaꞌam asal malasa si aku, bugtuꞌ kēgan kaꞌam weꞌ pī ku si Samakun, peggeꞌ langkew iye amban aku."
,77,29,"Andang ne kaꞌam akahanku pādpād gaꞌ pe taꞌabut waktu patahalaꞌkun supaya bang taꞌabut ne waktu miyaꞌan, asal kahagad ne teꞌed kaꞌam."
,77,30,Gaꞌi ne ku makajari missā si kaꞌam tiggel peggeꞌ sōng tekka ne nakuraꞌ seyitan magnakuraꞌ si dunya inin. Gaꞌi du ku kapagbayaꞌanne.
,77,31,"Saguwaꞌ subey kataꞌuhan meꞌ manusiyaꞌin kēmon weꞌ malasa ku si Samakun, hangkan pagtuyuꞌanku kēmon hininang sa pangandaꞌakan Samaku akuhin. Na, kuwat ne kaꞌam, sūng ne kite bi,"" paꞌin si Isa.
Yahiya 15"
,78,1,"Manjari magdalilan si Isa, paꞌinne si meꞌ tindegnen, ""Aku inin dalil poꞌon tinanem mahāpin, duk Samakun dalil magipat tinanem inin."
,78,2,"Kēmon pangeku manggaꞌi mabuwaꞌin totoꞌanne, duk kēmon pangeku mabuwaꞌin gawasanne duk ngaꞌekka buwaꞌnen."
,78,3,Kaꞌam iyan dalil kagawasan ne sabab meꞌ panoloꞌku si kaꞌamin.
,78,4,"Subey kaꞌam pateteg si aku, duk teteg ku isab si kaꞌam. Dalil pangehin, gaꞌi makajari buwaꞌ pangehin amban dihananne, luwal bang gaꞌi butas amban poꞌonne, buwaꞌ du. Damikkiyan kaꞌam gaꞌi kaꞌam kapaghinang si kahāpan bang gaꞌi kaꞌam teteg si aku. 5""Aku inin poꞌon tinanemin duk kaꞌam dalil meꞌ pangehin. Bang kaꞌam teteg si aku duk aku isab teteg si kaꞌam, ekka tahinangbi kahāpan, peggeꞌ bang butas kaꞌam amban aku, gaꞌ niyaꞌ kasuddahan hinangbin."
,78,6,"Bang aꞌahin gaꞌi teteg si aku, kuweꞌ iye dalil pange seppak ilakasan duk ngalanes. Manjari tinipun meꞌ pange inin bu ilakasan dem ebbut ineggas."
,78,7,"Saguwaꞌ bang teteg kaꞌam si aku duk meꞌ panoloꞌkun ingketbi teꞌed dem ateybi, duhulan Tuhanin kaꞌam ine-ine pākubi."
,78,8,"Bang ekka kahāpan tahinangbi, pinudji du Samakun duk kataꞌuhan du isab weꞌ kaꞌam bennal meꞌ tindegku."
,78,9,Lasaku si kaꞌamin kuweꞌ du lasa Samaku si akuhin. Patetegun bi lasabin si aku.
,78,10,"Bang tuhutbi meꞌ pangandaꞌakankun, teteg du lasakun si kaꞌam. Kuweꞌ du akuhin, tinuhut weꞌ ku meꞌ pangandaꞌakan Samakun duk teteg lasanen si aku. 11""Hangkan inin panoloꞌku si kaꞌam, supaya talessabi isab kuweꞌ kēg dem ateykun duk supaya kēgbin jukup."
,78,12,"Iye inin pangandaꞌakanku si kaꞌamin, subey kaꞌam maglasa-ilasa kuweꞌ pangalasaku si kaꞌamin."
,78,13,"Bang aꞌahin maglillaꞌ matey sabab lasane si meꞌ bagaynen, gaꞌ niyaꞌ lasa manusiyaꞌ hadje amban inin."
,78,14,"Kaꞌam, meꞌ bagayku kaꞌam, bang hinangbi meꞌ pangandaꞌakanku si kaꞌamin."
,78,15,"Kuweꞌitu gaꞌi ne kaꞌam ēnanku meꞌ daraꞌakanku, peggeꞌ daraꞌakanin gaꞌi pinahātihan si siye bang ine ne paꞌin hininang amunen. Saguwaꞌ kaꞌam, bakas pahātiku ne si kaꞌam kēmon inaka Samaku si akuhin. Hangkan ēnanku ne kaꞌam meꞌ bagayku."
,78,16,"Dumaꞌin weꞌ peneꞌbi ku, saguwaꞌ aku mameneꞌ kaꞌamin, duk kawakilan kaꞌam weꞌ ku supaya ekka hāp tahinangbi duk meꞌ mahāp tahinangbin gaꞌi pinda. Manjari, ine-ine pākubi si Samakun sabab sandelbi si akuhin, duhulanne kaꞌam."
,78,17,"Na, iye inin pangandaꞌakanku kaꞌamin, subey kaꞌam maglasa-ilasa."""
,78,18,"Paꞌin si Isa si meꞌ tindegnen, ""Daꞌa kaꞌam ulaliꞌ bang kaꞌam kabunsihan weꞌ meꞌ aꞌa manggaꞌi manuhut Tuhanin. Essebun bi weꞌ kabunsihande ku dehellu amban kaꞌam."
,78,19,"Bang saꞌupama magdambuwaꞌ pikilan kaꞌam duk meꞌ aꞌa iyan, kalasahande hep kaꞌam. Saguwaꞌ pabiddaꞌ kaꞌam. Tapeneꞌ kaꞌam weꞌ ku duk pinaseddili kaꞌam weꞌ ku amban meꞌ aꞌa iyan. Hangkan hep kaꞌam kabunsihan weꞌ de."
,78,20,"Essebun bi bakas pinaꞌinku si kaꞌamin: 'Banyagaꞌin gaꞌi langkew amban amunen.' Bang ku bakas bininasa weꞌ meꞌ aꞌa iyan, bugtuꞌ binasade du isab kaꞌam. Bang bakas tuhutde panoloꞌkun, bugtuꞌ tuhutde du isab panoloꞌbin."
,78,21,"Kabunsihande kaꞌam duk binasade kaꞌam peggeꞌ kaꞌam sukuꞌ si aku duk peggeꞌ gaꞌ kataꞌuhande Tuhanin, Tuhan mamapitu akuhin."
,78,22,"Bang ku gaꞌ tapitu noloꞌan siye, gaꞌ pe pastiꞌ duseden. Saguwaꞌ kuweꞌitu gaꞌi ne kadaꞌawahande duseden."
,78,23,Sine-sine bunsi si aku bunsi du isab iye si Samakun.
,78,24,"Meꞌ hinang hininangku si matahanden, gaꞌ niyaꞌ aꞌa bakas makahinangne. Bang gaꞌ ku kapaghinang meꞌ hinangan miyaꞌan, gaꞌi hep pastiꞌ duseden. Saguwaꞌ takitede ne meꞌ hininangkun, duk kabunsihande ku duk Samakun."
,78,25,"Saguwaꞌ bugtuꞌ du ku kabunsihande supaya tuman tasulat dem kitabin. Paꞌin kitabin: 'Kabunsihande ku gaꞌ niyaꞌ jānne.' 26""Pitu du si kaꞌam pananabangin. Pananabang inin, Niyawa Tuhanin duk amban Samakun iye. Magtoloꞌ du iye mabennal sabab Tuhanin. Papituku du iye si kaꞌam amban Samakun duk pagtuꞌu ne iye, naksiꞌ du iye sabab aku."
,78,27,"Kaꞌam isab, naksiꞌ du kaꞌam sabab aku peggeꞌ kemuwe tagnaꞌ magtuhut-tuhut kite bi.""
Yahiya 16"
,79,1,"Paꞌin si Isa si meꞌ tindegnen, ""Inaka weꞌ ku kēmon inin si kaꞌam, supaya gaꞌi usaꞌ sandelbi si akuhin."
,79,2,"Niyaꞌ iyan waktu si sinōng, gaꞌi ne kaꞌam paꞌasek meꞌ nakuraꞌ āgamahin dem langgalde. Duk tekka du waktuhin, bang niyaꞌ mapatey kaꞌam, kannalanne weꞌ hininangne inin kinabayaꞌan Tuhanin."
,79,3,Hinangde inin si kaꞌam peggeꞌ gaꞌi kataꞌuhande Samakun atawa aku.
,79,4,"Saguwaꞌ akahante kaꞌam inin supaya bang ne tekka meꞌ kabinasahan inin si kaꞌam, taꞌessebbi du weꞌ bakas kaꞌakahante kaꞌam andang sabab inin.""""Gaꞌ kaꞌam akahanku inin tagnaꞌ, peggeꞌ tuꞌu pe ku si kaꞌam."
,79,5,"Saguwaꞌ kuweꞌitu akahante ne kaꞌam peggeꞌ sōng tahalaꞌ ne ku, pī balik si mamapitu akuhin. Bu gaꞌ niyaꞌ kaꞌam nilew aku bang tunganku."
,79,6,Dukka teꞌed ateybin kuweꞌitu sabab bakas inakaku si kaꞌam miyaꞌan.
,79,7,"Saguwaꞌ akahante kaꞌam mabennalin, si kahāpanbi du bang ku tahalaꞌ. Peggeꞌ bang upama gaꞌi ku tahalaꞌ, gaꞌi pitu si kaꞌam pananabangin. Saguwaꞌ bang ku tahalaꞌ, papituku du iye si kaꞌam."
,79,8,"Pagtuꞌu ne si kaꞌam pananabangin, pahātihanne du si meꞌ manusiyaꞌ si dunyahin hāti dusehin duk hāti mabentelin duk hāti hukuman Tuhanin."
,79,9,"Papastiꞌne si siye weꞌ dusehan siye, peggeꞌ gaꞌi siye kahagad si aku."
,79,10,"Papastiꞌne si siye weꞌ bentel ku, peggeꞌ tapī ne ku si Samakun duk gaꞌi ne ku takitebi."
,79,11,"Papastiꞌne si siye hukuman Tuhanin, peggeꞌ tahukum ne nakuraꞌ seyitan magnakuraꞌ tuꞌu si dunyahin. 12""Ekka pe akaku si kaꞌam,"" paꞌin si Isa, ""saguwaꞌ gaꞌi takoleꞌbi bang kuweꞌitu."
,79,13,"Pagtekka pitu Niyawa Tuhanin, iye mamagaka mabennalin, panoloꞌanne du kaꞌam kēmon panoloꞌ mabennalin. Gaꞌi iye magtoloꞌ amban di pikilanne saguwaꞌ ine-ine takalene amban Tuhanin, iye miyaꞌan panoloꞌnen. Duk akahanne du kaꞌam bang ine maꞌumantag si sinōngin."
,79,14,"Pahadje Niyawa Tuhanin du ku, peggeꞌ kēmon inakahanne kaꞌamin asal amban aku du."
,79,15,"Ine-ine si Samakun, si aku du, hangkan hep paꞌinku si kaꞌam weꞌ kēmon inakahan Niyawa Tuhan kaꞌamin amban aku du."""
,79,16,"Paꞌin si Isa, ""Gaꞌi ne tiggel, gaꞌi ne ku kitebi. Saguwaꞌ ubus miyaꞌan, gaꞌi tiggel kitebi du ku balik."""
,79,17,"Magbissā-bissā sinduwe meꞌ tindeg si Isahin, paꞌinde, ""Ine enteꞌ hāti pinaꞌinne inin, 'Gaꞌi tiggel gaꞌi ne ku kitebi, ubus miyaꞌan gaꞌi tiggel kitebi du ku balik?' Duk iye isab pinaꞌinne, 'Peggeꞌ pī ku si Samakun?'"
,79,18,"Ine hatu hāti 'gaꞌi ne tiggel' pinaꞌinne inin? Gaꞌi kataꞌuhante bi bang ine hāti pinaꞌinnen."""
,79,19,"Kataꞌuhan si Isa weꞌ bayaꞌ iye tilew meꞌ tindegnen bang ine hāti pinaꞌinnen. Hangkan paꞌin si Isa si siye, ""Ensiniꞌ paꞌinku, 'Gaꞌi ne tiggel gaꞌi ne ku kitebi, ubus miyaꞌan gaꞌi du tiggel, kitebi du ku balik.' Magtilew-tilew ke kaꞌam bang ine hāti pinaꞌinku inin?"
,79,20,"Sabennal akahante kaꞌam, magtangis kaꞌam iyan duk magsugul, saguwaꞌ meꞌ aꞌa manggaꞌi manuhut Tuhanin magkēg-kēg. Suse du kaꞌam iyan saguwaꞌ ginantiꞌan du iyan duk kēg."
,79,21,"Dalilnen kuweꞌ dende nganak. Suse iye peggeꞌ tekka ne panganaknen. Saguwaꞌ pag si luwasan ne anaknen, gaꞌi ne taꞌessebne peddiꞌ talabeynen hawal kēgnen weꞌ niyaꞌ nakanak palahil si dunya."
,79,22,"Damikkiyan isab kaꞌam, kuweꞌitu suse kaꞌam. Saguwaꞌ magkite du kite bi balik. Manjari asal kēgan du teꞌed kaꞌam iyan, duk kēgbi iyan gaꞌ niyaꞌ makaꞌānanne amban dem ateybi."
,79,23,"Pagtekka ellew pagkiteten bi balik, gaꞌ ne niyaꞌ tilewbi ine-ine amban aku. Sabennal akahante kaꞌam, ine-ine pākubi si Samakun peggeꞌ sandel kaꞌam si aku, duhulanne du kaꞌam."
,79,24,"Kemuwe tagnaꞌley sampay kuweꞌitu gaꞌ niyaꞌ bakas pākubi sabab sandelbi si akuhin. Māku ne kaꞌam ubus bu inurungan du kaꞌam supaya jukup kēgbin."""
,79,25,"Paꞌin si Isa si siye, ""Meꞌ panoloꞌku si kaꞌam inin si dalilan, saguwaꞌ tekka du iyan ellewin gaꞌi ne ku magdalilan si kaꞌam, duk akahanku ne kaꞌam pabentel sabab Samakun."
,79,26,"Pagtekka ellew miyaꞌan, bang niyaꞌ pākubi, kaꞌam ne mamāku amban Samakun peggeꞌ sandel kaꞌam si aku. Dumaꞌin ne aku mamāku para si kaꞌamin,"
,79,27,peggeꞌ Samakun malasa du si kaꞌam. Kalasahanne kaꞌam peggeꞌ malasa kaꞌam si aku duk peggeꞌ kahagadbi du weꞌ pitu ku amban Tuhan.
,79,28,"Aweꞌ, pitu ku amban Samaku Tuhanin si dunya. Duk kuweꞌitu ambananku ne dunya inin duk balik ne ku pī si Samakun."""
,79,29,"Paꞌin meꞌ tindegnen si iye, ""Kuweꞌitu bentel ne pamissānun. Dumaꞌin ne inin dalilan."
,79,30,"Kabugtuꞌan kami ne kuweꞌitu weꞌ kataꞌuhannu kēmon-kēmonin bisan kew gaꞌi tinilew. Hangkan kahagad ne teꞌed kami weꞌ amban Tuhan kew."""
,79,31,"Paꞌin si Isa si siye, ""Asal kahagad ne ke teꞌed kaꞌam kuweꞌitu?"
,79,32,"Tekka du waktuhin gaꞌi ne teꞌed tiggel, magsapeꞌ-sapeꞌ du kaꞌam iyan, hap lumaꞌne ne dangan-dangan duk ambananbi ku dendangan. Saguwaꞌ iye matoꞌohin, dumaꞌin du ku dendangan peggeꞌ Samakun teteg du tuꞌu si aku."
,79,33,"Kēmon inin inaka weꞌ ku si kaꞌam supaya sanyang dem ateybin. Hangkan sanyang dem ateybin, peggeꞌ magdambuwaꞌ kaꞌam duk aku. Tuꞌu si dunya inin, bininasa du kaꞌam weꞌ meꞌ aꞌa manggaꞌi manuhut Tuhanin. Saguwaꞌ daꞌa kaꞌam tinalew. Daꞌag ne du nakuraꞌden weꞌ ku.""
Yahiya 17"
,80,1,"Pagubus inin bissā si Isa, mayam iye padiyataꞌ langit duk ngampun iye si Tuhan, paꞌinne, ""O Ammaꞌ, taꞌabut ne waktuhin. Pahadjehun ku, Anaknun, duk kew isab tapahadjeku."
,80,2,"Kaꞌurungan ku weꞌ nu kapatut magbayaꞌ si kēmon manusiyaꞌ, supaya kaꞌurunganku umul gaꞌ tamananne kēmon aꞌa pinasukuꞌnu si akuhin."
,80,3,"Duk meꞌ aꞌa kaꞌurungan umul gaꞌ tamanannen, subey kew kataꞌuhande, kaꞌu Tuhan mabennalin, Tuhan dambuwaꞌ-buwaꞌin. Duk subey isab kataꞌuhande Isa Almasi pinapitunu si dunyahin."
,80,4,Pinahadje kew weꞌ ku tuꞌu si dunya peggeꞌ ubus ne weꞌ ku hinang pinahinangnu si akuhin.
,80,5,"O Ammaꞌ, pahadjehun ku luꞌu si panaꞌanannu lu, sa pamahadje aku maluꞌuhin masa gaꞌ pe dunya inin pinapanjari. 6""Bakas ne kew pinakitaꞌu weꞌ ku si meꞌ aꞌa pinasukuꞌnu si aku tuꞌu si dunyahin. Meꞌ sukuꞌ si kaꞌu du siye, duk pinasukuꞌ siye weꞌ nu si aku. Tinuhut weꞌ de lapalnun,"
,80,7,duk bugtuꞌ ne si siye weꞌ kēmon pangurungnu akuhin asal bennal amban kaꞌu.
,80,8,"Bakas ne pasampayku si siye lapal pinangurungnu si akuhin, duk tinayimaꞌ ne weꞌ de. Bugtuꞌ ne si siye weꞌ billuꞌu ku amban kaꞌu, duk kahagad ne teꞌed siye weꞌ kaꞌu asal mamapitu akuhin. 9""O Ammaꞌ, pāku-pākuhanku siye si kaꞌu. Dumaꞌin manusiyaꞌin kēmon pinākuhankun saguwaꞌ meꞌ aꞌa pinasukuꞌnu si aku inin hadja, peggeꞌ siye inin asal sukuꞌ si kaꞌu du."
,80,10,"Kēmon si akuhin, si kaꞌu du duk kēmon si kaꞌuhin, si aku du. Duk pinahadje ku weꞌ de, sabab sandel siye si aku."
,80,11,"Aku inin sōng balik ne piyu si kaꞌu. Sōng ne ambananku dunya inin. Saguwaꞌ meꞌ aꞌa pinasukuꞌnu si aku inin, tuꞌu pe si dunya. O Ammaꞌ, kaꞌu masutsihin, pakitehannu ku balakat ēnnun; banteyanun siye duk balakatnu inin, supaya siye magdambuwaꞌ atey sa kitehin."
,80,12,"Tiggelanku tuꞌu si siye, banteyanku meꞌ aꞌa pinasukuꞌnu si aku inin duk balakat ēnnun. Binanteyan siye weꞌ ku hangkan gaꞌ niyaꞌ siye lepas amban kaꞌu, luwal du dambuwaꞌ, peggeꞌ niyaꞌ subey lepas supaya tuman tasulat dem kitabin."
,80,13,"Sōng balik ne ku inin piyu si kaꞌu hangkan pādpād tuꞌu pe ku si dunya, bissāku inin supaya jukup kēgden kuweꞌ kēgkun."
,80,14,"Pinasampay weꞌ ku si siye lapalnun. Manjari kabunsihan siye weꞌ meꞌ aꞌa manggaꞌi manuhut kaꞌuhin, peggeꞌ gaꞌi siye nuhut pikilan meꞌ aꞌa miyaꞌan. Kuweꞌ siye akuhin, gaꞌi du isab tuhutku pikilan meꞌ aꞌa manggaꞌi manuhut kaꞌuhin."
,80,15,Gaꞌi ku māku-māku weꞌ eddoꞌnu meꞌ aꞌa pinasukuꞌnu si akuhin amban dunya inin. Saguwaꞌ māku-māku ku weꞌ banteyannu siye duk siye gaꞌi kapagbayaꞌan weꞌ nakuraꞌ seyitanin.
,80,16,"Kuweꞌ siye akuhin, gaꞌi siye nuhut pikilan meꞌ aꞌa manggaꞌi manuhut kaꞌuhin."
,80,17,"Paseddilihun siye duk sutsihun siye. Panutsi siyehin panoloꞌnu mabennalin, iye lapalnun."
,80,18,"Daꞌakku ne siye pī si meꞌ aꞌa si dunyahin, kuweꞌ akuhin du isab dinaꞌak weꞌ nu pitu si dunya."
,80,19,"Duk si kahāpande paglillaꞌku umulkun si kaꞌu, supaya siye teꞌed meꞌ aꞌa sukuꞌ si kaꞌuhin. 20""Māku-māku ku dumaꞌin hadja para si meꞌ tindegku inin,"" paꞌin si Isa, ""saguwaꞌ para si kēmon makahagad si aku sabab panoloꞌden."
,80,21,"O Ammaꞌ, karayaw magdambuwaꞌ atey siye kēmon; kuweꞌ kaꞌuhin teteg tuꞌu si aku, duk aku teteg luꞌu si kaꞌu, damikkiyan isab karayaw teteg siye tuꞌu si kite. Karayaw weꞌ asal magdambuwaꞌ atey siye, supaya kahagad meꞌ aꞌa si dunyahin weꞌ asal kaꞌu mamapitu akuhin."
,80,22,"Pinahadje siye weꞌ ku sa pamahadjenu akuhin, supaya siye magdambuwaꞌ atey kuweꞌ pagdambuwaꞌ ateyten,"
,80,23,"aku teteg luꞌu si siye, kuweꞌ kaꞌuhin teteg tuꞌu si aku, supaya siye kēmon asal magdambuwaꞌ atey teꞌed. Manjari bang asal magdambuwaꞌ atey ne teꞌed siye, ujud kataꞌuhan meꞌ aꞌa si dunyahin du weꞌ kaꞌu mamapitu akuhin. Duk kataꞌuhande du isab weꞌ kalasahannu meꞌ makahagad si akuhin sa pangalasanu akuhin."
,80,24,"O Ammaꞌ, pinasukuꞌ weꞌ nu siye kēmon si aku. Manjari iye kabayaꞌankun, subey siye laꞌi si aku si palaꞌihankun supaya takitede pamahadjenu akuhin duk sahaya pangurungnu akuhin, peggeꞌ kinalasahan ku weꞌ nu gaꞌ pe pinapanjari dunyahin."
,80,25,"O Ammaꞌ, kaꞌu mabentelin, bisan kew gaꞌi kataꞌuhan meꞌ aꞌa manggaꞌi manuhut kaꞌuhin, saguwaꞌ kataꞌuhante kew duk meꞌ tindegku inin kataꞌuhande weꞌ kaꞌu mamapitu akuhin."
,80,26,"Bakas ne kew pinakitaꞌu weꞌ ku si siye, duk pakitaꞌute pe kew namba, supaya lasade si saweꞌden saliꞌ duk lasanu si akuhin duk supaya ku teteg dem ateyde.""
Yahiya 18"
,81,1,"Pagubus si Isa ngampun si Tuhan, tahalaꞌ iye duk meꞌ tindegnen pī si dambiyaꞌ sapaꞌ inēnan Kidron. Niyaꞌ laꞌi kabbun duk hap pī siye dem kabbun miyaꞌan."
,81,2,Kataꞌuhan si Judas antag miyaꞌan peggeꞌ daran hep si Isa duk meꞌ tindegnen magtipun-tipun laꞌi. Si Judas hep inin mamuddihan si Isahin.
,81,3,Manjari pinanduꞌan weꞌ si Judas meꞌ sundalu bangsa Romahin duk meꞌ guwaldiya langgal hadjehin pī si kabbun miyaꞌan. Meꞌ guwaldiya inin pinatuhut si iye weꞌ meꞌ Pariseohin duk meꞌ nakuraꞌ imamin. Magbessi siye duk maglaꞌal duk magboꞌo payitaꞌan.
,81,4,"Kataꞌuhan si Isa kēmon sōng maꞌumantag si iyehin hangkan pī iye pasampang si siye duk paꞌinne, ""Sine pinihabin?"""
,81,5,"Paꞌinde, ""Piha kami si Isa, aꞌa amban lahat Nasaretin."" ""Aku ne hep,"" paꞌin si Isa. Si Judas, mamuddihan si Isahin, laꞌi isab nengge-nengge duk meꞌ aꞌahin."
,81,6,"Pagpaꞌin si Isa, ""Aku ne hep,"" pasuhut siye duk hebbaꞌ siye."
,81,7,"Manjari tilew si Isa siye balik, paꞌinne, ""Sine teꞌ pinihabin?"" Nambung siye, paꞌinde, ""Si Isa, aꞌa amban Nasaretin."""
,81,8,"Manjari paꞌin si Isa, ""Bakas ne kaꞌam akahanku weꞌ aku ne. Bang asal aku du aꞌa pinihabin, na, tiyaꞌ ne ku. Daꞌa sakupun bi meꞌ saweꞌku inin."""
,81,9,"Paꞌinne inin supaya tuman bakas pinaꞌinne si Samane, Tuhanin, paꞌinne, ""O Ammaꞌ, gaꞌ niyaꞌ lepas bisan dangan meꞌ aꞌa pinasukuꞌnu si akuhin."""
,81,10,Magbessi hep si Simon Petros. Manjari inurus weꞌ ne bessinen duk pineddang weꞌ ne daraꞌakan imam nakuraꞌin. Iye matewwaꞌin tayingene kanawanin duk magtawus butas. Ēn daraꞌakan inin si Malkus.
,81,11,"Paꞌin si Isa pu si Petros, ""Isihun balik bessinun dem tagubanne. Akuhanku kēmon kabinasahan inin peggeꞌ inin pinasukuꞌ si aku weꞌ Samakun."""
,81,12,Manjari siniggew si Isa weꞌ meꞌ sundaluhin duk meꞌ kapitanden duk meꞌ guwaldiya Yahudihin duk iningketan iye weꞌ de.
,81,13,"Binoꞌo iye weꞌ de pī pu si Annas dehellu. Si Annas inin matoꞌa si Kayapas, imam nakuraꞌin tahun miyaꞌan."
,81,14,Si Kayapas hep inin mangurung pikilan si meꞌ nakuraꞌ Yahudihin pagpaꞌinne weꞌ si kahāpande bang niyaꞌ dambuwaꞌ matey gantiꞌ meꞌ aꞌahin kēmon.
,81,15,Paturul si Simon Petros pu si Isa duk dambuwaꞌ isab tindegne. Tindeg si Isa dambuwaꞌ inin magkilale duk imam nakuraꞌin hangkan tumuhut iye pu si Isa padiyalem pī si lame lumaꞌ imam nakuraꞌin.
,81,16,"Saguwaꞌ si Petros taꞌamban laꞌi si bukut tarangka. Manjari paluwas balik tindeg si Isa magkilale duk imam nakuraꞌin, duk maꞌid iye si dende tungguꞌ tarangkahin, hangkan taboꞌone si Petros padiyalem si lame."
,81,17,"Tinilew si Petros weꞌ dendehin, paꞌinne, ""Dumaꞌin ke kew dambuwaꞌ meꞌ tindeg aꞌa tasiggew miyaꞌan?"" Masuwey si Petros, paꞌinne, ""Dumaꞌin."""
,81,18,"Sangem miyaꞌan haggut, hangkan meꞌ daraꞌakanin duk meꞌ guwaldiyahin magpakellum ebbut duk laꞌi siye magtengge ngaliput ebbutin ngindāng. Pī isab si Petros patuhut si siye ngindāng."
,81,19,"Manjari si Annas, iye bakas imam nakuraꞌin, tinilew-tilew weꞌ ne si Isa sabab meꞌ tindegnen duk sabab pagtoloꞌnen."
,81,20,"Nambung si Isa, paꞌinne, ""Luwal ku magtoloꞌ si meꞌ kaꞌekkahan aꞌa, kuweꞌ dem meꞌ kalanggal-langgalan duk dem langgal hadje pagtipunan kēmon meꞌ Yahudihin. Gaꞌ niyaꞌ bakas pagtoloꞌku tinapuk."
,81,21,"Weꞌey aku tinilewnun? Tilewun meꞌ bakas makakale panoloꞌkun. Tilewun siye bang ine panoloꞌku si siyehin. Kataꞌuhande du."""
,81,22,"Pagbissā si Isa inin, magtawus iye sinampak weꞌ dambuwaꞌ meꞌ guwaldiya malaꞌihin duk paꞌinne pu si Isa, ""Gaꞌ niyaꞌ addatnu. Daꞌa sambunganun imam nakuraꞌin sa iyan."""
,81,23,"Paꞌin si Isa si guwaldiyahin, ""Bang salaꞌ binissāku si imam nakuraꞌin, akahanun kēmon aꞌa si paghukuman inin bang ine masalaꞌ si binissākun. Saguwaꞌ bang gaꞌ salaꞌ binissākun, weꞌey ku sampaknu?"""
,81,24,"Manjari dinaꞌak ne si Isa weꞌ si Annas binoꞌo pī pu si Kayapas, imam nakuraꞌin. Iningketan pe iye."
,81,25,"Si Simon Petros laꞌi pe nengge-nengge ngindāng. Tinilew iye weꞌ meꞌ saweꞌne magtenggehin, paꞌinde, ""Dumaꞌin ke kew isab tindeg aꞌa miyaꞌan?"" Masuwey iye, paꞌinne, ""Dumaꞌin."""
,81,26,"Manjari dambuwaꞌ daraꞌakan imam nakuraꞌin, baꞌan aꞌa bakas mabutas tayingene weꞌ si Petrosin, missā. Paꞌinne pu si Petros, ""Dumaꞌin ke kew bakas takiteku laꞌi si kabbunley nuhut iye?"""
,81,27,"Masuwey balik si Petros, paꞌinne, ""Dumaꞌin aku."" Manjari magtawus tingkowak manukin."
,81,28,"Subu-subu pe binoꞌo si Isa amban lumaꞌ si Kayapas pī si astanaꞌ gubnul bangsa Romahin, saguwaꞌ gaꞌ padiyalem meꞌ nakuraꞌ Yahudihin dem astanaꞌ peggeꞌ bang siye padiyalem dem lumaꞌ dumaꞌin Yahudi, batal siye duk gaꞌi ne siye makajari palamud magjamu-jamu laꞌi si Kādjaꞌan Pangessebanin."
,81,29,"Hangkan paluwas Gubnul Pilatus pī si siye duk tilewne siye, paꞌinne, ""Ine panuntutanbi aꞌa inin?"""
,81,30,"Nambung siye, paꞌinde, ""Gaꞌi boꞌo kami aꞌa inin pitu si kaꞌu bang gaꞌ niyaꞌ dusene."""
,81,31,"Paꞌin Pilatus si siye, ""Kaꞌam ne iye ngahukumne nuhut saraꞌbin."" Nambung meꞌ Yahudihin, paꞌinde, ""Gaꞌ niyaꞌ kapatut kami ngalaboꞌan sine-sine hukuman pinapatey."""
,81,32,Kēmon inin umantag supaya tuman bakas pinaꞌin si Isahin bang saꞌingge kamateynen.
,81,33,"Manjari padiyalem balik si Pilatus dem astanaꞌ duk dinaꞌak weꞌ ne si Isa binoꞌo pī si iye. Paꞌinne pu si Isa, ""Toꞌo ke weꞌ kaꞌu sultan bangsa Yahudihin?"""
,81,34,"Nambung si Isa, paꞌinne, ""Amban di pikilannu ke manilew aku inin atawa niyaꞌ ke meꞌ aꞌa seddili bakas ngakahan kaꞌu sabab aku?"""
,81,35,"Nambung Pilatus, paꞌinne, ""Weꞌ Yahudi ku? Meꞌ bangsanu du duk meꞌ nakuraꞌ imambin hep manōngan kaꞌu pitu si akuhin. Weꞌey, ine teꞌ dusenun?"""
,81,36,"Nambung si Isa, paꞌinne, ""Pagsultanankun dumaꞌin tuꞌu si dunya. Bang pagsultanankun tuꞌu si dunya, asal nungkaꞌ meꞌ tindegkun duk ku gaꞌi tasiggew weꞌ meꞌ nakuraꞌ Yahudihin. Aweꞌ, pagsultanankun dumaꞌin tuꞌu si dunya inin."""
,81,37,"Paꞌin Pilatus, ""Bang sa iyan, sultan kew hatiꞌ?"" Paꞌin si Isa, ""Kaꞌu ne magpaꞌinin weꞌ sultan ku. Iye sababnen hangkan ku inanakan duk hangkan ku pitu si dunya, supaya ku kapagtoloꞌ sabab mabennalin. Kēmon manuhut mabennalin pakale du si aku."""
,81,38,"Paꞌin Pilatus, ""Ine teꞌ mabennalin?""Pagubus inin bissā Pilatus, paguwaꞌ iye balik pī si meꞌ Yahudihin duk paꞌinne si siye, ""Gaꞌ niyaꞌ takasuwaꞌku jānne pangahukumanku aꞌa inin."
,81,39,"Saguwaꞌ katagamanbin kahabaꞌ taꞌabut Kādjaꞌan Pangessebanin, maluwas ku dambuwaꞌ pilisu. Bayaꞌ ke kaꞌam bang paluwasku kaꞌam sultan meꞌ Yahudihin?"""
,81,40,"Magkalolop meꞌ aꞌahin, paꞌinde, ""Daꞌa bang aꞌa iyan. Kabayaꞌan kamihin si Barabbas."" Si Barabbas inin mundu.
Yahiya 19"
,82,1,Manjari dinaꞌak weꞌ Pilatus si Isa ilagutan.
,82,2,"Ubus miyaꞌan ngalakal meꞌ sundaluhin bāhan luhihan, hininang kuweꞌ korona sultan, duk pinapī weꞌ de si kōk si Isa. Pinasemmekan isab iye weꞌ de juba taluk kuweꞌ juba sultan."
,82,3,"Manjari hininang dagey iye weꞌ de. Magbalik-balik siye pī si iye nalam iye, paꞌinde, ""Assalamu alaikum, Sultan meꞌ Yahudihin,"" ubus bu pinagsampakan weꞌ de."
,82,4,"Manjari paluwas balik si Pilatus duk paꞌinne si meꞌ aꞌa maꞌekkahin, ""Payamanun bi, boꞌoku du si Isa paluwas pitu si kaꞌam supaya kataꞌuhanbi weꞌ gaꞌ niyaꞌ takasuwaꞌku jānne pangahukumanku iye."""
,82,5,"Manjari paluwas isab si Isa, laꞌi pe lakal luhihanin diyataꞌ kōkne duk magjuba talukin pe iye. Paꞌin Pilatus si meꞌ aꞌahin, ""Payamanun bi aꞌa inin."""
,82,6,"Pagkite meꞌ nakuraꞌ imamin duk meꞌ guwaldiya si langgal mahadjehin si Isa, magkalolop siye, paꞌinde, ""Papateyun iye. Lansangun diyataꞌ olom."" Paꞌin Pilatus si meꞌ aꞌahin, ""Bayaꞌ-bayaꞌbi ne. Boꞌohun bi iye duk kaꞌam ne ngalansang iye diyataꞌ olom. Saguwaꞌ bang aku, gaꞌ niyaꞌ takasuwaꞌku jānne pamapateyan iye."""
,82,7,"Paꞌin meꞌ nakuraꞌ Yahudihin si iye, ""Paꞌin saraꞌ kamihin subey iye pinapatey peggeꞌ paꞌinne weꞌ Anak Tuhanin iye."""
,82,8,"Pagkale Pilatus pinaꞌinde inin, pasōng ne talewnen."
,82,9,"Binoꞌo weꞌ ne si Isa padiyalem balik dem astanaꞌ bu tinilew weꞌ ne, paꞌinne, ""Aꞌa amban kew?"" Saguwaꞌ gaꞌ nambung si Isa."
,82,10,"Paꞌin Pilatus si iye, ""Weꞌey kew gaꞌi nambung? Gaꞌi ke kataꞌuhannu weꞌ taga kapatut ku maluwas kaꞌu? Duk taga kapatut ku isab ngalansang kaꞌu diyataꞌ olom duk kew matey."""
,82,11,"Nambung si Isa, paꞌinne, ""Bang dumaꞌin Tuhanin mangurungan kaꞌu kapatutin, gaꞌ niyaꞌ kapatutnu ngahukum aku. Hangkan hep aꞌa manōngan aku pitu si kaꞌuhin, pasōng hadje dusenen amban dusenun."""
,82,12,"Amban miyaꞌan, miha teꞌed lān si Pilatus supaya tapaluwasne si Isa. Saguwaꞌ magkalolop ne paꞌin meꞌ nakuraꞌ Yahudihin, paꞌinde, ""Bang paluwasnu aꞌa iyan, dumaꞌin kew bagay Sultan Nakuraꞌin. Sine-sine ngēnan dinen sultan, kuntarahanne Sultan Nakuraꞌin."""
,82,13,"Pagkale Pilatus pinaꞌinde miyaꞌan, binoꞌo weꞌ ne si Isa paluwas duk ningkoloꞌ iye si siya pangahukumanin laꞌi si lugal inēnan ""Lame Batu."" Bang si bissā Yahudi, ēnnen ""Gabbata."""
,82,14,"Ellew miyaꞌan ellew pagpanyap si Kādjaꞌan Pangessebanin duk sōng lettu ne. Manjari pagtingkoloꞌ Pilatus, paꞌinne si meꞌ aꞌahin, ""Payamanun bi, tiyaꞌ ne sultanbin."""
,82,15,"Saguwaꞌ magkalolop meꞌ aꞌahin, paꞌinde, ""Papateyun ne. Papateyun ne. Lansangun diyataꞌ olom."" Paꞌin Pilatus si siye, ""Ine? Bayaꞌ kaꞌam daꞌakku ilansang diyataꞌ olom sultanbin?"" Nambung meꞌ nakuraꞌ imamin, paꞌinde, ""Gaꞌ niyaꞌ sultan kami seddili amban Sultan Nakuraꞌin."""
,82,16,Manjari sinōngan ne weꞌ Pilatus si Isa pī si siye duk iye talansangde diyataꞌ olom pinapatey.
,82,17,"Manjari ineddoꞌ ne weꞌ de si Isa duk binoꞌo weꞌ de paluwas amban puweblo. Pinapanangkit weꞌ de pu si Isa olom sōng pangalansangan iyehin, tudju pī si lugal inēnan ""Lahat Bungkug,"" bang si bissā Yahudi, ""Golgota."""
,82,18,"Pagtekka laꞌi, ilansang si Isa weꞌ meꞌ sundaluhin diyataꞌ olomin duk pinatengge weꞌ de olomin diyataꞌ bulak. Niyaꞌ isab duwangan aꞌa ilansang diyataꞌ olomde, dangan si kanawanan si Isa duk dangan si bibanganne."
,82,19,"Niyaꞌ sinulat weꞌ Pilatus dinaꞌak weꞌ ne pinapī diyataꞌ olom si Isahin. Iye inin sinulatnen: ""Si Isa, aꞌa Nasaret, Sultan meꞌ Yahudihin."""
,82,20,"Ekka aꞌa makabatsa sulat inin peggeꞌ lugal pangalansangan si Isahin tapit si Awrusalam duk sinulat inin si bissā Yahudi, si bissā meꞌ aꞌa Roma, duk si bissā Girik."
,82,21,"Manjari hap pī meꞌ nakuraꞌ imamin pu si Pilatus duk paꞌinde si iye, ""Gaꞌi tewwaꞌ sinulatnu miyaꞌan. Daꞌa iye sulatun 'Sultan meꞌ Yahudihin' saguwaꞌ sulatun, 'Paꞌin aꞌa inin weꞌ iye sultan meꞌ Yahudihin.' """
,82,22,"Nambung Pilatus, paꞌinne, ""Bakas tasulatkun gaꞌi ne kapindahan."""
,82,23,"Pagubus ne ilansang weꞌ meꞌ sundaluhin si Isa, ineddoꞌ weꞌ de meꞌ semmeknen duk binahagiꞌ weꞌ de pinaꞌampat, da bahagiꞌ-da bahagiꞌ siye dangan. Saguwaꞌ niyaꞌ pe dambuwaꞌ badjuꞌ si Isa, gaꞌ niyaꞌ laꞌitanne, tinennun pinadambūs."
,82,24,"Paꞌin meꞌ sundaluhin si saweꞌden, ""Daꞌa garette bi badjuꞌ inin. Saguwaꞌ magpuwaꞌan hadja kite bi. Sine-sine ngandaꞌag, tepe si iye badjuꞌ inin."" Sabab hininang meꞌ sundalu miyaꞌan, tuman tasulat dem kitabin, pinaꞌin laꞌi,""Pagbahagiꞌande semmekkun duk pagpuwaꞌande badjuꞌkun."""
,82,25,"Laꞌi si bihing olom pangalansangan si Isahin, magtengge saꞌi si Isahin, duk pungtinaꞌi saꞌinen, duk Mariyam anda Kolopasin, duk Mariyam dende amban lahat Magdalahin."
,82,26,"Takite si Isa saꞌinen duk tindegne kinalasahannen laꞌi. Paꞌin si Isa si saꞌinen, ""Tindegku iyan anaknu ne."""
,82,27,"Duk paꞌinne si tindegne miyaꞌan, ""Iyan ne saꞌinun."" Hangkan amban ellew miyaꞌan binoꞌo ne weꞌ tindeg si Isa miyaꞌan saꞌi si Isahin pinatennaꞌ si lumaꞌne."
,82,28,"Manjari inin, kataꞌuhan si Isa weꞌ kēmon pinahinang si iyehin ubus ne duk jukup ne. Manjari paꞌinne, ""Lekkakan ku."" Paꞌinne inin supaya tuman tasulat dem kitabin."
,82,29,"Niyaꞌ andang laꞌi binettad poga isihan ininum. Pagkale meꞌ sundaluhin pinaꞌin si Isahin, ngeddoꞌ siye kuweꞌ gapas bu ilebbagan weꞌ de dem ininumin. Ubus, pinapī weꞌ de si tuggu kayu-kayu bu pinaꞌabut pī si behe si Isa."
,82,30,"Pagubus miyaꞌan tasessep si Isa, paꞌinne, ""Ubus ne hinangkun."" Manjari patondok iye duk bekkat ne napasnen."
,82,31,"Peggeꞌ ellew Jumaꞌat hep miyaꞌan, hap pī meꞌ nakuraꞌ Yahudihin maꞌid pu si Pilatus weꞌ daꞌakde ne pinolong pusuꞌ meꞌ aꞌa tellungan ilansang diyataꞌ olomin duk siye mura matey duk ne talebbes pādpād gaꞌ pe taꞌabut ellew liꞌihin. Gaꞌi siye mabayaꞌ weꞌ inambanan meꞌ bangkeyin diyataꞌ olom baytu ellew Sabtuꞌ, peggeꞌ ellew liꞌi miyaꞌan asal ellew hadje."
,82,32,Hangkan pī meꞌ sundaluhin duk pinolong weꞌ de dehellu meꞌ pusuꞌ saweꞌ si Isa duwangan ilansang diyataꞌ olomin.
,82,33,"Saguwaꞌ pagtapit ne siye pu si Isa, takitede weꞌ matey ne hatiꞌ iye, hangkan gaꞌ ne polongde pusuꞌnen."
,82,34,"Saguwaꞌ dangan meꞌ sundaluhin, ilogsok weꞌ ne duk budjakne seddi si Isahin. Magtawus pabuꞌus lahaꞌin magsaget duk boheꞌ. 35(Aꞌa mangite maꞌumantag pu si Isa inin, sinulat weꞌ ne sabab inin supaya kaꞌam kahagad. Aꞌa manulat inin kapangandelan duk bennal panaksiꞌnen.)"
,82,36,"Sabab meꞌ maꞌumantag pu si Isa miyaꞌan, tuman tasulat dem kitabin. Pinaꞌin laꞌi, ""Gaꞌ niyaꞌ polong bisan dambuwaꞌ tolangne."""
,82,37,"Duk niyaꞌ isab da ayat tasulat dem kitab, pinaꞌin, ""Payamande du aꞌa bakas ilogsokden."""
,82,38,"Manjari, niyaꞌ dambuwaꞌ aꞌa amban lahat Arimati, ēnnen si Yusup. Si Yusup inin tindeg si Isa du isab saguwaꞌ gaꞌ iye magpatampal peggeꞌ tinalew iye si meꞌ nakuraꞌ Yahudihin. Pī iye pu si Pilatus duk pākune ngeddoꞌ bangkey si Isahin. Dinaꞌak ne iye weꞌ Pilatus, hangkan pī iye duk ilebbes weꞌ ne bangkey si Isahin amban diyataꞌ olom."
,82,39,Nuhut isab Nikodemus pu si Yusup. Iye hep aꞌa bakas mapī pu si Isa sangemin. Magboꞌo Nikodemus duwe bayuꞌ laksiꞌ ēnnen mira duk alos pinagsaget. Bohatannen niyaꞌ limempūꞌ kilu.
,82,40,"Ineddoꞌ weꞌ de bangkey si Isahin duk sinaput weꞌ de dem kakanaꞌ pinagtuhut duk laksiꞌin, sa addat bangsa Yahudihin bang siye magsaput aꞌa matey."
,82,41,"Laꞌi si antag pamapateyan si Isahin, niyaꞌ kabbun. Laꞌi dem kabbun miyaꞌan niyaꞌ lingab pangubulan, baꞌahu pe, gaꞌ pe bakas kapangubulan."
,82,42,"Laꞌi si Isa kinubul weꞌ de peggeꞌ tapit du si lugal pamapateyan iyehin duk peggeꞌ sōng ne sangem Sabtuꞌ, ellew liꞌi meꞌ Yahudihin.
Yahiya 20"
,83,1,"Subu-subu pe teꞌed ellew Ahadin, lindem pe, hap pī si kubul si Mariyam, dende amban Magdalahin. Takitene weꞌ bakas inānan ne batu tampeng kubulin."
,83,2,"Hangkan magubas iye pī ngakahan si Simon Petros duk tindeg si Isa dambuwaꞌ kinalasahannen. Paꞌinne si siye, ""Gaꞌ ne laꞌi Panuhutanten bi. Niyaꞌ bakas ngānanne amban dem kubul. Inday, gaꞌi kataꞌuhan kami bang antag pamoꞌohande iyehin."""
,83,3,Manjari si Petros duk tindeg dambuwaꞌin magtawus hap pī si kubul.
,83,4,Magubas siye saguwaꞌ dambuwaꞌin lakkes amban si Petros duk dehellu iye tekka laꞌi si kubul.
,83,5,Pakokkoꞌ iye pasīp padiyalem kubul duk takitene saput si Isahin laꞌi. Saguwaꞌ gaꞌ iye padiyalem.
,83,6,Manjari tekka ne si Simon Petros amban dambulihanne duk nalus pī padiyalem kubul. Takitene saputin laꞌi.
,83,7,"Takitene isab pīs-pīs bakas pamutus kōk si Isahin, gaꞌ magdānun duk saputin saguwaꞌ seddilihan dine ilikid."
,83,8,"Manjari dambuwaꞌin, iye madumehellu matekka si kubulin, padiyalem isab. Pagkitene saputin, kahagad iye weꞌ ellum ne si Isa balik."
,83,9,"Niyaꞌ du tasulat dem kitab sabab si Isa weꞌ subey iye ellum balik amban kamateynen, saguwaꞌ gaꞌ pe miyaꞌan tahātide."
,83,10,Manjari hap lumaꞌ ne siye.
,83,11,"Saguwaꞌ si Mariyam nengge-nengge ne paꞌin laꞌi si bihing kubul magtangis. Sasangne magtangisin, pakokkoꞌ iye pasīp dem kubul."
,83,12,"Ngite iye duwe malaꞌikat magsemmek poteꞌ ningkoloꞌ laꞌi si antag bakas pamabākan si Isahin, dangan si antag kōkne duk dangan si antag bettisne."
,83,13,"Paꞌin meꞌ malaꞌikatin si iye, ""Dende, weꞌey kew magtangis?"" Nambung Mariyam, paꞌinne, ""Peggeꞌ iyuꞌ ubus boꞌode tahalaꞌ bangkey Panuhutankun, bu gaꞌi kataꞌuhanku bang antag pamoꞌohande iyehin."""
,83,14,"Pagubus inin bissāne, pahaleng iye duk takitene si Isa nengge-nengge laꞌi, saguwaꞌ gaꞌ takilalene weꞌ si Isa miyaꞌan."
,83,15,"Paꞌin si Isa si iye, ""Dende, weꞌey kew magtangis? Sine pinihanun?"" Kannal Mariyam weꞌ aꞌa miyaꞌan tungguꞌ kabbunin. Paꞌinne si aꞌahin, ""Tuwan, bang kaꞌu mangeddoꞌ bangkey si Isahin, akahanun ku bang antag pamoꞌohannu iyehin, duk ku tapī ngeddoꞌne balik."""
,83,16,"Paꞌin si Isa si iye, ""Mariyam."" Magtawus harapne si Isa duk paꞌinne si bissā Yahudi, ""O Rabbuni."" Hātinen, ""Guru."""
,83,17,"Paꞌin si Isa si iye, ""Daꞌa ku kaputanun peggeꞌ gaꞌ pe ku tapoleꞌ pī si Samakun. Saguwaꞌ pī kew si meꞌ pungtinaꞌikun duk akahanun siye weꞌ moleꞌ ku pī si Samakun duk Tuhankun. Iye du isab Samabin duk Tuhanbin."""
,83,18,"Hangkan hap pī ne Mariyam, dende amban Magdalahin, si meꞌ tindeg si Isahin ngakahan siye, paꞌinne, ""Bakas kiteku Panuhutanten bi."" Duk inakahan ne siye weꞌ ne meꞌ bakas pinaꞌin si Isa si iyehin."
,83,19,"Pagsangem ne ellew Ahad miyaꞌan, magtipun meꞌ tindeg si Isahin dem lumaꞌ. Binagat weꞌ de meꞌ gawangin peggeꞌ tinalew siye si meꞌ nakuraꞌ Yahudihin. Bessuwang si Isa nengge si tengngaꞌde duk paꞌinne si siye, ""Karayaw sanyang dem ateybin."""
,83,20,Manjari pinakitehan weꞌ ne si siye meꞌ paliꞌ tangannen duk paliꞌ seddinen. Kēgan teꞌed meꞌ tindegnen pagkitede Panuhutanden.
,83,21,"Paꞌin si Isa balik si siye, ""Karayaw sanyang dem ateybin. Kuweꞌ pangandaꞌak Samaku aku mapituhin, damikkiyan iye du isab pangandaꞌakanku kaꞌamin."""
,83,22,"Ubus iye missā, nihup iye pī si siye duk paꞌinne, ""Tayimaꞌun bi ne Niyawa Sutsihin."
,83,23,"Bang ampunbi duse aꞌahin ampun Tuhanin du isab duseden. Bang gaꞌi ampunbi, gaꞌi du isab ampun Tuhanin."""
,83,24,"Waktu paguwaꞌ si Isa si meꞌ tindegne miyaꞌan, baytu gaꞌ laꞌi si Tomas. Si Tomas inin dangan meꞌ tindeg si Isa sampūꞌ duk duwehin, ugey-ugeynen si Kambal."
,83,25,"Manjari inakahan si Tomas weꞌ de, paꞌinde, ""Bakas takite kami Panuhutanten bi."" Saguwaꞌ paꞌin si Tomas, ""Bang gaꞌi du takiteku duk duwe mataku inin duk tasagsadku meꞌ paliꞌ lansang si pat tangannen duk bang gaꞌi du taꞌantanku paliꞌ si seddinen, asal gaꞌi ku kahagad."""
,83,26,"Paglabey da simana, magtipun ne isab meꞌ tindeg si Isahin dem lumaꞌ duk laꞌi ne si Tomas. Bagat meꞌ gawangin saguwaꞌ bessuwang si Isa nengge si tengngaꞌde duk paꞌinne, ""Karayaw sanyang dem ateybin."""
,83,27,"Manjari paꞌinne pu si Tomas, ""Payamanun meꞌ tangankun. Sagsadun. Pasōngun tangannun pitu duk antanun paliꞌ seddikun. Daꞌa ne kew duwe-duwehan. Kahagad ne kew teꞌed."""
,83,28,"Sambat si Tomas saꞌ, ""Kaꞌu Panuhutankun duk kaꞌu Tuhankun."""
,83,29,"Paꞌin si Isa si iye, ""Hangkan ke kew kahagad peggeꞌ takitenu ne ku? Asal kēgan teꞌed meꞌ makahagad si akuhin bisan ku gaꞌ kitede."""
,83,30,"Ekka pe meꞌ hinangan makaꞌulaliꞌ seddili tahinang si Isa si pagmatahan meꞌ tindegnen, gaꞌ tasulat naꞌan si kitab inin."
,83,31,"Saguwaꞌ meꞌ sinulat matuꞌu inin, sinulat supaya du kahagadbi weꞌ si Isa asal Almasihin ne, Anak Tuhanin, duk supaya kaꞌurungan kaꞌam umul salama-lama sabab sandelbi si iyehin.
Yahiya 21"
,84,1,"Pagpuwas bang piyem bahangi, pakite ne isab si Isa balik si meꞌ tindegnen laꞌi si higad lamew Tiberi. Sa inin pagpakitene dinen si siye."
,84,2,"Si Simon Petros laꞌi miyaꞌan magtuhut duk si Tomas, inēnande si Kambalin duk si Natanael, aꞌa amban Kana laꞌi si lahat Jalilin. Laꞌi du isab nuhut siye meꞌ anak si Sebedehin duk duwangan pe meꞌ tindeg si Isa seddili."
,84,3,"Paꞌin si Simon Petros, ""Tiyaꞌ ku pī magpokot."" ""Nuhut kami,"" paꞌin meꞌ sinduwehin. Manjari pī ne siye duk pasakey siye si bangkaꞌ. Saguwaꞌ kellawan miyaꞌan gaꞌ niyaꞌ kenna taꞌeddoꞌde."
,84,4,"Pagkellat mata ellewin, laꞌi si Isa nengge-nengge si higad saguwaꞌ gaꞌ iye takilale weꞌ meꞌ tindegnen."
,84,5,"Ngalingan iye pī si siye, paꞌinne, ""Meꞌ bagay, gaꞌ ke niyaꞌ taꞌeddoꞌbi?"" ""Gaꞌ,"" paꞌinde."
,84,6,"Paꞌin si Isa, ""Teppadanun bi pokotbin luꞌu si pakanawanan bangkaꞌbin duk kaꞌam makaꞌeddoꞌ."" Hangkan tineppadan weꞌ de pokotden. Gaꞌ takoleꞌde ngonot pokotin pī dem bangkaꞌ hawal ekka kenna taꞌeddoꞌden."
,84,7,"Manjari paꞌin tindeg kinalasahan si Isahin pu si Petros, ""Panuhutanin hep īꞌ."" Pagkale si Simon Petros inin, inasek weꞌ ne badjuꞌnen peggeꞌ bakas magluwas iye, bu patugpaꞌ iye dem lamew hap pī pu si Isa."
,84,8,"Meꞌ sinduwehin musey tudju higad ngangguyud pokot pennoꞌ weꞌ kennahin. Tapit du siye si higad, niyaꞌ du meꞌ limempūꞌ deppe talanen."
,84,9,"Pagduwaꞌide si higad, ngite siye kenna tinunuꞌ diyataꞌ bale duk niyaꞌ pan isab."
,84,10,"Paꞌin si Isa si siye, ""Boꞌohanun bi ku pitu kenna taꞌeddoꞌbin."""
,84,11,"Hangkan pī si Simon Petros dem bangkaꞌ bu ilalas weꞌ ne pokotin pī si higad. Pennoꞌ pokotin weꞌ kenna hadje, dahatus duk limempuk-tellu ekkahannen. Saguwaꞌ pokotin gaꞌ garet bisan du ekka teꞌed isinen."
,84,12,"Manjari paꞌin si Isa si siye, ""Dayiꞌ kaꞌam pitu mangan."" Gaꞌ niyaꞌ meꞌ tindegnen makatawakkal nilew iye bang sine iye, peggeꞌ kataꞌuhande du weꞌ iye Panuhutanden."
,84,13,Pī si Isa ngeddoꞌ panin duk kennahin duk pinangurung weꞌ ne si siye.
,84,14,Kamintellune ne inin si Isa pakite si meꞌ tindegnen kemuwe pinakellum iye balik amban kamateynen.
,84,15,"Pagubus siye mangan, paꞌin si Isa pu si Simon Petros, ""Simon, anak si Yahiya, hadje ke lasanu si akuhin amban lasa meꞌ saweꞌnu inin?"" ""Aweꞌ, Tuwan,"" paꞌinne, ""kataꞌuhannu weꞌ malasa ku si kaꞌu."" Paꞌin si Isa, ""Na, ipatun meꞌ aꞌa sukuꞌ si akuhin, kuweꞌ pastul ngipat meꞌ anak bili-bilinen."""
,84,16,"Tinilew iye weꞌ si Isa kaminduwenen, paꞌinne, ""Simon, anak si Yahiya, malasa ke kew si aku?"" ""Aweꞌ, Tuwan,"" paꞌinne, ""kataꞌuhannu weꞌ malasa ku si kaꞌu."" Paꞌin si Isa si iye, ""Na, pastulanun meꞌ bili-bilikun, hātinen meꞌ aꞌa sukuꞌ si akuhin."""
,84,17,"Kamintellunen tilew si Isa iye, paꞌinne, ""Simon, anak si Yahiya, malasa ke kew si aku?"" Dukka si Petros peggeꞌ tinilew pe iye weꞌ si Isa kamintellunen, ""Malasa ke kew si aku?"" Nambung si Petros, paꞌinne, ""Tuwan, kataꞌuhannu kēmon-kēmonin. Kataꞌuhannu weꞌ malasa ku si kaꞌu."" Paꞌin si Isa, ""Na, ipatun meꞌ bili-bilikun, hātinen meꞌ aꞌa sukuꞌ si akuhin."
,84,18,"Sabennal akahante kew,"" paꞌin si Isa, ""kabataꞌnun nemmekan kew dinu, duk lumengngan kew tungan-tungan kabayaꞌannu. Saguwaꞌ bang bahiꞌ ne kew, padeppe du kew duk seddili masemmekan kaꞌuhin duk boꞌone kew pī si antag gaꞌi kabayaꞌannu papīhan."""
,84,19,"Paꞌin si Isa inin pangakane bang saꞌingge pamapatey si Petrosin supaya tapudji Tuhanin. Duk paꞌin si Isa pe si iye, ""Nuhut kew aku."""
,84,20,"Manjari pahaleng si Petros duk kitene paturul tindeg kinalasahan si Isahin. Iye hep miyaꞌan mapatapit pu si Isa sasangde mamangan sangemin duk manilew si Isahin, paꞌinne, ""Tuwan, sine teꞌ sōng mamuddihan kaꞌuhin?"""
,84,21,"Pagkite si Petros tindeg si Isa dambuwaꞌ inin, paꞌinne pu si Isa, ""Tuwan, saꞌingge isab iye miyaꞌan?"""
,84,22,"Paꞌin si Isa pu si Petros, ""Bang saꞌupama kabayaꞌankun weꞌ ellum iye sampay balik ku si dunya, gaꞌ niyaꞌ lamudnu. Nuhut kew hadja aku."""
,84,23,"Manjari bawag suwi-suwihin pī si meꞌ katindegan si Isahin weꞌ tindegne dambuwaꞌ inin gaꞌi matey. Bu paꞌin, gaꞌ hep si Isa magpaꞌin weꞌ gaꞌi iye matey. Iye hadja pinaꞌinnen, weꞌ bang saꞌupama kabayaꞌannen weꞌ tindegne inin ellum sampay balik iye pitu si dunya, gaꞌ niyaꞌ lamud si Petros."
,84,24,"Tindeg si Isa sinuwi-suwi inin, iye ne inin magaka-aka sabab meꞌ malumabey inin, duk iye isab manulat inin kēmon. Duk kataꞌuhan kami weꞌ asal toꞌo meꞌ inakanen."
,84,25,"Ekka pe teꞌed meꞌ hinang seddili bakas tahinang si Isa gaꞌ tasulat. Bang sinulat kēmon dem kitab, kumpasku gaꞌi siguwe tuꞌu si dunya kēmon kitab subey sinulatin."
